channel_name,platform,channelId,channel_url,cohort_type,primary_category,category_1,category_1_share,category_2,category_2_share,category_3,category_3_share,is_general_game,gg_reason,is_virtual,virtual_basis,total_stream_hours,peak_viewers,avg_viewers,viewership,follower_count,peak_max,peak_p95,peak_median,peak_recent_median,peak_recent_p95,avg_median,avg_recent_median,ts_weeks_total,ts_weeks_active,ts_weeks_recent_active,within_band_by_max,within_band_by_p95,within_band_by_median,within_band_by_recent_median,within_band_by_recent_p95,peak_to_followers,avg_to_followers,viewership_per_hour,peak_avg_ratio,max_weekly_airtime,is_inactive,is_too_new,nobangjong_flag,long_stream_flag,exclude_reason,band,collected_at,final_include,final_cohort_group,peak_basis,gubiba_reference_peak,peak_ratio_to_gubiba,within_band
늙은어린이2,naverchzzk,1fd54afbec396b332cf2883561f48a0e,https://chzzk.naver.com/live/1fd54afbec396b332cf2883561f48a0e,main_general_game,원신,원신,39.4,친구모아 아일랜드 두근두근 라이프,23.3,이환,18.8,true,multi_game,unknown,not_collected,34.7,35,22.0,766.0,1941,63,53,35,44,57.6,25,25,101,101,13,False,True,True,True,True,0.018,0.0113,22.07,1.59,32,False,False,False,False,,31-40,2026-06-14T18:40:03.556Z,True,main,recent_median,23,1.913,True
코요 템페스트,naverchzzk,8d87e7057474f4506d2db5d0c2769138,https://chzzk.naver.com/live/8d87e7057474f4506d2db5d0c2769138,main_general_game,승리의 여신: 니케,승리의 여신: 니케,61.6,종합 게임,17.8,명조:워더링 웨이브,6.9,true,multi_game,unknown,not_collected,361.5,48,14.0,5274.0,662,97,75.0,42,43,67.2,20,18,147,147,13,True,True,False,True,True,0.0725,0.0211,14.59,3.43,19,False,False,False,False,,41-50,2026-06-14T17:58:03.957Z,True,main,recent_median,23,1.87,True
라피니아 GO66,naverchzzk,8968e548991e09739da81e75c7dc75c0,https://chzzk.naver.com/live/8968e548991e09739da81e75c7dc75c0,main_general_game,이터널 리턴,이터널 리턴,52.2,페르소나 5 더 로열,18,talk,15.5,true,multi_game,unknown,not_collected,38.3,43,21.0,837.0,1390,84,61,30,43,61.4,20,24,121,121,13,True,True,True,True,True,0.0309,0.0151,21.85,2.05,24,False,False,False,False,,41-50,2026-06-14T18:35:47.760Z,True,main,recent_median,23,1.87,True
맘쥬,naverchzzk,cbfa98548ac10dc499d489fe50f61dc3,https://chzzk.naver.com/live/cbfa98548ac10dc499d489fe50f61dc3,main_general_game,던전앤파이터,던전앤파이터,62.5,메이플스토리 월드,21.7,다잉 라이트,7,true,multi_game,unknown,not_collected,239.9,44,16.0,4011.0,1150,70,65.0,48.0,42,51.8,28.0,30,128,128,13,False,True,False,True,True,0.0383,0.0139,16.72,2.75,52,False,False,False,True,,41-50,2026-06-14T18:00:07.635Z,True,main,recent_median,23,1.826,True
댜앙댜앙,naverchzzk,1d2464b7d15ec46eb0016325899cde10,https://chzzk.naver.com/live/1d2464b7d15ec46eb0016325899cde10,main_general_game,Grand Theft Auto V,Grand Theft Auto V,57.3,EA 스포츠 FC 26,20.9,007 퍼스트 라이트,10.1,true,multi_game,unknown,not_collected,109.5,47,18.0,2034.0,1624,54,47.1,32,41,54.0,21,26,107,107,13,False,True,True,True,True,0.0289,0.0111,18.58,2.61,28,False,False,False,False,,41-50,2026-06-14T18:09:08.534Z,True,main,recent_median,23,1.783,True
달디단레몬,naverchzzk,3ecbcdcd5c780344d396c93c61ea2595,https://chzzk.naver.com/live/3ecbcdcd5c780344d396c93c61ea2595,main_general_game,유희왕 마스터 듀얼,유희왕 마스터 듀얼,79.2,포켓몬스터 하트골드,15.4,포켓몬 챔피언스,4.7,true,multi_game,unknown,not_collected,97.5,46,12.0,1234.0,1337,91,64.7,43.5,41,50.6,17.0,18,112,112,13,True,True,False,True,True,0.0344,0.009,12.66,3.83,54,False,False,False,True,,41-50,2026-06-14T18:21:14.536Z,True,main,recent_median,23,1.783,True
성은 씨,naverchzzk,63a1cb463032bb9d88ee5fd17c1a0a3f,https://chzzk.naver.com/live/63a1cb463032bb9d88ee5fd17c1a0a3f,main_general_game,리그 오브 레전드,리그 오브 레전드,65.1,이터널 리턴,31.8,talk,3.1,true,multi_game,unknown,not_collected,72.5,29,10.0,782.0,1280,129,84.7,24,39,61.8,13,17,87,87,13,True,False,True,True,True,0.0227,0.0078,10.79,2.9,47,False,False,False,False,,21-30,2026-06-14T18:38:55.867Z,True,main,recent_median,23,1.696,True
빛나람 starnaram,naverchzzk,e5c1270f02735e2a381a70c944fd2688,https://chzzk.naver.com/live/e5c1270f02735e2a381a70c944fd2688,main_general_game,오버워치,오버워치,51.1,데드 바이 데이라이트,35.2,멧챠 카멜레온,5.8,true,multi_game,unknown,not_collected,149.3,46,21.0,3265.0,1609,61,54.0,41,37,45.8,22,26,125,125,13,False,True,False,True,True,0.0286,0.0131,21.87,2.19,36,False,False,False,False,,41-50,2026-06-14T18:02:00.535Z,True,main,recent_median,23,1.609,True
세이난,naverchzzk,dbb692c84413d92d9bded6ef67246914,https://chzzk.naver.com/live/dbb692c84413d92d9bded6ef67246914,main_general_game,고전 게임,고전 게임,66.4,종합 게임,17.4,이지투온 리부트: R,7,true,multi_game,unknown,not_collected,395.7,30,4.0,1607.0,197,62,53.1,11,37,49.2,5,13,99,99,13,False,True,True,True,True,0.1523,0.0203,4.06,7.5,43,False,False,False,False,,21-30,2026-06-14T18:15:07.276Z,True,main,recent_median,23,1.609,True
리채 Richae,naverchzzk,3e058dcfbb022dfdaa1a9b7d9eefe45a,https://chzzk.naver.com/live/3e058dcfbb022dfdaa1a9b7d9eefe45a,main_general_game,던전앤파이터,던전앤파이터,59.8,종합 게임,16.7,고전 게임,9.9,true,multi_game,unknown,not_collected,49.1,41,24.0,1184.0,1210,150,70,34,37,52.0,24,27,121,121,13,True,True,True,True,True,0.0339,0.0198,24.11,1.71,11,False,False,False,False,,41-50,2026-06-14T18:22:35.091Z,True,main,recent_median,23,1.609,True
개씨유,naverchzzk,d90c796bd7e4ddebf3cfdba1d325b075,https://chzzk.naver.com/live/d90c796bd7e4ddebf3cfdba1d325b075,main_general_game,엘든 링,엘든 링,32.2,디아블로 II: 레저렉션,20.3,레드 데드 리뎀션 2,16.4,true,multi_game,unknown,not_collected,51.2,43,13.0,711.0,805,74,56.8,15.0,37,60.2,9.0,26,86,86,13,True,True,True,True,True,0.0534,0.0161,13.89,3.31,12,False,False,False,False,,41-50,2026-06-14T18:43:43.253Z,True,main,recent_median,23,1.609,True
메가재범,naverchzzk,63d1d26a9dbf5ade38d4fb51b960064d,https://chzzk.naver.com/live/63d1d26a9dbf5ade38d4fb51b960064d,main_general_game,마인크래프트,마인크래프트,21.5,서브노티카 2,19.1,돈 스타브 투게더,16.4,true,multi_game,unknown,not_collected,228.8,45,25.0,5791.0,1929,76,53.5,37,36,45.0,28,24,131,131,13,True,True,True,True,True,0.0233,0.013,25.31,1.8,14,False,False,False,False,,41-50,2026-06-14T17:57:41.196Z,True,main,recent_median,23,1.565,True
RIOORI 리우리,naverchzzk,3d24cb2450ec17e17f79e964d32a23e3,https://chzzk.naver.com/live/3d24cb2450ec17e17f79e964d32a23e3,main_general_game,던전앤파이터,던전앤파이터,60,메이플스토리 월드,27.9,컬트 오브 더 램,2.5,true,multi_game,unknown,not_collected,88.1,36,15.0,1403.0,638,82,67.0,39.0,36,46.0,21.0,23,128,128,13,True,True,True,True,True,0.0564,0.0235,15.93,2.4,45,False,False,False,False,,31-40,2026-06-14T18:18:39.160Z,True,main,recent_median,23,1.565,True
돼지저금통 치지직,naverchzzk,1d19dc348fdf699e63885944b49ff60c,https://chzzk.naver.com/live/1d19dc348fdf699e63885944b49ff60c,main_general_game,talk,talk,33,음악/노래,24.8,이터널 리턴,18.8,true,multi_game,unknown,not_collected,105.8,37,23.0,2491.0,2449,98,79.1,44.0,35,41.2,26.0,22,144,144,13,True,False,False,True,True,0.0151,0.0094,23.54,1.61,51,False,False,False,True,,31-40,2026-06-14T18:05:19.193Z,True,main,recent_median,23,1.522,True
덕드래곤,naverchzzk,86d3d8d5997609df783949d107fbde24,https://chzzk.naver.com/live/86d3d8d5997609df783949d107fbde24,main_general_game,철권 8,철권 8,33.3,메이플스토리 월드,25.2,talk,17.3,true,multi_game,unknown,not_collected,61.9,48,28.0,1755.0,1142,70,59.0,36.0,35,51.6,24.5,21,128,128,13,False,True,True,True,True,0.042,0.0245,28.35,1.71,16,False,False,False,False,,41-50,2026-06-14T18:13:34.185Z,True,main,recent_median,23,1.522,True
여니연어,naverchzzk,b6a1a1b3e7bd6a8860d61c09a6b79df5,https://chzzk.naver.com/live/b6a1a1b3e7bd6a8860d61c09a6b79df5,main_general_game,이터널 리턴,이터널 리턴,42.5,로스트아크,35.3,명조:워더링 웨이브,11.7,true,multi_game,unknown,not_collected,165.0,36,17.0,2826.0,2104,195,122.0,45.0,34,127.6,20.0,21,142,142,13,True,False,False,True,False,0.0171,0.0081,17.13,2.12,87,False,False,True,True,,31-40,2026-06-14T18:03:23.365Z,True,main,recent_median,23,1.478,True
대상어,naverchzzk,1bb5d04f49dace3bad16515215a4f7ad,https://chzzk.naver.com/live/1bb5d04f49dace3bad16515215a4f7ad,main_general_game,talk,talk,37.4,명조:워더링 웨이브,18,음악/노래,15.6,true,multi_game,unknown,not_collected,46.3,43,19.0,909.0,1022,262,64.0,36.0,34,49.6,22.5,23,86,86,13,True,True,True,True,True,0.0421,0.0186,19.63,2.26,13,False,False,False,False,,41-50,2026-06-14T18:32:14.636Z,True,main,recent_median,23,1.478,True
RED레드,naverchzzk,3e37d763f523aa85702513fc3c04b2d9,https://chzzk.naver.com/live/3e37d763f523aa85702513fc3c04b2d9,main_general_game,몬스터 헌터 월드: 아이스본,몬스터 헌터 월드: 아이스본,55.7,종합 게임,18.8,붉은사막,11.7,true,multi_game,unknown,not_collected,349.2,48,13.0,4873.0,775,60,47.3,22.0,33,42.2,15.0,20,88,88,13,False,True,True,True,True,0.0619,0.0168,13.95,3.69,17,False,False,False,False,,41-50,2026-06-14T17:58:40.641Z,True,main,recent_median,23,1.435,True
우소 마토,naverchzzk,ab504d770e36bf59aaf155be434952d8,https://chzzk.naver.com/live/ab504d770e36bf59aaf155be434952d8,main_general_game,스타크래프트 : 리마스터,스타크래프트 : 리마스터,48.5,단간론파: 희망의 학원과 절망의 고교생,17.3,talk,16.9,true,multi_game,unknown,not_collected,159.5,18,5.0,827.0,480,38,34.0,13.0,33,38.0,9.0,21,142,142,13,False,True,True,True,True,0.0375,0.0104,5.18,3.6,15,False,False,False,False,,16-20,2026-06-14T18:36:22.322Z,True,main,recent_median,23,1.435,True
채팅방장,naverchzzk,23fa0556093a22a19cc7f16858c90264,https://chzzk.naver.com/live/23fa0556093a22a19cc7f16858c90264,main_general_game,오버워치,오버워치,50.5,이스케이프 더 백룸,25.7,디렉티브 8020,18.5,true,multi_game,unknown,not_collected,68.9,31,10.0,733.0,1139,52,43.3,28,33,42.4,12,14,55,55,13,False,True,True,True,True,0.0272,0.0088,10.64,3.1,86,False,False,True,True,,31-40,2026-06-14T18:42:30.002Z,True,main,recent_median,23,1.435,True
저무콩,naverchzzk,1b6ab1bf0886941211fc9ff44035e6ba,https://chzzk.naver.com/live/1b6ab1bf0886941211fc9ff44035e6ba,main_general_game,명조:워더링 웨이브,명조:워더링 웨이브,46.3,talk,20.9,이환,15.8,true,multi_game,unknown,not_collected,112.6,36,17.0,2019.0,1306,102,91.0,31.0,32,75.4,16.0,19,116,116,13,True,False,True,True,True,0.0276,0.013,17.93,2.12,75,False,False,False,True,,31-40,2026-06-14T18:09:19.210Z,True,main,recent_median,23,1.391,True
빵지콩,naverchzzk,ff38fdec85167efa94405c328e8e8c6e,https://chzzk.naver.com/live/ff38fdec85167efa94405c328e8e8c6e,main_general_game,리그 오브 레전드,리그 오브 레전드,33.3,talk,29.9,PUBG: 배틀그라운드,15.3,true,multi_game,unknown,not_collected,69.3,41,27.0,1907.0,2425,107,58.0,39.0,32,35.4,29.0,23,134,134,13,True,True,True,True,True,0.0169,0.0111,27.52,1.52,17,False,False,False,False,,41-50,2026-06-14T18:11:22.832Z,True,main,recent_median,23,1.391,True
로디마스,naverchzzk,7dd6f0927c18f4acc3f40b8d31a80f0f,https://chzzk.naver.com/live/7dd6f0927c18f4acc3f40b8d31a80f0f,main_general_game,talk,talk,38.2,이환,22.8,림버스 컴퍼니,17.4,true,multi_game,unknown,not_collected,101.7,41,18.0,1880.0,2378,239,83,37,32,47.4,23,19,141,141,13,True,False,True,True,True,0.0172,0.0076,18.49,2.28,99,False,False,True,True,,41-50,2026-06-14T18:11:44.242Z,True,main,recent_median,23,1.391,True
설ㅡ하,naverchzzk,42d9e35fdeee6c2163494eb12961e9da,https://chzzk.naver.com/live/42d9e35fdeee6c2163494eb12961e9da,main_general_game,블루 아카이브,블루 아카이브,49.8,talk,26.4,마인크래프트,15.7,true,multi_game,unknown,not_collected,104.0,49,22.0,2369.0,2187,224,88.6,44,31,49.6,24,21,119,119,13,True,False,False,True,True,0.0224,0.0101,22.78,2.23,33,False,False,False,False,,41-50,2026-06-14T18:05:52.648Z,True,main,recent_median,23,1.348,True
짤녀와 많쿠만in텟슈,naverchzzk,72293c76fbcdb06e578ddc6c54ba151b,https://chzzk.naver.com/live/72293c76fbcdb06e578ddc6c54ba151b,main_general_game,에이펙스 레전드,에이펙스 레전드,76.9,종합 게임,21.9,오버워치,1.2,true,multi_game,unknown,not_collected,45.8,32,16.0,756.0,1732,96,75.0,37.0,31,60.0,24.0,21,116,116,13,True,True,True,True,True,0.0185,0.0092,16.51,2.0,11,False,False,False,False,,31-40,2026-06-14T18:40:32.205Z,True,main,recent_median,23,1.348,True
고일이,naverchzzk,cf882ca21960c190dd6af5c8332d3876,https://chzzk.naver.com/live/cf882ca21960c190dd6af5c8332d3876,main_general_game,ASMR,ASMR,32.9,마인크래프트,32.1,talk,20.1,true,multi_game,unknown,not_collected,93.9,39,16.0,1509.0,2388,351,233.9,29,30,107.6,20,20,115,115,13,False,False,True,True,False,0.0163,0.0067,16.07,2.44,11,False,False,False,False,,31-40,2026-06-14T18:16:48.015Z,True,main,recent_median,23,1.304,True
파랑떡볶이,naverchzzk,72daeda32bb15f58ae6c6f1866c35492,https://chzzk.naver.com/live/72daeda32bb15f58ae6c6f1866c35492,main_general_game,레프트 4 데드 2,레프트 4 데드 2,70.1,메이플스토리 월드,20,던전앤파이터,5.2,true,multi_game,unknown,not_collected,196.6,24,7.0,1434.0,1640,51,37.0,27.0,30,34.8,18.0,20,126,126,13,False,True,True,True,True,0.0146,0.0043,7.29,3.43,12,False,False,False,False,,21-30,2026-06-14T18:17:53.908Z,True,main,recent_median,23,1.304,True
김막구,naverchzzk,7f14cb1fbbf50fa62cce90321faf57e9,https://chzzk.naver.com/live/7f14cb1fbbf50fa62cce90321faf57e9,main_general_game,카트라이더,카트라이더,74,PUBG: 배틀그라운드,21.7,종합 게임,2.2,true,multi_game,unknown,not_collected,56.6,36,20.0,1146.0,2993,110,35.3,25.0,30,66.8,20.0,21,108,108,13,True,True,True,True,True,0.012,0.0067,20.25,1.8,13,False,False,False,False,,31-40,2026-06-14T18:23:29.629Z,True,main,recent_median,23,1.304,True
안녕하세요방갑습니다,naverchzzk,9c5d25a0c51ed759dad92bebbd01726f,https://chzzk.naver.com/live/9c5d25a0c51ed759dad92bebbd01726f,main_general_game,발로란트,발로란트,52.9,Grand Theft Auto V,21.4,전략적 팀 전투 : 우주의 신들,14.7,true,multi_game,unknown,not_collected,44.5,35,17.0,757.0,874,39,38.0,30,30,37.8,17,18,87,87,13,False,True,True,True,True,0.04,0.0195,17.01,2.06,73,False,False,False,True,,31-40,2026-06-14T18:40:28.266Z,True,main,recent_median,23,1.304,True
손기현2,naverchzzk,dfb27368b4a7ed8c8b4048075875596a,https://chzzk.naver.com/live/dfb27368b4a7ed8c8b4048075875596a,main_general_game,이환,이환,38.8,명조:워더링 웨이브,25.7,원신,17.6,true,multi_game,unknown,not_collected,280.0,37,15.0,4217.0,1648,93,43.0,27,29,36.4,19,21,113,113,13,True,True,True,True,True,0.0225,0.0091,15.06,2.47,7,False,False,False,False,,31-40,2026-06-14T17:59:48.363Z,True,main,recent_median,23,1.261,True
모카형,naverchzzk,52b2f7d78f07b3b175dbaaa3cb9abc85,https://chzzk.naver.com/live/52b2f7d78f07b3b175dbaaa3cb9abc85,main_general_game,스트리노바,스트리노바,41.5,이환,19.3,명일방주,7.7,true,multi_game,unknown,not_collected,604.3,47,15.0,9545.0,2233,65,34.0,24.0,28,34.8,17.0,20,146,146,13,False,True,True,True,True,0.021,0.0067,15.8,3.13,16,False,False,False,False,,41-50,2026-06-14T17:56:13.658Z,True,main,recent_median,23,1.217,True
소발자,naverchzzk,8df0e2fd888d52ed10562f2cdb9fa6e0,https://chzzk.naver.com/live/8df0e2fd888d52ed10562f2cdb9fa6e0,main_general_game,이스케이프 프롬 타르코프,이스케이프 프롬 타르코프,58.6,마인크래프트,34.1,talk,7.3,true,multi_game,unknown,not_collected,193.1,28,9.0,1822.0,936,54,43.2,25,28,37.4,14,20,129,129,13,False,True,True,True,True,0.0299,0.0096,9.44,3.11,45,False,False,False,False,,21-30,2026-06-14T18:12:29.160Z,True,main,recent_median,23,1.217,True
배쨜이,naverchzzk,8895df5b7733f26ccc6b4f54aeaa1072,https://chzzk.naver.com/live/8895df5b7733f26ccc6b4f54aeaa1072,main_general_game,메이플스토리,메이플스토리,41.3,talk,18,고독방송,15.4,true,multi_game,unknown,not_collected,50.3,38,20.0,1043.0,787,124,49.5,28,28,36.8,21,20,51,51,13,True,True,True,True,True,0.0483,0.0254,20.74,1.9,16,False,False,False,False,,31-40,2026-06-14T18:26:45.341Z,True,main,recent_median,23,1.217,True
아울이네,naverchzzk,aaab8f4e08ca394e4012936c8d445b6c,https://chzzk.naver.com/live/aaab8f4e08ca394e4012936c8d445b6c,main_general_game,로스트아크,로스트아크,28.5,마비노기 모바일,17.8,마인크래프트,11,true,multi_game,unknown,not_collected,63.9,31,15.0,973.0,473,99,50.0,33,28,45.0,17,22,131,131,13,True,True,True,True,True,0.0655,0.0317,15.23,2.07,95,False,False,True,True,,31-40,2026-06-14T18:29:42.810Z,True,main,recent_median,23,1.217,True
뭐 더 라,naverchzzk,f9f5fda096ff44d36127036cd18b0db2,https://chzzk.naver.com/live/f9f5fda096ff44d36127036cd18b0db2,main_general_game,PUBG: 배틀그라운드,PUBG: 배틀그라운드,37.9,이터널 리턴,36.8,스타크래프트 : 리마스터,16.7,true,multi_game,unknown,not_collected,60.8,46,15.0,971.0,1556,75,69.0,41,28,48.4,19,18,133,133,13,True,True,False,True,True,0.0296,0.0096,15.97,3.07,56,False,False,False,True,,41-50,2026-06-14T18:29:48.903Z,True,main,recent_median,23,1.217,True
와구리1,naverchzzk,222d25595ebeb41a170528f9573c9c61,https://chzzk.naver.com/live/222d25595ebeb41a170528f9573c9c61,main_general_game,talk,talk,36.5,야구,24,젠레스 존 제로,21.9,true,multi_game,unknown,not_collected,49.9,37,18.0,925.0,662,48,41.0,15.5,28,46.2,10.0,12,80,80,13,False,True,True,True,True,0.0559,0.0272,18.54,2.06,17,False,False,False,False,,31-40,2026-06-14T18:31:31.050Z,True,main,recent_median,23,1.217,True
룰라바이030,naverchzzk,2960ed91c351c50a16b3c392b0c9b0cb,https://chzzk.naver.com/live/2960ed91c351c50a16b3c392b0c9b0cb,main_general_game,talk,talk,20.3,아이돌마스터 샤이니 컬러즈,19.3,리그 오브 레전드,18,true,multi_game,unknown,not_collected,41.7,40,21.0,910.0,469,51,39.7,27,28,35.6,19,19,147,147,13,False,True,True,True,True,0.0853,0.0448,21.82,1.9,13,False,False,False,False,,31-40,2026-06-14T18:32:07.990Z,True,main,recent_median,23,1.217,True
쩡니예,naverchzzk,8414921d3832f2ea0faed6291600c415,https://chzzk.naver.com/live/8414921d3832f2ea0faed6291600c415,main_general_game,패스 오브 엑자일 2,패스 오브 엑자일 2,61.3,메이플스토리 월드,32.4,종합 게임,2.5,true,multi_game,unknown,not_collected,271.8,44,12.0,3344.0,917,71,39.0,17.0,27,57.2,11.0,14,112,112,13,False,True,True,True,True,0.048,0.0131,12.3,3.67,91,False,False,True,True,,41-50,2026-06-14T18:01:32.138Z,True,main,recent_median,23,1.174,True
나힝구,naverchzzk,652abc4f57f73627fd3b63c1acb46735,https://chzzk.naver.com/live/652abc4f57f73627fd3b63c1acb46735,main_general_game,PUBG: 배틀그라운드,PUBG: 배틀그라운드,29.4,리그 오브 레전드,24.4,마인크래프트,21.5,true,multi_game,unknown,not_collected,136.7,41,15.0,2166.0,1641,64,41.8,27,27,34.0,17,15,145,145,13,False,True,True,True,True,0.025,0.0091,15.84,2.73,16,False,False,False,False,,41-50,2026-06-14T18:07:58.296Z,True,main,recent_median,23,1.174,True
류 카,naverchzzk,e2f91d088c9bbcd1fce2924ff3f58226,https://chzzk.naver.com/live/e2f91d088c9bbcd1fce2924ff3f58226,main_general_game,PUBG: 배틀그라운드,PUBG: 배틀그라운드,31.9,서브노티카 2,15.3,리그 오브 레전드,13.9,true,multi_game,unknown,not_collected,172.4,27,7.0,1234.0,1702,60,50.0,33,27,31.8,20,20,139,139,13,False,True,True,True,True,0.0159,0.0041,7.16,3.86,112,False,False,True,True,,21-30,2026-06-14T18:21:18.003Z,True,main,recent_median,23,1.174,True
쭁쫑이,naverchzzk,567e1b3ae285ebb564deb77603a4da32,https://chzzk.naver.com/live/567e1b3ae285ebb564deb77603a4da32,main_general_game,마비노기 모바일,마비노기 모바일,42.1,이환,30.1,오버워치,14.7,true,multi_game,unknown,not_collected,125.4,37,7.0,984.0,1370,66,61.0,34,27,35.4,19,18,133,133,13,False,True,True,True,True,0.027,0.0051,7.85,5.29,62,False,False,False,True,,31-40,2026-06-14T18:29:06.254Z,True,main,recent_median,23,1.174,True
Error Bug 에러 버그,naverchzzk,49f0c246aa1cb8f618ece36851b5ab26,https://chzzk.naver.com/live/49f0c246aa1cb8f618ece36851b5ab26,main_general_game,음악/노래,음악/노래,46.9,종합 게임,26.6,talk,26.6,true,multi_game,unknown,not_collected,80.1,25,9.0,773.0,958,181,75.0,18.5,27,79.8,11.5,15,90,90,13,True,True,True,True,True,0.0261,0.0094,9.65,2.78,29,False,False,False,False,,21-30,2026-06-14T18:39:40.154Z,True,main,recent_median,23,1.174,True
뀨냥냥,naverchzzk,6fdb2087d2d7d0349d0c194cfe1be0d9,https://chzzk.naver.com/live/6fdb2087d2d7d0349d0c194cfe1be0d9,main_general_game,talk,talk,48.2,종합 게임,37.9,PUBG: 배틀그라운드,5.8,true,gg_secondary,unknown,not_collected,289.3,31,15.0,4588.0,1131,33,31.0,21,26,32.4,17,21,117,117,13,False,True,True,True,True,0.0274,0.0133,15.86,2.07,5,False,False,False,False,,31-40,2026-06-14T17:59:06.354Z,True,main,recent_median,23,1.13,True
쥐뚱,naverchzzk,694a4e3ac4406e1989f85cdde291999c,https://chzzk.naver.com/live/694a4e3ac4406e1989f85cdde291999c,main_general_game,talk,talk,41.6,종합 게임,19.6,성세천하: 여제의 탄생 Ⅱ,14,true,gg_secondary,unknown,not_collected,99.2,49,22.0,2241.0,1691,71,65.8,46,26,42.4,25,17,105,105,13,False,True,False,True,True,0.029,0.013,22.59,2.23,66,False,False,False,True,,41-50,2026-06-14T18:07:05.078Z,True,main,recent_median,23,1.13,True
이냐비,naverchzzk,8131c92832957e2d83287c90af8e6932,https://chzzk.naver.com/live/8131c92832957e2d83287c90af8e6932,main_general_game,명일방주,명일방주,16,종합 게임,16,talk,15.6,true,multi_game,unknown,not_collected,73.1,27,13.0,1011.0,1747,110,76.0,35,26,93.2,18,18,135,135,13,True,False,True,True,False,0.0155,0.0074,13.83,2.08,74,False,False,False,True,,21-30,2026-06-14T18:28:09.147Z,True,main,recent_median,23,1.13,True
듀 나,naverchzzk,6e872ef76e61aee6fd9aed66077a9f4c,https://chzzk.naver.com/live/6e872ef76e61aee6fd9aed66077a9f4c,main_general_game,이스케이프 프롬 타르코프,이스케이프 프롬 타르코프,61.5,마인크래프트,17.8,로스트아크,7.4,true,multi_game,unknown,not_collected,88.2,37,16.0,1477.0,1587,65,53.0,33.0,25,35.8,15.0,15,144,144,13,False,True,True,True,True,0.0233,0.0101,16.75,2.31,148,False,False,True,True,,31-40,2026-06-14T18:17:18.418Z,True,main,recent_median,23,1.087,True
루린아0,naverchzzk,37a5b413b2360b6b449e061ed4057693,https://chzzk.naver.com/live/37a5b413b2360b6b449e061ed4057693,main_general_game,talk,talk,45.2,친구모아 아일랜드 두근두근 라이프,25.9,마인크래프트,23.4,true,multi_game,unknown,not_collected,52.1,27,15.0,797.0,2648,65,49.8,30.0,25,33.0,16.0,16,110,110,13,False,True,True,True,True,0.0102,0.0057,15.3,1.8,29,False,False,False,False,,21-30,2026-06-14T18:38:23.339Z,True,main,recent_median,23,1.087,True
연보민,naverchzzk,7839037e2c05af7473df365aab79fbaa,https://chzzk.naver.com/live/7839037e2c05af7473df365aab79fbaa,main_general_game,talk,talk,33.4,검은사막,23.1,이환,21.9,true,multi_game,unknown,not_collected,264.7,44,18.0,4944.0,897,119,59.5,30.0,24,34.2,21.0,20,132,132,13,True,True,True,True,True,0.0491,0.0201,18.68,2.44,12,False,False,False,False,,41-50,2026-06-14T17:58:35.513Z,True,main,recent_median,23,1.043,True
불꽃빡빡,naverchzzk,3c756c71b2c4a1bda8ee7a398e626f17,https://chzzk.naver.com/live/3c756c71b2c4a1bda8ee7a398e626f17,main_general_game,토탈 워: 워해머 3,토탈 워: 워해머 3,55.9,림월드,29.3,아노 1800,14.7,true,multi_game,unknown,not_collected,93.8,35,14.0,1339.0,656,52,35.5,25.0,24,39.4,16.0,17,92,92,13,False,True,True,True,True,0.0534,0.0213,14.28,2.5,86,False,False,True,True,,31-40,2026-06-14T18:19:36.932Z,True,main,recent_median,23,1.043,True
연하늘 HaneuI,naverchzzk,cd5ae4c07c49827120da9486e13454f5,https://chzzk.naver.com/live/cd5ae4c07c49827120da9486e13454f5,main_general_game,슬레이 더 스파이어 2,슬레이 더 스파이어 2,45,엘든 링,27,코어 키퍼,11.9,true,multi_game,unknown,not_collected,99.1,50,11.0,1160.0,1612,60,50.0,22.0,24,51.2,12.0,12,74,74,13,False,True,True,True,True,0.031,0.0068,11.71,4.55,56,False,False,False,True,,41-50,2026-06-14T18:23:09.568Z,True,main,recent_median,23,1.043,True
모모무네 앨리스,naverchzzk,c63c92e80c79a7d237ae27a81c7aefc5,https://chzzk.naver.com/live/c63c92e80c79a7d237ae27a81c7aefc5,main_general_game,마비노기 모바일,마비노기 모바일,49.5,명일방주: 엔드필드,47.5,슬레이 더 스파이어 2,3,true,multi_game,unknown,not_collected,90.2,39,9.0,880.0,823,76,59,40,24,58.0,16,18,121,121,13,True,True,True,True,True,0.0474,0.0109,9.76,4.33,39,False,False,False,False,,31-40,2026-06-14T18:33:49.274Z,True,main,recent_median,23,1.043,True
니은 Neeun,naverchzzk,412471b48add5dd2e56282f163f3f411,https://chzzk.naver.com/live/412471b48add5dd2e56282f163f3f411,main_general_game,원신,원신,41.7,명조:워더링 웨이브,37.4,서브노티카 2,12.7,true,multi_game,unknown,not_collected,94.6,23,8.0,792.0,679,41,39.0,25.0,24,33.4,12.5,10,60,60,13,False,True,True,True,True,0.0339,0.0118,8.37,2.88,38,False,False,False,False,,21-30,2026-06-14T18:38:41.824Z,True,main,recent_median,23,1.043,True
히레 hire,naverchzzk,9be49a707d9928ef90363c211172f98a,https://chzzk.naver.com/live/9be49a707d9928ef90363c211172f98a,main_general_game,종합 게임,종합 게임,100,,0,,0,true,gg_primary,unknown,not_collected,149.7,22,8.0,1309.0,841,40,28.0,18,23,35.2,11,12,109,109,13,False,True,True,True,True,0.0262,0.0095,8.74,2.75,14,False,False,False,False,,21-30,2026-06-14T18:20:03.912Z,True,main,recent_median,23,1.0,True
암픔,naverchzzk,503d5d5848466dd58d8af83083b73a14,https://chzzk.naver.com/live/503d5d5848466dd58d8af83083b73a14,main_general_game,오버워치,오버워치,56.5,발로란트,27.8,종합 게임,5,true,multi_game,unknown,not_collected,153.0,21,8.0,1266.0,3119,42,34.5,22.0,23,32.4,9.0,9,76,76,13,False,True,True,True,True,0.0067,0.0026,8.27,2.62,92,False,False,True,True,,21-30,2026-06-14T18:20:41.775Z,True,main,recent_median,23,1.0,True
김태환90,naverchzzk,9e8a6e8919730f4b06af6a4c5cca165f,https://chzzk.naver.com/live/9e8a6e8919730f4b06af6a4c5cca165f,main_general_game,마인크래프트,마인크래프트,35.9,로스트아크,27.2,talk,10.9,true,multi_game,unknown,not_collected,86.2,22,10.0,911.0,734,43,26.5,17.0,23,27.2,10.5,15,132,132,13,False,True,True,True,True,0.03,0.0136,10.57,2.2,17,False,False,False,False,,21-30,2026-06-14T18:32:07.388Z,True,main,recent_median,23,1.0,True
평범소,naverchzzk,7f148028d1b8b3feab3a5442badded46,https://chzzk.naver.com/live/7f148028d1b8b3feab3a5442badded46,main_general_game,PUBG: 배틀그라운드,PUBG: 배틀그라운드,32.1,발로란트,19,마인크래프트,10.9,true,multi_game,unknown,not_collected,69.8,21,10.0,698.0,1364,57,30.0,18.0,23,30.0,10.0,11,148,148,13,False,True,True,True,True,0.0154,0.0073,10.0,2.1,24,False,False,False,False,,21-30,2026-06-14T18:45:16.966Z,True,main,recent_median,23,1.0,True
루아 블루벨,naverchzzk,adeb7ab9d551519ccfae37b3788c40f1,https://chzzk.naver.com/live/adeb7ab9d551519ccfae37b3788c40f1,main_general_game,디아블로 4: 증오의 군주,디아블로 4: 증오의 군주,48.8,패스 오브 엑자일 2,35.8,세피리아,7,true,multi_game,unknown,not_collected,124.9,36,13.0,1630.0,2025,100,91.2,34.5,22,62.0,16.0,15,112,112,13,True,False,True,True,True,0.0178,0.0064,13.05,2.77,71,False,False,False,True,,31-40,2026-06-14T18:14:53.570Z,True,main,recent_median,23,0.957,True
CASKER,naverchzzk,d8f9cfab91b27abb7b3f7f2c1a186e29,https://chzzk.naver.com/live/d8f9cfab91b27abb7b3f7f2c1a186e29,main_general_game,음악/노래,음악/노래,37.7,talk,31.9,엘든 링,15.6,true,multi_game,unknown,not_collected,100.2,36,15.0,1581.0,2046,350,121.0,36,22,50.4,17,16,135,135,13,False,False,True,True,True,0.0176,0.0073,15.78,2.4,156,False,False,True,True,,31-40,2026-06-14T18:15:30.993Z,True,main,recent_median,23,0.957,True
체다미,naverchzzk,f321837caa794541301464d83daa947b,https://chzzk.naver.com/live/f321837caa794541301464d83daa947b,main_general_game,메이플스토리,메이플스토리,43.3,전략적 팀 전투 : 우주의 신들,24.2,워크래프트 3: 리포지드,24,true,multi_game,unknown,not_collected,144.4,35,10.0,1487.0,551,71,26.8,15,22,51.8,9,10,93,93,13,False,True,True,True,True,0.0635,0.0181,10.3,3.5,99,False,False,True,True,,31-40,2026-06-14T18:17:10.577Z,True,main,recent_median,23,0.957,True
스나루 SUNARU,naverchzzk,e3f1c85f98803a8a0f4187840ec6b862,https://chzzk.naver.com/live/e3f1c85f98803a8a0f4187840ec6b862,main_general_game,포켓몬스터 리프그린,포켓몬스터 리프그린,33.1,포켓몬 포코피아,22.4,talk,22.1,true,multi_game,unknown,not_collected,106.9,37,11.0,1238.0,1026,42,34.7,19.0,22,26.6,14.0,14,84,84,13,False,True,True,True,True,0.0361,0.0107,11.58,3.36,14,False,False,False,False,,31-40,2026-06-14T18:21:03.207Z,True,main,recent_median,23,0.957,True
Lebe,naverchzzk,8410e08fd6359ed491b5ad366994fa0d,https://chzzk.naver.com/live/8410e08fd6359ed491b5ad366994fa0d,main_general_game,유희왕 마스터 듀얼,유희왕 마스터 듀얼,39.4,림버스 컴퍼니,22.3,야구,10,true,multi_game,unknown,not_collected,169.8,28,7.0,1210.0,718,47,34.3,21,22,36.4,13,13,115,115,13,False,True,True,True,True,0.039,0.0097,7.13,4.0,24,False,False,False,False,,21-30,2026-06-14T18:21:55.237Z,True,main,recent_median,23,0.957,True
서애덕,naverchzzk,3fdc985be3bad369225118e6d8dc496b,https://chzzk.naver.com/live/3fdc985be3bad369225118e6d8dc496b,main_general_game,미나 더 할로워,미나 더 할로워,34.3,종합 게임,31.1,젠레스 존 제로,10.6,true,multi_game,unknown,not_collected,521.1,25,7.0,4105.0,980,420,29.7,11.0,21,186.0,6.0,9,88,88,13,False,True,True,True,False,0.0255,0.0071,7.88,3.57,46,False,False,False,False,,21-30,2026-06-14T18:00:00.336Z,True,main,recent_median,23,0.913,True
코룰라,naverchzzk,bfb0e2a105ae46284e0b9e5764248457,https://chzzk.naver.com/live/bfb0e2a105ae46284e0b9e5764248457,main_general_game,이스케이프 프롬 타르코프,이스케이프 프롬 타르코프,50.8,종합 게임,41.5,talk,7.8,true,multi_game,unknown,not_collected,313.1,34,10.0,3324.0,275,43,24.5,15,21,24.8,9,10,71,71,13,False,True,True,True,True,0.1236,0.0364,10.62,3.4,44,False,False,False,False,,31-40,2026-06-14T18:01:41.352Z,True,main,recent_median,23,0.913,True
유채담,naverchzzk,ee279ba91e254d53bce40b7a1b323bda,https://chzzk.naver.com/live/ee279ba91e254d53bce40b7a1b323bda,main_general_game,검은사막,검은사막,28.6,에이펙스 레전드,19.7,워프레임,18,true,multi_game,unknown,not_collected,161.7,41,9.0,1613.0,954,117,93.5,42.0,21,37.4,21.0,10,118,118,13,True,False,False,True,True,0.043,0.0094,9.98,4.56,80,False,False,True,True,,41-50,2026-06-14T18:15:00.300Z,True,main,recent_median,23,0.913,True
찬찬 ChanChan,naverchzzk,2530f0d0a29d48d7ca342e1b6313e687,https://chzzk.naver.com/live/2530f0d0a29d48d7ca342e1b6313e687,main_general_game,오버워치,오버워치,68.3,서브노티카 2,17.4,007 퍼스트 라이트,11.9,true,multi_game,unknown,not_collected,73.6,35,17.0,1263.0,1455,36,31.3,21.0,21,23.0,13.0,11,78,78,13,False,True,True,True,True,0.0241,0.0117,17.16,2.06,31,False,False,False,False,,31-40,2026-06-14T18:20:46.564Z,True,main,recent_median,23,0.913,True
롱판다,naverchzzk,eddbcea5d023e37bf205c4ed2d73ff4d,https://chzzk.naver.com/live/eddbcea5d023e37bf205c4ed2d73ff4d,main_general_game,로스트아크,로스트아크,59.6,톰 클랜시의 더 디비전 2,32,라이어 게임,3.7,true,multi_game,unknown,not_collected,97.1,27,11.0,1148.0,945,40,37.0,26,21,30.2,16,14,133,133,13,False,True,True,True,True,0.0286,0.0116,11.82,2.45,17,False,False,False,False,,21-30,2026-06-14T18:23:29.989Z,True,main,recent_median,23,0.913,True
쿠라맛챠,naverchzzk,d82829566190e566da4d8e97308d5993,https://chzzk.naver.com/live/d82829566190e566da4d8e97308d5993,main_general_game,발로란트,발로란트,58.8,그라운디드 2,17.2,그라운디드,12.8,true,multi_game,unknown,not_collected,77.7,19,10.0,780.0,4203,33,27.1,20,21,25.4,12,13,139,139,13,False,True,True,True,True,0.0045,0.0024,10.04,1.9,69,False,False,False,True,,16-20,2026-06-14T18:39:08.464Z,True,main,recent_median,23,0.913,True
치민22,naverchzzk,cd94f8f4b13e8c195e551bc9f42b2646,https://chzzk.naver.com/live/cd94f8f4b13e8c195e551bc9f42b2646,main_general_game,종합 게임,종합 게임,81.6,33 이모탈스,10.1,엠버 나이트,3.5,true,gg_primary,unknown,not_collected,748.9,47,20.0,15260.0,1496,45,42.0,29.5,20,25.8,18.5,13,100,100,13,False,True,True,True,True,0.0314,0.0134,20.38,2.35,17,False,False,False,False,,41-50,2026-06-14T17:55:30.590Z,True,main,recent_median,23,0.87,True
아야 AYA,naverchzzk,ee127dbe96d87d8056348dca8798ddd5,https://chzzk.naver.com/live/ee127dbe96d87d8056348dca8798ddd5,main_general_game,종합 게임,종합 게임,77.5,007 퍼스트 라이트,17.8,리밋 제로 브레이커스,4.6,true,gg_primary,unknown,not_collected,776.3,24,12.0,9452.0,379,31,26.0,20.0,20,21.8,15.0,15,120,120,13,False,True,True,True,True,0.0633,0.0317,12.18,2.0,11,False,False,False,False,,21-30,2026-06-14T17:56:21.797Z,True,main,recent_median,23,0.87,True
나은0,naverchzzk,4a62ee4e2d30ac11709453faf4583f1a,https://chzzk.naver.com/live/4a62ee4e2d30ac11709453faf4583f1a,main_general_game,종합 게임,종합 게임,100,,0,,0,true,gg_primary,unknown,not_collected,386.9,32,13.0,5325.0,299,29,26.0,20.0,20,27.2,14.0,14,54,54,13,False,True,True,True,True,0.107,0.0435,13.76,2.46,13,False,False,False,False,,31-40,2026-06-14T17:58:00.261Z,True,main,recent_median,23,0.87,True
초다양 CHODAYANG,naverchzzk,5497880b21a2b50c77dc50404c1542ed,https://chzzk.naver.com/live/5497880b21a2b50c77dc50404c1542ed,main_general_game,하츠 오브 아이언 4,하츠 오브 아이언 4,71.1,빅토리아 3,15.2,크루세이더 킹즈 3,6,true,multi_game,unknown,not_collected,765.4,20,6.0,4621.0,790,82,33.3,19.0,20,26.4,8.0,9,108,108,13,True,True,True,True,True,0.0253,0.0076,6.04,3.33,57,False,False,False,True,,16-20,2026-06-14T17:59:07.896Z,True,main,recent_median,23,0.87,True
유키츠네,naverchzzk,08a4fd4c00f1e0faac6c27eaa19b20db,https://chzzk.naver.com/live/08a4fd4c00f1e0faac6c27eaa19b20db,main_general_game,월드 오브 워크래프트: 한밤,월드 오브 워크래프트: 한밤,33.2,talk,19.2,음악/노래,16.5,true,multi_game,unknown,not_collected,326.7,26,7.0,2576.0,817,55,32.2,17.0,20,35.4,11.0,12,136,136,13,False,True,True,True,True,0.0318,0.0086,7.88,3.71,23,False,False,False,False,,21-30,2026-06-14T18:04:48.854Z,True,main,recent_median,23,0.87,True
이쿠롬,naverchzzk,c60605305243b0234e4cd0d10a675b05,https://chzzk.naver.com/live/c60605305243b0234e4cd0d10a675b05,main_general_game,PUBG: 배틀그라운드,PUBG: 배틀그라운드,43.9,마인크래프트,23.5,스톰 스트라이커,18.2,true,multi_game,unknown,not_collected,157.2,27,11.0,1879.0,1736,108,39.0,24,20,24.4,12,12,125,125,13,True,True,True,True,True,0.0156,0.0063,11.95,2.45,46,False,False,False,False,,21-30,2026-06-14T18:11:50.781Z,True,main,recent_median,23,0.87,True
박 잔디,naverchzzk,aca36e99198a7587de9dd1bbe324fd87,https://chzzk.naver.com/live/aca36e99198a7587de9dd1bbe324fd87,main_general_game,리그 오브 레전드,리그 오브 레전드,60.8,서든어택,16.6,talk,8.1,true,multi_game,unknown,not_collected,111.1,27,10.0,1199.0,698,51,35.0,25,20,25.4,13,12,139,139,13,False,True,True,True,True,0.0387,0.0143,10.79,2.7,49,False,False,False,False,,21-30,2026-06-14T18:22:10.135Z,True,main,recent_median,23,0.87,True
삼사마,naverchzzk,66630781c437e465edf43de3cfd19b3b,https://chzzk.naver.com/live/66630781c437e465edf43de3cfd19b3b,main_general_game,라이브러리 오브 루이나,라이브러리 오브 루이나,43.8,종합 게임,18.3,성세천하: 여제의 탄생,6.3,true,multi_game,unknown,not_collected,59.4,29,14.0,885.0,557,59,41.0,26,20,32.2,16,15,127,127,13,False,True,True,True,True,0.0521,0.0251,14.9,2.07,41,False,False,False,False,,21-30,2026-06-14T18:33:15.877Z,True,main,recent_median,23,0.87,True
백범로,naverchzzk,0166327ca44281daa1d35d57fa8c9bce,https://chzzk.naver.com/live/0166327ca44281daa1d35d57fa8c9bce,main_general_game,talk,talk,46.4,종합 게임,33,엘든 링,15.1,true,multi_game,unknown,not_collected,56.1,27,15.0,864.0,204,27,26.7,20,20,26.0,13,14,27,27,13,False,True,True,True,True,0.1324,0.0735,15.4,1.8,11,False,False,False,False,,21-30,2026-06-14T18:34:40.014Z,True,main,recent_median,23,0.87,True
포니고라운드,naverchzzk,aa26e59c91a22bd430ec1d5d6d965dac,https://chzzk.naver.com/live/aa26e59c91a22bd430ec1d5d6d965dac,main_general_game,서브노티카 2,서브노티카 2,27.2,미나 더 할로워,18.1,talk,17.7,true,multi_game,unknown,not_collected,43.3,38,17.0,770.0,1185,65,44.9,26,20,57.0,18,15,123,123,13,False,True,True,True,True,0.0321,0.0143,17.78,2.24,53,False,False,False,True,,31-40,2026-06-14T18:39:54.403Z,True,main,recent_median,23,0.87,True
김정폭,naverchzzk,8d2a6539c9b0570f9d69c8539eebeb69,https://chzzk.naver.com/live/8d2a6539c9b0570f9d69c8539eebeb69,main_general_game,talk,talk,26.3,서브노티카,22.3,이환,15.5,true,multi_game,unknown,not_collected,629.6,47,11.0,7444.0,732,66,49.0,23,19,54.2,12,11,111,111,13,False,True,True,True,True,0.0642,0.015,11.82,4.27,35,False,False,False,False,,41-50,2026-06-14T17:56:54.187Z,True,main,recent_median,23,0.826,True
판 토,naverchzzk,2a65176231abe621f2243ec200b0f229,https://chzzk.naver.com/live/2a65176231abe621f2243ec200b0f229,main_general_game,윈드로즈,윈드로즈,32.4,엘든 링,28.9,스타듀 밸리,28.3,true,multi_game,unknown,not_collected,246.2,25,11.0,2792.0,521,36,21.0,13.0,19,31.8,8.0,10,98,98,13,False,True,True,True,True,0.048,0.0211,11.34,2.27,37,False,False,False,False,,21-30,2026-06-14T18:03:34.357Z,True,main,recent_median,23,0.826,True
밑줄밑줄,naverchzzk,fb74541470fbab69ac286cfb24a96e6c,https://chzzk.naver.com/live/fb74541470fbab69ac286cfb24a96e6c,main_general_game,라이브러리안: 타이디 업 더 아케인 라이브러리!,라이브러리안: 타이디 업 더 아케인 라이브러리!,55.7,모탈 셸,28.7,talk,15.7,true,multi_game,unknown,not_collected,217.4,24,9.0,2119.0,457,53,28.4,16,19,25.2,10,10,57,57,13,False,True,True,True,True,0.0525,0.0197,9.75,2.67,37,False,False,False,False,,21-30,2026-06-14T18:08:17.504Z,True,main,recent_median,23,0.826,True
아오토 라떼,naverchzzk,a4c69e7f9c0fc25a018a1c3c3cf0c17f,https://chzzk.naver.com/live/a4c69e7f9c0fc25a018a1c3c3cf0c17f,main_general_game,고전 게임,고전 게임,67.5,오버워치,32.5,,0,true,multi_game,unknown,not_collected,245.4,21,7.0,1958.0,382,27,24.4,17,19,23.8,10,9,73,73,13,False,True,True,True,True,0.055,0.0183,7.98,3.0,31,False,False,False,False,,21-30,2026-06-14T18:10:21.566Z,True,main,recent_median,23,0.826,True
겜나나,naverchzzk,be6b744d84caebdc8102f541b9e3861c,https://chzzk.naver.com/live/be6b744d84caebdc8102f541b9e3861c,main_general_game,종합 게임,종합 게임,77.1,서브노티카 2,7.2,talk,6.7,true,gg_primary,unknown,not_collected,132.3,24,12.0,1595.0,196,21,20.0,16,19,20.4,11,13,35,35,13,False,True,True,True,False,0.1224,0.0612,12.06,2.0,8,False,False,False,False,,21-30,2026-06-14T18:15:17.369Z,True,main,recent_median,23,0.826,True
코코론,naverchzzk,726b155098a80e8eba10d68f0cfc07cd,https://chzzk.naver.com/live/726b155098a80e8eba10d68f0cfc07cd,main_general_game,데드 바이 데이라이트,데드 바이 데이라이트,53.1,이환,20.8,이스케이프 프롬 타르코프,19.4,true,multi_game,unknown,not_collected,120.7,21,12.0,1529.0,217,24,20.3,16.0,19,22.8,10.0,13,94,94,13,False,True,True,True,True,0.0968,0.0553,12.67,1.75,27,False,False,False,False,,21-30,2026-06-14T18:16:20.354Z,True,main,recent_median,23,0.826,True
에맴맨TV,naverchzzk,7f4aaa6b0fb60cc52448e7d0c036342d,https://chzzk.naver.com/live/7f4aaa6b0fb60cc52448e7d0c036342d,main_general_game,엘든 링,엘든 링,26.4,슬레이 더 스파이어 2,15.3,talk,12.2,true,multi_game,unknown,not_collected,83.1,24,12.0,1066.0,315,31,29.0,20.0,19,24.8,13.0,12,96,96,13,False,True,True,True,True,0.0762,0.0381,12.83,2.0,12,False,False,False,False,,21-30,2026-06-14T18:25:43.773Z,True,main,recent_median,23,0.826,True
쇼새,naverchzzk,9c9a50b58884399c69d7ee1610bc6794,https://chzzk.naver.com/live/9c9a50b58884399c69d7ee1610bc6794,main_general_game,로스트아크,로스트아크,52.5,돈 스타브 투게더,26,헬다이버즈 2,5.1,true,multi_game,unknown,not_collected,102.3,19,9.0,1022.0,612,61,47,21,19,24.0,12,13,141,141,13,False,True,True,True,True,0.031,0.0147,9.99,2.11,72,False,False,False,True,,16-20,2026-06-14T18:27:26.106Z,True,main,recent_median,23,0.826,True
권라치,naverchzzk,1c4cbafbd49aa741d272bea73b67aa2c,https://chzzk.naver.com/live/1c4cbafbd49aa741d272bea73b67aa2c,main_general_game,마인크래프트,마인크래프트,24.8,이환,23.7,talk,21.4,true,multi_game,unknown,not_collected,91.8,23,10.0,977.0,1221,97,30.5,19.0,19,34.8,13.0,12,126,126,13,True,True,True,True,True,0.0188,0.0082,10.64,2.3,11,False,False,False,False,,21-30,2026-06-14T18:29:23.320Z,True,main,recent_median,23,0.826,True
애모모,naverchzzk,02c3a70797e67788ade2455e175d6452,https://chzzk.naver.com/live/02c3a70797e67788ade2455e175d6452,main_general_game,talk,talk,21.6,리그 오브 레전드,19.6,이환,19.4,true,multi_game,unknown,not_collected,65.4,37,13.0,909.0,390,65,50.4,27,19,22.6,15,11,133,133,13,False,True,True,True,True,0.0949,0.0333,13.9,2.85,16,False,False,False,False,,31-40,2026-06-14T18:32:21.556Z,True,main,recent_median,23,0.826,True
헵부,naverchzzk,86e7edf62d3eabf0684f97ca6edce9ad,https://chzzk.naver.com/live/86e7edf62d3eabf0684f97ca6edce9ad,main_general_game,월드 오브 워크래프트: 한밤,월드 오브 워크래프트: 한밤,47.8,월드 오브 워크래프트 클래식,17.7,클레르 옵스퀴르: 33 원정대,16.8,true,multi_game,unknown,not_collected,61.1,41,14.0,871.0,1597,61,50.8,27.0,19,27.0,13.0,14,118,118,13,False,True,True,True,True,0.0257,0.0088,14.26,2.93,42,False,False,False,False,,41-50,2026-06-14T18:34:21.421Z,True,main,recent_median,23,0.826,True
더스트v,naverchzzk,acf6dd771e87a5ac8199f3850cbce994,https://chzzk.naver.com/live/acf6dd771e87a5ac8199f3850cbce994,main_general_game,마비노기 모바일,마비노기 모바일,24.5,승리의 여신: 니케,19.8,몬길: STAR DIVE,15.9,true,multi_game,unknown,not_collected,93.2,25,8.0,833.0,963,85,38.1,18,19,33.6,11,11,119,119,13,True,True,True,True,True,0.026,0.0083,8.94,3.12,12,False,False,False,False,,21-30,2026-06-14T18:35:53.968Z,True,main,recent_median,23,0.826,True
Anotherkyo,naverchzzk,785f274d8ad7a3b5f78622b82b84570a,https://chzzk.naver.com/live/785f274d8ad7a3b5f78622b82b84570a,main_general_game,파이널판타지14,파이널판타지14,74.6,성세천하: 여제의 탄생 Ⅱ,25.4,,0,true,multi_game,unknown,not_collected,65.2,22,10.0,699.0,141,30,28,15,19,28.8,7,9,41,41,13,False,True,True,True,True,0.156,0.0709,10.72,2.2,39,False,False,False,False,,21-30,2026-06-14T18:44:53.485Z,True,main,recent_median,23,0.826,True
극악뉴,naverchzzk,55894ddc17c453bcaf5e0b6b3e7498e0,https://chzzk.naver.com/live/55894ddc17c453bcaf5e0b6b3e7498e0,main_general_game,마비노기 모바일,마비노기 모바일,48.2,디제이맥스 리스펙트 V,39,talk,8.8,true,multi_game,unknown,not_collected,63.5,32,10.0,693.0,1056,50,34.0,18.0,19,24.0,12.0,12,120,120,13,False,True,True,True,True,0.0303,0.0095,10.91,3.2,11,False,False,False,False,,31-40,2026-06-14T18:45:40.530Z,True,main,recent_median,23,0.826,True
유레이 UREI,naverchzzk,67b99b03f73b0bc2f8fe1d2ef5c9af81,https://chzzk.naver.com/live/67b99b03f73b0bc2f8fe1d2ef5c9af81,main_general_game,림월드,림월드,26.6,리그 오브 레전드,25.8,종합 게임,18.4,true,multi_game,unknown,not_collected,866.5,31,14.0,12520.0,618,41,25.0,18,18,21.0,12,13,131,131,13,False,True,True,True,False,0.0502,0.0227,14.45,2.21,12,False,False,False,False,,31-40,2026-06-14T17:55:51.570Z,True,main,recent_median,23,0.783,True
쁘눙공작,naverchzzk,4cd76d9219e872fb80681d13308025c6,https://chzzk.naver.com/live/4cd76d9219e872fb80681d13308025c6,main_general_game,종합 게임,종합 게임,35.5,용과 같이 0: 맹세의 장소,15.3,talk,14.3,true,gg_primary,unknown,not_collected,1326.3,25,7.0,9465.0,295,29,26.3,20,18,25.2,11,11,135,135,13,False,True,True,True,True,0.0847,0.0237,7.14,3.57,56,False,False,False,True,,21-30,2026-06-14T17:56:14.963Z,True,main,recent_median,23,0.783,True
파피푸 페포,naverchzzk,a21a5559dc3f749b483c1ecb2b5e4959,https://chzzk.naver.com/live/a21a5559dc3f749b483c1ecb2b5e4959,main_general_game,종합 게임,종합 게임,58.6,talk,41,반교 : 디텐션,0.4,true,gg_primary,unknown,not_collected,400.0,31,11.0,4637.0,355,64,25.4,15,18,26.2,10,12,97,97,13,False,True,True,True,True,0.0873,0.031,11.59,2.82,6,False,False,False,False,,31-40,2026-06-14T17:59:00.441Z,True,main,recent_median,23,0.783,True
은둔이,naverchzzk,5992c0c83aaec4f64199fb265e0285ec,https://chzzk.naver.com/live/5992c0c83aaec4f64199fb265e0285ec,main_general_game,talk,talk,29,마비노기,17.9,이환,16.4,true,multi_game,unknown,not_collected,487.0,25,7.0,3507.0,1031,30,25.0,16,18,23.2,8,10,149,149,13,False,True,True,True,True,0.0242,0.0068,7.2,3.57,19,False,False,False,False,,21-30,2026-06-14T18:00:47.853Z,True,main,recent_median,23,0.783,True
쵸쵸우,naverchzzk,e0d8c9d12249766c1c4b27b59b3de0a3,https://chzzk.naver.com/live/e0d8c9d12249766c1c4b27b59b3de0a3,main_general_game,오버워치,오버워치,62.9,종합 게임,19.5,데드 바이 데이라이트,17.6,true,multi_game,unknown,not_collected,503.6,19,6.0,3375.0,987,35,29.0,19.0,18,26.2,12.0,10,132,132,13,False,True,True,True,True,0.0193,0.0061,6.7,3.17,15,False,False,False,False,,16-20,2026-06-14T18:01:17.037Z,True,main,recent_median,23,0.783,True
나들희,naverchzzk,827cf700086734c7b700e138eaf9f57e,https://chzzk.naver.com/live/827cf700086734c7b700e138eaf9f57e,main_general_game,스플래툰 3,스플래툰 3,39,두근두근타운,17.4,talk,12.2,true,multi_game,unknown,not_collected,155.4,26,10.0,1657.0,647,31,24.5,16.0,18,24.8,10.0,11,116,116,13,False,True,True,True,True,0.0402,0.0155,10.66,2.6,23,False,False,False,False,,21-30,2026-06-14T18:14:41.389Z,True,main,recent_median,23,0.783,True
아하 AHA,naverchzzk,062c2bff9cf6245da75b54a70d2d0fe9,https://chzzk.naver.com/live/062c2bff9cf6245da75b54a70d2d0fe9,main_general_game,전략적 팀 전투 : 우주의 신들,전략적 팀 전투 : 우주의 신들,45.1,리그 오브 레전드,24,다크 소울 2,9.3,true,multi_game,unknown,not_collected,105.5,28,12.0,1276.0,440,98,39.9,19,18,54.8,10,8,123,123,13,True,True,True,True,True,0.0636,0.0273,12.09,2.33,24,False,False,False,False,,21-30,2026-06-14T18:20:27.220Z,True,main,recent_median,23,0.783,True
미네르 Mineru,naverchzzk,69996ac83db681049e110c5883f05f39,https://chzzk.naver.com/live/69996ac83db681049e110c5883f05f39,main_general_game,talk,talk,22.4,에이펙스 레전드,21.1,서브노티카: 빌로우 제로,18.3,true,multi_game,unknown,not_collected,108.5,21,10.0,1144.0,849,42,36.1,21,18,34.2,13,14,119,119,13,False,True,True,True,True,0.0247,0.0118,10.54,2.1,37,False,False,False,False,,21-30,2026-06-14T18:23:42.994Z,True,main,recent_median,23,0.783,True
복슝2,naverchzzk,c8ee3656f7d3607d3cb31d9ca58c14c9,https://chzzk.naver.com/live/c8ee3656f7d3607d3cb31d9ca58c14c9,main_general_game,talk,talk,41.6,종합 게임,19.4,마인크래프트,11.3,true,gg_secondary,unknown,not_collected,63.6,34,15.0,995.0,810,34,30.0,17,18,24.2,11,12,95,95,13,False,True,True,True,True,0.042,0.0185,15.64,2.27,30,False,False,False,False,,31-40,2026-06-14T18:28:39.022Z,True,main,recent_median,23,0.783,True
유푸링,naverchzzk,ad76cad60cf7f1c7b658433d3c2b4f75,https://chzzk.naver.com/live/ad76cad60cf7f1c7b658433d3c2b4f75,main_general_game,리그 오브 레전드,리그 오브 레전드,62.5,돈 스타브 투게더,25.4,슈퍼 단간론파 2: 안녕히 절망학원,4.2,true,multi_game,unknown,not_collected,63.9,29,12.0,776.0,968,34,30.5,21,18,29.8,15,14,131,131,13,False,True,True,True,True,0.03,0.0124,12.14,2.42,13,False,False,False,False,,21-30,2026-06-14T18:39:32.571Z,True,main,recent_median,23,0.783,True
아루다루송송,naverchzzk,a4fd197e164bec9a925c53ac4f831d07,https://chzzk.naver.com/live/a4fd197e164bec9a925c53ac4f831d07,main_general_game,종합 게임,종합 게임,87.2,이스케이프 프롬 타르코프,7,러시안 피싱 4,3.6,true,gg_primary,unknown,not_collected,1487.2,27,8.0,13107.0,238,28,18.0,13.0,17,18.4,8.0,10,90,90,13,False,False,True,True,False,0.1134,0.0336,8.81,3.38,34,False,False,False,False,,21-30,2026-06-14T17:55:43.122Z,True,main,recent_median,23,0.739,True
티아스 Tias,naverchzzk,9becba80e75bd5a7ba73ef7de32d578e,https://chzzk.naver.com/live/9becba80e75bd5a7ba73ef7de32d578e,main_general_game,종합 게임,종합 게임,47.7,명조:워더링 웨이브,22.7,데이 아 빌리언즈,11.4,true,gg_primary,unknown,not_collected,1091.5,42,12.0,13111.0,253,51,34.0,19.0,17,23.4,13.0,12,120,120,13,False,True,True,True,True,0.166,0.0474,12.01,3.5,24,False,False,False,False,,41-50,2026-06-14T17:55:43.513Z,True,main,recent_median,23,0.739,True
안로그,naverchzzk,dba054a105477139d4e3a291dfe6fa57,https://chzzk.naver.com/live/dba054a105477139d4e3a291dfe6fa57,main_general_game,종합 게임,종합 게임,55.2,사이코 노 스토커,11.9,포비아 - 세인트 딘프나 호텔,7.2,true,gg_primary,unknown,not_collected,367.6,31,12.0,4580.0,284,23,22.0,17,17,18.0,11,12,133,133,13,False,True,True,True,False,0.1092,0.0423,12.46,2.58,15,False,False,False,False,,31-40,2026-06-14T17:59:13.487Z,True,main,recent_median,23,0.739,True
세 라 핌,naverchzzk,5115e44952e6827c6408dd979bf7ec58,https://chzzk.naver.com/live/5115e44952e6827c6408dd979bf7ec58,main_general_game,갓 오브 워,갓 오브 워,24.8,인왕 3,15.5,성세천하: 여제의 탄생 Ⅱ,14.8,true,multi_game,unknown,not_collected,263.2,38,12.0,3404.0,1491,58,27.0,20,17,19.4,11,11,135,135,13,False,True,True,True,False,0.0255,0.008,12.93,3.17,30,False,False,False,False,,31-40,2026-06-14T18:01:09.596Z,True,main,recent_median,23,0.739,True
무스타디오,naverchzzk,746cf36edf555daaffba15eb3d64e4d5,https://chzzk.naver.com/live/746cf36edf555daaffba15eb3d64e4d5,main_general_game,종합 게임,종합 게임,73.8,스트레이,7.9,백룸: 이스케이프 투게더,7.6,true,gg_primary,unknown,not_collected,275.0,41,12.0,3328.0,237,44,24.0,19.0,17,23.4,12.0,13,62,62,13,False,True,True,True,True,0.173,0.0506,12.1,3.42,61,False,False,False,True,,41-50,2026-06-14T18:01:41.148Z,True,main,recent_median,23,0.739,True
밍쑨,naverchzzk,3ea47d1b635b154d30f20ce0e6ce6b13,https://chzzk.naver.com/live/3ea47d1b635b154d30f20ce0e6ce6b13,main_general_game,talk,talk,37.7,종합 게임,23,서브노티카 2,13.1,true,gg_secondary,unknown,not_collected,318.3,24,8.0,2564.0,1205,97,67.0,21.0,17,26.0,11.0,11,128,128,13,True,True,True,True,True,0.0199,0.0066,8.06,3.0,46,False,False,False,False,,21-30,2026-06-14T18:04:54.447Z,True,main,recent_median,23,0.739,True
나 빵,naverchzzk,d8c10a2e77e76677b093582ef6373e5b,https://chzzk.naver.com/live/d8c10a2e77e76677b093582ef6373e5b,main_general_game,마인크래프트,마인크래프트,30.5,리그 오브 레전드,25,talk,19.4,true,multi_game,unknown,not_collected,251.3,20,8.0,2179.0,947,33,26.0,18,17,24.4,11,12,143,143,13,False,True,True,True,True,0.0211,0.0084,8.67,2.5,23,False,False,False,False,,16-20,2026-06-14T18:07:50.634Z,True,main,recent_median,23,0.739,True
끼즈,naverchzzk,cf8512ab068c4a34747239de0fa478c3,https://chzzk.naver.com/live/cf8512ab068c4a34747239de0fa478c3,main_general_game,스타크래프트 II : 공허의 유산,스타크래프트 II : 공허의 유산,70.9,다키스트 던전,29.1,,0,true,multi_game,unknown,not_collected,543.1,15,3.0,2001.0,136,27,23,15,17,25.2,7,11,121,121,13,False,True,True,True,True,0.1103,0.0221,3.68,5.0,45,False,False,False,False,,10-15,2026-06-14T18:09:28.797Z,True,main,recent_median,23,0.739,True
토봉이,naverchzzk,04f9108aa4e96795f731c06b2e6889c1,https://chzzk.naver.com/live/04f9108aa4e96795f731c06b2e6889c1,main_general_game,오버워치,오버워치,49.2,전략적 팀 전투 : 우주의 신들,28,킹덤 컴: 딜리버런스 II,20.6,true,multi_game,unknown,not_collected,261.8,23,5.0,1421.0,523,40,30.0,17,17,21.0,9,9,143,143,13,False,True,True,True,False,0.044,0.0096,5.43,4.6,15,False,False,False,False,,21-30,2026-06-14T18:18:15.322Z,True,main,recent_median,23,0.739,True
세키오,naverchzzk,0cfb40c68e56441c3e0ca58231e3523b,https://chzzk.naver.com/live/0cfb40c68e56441c3e0ca58231e3523b,main_general_game,talk,talk,40.2,종합 게임,24.4,이환,22,true,multi_game,unknown,not_collected,135.1,21,10.0,1381.0,1155,37,22.2,16,17,22.6,11,12,109,109,13,False,True,True,True,True,0.0182,0.0087,10.22,2.1,11,False,False,False,False,,21-30,2026-06-14T18:18:50.149Z,True,main,recent_median,23,0.739,True
마무 Mamuu,naverchzzk,a9e9faf32d32f089b07eb6213e9f4254,https://chzzk.naver.com/live/a9e9faf32d32f089b07eb6213e9f4254,main_general_game,블랙 메사,블랙 메사,30.3,종합 게임,20.9,하프라이프,18.7,true,multi_game,unknown,not_collected,64.4,24,11.0,754.0,432,33,24.0,18,17,27.6,12,10,91,91,13,False,True,True,True,True,0.0556,0.0255,11.71,2.18,15,False,False,False,False,,21-30,2026-06-14T18:40:40.111Z,True,main,recent_median,23,0.739,True
유자짱,naverchzzk,556705a020d1a80a054cba7bde333f68,https://chzzk.naver.com/live/556705a020d1a80a054cba7bde333f68,main_general_game,종합 게임,종합 게임,53.5,talk,26.1,메이플스토리,8.8,true,gg_primary,unknown,not_collected,76.1,22,9.0,723.0,365,37,25.7,17,17,23.6,10,10,87,87,13,False,True,True,True,True,0.0603,0.0247,9.5,2.44,21,False,False,False,False,,21-30,2026-06-14T18:43:11.792Z,True,main,recent_median,23,0.739,True
온하얀 ONHAYAN,naverchzzk,3793eb7c46b59693dea0b835956a8513,https://chzzk.naver.com/live/3793eb7c46b59693dea0b835956a8513,main_general_game,종합 게임,종합 게임,37.1,리그 오브 레전드,30.8,마비노기 모바일,21.4,true,gg_primary,unknown,not_collected,463.4,22,9.0,4406.0,295,38,26.2,17,16,24.4,10,9,117,117,13,False,True,True,True,True,0.0746,0.0305,9.51,2.44,24,False,False,False,False,,21-30,2026-06-14T17:59:26.891Z,True,main,recent_median,23,0.696,True
반달곰탱이방송,naverchzzk,4d93eaefb9387f2245e36634890d4c28,https://chzzk.naver.com/live/4d93eaefb9387f2245e36634890d4c28,main_general_game,PUBG: 배틀그라운드,PUBG: 배틀그라운드,30.9,talk,28.9,종합 게임,17.1,true,multi_game,unknown,not_collected,406.5,27,10.0,4247.0,772,99,23.7,15.0,16,28.2,10.0,10,128,128,13,True,True,True,True,True,0.035,0.013,10.45,2.7,12,False,False,False,False,,21-30,2026-06-14T17:59:41.281Z,True,main,recent_median,23,0.696,True
미도미도 마요,naverchzzk,f5d97435032b33489dfdfe22d115d47b,https://chzzk.naver.com/live/f5d97435032b33489dfdfe22d115d47b,main_general_game,리그 오브 레전드,리그 오브 레전드,37.1,스타크래프트 II : 공허의 유산,18.4,데스티니 가디언즈: 운명의 경계,14.9,true,multi_game,unknown,not_collected,453.0,30,8.0,3954.0,509,30,25.8,15,16,21.0,8,9,123,123,13,False,True,True,True,False,0.0589,0.0157,8.73,3.75,103,False,False,True,True,,21-30,2026-06-14T18:00:16.455Z,True,main,recent_median,23,0.696,True
도완 M4YD4Y,naverchzzk,d19b09a7ae53b27342a3b504878b4bd0,https://chzzk.naver.com/live/d19b09a7ae53b27342a3b504878b4bd0,main_general_game,패스 오브 엑자일 2,패스 오브 엑자일 2,40.8,아이온2,21.4,에이펙스 레전드,13.2,true,multi_game,unknown,not_collected,301.9,43,11.0,3468.0,872,105,53.2,26.0,16,31.4,11.0,8,140,140,13,True,True,True,True,True,0.0493,0.0126,11.49,3.91,96,False,False,True,True,,41-50,2026-06-14T18:01:00.924Z,True,main,recent_median,23,0.696,True
마롱 Marong,naverchzzk,9c4d6af375e79095271e69b2b9942774,https://chzzk.naver.com/live/9c4d6af375e79095271e69b2b9942774,main_general_game,철권 8,철권 8,36.5,talk,19.8,PUBG: 배틀그라운드,17.6,true,multi_game,unknown,not_collected,347.1,25,7.0,2758.0,1404,53,27.0,16.0,16,20.4,9.0,8,134,134,13,False,True,True,True,False,0.0178,0.005,7.95,3.57,16,False,False,False,False,,21-30,2026-06-14T18:03:48.021Z,True,main,recent_median,23,0.696,True
공공이삼일 00231,naverchzzk,f72fcd1b77a7ce5c4b683bea156dd83e,https://chzzk.naver.com/live/f72fcd1b77a7ce5c4b683bea156dd83e,main_general_game,바이오하자드,바이오하자드,59,종합 게임,33,talk,8,true,multi_game,unknown,not_collected,321.2,29,8.0,2617.0,243,20,19.0,13,16,20.0,8,8,65,65,13,False,True,True,True,False,0.1193,0.0329,8.15,3.62,24,False,False,False,False,,21-30,2026-06-14T18:04:35.489Z,True,main,recent_median,23,0.696,True
턱스,naverchzzk,bd1dcaadbc663f732577a18d949cd3f8,https://chzzk.naver.com/live/bd1dcaadbc663f732577a18d949cd3f8,main_general_game,종합 게임,종합 게임,29.1,talk,26.7,블루 프린스,14.2,true,gg_primary,unknown,not_collected,191.8,22,8.0,1609.0,257,21,18.4,13,16,19.8,9,9,113,113,13,False,False,True,True,False,0.0856,0.0311,8.39,2.75,16,False,False,False,False,,21-30,2026-06-14T18:15:05.359Z,True,main,recent_median,23,0.696,True
아 말 콩,naverchzzk,6f1350c4e68bb962130a0bc27d8c4373,https://chzzk.naver.com/live/6f1350c4e68bb962130a0bc27d8c4373,main_general_game,스플래툰 3,스플래툰 3,48.2,talk,36.8,포켓몬 챔피언스,15,true,multi_game,unknown,not_collected,182.2,16,6.0,1234.0,757,51,23.7,13.0,16,34.2,8.5,9,88,88,13,False,True,True,True,True,0.0211,0.0079,6.77,2.67,29,False,False,False,False,,16-20,2026-06-14T18:21:20.305Z,True,main,recent_median,23,0.696,True
힉키연,naverchzzk,4224fbb8c98e5d1b29a155731741ec67,https://chzzk.naver.com/live/4224fbb8c98e5d1b29a155731741ec67,main_general_game,림월드,림월드,34.6,마인크래프트,26.6,용사 30,22.4,true,multi_game,unknown,not_collected,103.5,21,9.0,975.0,307,21,19.0,15,16,19.0,9,9,83,83,13,False,True,True,True,False,0.0684,0.0293,9.42,2.33,11,False,False,False,False,,21-30,2026-06-14T18:29:31.185Z,True,main,recent_median,23,0.696,True
도희린,naverchzzk,dc8c3430d8d82ed6c15a8f2750428e34,https://chzzk.naver.com/live/dc8c3430d8d82ed6c15a8f2750428e34,main_general_game,리그 오브 레전드,리그 오브 레전드,51.1,종합 게임,29,슬레이 더 스파이어 2,7.7,true,multi_game,unknown,not_collected,128.8,16,6.0,805.0,334,222,72.6,10,16,126.2,6,7,97,97,13,True,True,True,True,False,0.0479,0.018,6.25,2.67,39,False,False,False,False,,16-20,2026-06-14T18:37:55.664Z,True,main,recent_median,23,0.696,True
백야 BY,naverchzzk,2626f1dee4cedd89ecc8c4c313e37ecc,https://chzzk.naver.com/live/2626f1dee4cedd89ecc8c4c313e37ecc,main_general_game,마인크래프트,마인크래프트,27.8,talk,26.6,음악/노래,25.4,true,multi_game,unknown,not_collected,72.0,20,10.0,774.0,1110,108,73.0,26,16,28.8,13,11,137,137,13,True,True,True,True,True,0.018,0.009,10.75,2.0,60,False,False,False,True,,16-20,2026-06-14T18:39:38.269Z,True,main,recent_median,23,0.696,True
유기농솜사탕,naverchzzk,0e0e77533c3dbd287a869a12c6afcde1,https://chzzk.naver.com/live/0e0e77533c3dbd287a869a12c6afcde1,main_general_game,마인크래프트,마인크래프트,33.2,세키로: 섀도우 다이 트와이스,29.1,talk,13.3,true,multi_game,unknown,not_collected,103.7,18,7.0,767.0,378,23,22.0,16,16,21.4,10,9,97,97,13,False,True,True,True,False,0.0476,0.0185,7.4,2.57,28,False,False,False,False,,16-20,2026-06-14T18:39:59.316Z,True,main,recent_median,23,0.696,True
딸기주스한잔,naverchzzk,78c9480053d17ccd049a5700d3a3062a,https://chzzk.naver.com/live/78c9480053d17ccd049a5700d3a3062a,main_general_game,몬스터 헌터 와일즈,몬스터 헌터 와일즈,47.1,코어 키퍼,16.6,산소미포함,15.8,true,multi_game,unknown,not_collected,944.6,21,8.0,8051.0,1333,35,28.0,16.0,15,26.8,9.0,9,142,142,13,False,True,True,True,True,0.0158,0.006,8.52,2.62,15,False,False,False,False,,21-30,2026-06-14T17:56:35.874Z,True,main,recent_median,23,0.652,True
담익지,naverchzzk,5eed8165e379d9201ee3177f1a3b837d,https://chzzk.naver.com/live/5eed8165e379d9201ee3177f1a3b837d,main_general_game,철권 8,철권 8,47.1,종합 게임,25.5,파이널 판타지 6,16.1,true,multi_game,unknown,not_collected,701.1,17,7.0,5250.0,356,31,21.0,15,15,18.2,8,9,135,135,13,False,True,True,True,False,0.0478,0.0197,7.49,2.43,11,False,False,False,False,,16-20,2026-06-14T17:58:07.600Z,True,main,recent_median,23,0.652,True
장변,naverchzzk,3a8b3fda88cec6b17c7923b77491fedc,https://chzzk.naver.com/live/3a8b3fda88cec6b17c7923b77491fedc,main_general_game,마인크래프트,마인크래프트,38.7,talk,31.5,종합 게임,25.8,true,multi_game,unknown,not_collected,452.7,19,10.0,4621.0,457,148,53.0,17,15,31.4,10,10,115,115,13,True,True,True,True,True,0.0416,0.0219,10.21,1.9,57,False,False,False,True,,16-20,2026-06-14T17:59:00.723Z,True,main,recent_median,23,0.652,True
다현띠,naverchzzk,eb064c26cd6f84311b664be23f047ccb,https://chzzk.naver.com/live/eb064c26cd6f84311b664be23f047ccb,main_general_game,종합 게임,종합 게임,97.9,프래그마타,2.1,,0,true,gg_primary,unknown,not_collected,226.7,41,12.0,2867.0,858,31,22.0,14.5,15,18.4,9.5,10,114,114,13,False,True,True,True,False,0.0478,0.014,12.65,3.42,9,False,False,False,False,,41-50,2026-06-14T18:03:03.928Z,True,main,recent_median,23,0.652,True
파 더,naverchzzk,2f60d4feecc16304f77abd309ae387ba,https://chzzk.naver.com/live/2f60d4feecc16304f77abd309ae387ba,main_general_game,종합 게임,종합 게임,55.3,talk,38.5,성세천하: 여제의 탄생 Ⅱ,6.2,true,gg_primary,unknown,not_collected,229.1,19,8.0,2022.0,434,66,19.0,13.0,15,18.8,8.0,8,80,80,13,False,True,True,True,False,0.0438,0.0184,8.83,2.38,16,False,False,False,False,,16-20,2026-06-14T18:09:13.853Z,True,main,recent_median,23,0.652,True
미 유,naverchzzk,c79ccf96180a0798cd5b0f6f7a2c9cbf,https://chzzk.naver.com/live/c79ccf96180a0798cd5b0f6f7a2c9cbf,main_general_game,붉은사막,붉은사막,41.9,용과 같이0 맹세의 장소 Director's Cut,20.3,로보토미 코퍼레이션,12,true,multi_game,unknown,not_collected,123.0,26,9.0,1176.0,577,35,30.0,18.0,15,30.8,11.0,10,96,96,13,False,True,True,True,True,0.0451,0.0156,9.56,2.89,50,False,False,False,True,,21-30,2026-06-14T18:22:57.644Z,True,main,recent_median,23,0.652,True
그냥째원,naverchzzk,e63731ca9c7b9f9e7a2964df372d2e79,https://chzzk.naver.com/live/e63731ca9c7b9f9e7a2964df372d2e79,main_general_game,그림/아트,그림/아트,51,엘든 링 황금 나무의 그림자,22,체스 닷컴,18.5,true,multi_game,unknown,not_collected,128.4,18,7.0,1012.0,393,29,22.0,17,15,18.6,10,8,83,83,13,False,True,True,True,False,0.0458,0.0178,7.88,2.57,30,False,False,False,False,,16-20,2026-06-14T18:28:02.737Z,True,main,recent_median,23,0.652,True
슥싹,naverchzzk,0879fb44453b298787ce95e291747c5d,https://chzzk.naver.com/live/0879fb44453b298787ce95e291747c5d,main_general_game,명조:워더링 웨이브,명조:워더링 웨이브,43.9,림버스 컴퍼니,33.7,발더스 게이트 3,15.7,true,multi_game,unknown,not_collected,66.9,20,13.0,898.0,111,29,21.6,15.0,15,19.8,12.0,12,68,68,13,False,True,True,True,False,0.1802,0.1171,13.42,1.54,33,False,False,False,False,,16-20,2026-06-14T18:32:34.270Z,True,main,recent_median,23,0.652,True
양먕양,naverchzzk,58e8be339d0b5d4913ad7042c47f35f1,https://chzzk.naver.com/live/58e8be339d0b5d4913ad7042c47f35f1,main_general_game,명조:워더링 웨이브,명조:워더링 웨이브,48.7,VR챗,19.3,이환,19.1,true,multi_game,unknown,not_collected,80.2,21,10.0,879.0,921,66,26.0,16,15,21.2,10,9,125,125,13,False,True,True,True,False,0.0228,0.0109,10.96,2.1,11,False,False,False,False,,21-30,2026-06-14T18:33:53.164Z,True,main,recent_median,23,0.652,True
기뮨디,naverchzzk,6ba619b59a6f25a6116a7f339906727a,https://chzzk.naver.com/live/6ba619b59a6f25a6116a7f339906727a,main_general_game,더 바자르,더 바자르,69.2,패스 오브 엑자일 2,26.4,헌트: 쇼다운 1896,3.4,true,multi_game,unknown,not_collected,290.7,12,2.0,721.0,173,32,24.0,13.0,15,23.0,7.0,9,128,128,13,False,True,True,True,True,0.0694,0.0116,2.48,6.0,16,False,False,False,False,,10-15,2026-06-14T18:43:17.271Z,True,main,recent_median,23,0.652,True
낙화 NagHwa,naverchzzk,e2ad4ff3044d7872279e1cdf09230094,https://chzzk.naver.com/live/e2ad4ff3044d7872279e1cdf09230094,main_general_game,이환,이환,26.9,Once Human,25.5,종합 게임,22.8,true,multi_game,unknown,not_collected,761.1,22,9.0,7083.0,592,29,20.8,14,14,17.4,8,8,145,145,13,False,True,True,True,False,0.0372,0.0152,9.31,2.44,24,False,False,False,False,,21-30,2026-06-14T17:57:02.679Z,True,main,recent_median,23,0.609,True
지타에몽,naverchzzk,3955111786445de5a92b4cfb685ac111,https://chzzk.naver.com/live/3955111786445de5a92b4cfb685ac111,main_general_game,리그 오브 레전드,리그 오브 레전드,37.1,마인크래프트,33.9,talk,10,true,multi_game,unknown,not_collected,1174.3,20,5.0,7031.0,1086,19,17.0,12,14,18.4,6,6,91,91,13,False,False,True,True,False,0.0184,0.0046,5.99,4.0,166,False,False,True,True,,16-20,2026-06-14T17:57:07.161Z,True,main,recent_median,23,0.609,True
제우스93,naverchzzk,a52c6317359cf411e7ceb90ff27c0840,https://chzzk.naver.com/live/a52c6317359cf411e7ceb90ff27c0840,main_general_game,종합 게임,종합 게임,100,,0,,0,true,gg_primary,unknown,not_collected,944.9,21,6.0,5844.0,189,21,18.3,12,14,20.4,7,8,75,75,13,False,False,True,True,False,0.1111,0.0317,6.18,3.5,13,False,False,False,False,,21-30,2026-06-14T17:57:35.997Z,True,main,recent_median,23,0.609,True
베릴20,naverchzzk,45206d34eae5d9f26897c0022da76275,https://chzzk.naver.com/live/45206d34eae5d9f26897c0022da76275,main_general_game,이스케이프 프롬 타르코프,이스케이프 프롬 타르코프,25.3,talk,16.5,명조:워더링 웨이브,16,true,multi_game,unknown,not_collected,547.6,34,7.0,4272.0,379,33,27.0,16,14,25.4,9,8,133,133,13,False,True,True,True,True,0.0897,0.0185,7.8,4.86,51,False,False,False,True,,31-40,2026-06-14T17:59:41.408Z,True,main,recent_median,23,0.609,True
져미님,naverchzzk,2e8bf74c2f666827d87cd5603ed46e3e,https://chzzk.naver.com/live/2e8bf74c2f666827d87cd5603ed46e3e,main_general_game,talk,talk,42.3,윈드로즈,26.8,종합 게임,16.4,true,multi_game,unknown,not_collected,194.5,27,9.0,1815.0,578,34,23.0,12,14,31.6,7,9,91,91,13,False,True,True,True,True,0.0467,0.0156,9.33,3.0,43,False,False,False,False,,21-30,2026-06-14T18:12:43.570Z,True,main,recent_median,23,0.609,True
지롤썬다,naverchzzk,243ce418ca3da7b43b04da7b635ed461,https://chzzk.naver.com/live/243ce418ca3da7b43b04da7b635ed461,main_general_game,인슈라오디드,인슈라오디드,65.8,메이플스토리,32,두근두근타운,1.1,true,multi_game,unknown,not_collected,214.7,19,7.0,1586.0,472,24,20.7,15.0,14,16.0,9.0,9,108,108,13,False,True,True,True,False,0.0403,0.0148,7.39,2.71,14,False,False,False,False,,16-20,2026-06-14T18:15:23.976Z,True,main,recent_median,23,0.609,True
원이지라,naverchzzk,9da0c44b2ea2f8582b82e378a0d03d21,https://chzzk.naver.com/live/9da0c44b2ea2f8582b82e378a0d03d21,main_general_game,이터널 리턴,이터널 리턴,65.4,메이플스토리 월드,31.6,talk,2.9,true,multi_game,unknown,not_collected,170.1,17,7.0,1352.0,1096,56,29.0,19,14,21.0,9,9,137,137,13,False,True,True,True,False,0.0155,0.0064,7.95,2.43,76,False,False,False,True,,16-20,2026-06-14T18:19:16.534Z,True,main,recent_median,23,0.609,True
박시초,naverchzzk,2292d27f5367c7e775b4840e27988646,https://chzzk.naver.com/live/2292d27f5367c7e775b4840e27988646,main_general_game,로스트아크,로스트아크,50.5,이환,18.5,PUBG: 배틀그라운드,15.6,true,multi_game,unknown,not_collected,127.6,39,8.0,1054.0,282,25,20.0,15.0,14,15.8,7.0,8,134,134,13,False,True,True,True,False,0.1383,0.0284,8.26,4.88,74,False,False,False,True,,31-40,2026-06-14T18:26:09.355Z,True,main,recent_median,23,0.609,True
요이자키 레일라,naverchzzk,4a88b1bb3376523ec84edb3839dfdb0c,https://chzzk.naver.com/live/4a88b1bb3376523ec84edb3839dfdb0c,main_general_game,엑스컴 2,엑스컴 2,29.6,종합 게임,22.7,바이오쇼크 인피니트,11.1,true,multi_game,unknown,not_collected,106.8,17,8.0,909.0,275,30,21.2,14.0,14,17.4,9.0,9,138,138,13,False,True,True,True,False,0.0618,0.0291,8.51,2.12,11,False,False,False,False,,16-20,2026-06-14T18:32:14.786Z,True,main,recent_median,23,0.609,True
씬 나라,naverchzzk,3f62e0133e9299f82da2a9e806c8d6bf,https://chzzk.naver.com/live/3f62e0133e9299f82da2a9e806c8d6bf,main_general_game,원신,원신,17,매지컬 프린세스,16.3,talk,10.6,true,multi_game,unknown,not_collected,86.6,18,10.0,872.0,1206,32,21.8,14,14,17.0,9,9,145,145,13,False,True,True,True,False,0.0149,0.0083,10.07,1.8,8,False,False,False,False,,16-20,2026-06-14T18:34:17.567Z,True,main,recent_median,23,0.609,True
네므오,naverchzzk,219d7d7bb4b21538f797bc1a757318e5,https://chzzk.naver.com/live/219d7d7bb4b21538f797bc1a757318e5,main_general_game,리그 오브 레전드,리그 오브 레전드,52.6,데드 바이 데이라이트,31.6,talk,15.8,true,multi_game,unknown,not_collected,90.8,18,8.0,811.0,753,23,20.0,15,14,20.0,8,8,65,65,13,False,True,True,True,False,0.0239,0.0106,8.93,2.25,16,False,False,False,False,,16-20,2026-06-14T18:37:20.554Z,True,main,recent_median,23,0.609,True
도또 dotto,naverchzzk,b1555a149b5bd08186dae8f00d6384d4,https://chzzk.naver.com/live/b1555a149b5bd08186dae8f00d6384d4,main_general_game,고전 게임,고전 게임,61.8,2026 FIFA 북중미 월드컵,34.5,음악/노래,3.6,true,multi_game,unknown,not_collected,101.2,14,7.0,776.0,165,27,24.4,14.0,14,24.6,8.0,8,34,34,13,False,True,True,True,True,0.0848,0.0424,7.67,2.0,35,False,False,False,False,,10-15,2026-06-14T18:39:29.061Z,True,main,recent_median,23,0.609,True
도라대장,naverchzzk,d97e078c28bb543c83942cd48dc4db93,https://chzzk.naver.com/live/d97e078c28bb543c83942cd48dc4db93,main_general_game,이환,이환,31.5,마비노기,21,V 라이징,17,true,multi_game,unknown,not_collected,73.7,16,9.0,705.0,354,32,22.9,15.0,14,21.4,11.0,9,142,142,13,False,True,True,True,False,0.0452,0.0254,9.57,1.78,15,False,False,False,False,,16-20,2026-06-14T18:44:28.369Z,True,main,recent_median,23,0.609,True
어화둥둥이,naverchzzk,516719e614f5212b795f2c1abc4c7c42,https://chzzk.naver.com/live/516719e614f5212b795f2c1abc4c7c42,main_general_game,종합 게임,종합 게임,61.2,선켄 엔진,23.2,talk,11.2,true,gg_primary,unknown,not_collected,922.5,26,9.0,8660.0,350,31,25.1,18.0,13,16.8,9.0,7,120,120,13,False,True,True,True,False,0.0743,0.0257,9.39,2.89,58,False,False,False,True,,21-30,2026-06-14T17:56:28.955Z,True,main,recent_median,23,0.565,True
그늘이야,naverchzzk,8b8697840179cb5269bfc244b7881ea1,https://chzzk.naver.com/live/8b8697840179cb5269bfc244b7881ea1,main_general_game,림월드,림월드,22.1,이스케이프 프롬 타르코프,15,talk,8.8,true,multi_game,unknown,not_collected,716.6,19,7.0,5240.0,643,39,26.0,15,13,20.0,9,8,149,149,13,False,True,True,True,False,0.0295,0.0109,7.31,2.71,17,False,False,False,False,,16-20,2026-06-14T17:58:14.043Z,True,main,recent_median,23,0.565,True
젠야타 Zenyatta,naverchzzk,63b679395f45ff83e2e139385b6634be,https://chzzk.naver.com/live/63b679395f45ff83e2e139385b6634be,main_general_game,종합 게임,종합 게임,64.5,007 퍼스트 라이트,18.3,고전 게임,8.8,true,gg_primary,unknown,not_collected,382.4,14,7.0,2709.0,1187,25,20.0,12.0,13,20.0,7.0,8,94,94,13,False,True,True,True,False,0.0118,0.0059,7.08,2.0,35,False,False,False,False,,10-15,2026-06-14T18:04:09.500Z,True,main,recent_median,23,0.565,True
고뇽찌,naverchzzk,52f24ac52111810e0b3cff635a229be7,https://chzzk.naver.com/live/52f24ac52111810e0b3cff635a229be7,main_general_game,그림/아트,그림/아트,31.4,리그 오브 레전드,18.2,이스케이프 프롬 타르코프,17.1,true,multi_game,unknown,not_collected,297.7,20,8.0,2637.0,351,25,18,14,13,17.0,8,8,141,141,13,False,False,True,True,False,0.057,0.0228,8.86,2.5,24,False,False,False,False,,16-20,2026-06-14T18:04:35.417Z,True,main,recent_median,23,0.565,True
아쾅 Akuang,naverchzzk,ad36f270c4508dd99b12ccc1a2722c78,https://chzzk.naver.com/live/ad36f270c4508dd99b12ccc1a2722c78,main_general_game,007 퍼스트 라이트,007 퍼스트 라이트,21,라이브러리안: 타이디 업 더 아케인 라이브러리!,16.9,프래그마타,16.3,true,multi_game,unknown,not_collected,293.0,20,6.0,2050.0,512,24,17.0,10.0,13,21.0,6.0,6,102,102,13,False,False,True,True,False,0.0391,0.0117,7.0,3.33,30,False,False,False,False,,16-20,2026-06-14T18:08:49.451Z,True,main,recent_median,23,0.565,True
달 루나,naverchzzk,3e38fc0d210ae18d7fdf6a2e9a0f23f5,https://chzzk.naver.com/live/3e38fc0d210ae18d7fdf6a2e9a0f23f5,main_general_game,몬스터 헌터 월드: 아이스본,몬스터 헌터 월드: 아이스본,64.8,몬스터 헌터 와일즈,25.4,종합 게임,9.8,true,multi_game,unknown,not_collected,234.5,24,8.0,1918.0,562,39,28.9,17.0,13,15.4,9.0,7,64,64,13,False,True,True,True,False,0.0427,0.0142,8.18,3.0,57,False,False,False,True,,21-30,2026-06-14T18:11:11.013Z,True,main,recent_median,23,0.565,True
땡 입니다,naverchzzk,06e643a1c28c3e2cd0b0d18c4fb360be,https://chzzk.naver.com/live/06e643a1c28c3e2cd0b0d18c4fb360be,main_general_game,종합 게임,종합 게임,34.3,talk,31.9,오버워치,22.8,true,gg_primary,unknown,not_collected,218.3,16,8.0,1900.0,215,101,66.8,12.0,13,20.6,9.0,9,104,104,13,True,True,True,True,False,0.0744,0.0372,8.7,2.0,9,False,False,False,False,,16-20,2026-06-14T18:11:29.288Z,True,main,recent_median,23,0.565,True
메리 미,naverchzzk,ac25509f6418d3ddb1b4fb2e0a7e2316,https://chzzk.naver.com/live/ac25509f6418d3ddb1b4fb2e0a7e2316,main_general_game,발로란트,발로란트,30.9,오버워치,25,붕괴: 스타레일,16.6,true,multi_game,unknown,not_collected,224.1,29,8.0,1866.0,1665,26,23.0,14.0,13,16.6,5.0,4,50,50,13,False,True,True,True,False,0.0174,0.0048,8.33,3.62,92,False,False,True,True,,21-30,2026-06-14T18:12:00.016Z,True,main,recent_median,23,0.565,True
ㄱ연호,naverchzzk,aec7b4a6438338de7757597887b957ba,https://chzzk.naver.com/live/aec7b4a6438338de7757597887b957ba,main_general_game,고전 게임,고전 게임,44.4,요시와 신기한 도감,19.9,미나 더 할로워,19.2,true,multi_game,unknown,not_collected,204.7,19,8.0,1676.0,343,24,17.0,13.0,13,18.6,8.0,7,110,110,13,False,False,True,True,False,0.0554,0.0233,8.19,2.38,32,False,False,False,False,,16-20,2026-06-14T18:14:19.531Z,True,main,recent_median,23,0.565,True
강등탈,naverchzzk,e09bbe0aa3bec9df6f181efc634eb281,https://chzzk.naver.com/live/e09bbe0aa3bec9df6f181efc634eb281,main_general_game,스플래툰 3,스플래툰 3,42.4,그림/아트,28.5,종합 게임,24.7,true,multi_game,unknown,not_collected,221.2,15,7.0,1668.0,507,21,19.0,13.0,13,17.4,9.0,9,80,80,13,False,True,True,True,False,0.0296,0.0138,7.54,2.14,16,False,False,False,False,,10-15,2026-06-14T18:14:20.636Z,True,main,recent_median,23,0.565,True
기막사,naverchzzk,2fcd803a238fccd86bcb97cef73233f8,https://chzzk.naver.com/live/2fcd803a238fccd86bcb97cef73233f8,main_general_game,종합 게임,종합 게임,18,스테퍼 케이스:초능력 추리 어드벤처,17.8,팀파이트 매니저 2,16.9,true,gg_primary,unknown,not_collected,140.0,25,10.0,1410.0,1051,38,28.0,16,13,17.0,8,9,111,111,13,False,True,True,True,False,0.0238,0.0095,10.07,2.5,50,False,False,False,True,,21-30,2026-06-14T18:18:32.102Z,True,main,recent_median,23,0.565,True
흰연꽃,naverchzzk,d5ff7de28f1a2b472d69fc6fb6f47838,https://chzzk.naver.com/live/d5ff7de28f1a2b472d69fc6fb6f47838,main_general_game,윈드로즈,윈드로즈,48.4,PUBG: 배틀그라운드,30.7,서브노티카 2,20.9,true,multi_game,unknown,not_collected,215.8,17,5.0,1243.0,133,19,17.6,12.5,13,18.0,8.0,7,68,68,13,False,False,True,True,False,0.1278,0.0376,5.76,3.4,34,False,False,False,False,,16-20,2026-06-14T18:21:00.191Z,True,main,recent_median,23,0.565,True
혼겜돌이,naverchzzk,c9a7a8a4006fa8ed4cefbf97b398abf2,https://chzzk.naver.com/live/c9a7a8a4006fa8ed4cefbf97b398abf2,main_general_game,포르자 호라이즌 6,포르자 호라이즌 6,43.2,천하제일상거상,24.6,ELDEN RING 밤의 통치자,14.9,true,multi_game,unknown,not_collected,161.9,21,7.0,1196.0,532,20,16.7,12,13,17.6,6,7,147,147,13,False,False,True,True,False,0.0395,0.0132,7.39,3.0,15,False,False,False,False,,21-30,2026-06-14T18:22:18.111Z,True,main,recent_median,23,0.565,True
악질표고버섯,naverchzzk,e38a3db0ecf1cf7e8a461a8364c4888c,https://chzzk.naver.com/live/e38a3db0ecf1cf7e8a461a8364c4888c,main_general_game,talk,talk,48.8,종합 게임,20.3,음악/노래,13.8,true,gg_secondary,unknown,not_collected,155.4,14,7.0,1157.0,941,27,16.0,11,13,16.2,7,9,133,133,13,False,False,True,True,False,0.0149,0.0074,7.45,2.0,8,False,False,False,False,,10-15,2026-06-14T18:23:17.413Z,True,main,recent_median,23,0.565,True
세이로쿠 키라,naverchzzk,58eaedccbc58e733a233005ee04eecda,https://chzzk.naver.com/live/58eaedccbc58e733a233005ee04eecda,main_general_game,림버스 컴퍼니,림버스 컴퍼니,34.7,VR챗,15.9,크라임 씬 클리너,15.1,true,multi_game,unknown,not_collected,88.2,40,9.0,836.0,705,39,26.0,16.0,13,21.2,11.0,9,130,130,13,False,True,True,True,False,0.0567,0.0128,9.48,4.44,13,False,False,False,False,,31-40,2026-06-14T18:35:47.772Z,True,main,recent_median,23,0.565,True
SENA 세나,naverchzzk,1b31094bf7d83b61cf2ab110f9b91989,https://chzzk.naver.com/live/1b31094bf7d83b61cf2ab110f9b91989,main_general_game,종합 게임,종합 게임,100,,0,,0,true,gg_primary,unknown,not_collected,79.4,17,8.0,707.0,89,17,16.1,13.0,13,16.4,8.0,9,38,38,13,False,False,True,True,False,0.191,0.0899,8.9,2.12,13,False,False,False,False,,16-20,2026-06-14T18:44:12.551Z,True,main,recent_median,23,0.565,True
아즈마 스미,naverchzzk,0ce04f529e8a94f4f553bec77b0bd76c,https://chzzk.naver.com/live/0ce04f529e8a94f4f553bec77b0bd76c,main_general_game,음악/노래,음악/노래,29.1,포켓몬스터 적,19.8,로스트아크,16.7,true,multi_game,unknown,not_collected,79.4,21,8.0,691.0,1024,55,21.5,14.0,13,28.0,9.0,8,116,116,13,False,True,True,True,True,0.0205,0.0078,8.7,2.62,80,False,False,True,True,,21-30,2026-06-14T18:45:59.569Z,True,main,recent_median,23,0.565,True
스타으앙코,naverchzzk,d6b3c991c7b19aa02bb08232d8b877a6,https://chzzk.naver.com/live/d6b3c991c7b19aa02bb08232d8b877a6,main_general_game,종합 게임,종합 게임,100,,0,,0,true,gg_primary,unknown,not_collected,731.7,24,8.0,5911.0,2528,45,24.0,16.0,12,15.4,8.0,8,140,140,13,False,True,True,True,False,0.0095,0.0032,8.08,3.0,57,False,False,False,True,,21-30,2026-06-14T17:57:30.463Z,True,main,recent_median,23,0.522,True
석진서,naverchzzk,1abdd12d26d0bdd140274d854165133d,https://chzzk.naver.com/live/1abdd12d26d0bdd140274d854165133d,main_general_game,종합 게임,종합 게임,31.9,talk,26.4,PUBG: 배틀그라운드,12,true,gg_primary,unknown,not_collected,772.7,20,7.0,5486.0,695,64,32.0,15.0,12,20.6,7.0,7,136,136,13,False,True,True,True,False,0.0288,0.0101,7.1,2.86,61,False,False,False,True,,16-20,2026-06-14T17:57:52.115Z,True,main,recent_median,23,0.522,True
연미콩,naverchzzk,5aaebd33ed301dbcaa09ebcb515a59cb,https://chzzk.naver.com/live/5aaebd33ed301dbcaa09ebcb515a59cb,main_general_game,FC온라인,FC온라인,30,명조:워더링 웨이브,22.6,이환,10.2,true,multi_game,unknown,not_collected,633.0,42,7.0,5017.0,414,37,30.0,16.0,12,15.8,7.0,7,146,146,13,False,True,True,True,False,0.1014,0.0169,7.93,6.0,54,False,False,False,True,,41-50,2026-06-14T17:58:34.296Z,True,main,recent_median,23,0.522,True
애플3203,naverchzzk,47d609ac528898a1142f7ca1112fec65,https://chzzk.naver.com/live/47d609ac528898a1142f7ca1112fec65,main_general_game,종합 게임,종합 게임,66,talk,24.7,리그 오브 레전드,9.4,true,gg_primary,unknown,not_collected,413.5,21,8.0,3600.0,705,28,20.8,15.0,12,15.0,8.0,7,104,104,13,False,True,True,True,False,0.0298,0.0113,8.71,2.62,30,False,False,False,False,,21-30,2026-06-14T18:00:34.770Z,True,main,recent_median,23,0.522,True
냐모이,naverchzzk,16d1c15a2b32b5473155d2a295e38d8d,https://chzzk.naver.com/live/16d1c15a2b32b5473155d2a295e38d8d,main_general_game,종합 게임,종합 게임,23.1,마법소녀의 마녀재판,15.1,워크래프트 3: 리포지드,10.8,true,gg_primary,unknown,not_collected,277.4,25,9.0,2521.0,252,33,25.6,14,12,15.0,9,8,96,95,13,False,True,True,True,False,0.0992,0.0357,9.09,2.78,24,False,False,False,False,,21-30,2026-06-14T18:05:10.030Z,True,main,recent_median,23,0.522,True
수행사제 시나맨,naverchzzk,58ef687c4b5133c16b5e2e1031b1bb6c,https://chzzk.naver.com/live/58ef687c4b5133c16b5e2e1031b1bb6c,main_general_game,이터널 리턴,이터널 리턴,73.7,작혼: 리치 마작,17.8,오버워치,4.4,true,multi_game,unknown,not_collected,233.6,21,8.0,1966.0,565,33,21.0,13,12,16.6,7,6,113,113,13,False,True,True,True,False,0.0372,0.0142,8.42,2.62,60,False,False,False,True,,21-30,2026-06-14T18:10:06.601Z,True,main,recent_median,23,0.522,True
어둠왕,naverchzzk,a1e8a76d16710cae478f14924373b893,https://chzzk.naver.com/live/a1e8a76d16710cae478f14924373b893,main_general_game,종합 게임,종합 게임,53.3,talk,19.7,리그 오브 레전드,18.6,true,gg_primary,unknown,not_collected,263.4,16,7.0,1890.0,170,16,15.0,9.0,12,16.0,5.0,6,100,100,13,False,False,False,True,False,0.0941,0.0412,7.18,2.29,40,False,False,False,False,,16-20,2026-06-14T18:11:36.661Z,True,main,recent_median,23,0.522,True
모혜,naverchzzk,42762380a34c933366636bfdc4067293,https://chzzk.naver.com/live/42762380a34c933366636bfdc4067293,main_general_game,PUBG: 배틀그라운드,PUBG: 배틀그라운드,55.1,리그 오브 레전드,37.1,서브노티카 2,3.4,true,multi_game,unknown,not_collected,300.4,17,5.0,1525.0,547,30,27.0,13,12,17.4,6,6,117,117,13,False,True,True,True,False,0.0311,0.0091,5.08,3.4,98,False,False,True,True,,16-20,2026-06-14T18:16:26.124Z,True,main,recent_median,23,0.522,True
유메루,naverchzzk,be1729574be8282d009fb7a17f141487,https://chzzk.naver.com/live/be1729574be8282d009fb7a17f141487,main_general_game,마인크래프트,마인크래프트,39.4,유희왕 마스터 듀얼,16.2,리그 오브 레전드,12.2,true,multi_game,unknown,not_collected,164.2,18,8.0,1382.0,256,18,14.5,8.0,12,16.8,4.0,6,70,70,13,False,False,False,True,False,0.0703,0.0312,8.42,2.25,70,False,False,False,True,,16-20,2026-06-14T18:18:47.342Z,True,main,recent_median,23,0.522,True
오몽몽ㅇ,naverchzzk,c61d9af7263c4d436e5a682c8da4d706,https://chzzk.naver.com/live/c61d9af7263c4d436e5a682c8da4d706,main_general_game,talk,talk,31.3,종합 게임,17.1,발로란트,15.3,true,multi_game,unknown,not_collected,160.0,16,7.0,1201.0,1224,26,17.0,12,12,17.4,8,9,123,123,13,False,False,True,True,False,0.0131,0.0057,7.51,2.29,10,False,False,False,False,,16-20,2026-06-14T18:22:03.709Z,True,main,recent_median,23,0.522,True
바베,naverchzzk,d61bbf21d161b6436f8993038cc1a989,https://chzzk.naver.com/live/d61bbf21d161b6436f8993038cc1a989,main_general_game,로스트 저지먼트: 심판받지 않은 기억,로스트 저지먼트: 심판받지 않은 기억,54.8,진・삼국무쌍: ORIGINS,18.3,007 퍼스트 라이트,13,true,multi_game,unknown,not_collected,149.0,49,7.0,1190.0,384,38,28.0,17.0,12,17.0,9.0,7,138,138,13,False,True,True,True,False,0.1276,0.0182,7.99,7.0,61,False,False,False,True,,41-50,2026-06-14T18:22:29.425Z,True,main,recent_median,23,0.522,True
순쥐,naverchzzk,c59c85c8e77d893ef63fd381c6a6ff26,https://chzzk.naver.com/live/c59c85c8e77d893ef63fd381c6a6ff26,main_general_game,리그 오브 레전드,리그 오브 레전드,56.3,종합 게임,20.2,포르자 호라이즌 6,12.3,true,multi_game,unknown,not_collected,163.5,17,6.0,1020.0,622,32,22.7,12,12,18.8,6,7,83,83,13,False,True,True,True,False,0.0273,0.0096,6.24,2.83,16,False,False,False,False,,16-20,2026-06-14T18:27:31.862Z,True,main,recent_median,23,0.522,True
송그릴,naverchzzk,db81d10582c8fa98142f648bf7687773,https://chzzk.naver.com/live/db81d10582c8fa98142f648bf7687773,main_general_game,젤다의 전설 브레스 오브 더 와일드,젤다의 전설 브레스 오브 더 와일드,19.8,talk,16,포켓몬 유나이트,15.3,true,multi_game,unknown,not_collected,201.1,14,4.0,921.0,562,56,21.0,11.0,12,14.4,6.0,7,148,148,13,False,True,True,True,False,0.0249,0.0071,4.58,3.5,64,False,False,False,True,,10-15,2026-06-14T18:31:50.151Z,True,main,recent_median,23,0.522,True
오스카 Oscar,naverchzzk,188649a7046fe49d97b932a07d56d3d8,https://chzzk.naver.com/live/188649a7046fe49d97b932a07d56d3d8,main_general_game,패스 오브 엑자일 2,패스 오브 엑자일 2,70.9,디아블로 4: 증오의 군주,29.1,,0,true,multi_game,unknown,not_collected,160.1,17,5.0,864.0,1352,58,31.2,12.0,12,20.0,6.0,7,126,126,13,False,True,True,True,False,0.0126,0.0037,5.4,3.4,20,False,False,False,False,,16-20,2026-06-14T18:34:44.067Z,True,main,recent_median,23,0.522,True
김달걀,naverchzzk,a03f578cc5ceafcd0a32ed986577d2c8,https://chzzk.naver.com/live/a03f578cc5ceafcd0a32ed986577d2c8,main_general_game,바이오하자드 RE:2,바이오하자드 RE:2,27.4,할로우 나이트 : 공허의 심장 에디션,26.4,종합 게임,18.3,true,multi_game,unknown,not_collected,69.6,21,12.0,843.0,186,21,21.0,17,12,16.8,10,9,45,45,13,False,True,True,True,False,0.1129,0.0645,12.11,1.75,18,False,False,False,False,,21-30,2026-06-14T18:35:26.285Z,True,main,recent_median,23,0.522,True
갱탑,naverchzzk,d84166a91ce2de36514c2fe0b9f206e5,https://chzzk.naver.com/live/d84166a91ce2de36514c2fe0b9f206e5,main_general_game,talk,talk,37.4,마법소녀의 마녀재판,28.6,이스케이프 프롬 덕코프,25.1,true,multi_game,unknown,not_collected,99.8,29,7.0,796.0,465,53,26.0,16.0,12,15.0,7.5,8,122,122,13,False,True,True,True,False,0.0624,0.0151,7.98,4.14,51,False,False,False,True,,21-30,2026-06-14T18:38:29.587Z,True,main,recent_median,23,0.522,True
뉸새,naverchzzk,6bccdc59a0f81975d274f9f3b1102d73,https://chzzk.naver.com/live/6bccdc59a0f81975d274f9f3b1102d73,main_general_game,오버워치,오버워치,20.7,스플래툰 3,15.8,서브노티카 2,13.7,true,multi_game,unknown,not_collected,125.4,13,6.0,778.0,340,19,17.0,13,12,16.0,7,8,131,131,13,False,False,True,True,False,0.0382,0.0176,6.2,2.17,43,False,False,False,False,,10-15,2026-06-14T18:39:20.411Z,True,main,recent_median,23,0.522,True
린다비,naverchzzk,973bf833fa668636ea3709e811f5a4c2,https://chzzk.naver.com/live/973bf833fa668636ea3709e811f5a4c2,main_general_game,메이플스토리 월드,메이플스토리 월드,49.1,로스트아크,26.3,종합 게임,12.6,true,multi_game,unknown,not_collected,187.2,22,3.0,742.0,235,19,15.0,9.0,12,13.4,4.0,4,72,72,13,False,False,False,True,False,0.0936,0.0128,3.96,7.33,44,False,False,False,False,,21-30,2026-06-14T18:41:33.887Z,True,main,recent_median,23,0.522,True
렁 이,naverchzzk,cf508ad755c0e3bf1a66d7649cf2cbf0,https://chzzk.naver.com/live/cf508ad755c0e3bf1a66d7649cf2cbf0,main_general_game,유희왕 마스터 듀얼,유희왕 마스터 듀얼,68.8,트릭컬 리바이브,25,커피 토크 도쿄,6.3,true,multi_game,unknown,not_collected,202.8,12,3.0,708.0,205,17,13.0,5,12,16.4,3,5,95,95,13,False,False,False,True,False,0.0585,0.0146,3.49,4.0,17,False,False,False,False,,10-15,2026-06-14T18:43:58.084Z,True,main,recent_median,23,0.522,True
장트러블,naverchzzk,d676df6bcb09c553c26a2e2b92542fd6,https://chzzk.naver.com/live/d676df6bcb09c553c26a2e2b92542fd6,main_general_game,이환,이환,48.4,아주르 프로밀리아,16,명조:워더링 웨이브,12.1,true,multi_game,unknown,not_collected,56.2,48,25.0,1434.0,6700,589,280.0,88.0,126,322.2,52.0,78,136,136,13,False,False,False,False,False,0.0072,0.0037,25.52,1.92,15,False,False,False,False,,41-50,2026-06-14T18:17:55.743Z,False,robustness_only,recent_median,23,5.478,False
수 바니,naverchzzk,8da2cbae1c627fab3477abfdc9e119bc,https://chzzk.naver.com/live/8da2cbae1c627fab3477abfdc9e119bc,main_general_game,아이온2,아이온2,30.5,명조:워더링 웨이브,27.6,이환,12.1,true,multi_game,unknown,not_collected,40.2,48,29.0,1198.0,4279,311,225.0,120,116,166.8,53,65,145,145,13,False,False,False,False,False,0.0112,0.0068,29.8,1.66,96,False,False,True,True,,41-50,2026-06-14T18:22:11.876Z,False,robustness_only,recent_median,23,5.043,False
맹 묘,naverchzzk,313b45f8f5893f4b1b7b4000fa2da90b,https://chzzk.naver.com/live/313b45f8f5893f4b1b7b4000fa2da90b,main_general_game,음악/노래,음악/노래,48.7,돈 스타브 투게더,25.1,이터널 리턴,18.8,true,multi_game,unknown,not_collected,43.3,35,20.0,883.0,2133,307,132.8,77.0,61,96.8,32.0,44,142,142,13,False,False,False,False,False,0.0164,0.0094,20.39,1.75,74,False,False,False,True,,31-40,2026-06-14T18:33:30.054Z,False,robustness_only,recent_median,23,2.652,False
동네개순대,naverchzzk,474b909039b3944632e35acdfb217d3a,https://chzzk.naver.com/live/474b909039b3944632e35acdfb217d3a,main_general_game,이터널 리턴,이터널 리턴,32.9,P의 거짓,19.4,talk,15.5,true,multi_game,unknown,not_collected,26.1,45,26.0,702.0,1181,362,82.9,49,52,72.2,32,34,115,115,13,False,False,False,False,True,0.0381,0.022,26.9,1.73,17,False,False,False,False,,41-50,2026-06-14T18:44:41.127Z,False,robustness_only,recent_median,23,2.261,False
꾹낑,naverchzzk,0064f3b8baad3fe5766c1bb0b30a5088,https://chzzk.naver.com/live/0064f3b8baad3fe5766c1bb0b30a5088,main_general_game,사이퍼즈,사이퍼즈,38.5,talk,21.7,메이플스토리 월드,17.6,true,multi_game,unknown,not_collected,74.7,26,13.0,998.0,2059,384,87.4,31,49,91.8,19,21,97,97,13,False,False,True,False,False,0.0126,0.0063,13.36,2.0,48,False,False,False,False,,21-30,2026-06-14T18:28:32.412Z,False,robustness_only,recent_median,23,2.13,False
윤리즈,naverchzzk,65d845f717e3c3abb93de6158c613f0d,https://chzzk.naver.com/live/65d845f717e3c3abb93de6158c613f0d,main_general_game,패스 오브 엑자일 2,패스 오브 엑자일 2,41,디아블로 4: 증오의 군주,40.7,talk,16.1,true,multi_game,unknown,not_collected,786.1,39,14.0,11498.0,1240,59,48.1,25,47,59.0,18,32,139,139,13,False,True,True,False,True,0.0315,0.0113,14.63,2.79,14,False,False,False,False,,31-40,2026-06-14T17:55:51.976Z,False,robustness_only,recent_median,23,2.043,False
이로 클라우드,naverchzzk,063fc5a0287c24c218e32e44325f385e,https://chzzk.naver.com/live/063fc5a0287c24c218e32e44325f385e,main_general_game,종합 게임,종합 게임,100,,0,,0,true,gg_primary,unknown,not_collected,3077.3,21,3.0,11086.0,376,21,14.3,9.0,11,14.8,4.0,6,114,114,13,False,False,False,False,False,0.0559,0.008,3.6,7.0,11,False,False,False,False,,21-30,2026-06-14T17:56:00.949Z,False,robustness_only,recent_median,23,0.478,False
탐랑,naverchzzk,f84b650e0fa192cbfd2215372732972e,https://chzzk.naver.com/live/f84b650e0fa192cbfd2215372732972e,main_general_game,림월드,림월드,24.9,이터널 리턴,16.8,바이오하자드 RE:4,11,true,multi_game,unknown,not_collected,673.5,23,7.0,4895.0,567,25,20.3,12.0,11,14.0,7.0,6,134,134,13,False,True,True,False,False,0.0406,0.0123,7.27,3.29,20,False,False,False,False,,21-30,2026-06-14T17:58:40.830Z,False,robustness_only,recent_median,23,0.478,False
모노 monomo,naverchzzk,3684893a6b44aa4bfb5716a8f0ae267f,https://chzzk.naver.com/live/3684893a6b44aa4bfb5716a8f0ae267f,main_general_game,종합 게임,종합 게임,34.5,talk,10.1,007 퍼스트 라이트,8.6,true,gg_primary,unknown,not_collected,506.3,20,6.0,3063.0,228,21,16.0,11.0,11,18.0,6,5,132,132,13,False,False,True,False,False,0.0877,0.0263,6.05,3.33,27,False,False,False,False,,16-20,2026-06-14T18:02:35.246Z,False,robustness_only,recent_median,23,0.478,False
세 희,naverchzzk,5b9f4c4673714b1c36d2546aa0cb0402,https://chzzk.naver.com/live/5b9f4c4673714b1c36d2546aa0cb0402,main_general_game,종합 게임,종합 게임,36.2,이환,23.8,명조:워더링 웨이브,22.9,true,gg_primary,unknown,not_collected,477.1,18,6.0,3024.0,103,18,13.0,8.0,11,15.6,5.0,6,82,82,13,False,False,False,False,False,0.1748,0.0583,6.34,3.0,16,False,False,False,False,,16-20,2026-06-14T18:02:40.161Z,False,robustness_only,recent_median,23,0.478,False
박나나TV,naverchzzk,13b74dfd3093e1db4d5af574e2ded812,https://chzzk.naver.com/live/13b74dfd3093e1db4d5af574e2ded812,main_general_game,메이플스토리 월드,메이플스토리 월드,45.4,림버스 컴퍼니,20.2,오버워치,10.9,true,multi_game,unknown,not_collected,335.8,23,6.0,2333.0,593,130,53.0,20.5,11,15.8,10.0,7,116,116,13,True,True,True,False,False,0.0388,0.0101,6.95,3.83,70,False,False,False,True,,21-30,2026-06-14T18:06:17.542Z,False,robustness_only,recent_median,23,0.478,False
앙탈깜지,naverchzzk,818daed7b43872dc63df338b7928d01b,https://chzzk.naver.com/live/818daed7b43872dc63df338b7928d01b,main_general_game,포르자 호라이즌 6,포르자 호라이즌 6,23.6,드래곤 퀘스트 XI S 지나간 시간을 찾아서 - Definitive Edition,16.7,007 퍼스트 라이트,14.7,true,multi_game,unknown,not_collected,422.6,16,4.0,1880.0,206,33,17.3,10,11,17.4,5,5,136,135,13,False,False,True,False,False,0.0777,0.0194,4.45,4.0,18,False,False,False,False,,16-20,2026-06-14T18:11:46.254Z,False,robustness_only,recent_median,23,0.478,False
빵뚜씨,naverchzzk,f15cff93b4bb3246e594d944a74be016,https://chzzk.naver.com/live/f15cff93b4bb3246e594d944a74be016,main_general_game,종합 게임,종합 게임,63.9,서브노티카 2,25.8,타운 투 시티,3.7,true,gg_primary,unknown,not_collected,329.6,20,5.0,1816.0,253,26,21.0,12.0,11,14.4,6.0,5,98,98,13,False,True,True,False,False,0.0791,0.0198,5.51,4.0,42,False,False,False,False,,16-20,2026-06-14T18:12:36.329Z,False,robustness_only,recent_median,23,0.478,False
아이노 에리,naverchzzk,acc6d26262023b08c4a4040690f0f713,https://chzzk.naver.com/live/acc6d26262023b08c4a4040690f0f713,main_general_game,Qwilight,Qwilight,37,플라티나 랩,29,미메시스,9.4,true,multi_game,unknown,not_collected,268.3,17,6.0,1792.0,176,19,14,10,11,15.0,6,8,121,121,13,False,False,True,False,False,0.0966,0.0341,6.68,2.83,10,False,False,False,False,,16-20,2026-06-14T18:12:57.056Z,False,robustness_only,recent_median,23,0.478,False
조민훈,naverchzzk,fd214aa985cf2d163db79f3c881c2793,https://chzzk.naver.com/live/fd214aa985cf2d163db79f3c881c2793,main_general_game,talk,talk,49.9,서브노티카: 빌로우 제로,31.7,007 퍼스트 라이트,17.7,true,multi_game,unknown,not_collected,276.1,12,4.0,1340.0,416,68,19.8,9.0,11,16.2,6.0,6,104,104,13,False,True,False,False,False,0.0288,0.0096,4.85,3.0,26,False,False,False,False,,10-15,2026-06-14T18:19:30.133Z,False,robustness_only,recent_median,23,0.478,False
김하린,naverchzzk,023ecbfd298488c462289fb2632da178,https://chzzk.naver.com/live/023ecbfd298488c462289fb2632da178,main_general_game,리그 오브 레전드,리그 오브 레전드,43.7,PUBG: 배틀그라운드,22.8,종합 게임,10.4,true,multi_game,unknown,not_collected,129.0,22,8.0,1138.0,484,29,26,15,11,14.4,6,5,141,141,13,False,True,True,False,False,0.0455,0.0165,8.82,2.75,94,False,False,True,True,,21-30,2026-06-14T18:23:59.039Z,False,robustness_only,recent_median,23,0.478,False
제가왜,naverchzzk,a63dca78439598fb9f1adf80aa3a22ec,https://chzzk.naver.com/live/a63dca78439598fb9f1adf80aa3a22ec,main_general_game,마인크래프트,마인크래프트,34.4,PUBG: 배틀그라운드,27.5,프랫폴,8,true,multi_game,unknown,not_collected,158.3,15,6.0,1058.0,353,20,16.1,11,11,15.0,6,5,99,99,13,False,False,True,False,False,0.0425,0.017,6.68,2.5,33,False,False,False,False,,10-15,2026-06-14T18:26:00.098Z,False,robustness_only,recent_median,23,0.478,False
레쏘 Lesso,naverchzzk,ed49640d959b86d7937f1fc36f3b36a9,https://chzzk.naver.com/live/ed49640d959b86d7937f1fc36f3b36a9,main_general_game,오버워치,오버워치,74,종합 게임,22.1,전략적 팀 전투 : 우주의 신들,3.9,true,multi_game,unknown,not_collected,199.5,18,4.0,970.0,439,20,14.7,9.0,11.0,18.9,4.0,5.0,105,104,12,False,False,False,False,False,0.041,0.0091,4.86,4.5,34,False,False,False,False,,16-20,2026-06-14T18:30:08.484Z,False,robustness_only,recent_median,23,0.478,False
고 두 식,naverchzzk,1d1e2b036420fca514ec0b7747c9450b,https://chzzk.naver.com/live/1d1e2b036420fca514ec0b7747c9450b,main_general_game,오버워치,오버워치,32.1,마인크래프트,24.3,talk,19.5,true,multi_game,unknown,not_collected,114.1,25,7.0,879.0,846,54,19.0,11.0,11,15.0,6.0,7,114,114,13,False,True,True,False,False,0.0296,0.0083,7.7,3.57,12,False,False,False,False,,21-30,2026-06-14T18:33:55.220Z,False,robustness_only,recent_median,23,0.478,False
도비두비두밥,naverchzzk,70a6585a98d1a6b4cbf60092c3e33899,https://chzzk.naver.com/live/70a6585a98d1a6b4cbf60092c3e33899,main_general_game,이스케이프 프롬 타르코프,이스케이프 프롬 타르코프,37.6,포르자 호라이즌 6,24.7,talk,12.8,true,multi_game,unknown,not_collected,74.6,26,11.0,840.0,641,30,23.0,16,11,18.4,7,7,131,131,13,False,True,True,False,False,0.0406,0.0172,11.26,2.36,29,False,False,False,False,,21-30,2026-06-14T18:35:33.223Z,False,robustness_only,recent_median,23,0.478,False
까복치,naverchzzk,20d19963026340fda85111db5fa7fb99,https://chzzk.naver.com/live/20d19963026340fda85111db5fa7fb99,main_general_game,세븐 데이즈 투 다이,세븐 데이즈 투 다이,39.7,마인크래프트,20.3,talk,12.7,true,multi_game,unknown,not_collected,89.4,16,8.0,746.0,636,25,21,14,11,12.4,7,6,141,141,13,False,True,True,False,False,0.0252,0.0126,8.34,2.0,60,False,False,False,True,,16-20,2026-06-14T18:41:21.827Z,False,robustness_only,recent_median,23,0.478,False
에루마린,naverchzzk,dd4eee47b162f6dfbe64d72edd93cc83,https://chzzk.naver.com/live/dd4eee47b162f6dfbe64d72edd93cc83,main_general_game,오버워치,오버워치,36,종합 게임,27.5,서브노티카 2,8.3,true,multi_game,unknown,not_collected,99.7,17,7.0,699.0,181,20,15.6,10,11,17.0,6,7,55,55,13,False,False,True,False,False,0.0939,0.0387,7.01,2.43,6,False,False,False,False,,16-20,2026-06-14T18:45:01.654Z,False,robustness_only,recent_median,23,0.478,False
Janet의 고전게임오락실,naverchzzk,7f7b97b684180a696163bc62be7bbb93,https://chzzk.naver.com/live/7f7b97b684180a696163bc62be7bbb93,main_general_game,로스트아크,로스트아크,20.9,talk,17.5,패스 오브 엑자일 2,16.9,true,multi_game,unknown,not_collected,95.2,19,7.0,697.0,141,23,19.0,14.0,11,13.8,8.0,6,120,120,13,False,True,True,False,False,0.1348,0.0496,7.32,2.71,16,False,False,False,False,,16-20,2026-06-14T18:45:21.484Z,False,robustness_only,recent_median,23,0.478,False
레아나 Reana,naverchzzk,2228ae2dad51035987c5222b6dcc2b09,https://chzzk.naver.com/live/2228ae2dad51035987c5222b6dcc2b09,main_general_game,종합 게임,종합 게임,66,록맨 제로,9.1,블라스퍼머스 2,7.2,true,gg_primary,unknown,not_collected,2550.0,21,5.0,13807.0,238,21,19.0,12,10,16.0,6,6,131,131,13,False,True,True,False,False,0.0882,0.021,5.41,4.2,48,False,False,False,False,,21-30,2026-06-14T17:55:36.167Z,False,robustness_only,recent_median,23,0.435,False
백희 Baekhee,naverchzzk,c980fa4fa9201bc47c89ac0ded3e0345,https://chzzk.naver.com/live/c980fa4fa9201bc47c89ac0ded3e0345,main_general_game,종합 게임,종합 게임,35.8,talk,33.9,마인크래프트,19.3,true,gg_primary,unknown,not_collected,1323.0,28,5.0,7735.0,334,27,21.5,13.0,10,13.2,6.0,5,112,112,13,False,True,True,False,False,0.0838,0.015,5.85,5.6,33,False,False,False,False,,21-30,2026-06-14T17:56:48.311Z,False,robustness_only,recent_median,23,0.435,False
캐슬유,naverchzzk,3a7ceba0ddfe34697943374899858891,https://chzzk.naver.com/live/3a7ceba0ddfe34697943374899858891,main_general_game,PUBG: 배틀그라운드,PUBG: 배틀그라운드,76.1,엘든 링,19.2,talk,2.1,true,multi_game,unknown,not_collected,1070.5,27,4.0,5054.0,250,14,12.0,8.0,10,13.4,4,6,108,108,13,False,False,False,False,False,0.108,0.016,4.72,6.75,13,False,False,False,False,,21-30,2026-06-14T17:58:28.532Z,False,robustness_only,recent_median,23,0.435,False
꿀유자,naverchzzk,6f689ad550a705bee880f6b91aa4dc8b,https://chzzk.naver.com/live/6f689ad550a705bee880f6b91aa4dc8b,main_general_game,고전 게임,고전 게임,29.8,종합 게임,22.7,이환,21.9,true,multi_game,unknown,not_collected,634.9,21,5.0,3686.0,362,30,19.6,10,10,24.8,5,6,129,129,13,False,True,True,False,True,0.058,0.0138,5.81,4.2,12,False,False,False,False,,21-30,2026-06-14T18:00:22.336Z,False,robustness_only,recent_median,23,0.435,False
채이 chaei,naverchzzk,81841392d80c54d99b2d278868072566,https://chzzk.naver.com/live/81841392d80c54d99b2d278868072566,main_general_game,종합 게임,종합 게임,53.9,이터널 리턴,45.4,이환,0.7,true,gg_primary,unknown,not_collected,699.5,14,5.0,3591.0,198,28,12.1,8.0,10,14.4,4.0,5,140,140,13,False,False,False,False,False,0.0707,0.0253,5.13,2.8,10,False,False,False,False,,10-15,2026-06-14T18:00:36.994Z,False,robustness_only,recent_median,23,0.435,False
냅도TV,naverchzzk,7c8aa13784111d145bf9199768fe24e5,https://chzzk.naver.com/live/7c8aa13784111d145bf9199768fe24e5,main_general_game,디지몬 슈퍼럼블,디지몬 슈퍼럼블,73.9,종합 게임,19.3,파피 플레이타임,6.9,true,multi_game,unknown,not_collected,490.5,19,6.0,3331.0,118,22,16.5,12.0,10,13.6,7.0,6,110,110,13,False,False,True,False,False,0.161,0.0508,6.79,3.17,6,False,False,False,False,,16-20,2026-06-14T18:01:31.593Z,False,robustness_only,recent_median,23,0.435,False
이샤 ISHA,naverchzzk,f2835756692f9e024f0a6db60bb6e869,https://chzzk.naver.com/live/f2835756692f9e024f0a6db60bb6e869,main_general_game,종합 게임,종합 게임,100,보더랜드 2,0,,0,true,gg_primary,unknown,not_collected,563.6,39,5.0,3089.0,46,14,12.8,9.0,10,12.8,4.0,4,66,66,13,False,False,False,False,False,0.8478,0.1087,5.48,7.8,13,False,False,False,False,,31-40,2026-06-14T18:02:31.357Z,False,robustness_only,recent_median,23,0.435,False
카페인ㅣCARfeine,naverchzzk,0226a7f4335be41453acae12e0446f42,https://chzzk.naver.com/live/0226a7f4335be41453acae12e0446f42,main_general_game,talk,talk,34.8,종합 게임,23.7,로스트아크,11.4,true,gg_secondary,unknown,not_collected,556.1,18,5.0,2972.0,318,24,17.0,9,10,11.4,5,5,119,119,13,False,False,False,False,False,0.0566,0.0157,5.34,3.6,70,False,False,False,True,,16-20,2026-06-14T18:02:49.617Z,False,robustness_only,recent_median,23,0.435,False
딕션 Diction,naverchzzk,6ed066a148aded6a24dcfdd3fc9b986e,https://chzzk.naver.com/live/6ed066a148aded6a24dcfdd3fc9b986e,main_general_game,서브노티카 2,서브노티카 2,51.5,성세천하: 여제의 탄생 Ⅱ,16.5,ELDEN RING 밤의 통치자,16.5,true,multi_game,unknown,not_collected,411.9,17,5.0,2309.0,159,26,16,11,10,12.0,4,6,121,121,13,False,False,True,False,False,0.1069,0.0314,5.61,3.4,52,False,False,False,True,,16-20,2026-06-14T18:06:30.297Z,False,robustness_only,recent_median,23,0.435,False
룽지얌,naverchzzk,d3cab2d2fa183991df8169a584656926,https://chzzk.naver.com/live/d3cab2d2fa183991df8169a584656926,main_general_game,오버워치,오버워치,54.3,talk,28.9,프래그마타,16.8,true,multi_game,unknown,not_collected,433.4,15,4.0,1863.0,354,18,17,11,10,14.0,6,5,81,81,13,False,False,True,False,False,0.0424,0.0113,4.3,3.75,41,False,False,False,False,,10-15,2026-06-14T18:12:01.302Z,False,robustness_only,recent_median,23,0.435,False
삼덕이,naverchzzk,dd85ba41de91fe4c970fd510d4ef1114,https://chzzk.naver.com/live/dd85ba41de91fe4c970fd510d4ef1114,main_general_game,서브노티카 2,서브노티카 2,30.1,007 퍼스트 라이트,20.4,종합 게임,15.3,true,multi_game,unknown,not_collected,518.0,20,3.0,1756.0,453,43,21.4,11,10,21.2,5,6,113,113,13,False,True,True,False,False,0.0442,0.0066,3.39,6.67,34,False,False,False,False,,16-20,2026-06-14T18:13:32.640Z,False,robustness_only,recent_median,23,0.435,False
월야화랑,naverchzzk,a7235afd44df05dd257784f8e4db2935,https://chzzk.naver.com/live/a7235afd44df05dd257784f8e4db2935,main_general_game,리그 오브 레전드,리그 오브 레전드,55.7,명조:워더링 웨이브,44.3,,0,true,multi_game,unknown,not_collected,228.0,18,7.0,1651.0,180,17,13.0,9,10,12.8,5,6,67,67,13,False,False,False,False,False,0.1,0.0389,7.24,2.57,15,False,False,False,False,,16-20,2026-06-14T18:14:47.988Z,False,robustness_only,recent_median,23,0.435,False
안찡,naverchzzk,fde2deb9f3be7f495d72f204d8b8f41a,https://chzzk.naver.com/live/fde2deb9f3be7f495d72f204d8b8f41a,main_general_game,로스트아크,로스트아크,39.6,GTFO,22,이스케이프 프롬 타르코프,12.4,true,multi_game,unknown,not_collected,266.7,12,5.0,1559.0,95,20,16.0,12.0,10,12.8,6.0,6,134,134,13,False,False,True,False,False,0.1263,0.0526,5.85,2.4,79,False,False,False,True,,10-15,2026-06-14T18:15:48.950Z,False,robustness_only,recent_median,23,0.435,False
햄루나,naverchzzk,d35108d902dd1e445962ed2b4ad889f7,https://chzzk.naver.com/live/d35108d902dd1e445962ed2b4ad889f7,main_general_game,리그 오브 레전드,리그 오브 레전드,33.3,코어 키퍼,25.6,발로란트,24.4,true,multi_game,unknown,not_collected,243.9,17,6.0,1495.0,2707,66,21.0,7.0,10,22.2,3.5,5,72,72,13,False,True,False,False,True,0.0063,0.0022,6.13,2.83,19,False,False,False,False,,16-20,2026-06-14T18:16:55.817Z,False,robustness_only,recent_median,23,0.435,False
게임못하는보니,naverchzzk,4db9e0f8f8639d08cebb0d1a10100dc0,https://chzzk.naver.com/live/4db9e0f8f8639d08cebb0d1a10100dc0,main_general_game,이스케이프 프롬 타르코프,이스케이프 프롬 타르코프,22.3,종합 게임,18.3,프래그마타,10.9,true,multi_game,unknown,not_collected,245.5,34,6.0,1481.0,833,57,40.0,17,10,14.6,6,5,137,137,13,False,True,True,False,False,0.0408,0.0072,6.03,5.67,82,False,False,True,True,,31-40,2026-06-14T18:17:11.486Z,False,robustness_only,recent_median,23,0.435,False
주밍JOOMING,naverchzzk,d3beda22fdad51418f43e93bfbbf11c5,https://chzzk.naver.com/live/d3beda22fdad51418f43e93bfbbf11c5,main_general_game,고전 게임,고전 게임,41.6,talk,28.2,포르자 호라이즌 6,16.1,true,multi_game,unknown,not_collected,334.0,16,4.0,1351.0,170,15,11.3,8.0,10,12.4,4.0,4,94,94,13,False,False,False,False,False,0.0941,0.0235,4.04,4.0,30,False,False,False,False,,16-20,2026-06-14T18:19:19.158Z,False,robustness_only,recent_median,23,0.435,False
아카리00,naverchzzk,0008cf3fdbb8ef0e838dee5deef1e8a9,https://chzzk.naver.com/live/0008cf3fdbb8ef0e838dee5deef1e8a9,main_general_game,이스케이프 프롬 타르코프,이스케이프 프롬 타르코프,46.4,종합 게임,20.6,talk,20.6,true,multi_game,unknown,not_collected,215.1,12,5.0,1226.0,227,18,16.0,10.0,10,15.6,5.0,6,96,96,13,False,False,True,False,False,0.0529,0.022,5.7,2.4,48,False,False,False,False,,10-15,2026-06-14T18:21:31.246Z,False,robustness_only,recent_median,23,0.435,False
잠꾸,naverchzzk,c937ce21630daa9ab833b310c48ecd88,https://chzzk.naver.com/live/c937ce21630daa9ab833b310c48ecd88,main_general_game,그림/아트,그림/아트,24.5,노 레스트 포 더 위키드,23.7,엠버 나이트,15.7,true,multi_game,unknown,not_collected,184.6,17,6.0,1203.0,542,16,13.0,10,10,13.4,6,7,145,145,13,False,False,True,False,False,0.0314,0.0111,6.52,2.83,10,False,False,False,False,,16-20,2026-06-14T18:21:58.736Z,False,robustness_only,recent_median,23,0.435,False
권루나,naverchzzk,4da26ea7afded8cc8b8e22e1d36aacf9,https://chzzk.naver.com/live/4da26ea7afded8cc8b8e22e1d36aacf9,main_general_game,프로젝트 좀보이드,프로젝트 좀보이드,34.5,마인크래프트,21.1,PUBG: 배틀그라운드,17.2,true,multi_game,unknown,not_collected,189.7,16,5.0,1071.0,912,19,16.0,11,10,14.6,6,6,131,131,13,False,False,True,False,False,0.0175,0.0055,5.65,3.2,19,False,False,False,False,,16-20,2026-06-14T18:25:29.482Z,False,robustness_only,recent_median,23,0.435,False
꽃설화,naverchzzk,6d97300ca733daf0796565d75b020e68,https://chzzk.naver.com/live/6d97300ca733daf0796565d75b020e68,main_general_game,스텔라 블레이드,스텔라 블레이드,41.3,디트로이트: 비컴 휴먼,21.3,디렉티브 8020,20.1,true,multi_game,unknown,not_collected,190.3,21,5.0,1000.0,601,21,15.5,9.0,10,14.4,5.0,5,76,76,13,False,False,False,False,False,0.0349,0.0083,5.25,4.2,19,False,False,False,False,,21-30,2026-06-14T18:28:20.544Z,False,robustness_only,recent_median,23,0.435,False
나는망구,naverchzzk,76c635a11ab1fab572c1849d9eb60ed8,https://chzzk.naver.com/live/76c635a11ab1fab572c1849d9eb60ed8,main_general_game,talk,talk,46.9,종합 게임,45.3,헬로 키티 아일랜드 어드벤처,4,true,gg_secondary,unknown,not_collected,128.6,16,7.0,974.0,401,25,22.5,14.0,10,20.0,7.0,7,130,130,13,False,True,True,False,False,0.0399,0.0175,7.57,2.29,102,False,False,True,True,,16-20,2026-06-14T18:29:35.300Z,False,robustness_only,recent_median,23,0.435,False
라벤 LAVEN,naverchzzk,14d322655de43fccfa0a3c77cf55b716,https://chzzk.naver.com/live/14d322655de43fccfa0a3c77cf55b716,main_general_game,리그 오브 레전드,리그 오브 레전드,60.7,아스가르드,36.2,데드 애즈 디스코,1.5,true,multi_game,unknown,not_collected,208.9,12,4.0,891.0,254,35,19,7,10,15.4,3,4,61,61,13,False,True,False,False,False,0.0472,0.0157,4.27,3.0,80,False,False,True,True,,10-15,2026-06-14T18:33:02.863Z,False,robustness_only,recent_median,23,0.435,False
에드님,naverchzzk,cacb02868bfc7317ea4ff473aa63b248,https://chzzk.naver.com/live/cacb02868bfc7317ea4ff473aa63b248,main_general_game,돈 스타브 투게더,돈 스타브 투게더,64.4,오버워치,15.8,전략적 팀 전투 : 우주의 신들,9.8,true,multi_game,unknown,not_collected,122.1,23,6.0,771.0,2129,21,16.0,12,10,12.8,8,6,127,127,13,False,False,True,False,False,0.0108,0.0028,6.31,3.83,14,False,False,False,False,,21-30,2026-06-14T18:39:46.325Z,False,robustness_only,recent_median,23,0.435,False
이디어DEER,naverchzzk,dafbecf1decca1e06f49916683c85e48,https://chzzk.naver.com/live/dafbecf1decca1e06f49916683c85e48,main_general_game,종합 게임,종합 게임,35.5,이터널 리턴,28,림버스 컴퍼니,21.4,true,gg_primary,unknown,not_collected,127.1,14,5.0,746.0,194,30,16.0,10.0,10,21.0,7.0,7,66,66,13,False,False,True,False,False,0.0722,0.0258,5.87,2.8,45,False,False,False,False,,10-15,2026-06-14T18:41:10.421Z,False,robustness_only,recent_median,23,0.435,False
에쏘 Esso,naverchzzk,f3cbfed23385ad00f7a6c7cb2c8a6f96,https://chzzk.naver.com/live/f3cbfed23385ad00f7a6c7cb2c8a6f96,main_general_game,마인크래프트,마인크래프트,53.3,PUBG: 배틀그라운드,44.1,종합 게임,1.6,true,multi_game,unknown,not_collected,143.9,17,5.0,725.0,645,22,14.0,10.0,10,13.0,5.0,5,140,140,13,False,False,True,False,False,0.0264,0.0078,5.04,3.4,24,False,False,False,False,,16-20,2026-06-14T18:43:01.520Z,False,robustness_only,recent_median,23,0.435,False
파단이,naverchzzk,f3d334f12f38661e0190c6a97ee166c4,https://chzzk.naver.com/live/f3d334f12f38661e0190c6a97ee166c4,main_general_game,젤다의 전설 브레스 오브 더 와일드,젤다의 전설 브레스 오브 더 와일드,34.2,젤다의 전설 티어스 오브 더 킹덤,29.9,모여봐요 동물의 숲,12.6,true,multi_game,unknown,not_collected,124.0,15,5.0,710.0,348,24,16.0,12,10,13.6,6,7,133,133,13,False,False,True,False,False,0.0431,0.0144,5.73,3.0,53,False,False,False,True,,10-15,2026-06-14T18:43:51.574Z,False,robustness_only,recent_median,23,0.435,False
일루전입니다,naverchzzk,1c9c8aebbba5f1bc0fdf5fa237a01130,https://chzzk.naver.com/live/1c9c8aebbba5f1bc0fdf5fa237a01130,main_general_game,마인크래프트,마인크래프트,47.1,종합 게임,20.4,리그 오브 레전드,9.4,true,multi_game,unknown,not_collected,81.2,25,8.0,704.0,441,25,20.0,12.0,10,15.4,8.0,7,122,122,13,False,True,True,False,False,0.0567,0.0181,8.67,3.12,24,False,False,False,False,,21-30,2026-06-14T18:44:30.235Z,False,robustness_only,recent_median,23,0.435,False
나구지,naverchzzk,2c2672208d143b0a26b653c75687bd01,https://chzzk.naver.com/live/2c2672208d143b0a26b653c75687bd01,main_general_game,종합 게임,종합 게임,83.4,talk,10,발로란트,6.6,true,gg_primary,unknown,not_collected,1351.1,18,5.0,7954.0,1258,19,15.2,9.0,9,11.4,6.0,6,138,138,13,False,False,False,False,False,0.0143,0.004,5.89,3.6,9,False,False,False,False,,16-20,2026-06-14T17:56:36.010Z,False,robustness_only,recent_median,23,0.391,False
잉요ing,naverchzzk,ee01af7ae3b8422f0edc49e92570f1a8,https://chzzk.naver.com/live/ee01af7ae3b8422f0edc49e92570f1a8,main_general_game,종합 게임,종합 게임,73.7,명조:워더링 웨이브,13.6,아주르 프로밀리아,12.6,true,gg_primary,unknown,not_collected,1087.3,22,5.0,6264.0,417,16,14.0,10.0,9,11.4,5.0,4,100,100,13,False,False,True,False,False,0.0528,0.012,5.76,4.4,40,False,False,False,False,,21-30,2026-06-14T17:57:24.338Z,False,robustness_only,recent_median,23,0.391,False
두뭉,naverchzzk,b6ee6b02fe1625ac750fcb0adc126bce,https://chzzk.naver.com/live/b6ee6b02fe1625ac750fcb0adc126bce,main_general_game,종합 게임,종합 게임,100,,0,,0,true,gg_primary,unknown,not_collected,1080.8,13,4.0,4734.0,178,13,12.0,8.0,9,12.0,4.0,4,66,66,13,False,False,False,False,False,0.073,0.0225,4.38,3.25,35,False,False,False,False,,10-15,2026-06-14T17:58:53.266Z,False,robustness_only,recent_median,23,0.391,False
하렌 루베오스,naverchzzk,2844363f7dc66d5254679d4ef2fe4935,https://chzzk.naver.com/live/2844363f7dc66d5254679d4ef2fe4935,main_general_game,종합 게임,종합 게임,98.4,talk,1.6,,0,true,gg_primary,unknown,not_collected,719.8,16,4.0,3543.0,246,16,12.0,9.0,9,12.0,5.0,5,70,70,13,False,False,False,False,False,0.065,0.0163,4.92,4.0,18,False,False,False,False,,16-20,2026-06-14T18:00:41.658Z,False,robustness_only,recent_median,23,0.391,False
쟌스타,naverchzzk,104c9acbf30756945e1b387bd1c6f5b7,https://chzzk.naver.com/live/104c9acbf30756945e1b387bd1c6f5b7,main_general_game,그림/아트,그림/아트,31.3,종합 게임,22.5,PUBG: 배틀그라운드,12.8,true,gg_secondary,unknown,not_collected,445.5,15,6.0,2850.0,606,16,13.0,9.0,9,12.0,6.0,5,140,140,13,False,False,False,False,False,0.0248,0.0099,6.4,2.5,12,False,False,False,False,,10-15,2026-06-14T18:03:16.729Z,False,robustness_only,recent_median,23,0.391,False
아오모리 하츠나,naverchzzk,63d9a00e499979eb701c115cf7aa5e78,https://chzzk.naver.com/live/63d9a00e499979eb701c115cf7aa5e78,main_general_game,종합 게임,종합 게임,100,,0,,0,true,gg_primary,unknown,not_collected,644.2,17,4.0,2669.0,46,18,17.0,11,9,14.4,5,5,44,43,13,False,False,True,False,False,0.3696,0.087,4.14,4.25,22,False,False,False,False,,16-20,2026-06-14T18:04:16.312Z,False,robustness_only,recent_median,23,0.391,False
냐뇨뇨냥,naverchzzk,a1d5bb21b285ecfa61782324e841ac7a,https://chzzk.naver.com/live/a1d5bb21b285ecfa61782324e841ac7a,main_general_game,talk,talk,40.2,종합 게임,38,마비노기 모바일,19.5,true,multi_game,unknown,not_collected,305.3,14,7.0,2247.0,270,15,14.0,11.0,9,10.4,6.0,6,130,130,13,False,False,True,False,False,0.0519,0.0259,7.36,2.0,38,False,False,False,False,,10-15,2026-06-14T18:06:51.033Z,False,robustness_only,recent_median,23,0.391,False
쥐냥,naverchzzk,4fe4afb376bb35114d50b3fd80b9fc5c,https://chzzk.naver.com/live/4fe4afb376bb35114d50b3fd80b9fc5c,main_general_game,더 킹 오브 파이터즈 '98,더 킹 오브 파이터즈 '98,48,종합 게임,38.5,히어로즈 오브 마이트 앤 매직: 올든 에라,9.5,true,multi_game,unknown,not_collected,606.5,17,3.0,2070.0,363,19,16.0,11.0,9,11.8,5.0,4,142,142,13,False,False,True,False,False,0.0468,0.0083,3.41,5.67,36,False,False,False,False,,16-20,2026-06-14T18:08:37.316Z,False,robustness_only,recent_median,23,0.391,False
그믐Gmeum,naverchzzk,c01198bfc9daccba47ed8aa489f8028e,https://chzzk.naver.com/live/c01198bfc9daccba47ed8aa489f8028e,main_general_game,이터널 리턴,이터널 리턴,42.4,제5인격,28.3,초자연 작전팀,8.8,true,multi_game,unknown,not_collected,136.8,42,14.0,1983.0,1071,69,35.0,15.0,9,12.0,8.0,5,132,132,13,False,True,True,False,False,0.0392,0.0131,14.5,3.0,54,False,False,False,True,,41-50,2026-06-14T18:09:37.950Z,False,robustness_only,recent_median,23,0.391,False
솔티플럼,naverchzzk,43da465576afdfb373c9cca32177b1bb,https://chzzk.naver.com/live/43da465576afdfb373c9cca32177b1bb,main_general_game,로스트아크,로스트아크,66.5,R.E.P.O.,32.4,PUBG: 배틀그라운드,1.1,true,multi_game,unknown,not_collected,192.1,25,9.0,1817.0,1115,19,16.0,10,9,17.8,6,4,133,133,13,False,False,True,False,False,0.0224,0.0081,9.46,2.78,7,False,False,False,False,,21-30,2026-06-14T18:12:36.957Z,False,robustness_only,recent_median,23,0.391,False
카신,naverchzzk,3f0719dbbbd72f61b425caf844af8e21,https://chzzk.naver.com/live/3f0719dbbbd72f61b425caf844af8e21,main_general_game,발로란트,발로란트,38,talk,33.3,종합 게임,27.1,true,multi_game,unknown,not_collected,326.4,13,4.0,1562.0,292,20,16.0,11.0,9,15.0,5.0,6,112,112,13,False,False,True,False,False,0.0445,0.0137,4.79,3.25,43,False,False,False,False,,10-15,2026-06-14T18:15:42.257Z,False,robustness_only,recent_median,23,0.391,False
리유 Re You,naverchzzk,befab03007ccf553b9328384e84c4d93,https://chzzk.naver.com/live/befab03007ccf553b9328384e84c4d93,main_general_game,리그 오브 레전드,리그 오브 레전드,52.4,서브노티카 2,16,종합 게임,14.3,true,multi_game,unknown,not_collected,282.1,17,5.0,1429.0,259,15,12.8,8.0,9,11.4,4.0,4,86,86,13,False,False,False,False,False,0.0656,0.0193,5.07,3.4,18,False,False,False,False,,16-20,2026-06-14T18:18:02.021Z,False,robustness_only,recent_median,23,0.391,False
새미냥,naverchzzk,f7e62a41cfff5b33e29245e52f8431b5,https://chzzk.naver.com/live/f7e62a41cfff5b33e29245e52f8431b5,main_general_game,종합 게임,종합 게임,36.2,블랙 소울즈 II,17.4,바이오하자드 RE:2,11,true,gg_primary,unknown,not_collected,247.5,15,5.0,1274.0,263,15,15.0,11.0,9,11.0,5.0,5,128,128,13,False,False,True,False,False,0.057,0.019,5.15,3.0,46,False,False,False,False,,10-15,2026-06-14T18:20:33.438Z,False,robustness_only,recent_median,23,0.391,False
사메모메,naverchzzk,4a4a4656fbf3ce821d1c4776371e2f64,https://chzzk.naver.com/live/4a4a4656fbf3ce821d1c4776371e2f64,main_general_game,오버워치,오버워치,33.5,발로란트,33.1,종합 게임,11.4,true,multi_game,unknown,not_collected,165.0,17,6.0,1067.0,306,42,36.2,17.0,9,12.6,10.0,5,60,60,13,False,True,True,False,False,0.0556,0.0196,6.47,2.83,24,False,False,False,False,,16-20,2026-06-14T18:25:35.353Z,False,robustness_only,recent_median,23,0.391,False
일 육,naverchzzk,88186e7c12fa7f594a521aad47f40151,https://chzzk.naver.com/live/88186e7c12fa7f594a521aad47f40151,main_general_game,다잉 라이트 2: 스테이 휴먼,다잉 라이트 2: 스테이 휴먼,74.1,명조:워더링 웨이브,25.9,,0,true,multi_game,unknown,not_collected,130.9,19,7.0,991.0,302,24,18.0,10.0,9,15.0,6.0,5,78,78,13,False,False,True,False,False,0.0629,0.0232,7.57,2.71,29,False,False,False,False,,16-20,2026-06-14T18:28:50.211Z,False,robustness_only,recent_median,23,0.391,False
원숭이 장관,naverchzzk,5237431a1ceaa65d67f0e8cf17acd467,https://chzzk.naver.com/live/5237431a1ceaa65d67f0e8cf17acd467,main_general_game,PUBG: 배틀그라운드,PUBG: 배틀그라운드,58.6,종합 게임,41.4,,0,true,multi_game,unknown,not_collected,79.6,34,12.0,988.0,55,37,34.0,10,9,11.2,6.0,6,59,59,13,False,True,True,False,False,0.6182,0.2182,12.41,2.83,54,False,False,False,True,,31-40,2026-06-14T18:28:56.044Z,False,robustness_only,recent_median,23,0.391,False
리리마,naverchzzk,d776d00744d8df249e0577beb807cac7,https://chzzk.naver.com/live/d776d00744d8df249e0577beb807cac7,main_general_game,발로란트,발로란트,52.1,종합 게임,37.8,talk,8.5,true,multi_game,unknown,not_collected,213.6,14,4.0,881.0,1005,16,12.0,8.0,9,12.2,4.0,5,126,126,13,False,False,False,False,False,0.0139,0.004,4.12,3.5,4,False,False,False,False,,10-15,2026-06-14T18:33:47.240Z,False,robustness_only,recent_median,23,0.391,False
데벨,naverchzzk,05fddca96166df9877876c3efcd52a55,https://chzzk.naver.com/live/05fddca96166df9877876c3efcd52a55,main_general_game,메이플스토리 월드,메이플스토리 월드,63.6,PUBG: 배틀그라운드,20,talk,8.3,true,multi_game,unknown,not_collected,169.1,13,4.0,801.0,480,58,35.3,11.0,9,10.8,5.0,5,120,120,13,False,True,True,False,False,0.0271,0.0083,4.74,3.25,71,False,False,False,True,,10-15,2026-06-14T18:38:07.090Z,False,robustness_only,recent_median,23,0.391,False
릴리나봉,naverchzzk,ae9c183d7ff7ce6b4890cd0beb4cc192,https://chzzk.naver.com/live/ae9c183d7ff7ce6b4890cd0beb4cc192,main_general_game,발로란트,발로란트,26,talk,25.2,서브노티카,18.9,true,multi_game,unknown,not_collected,182.9,13,4.0,738.0,1255,13,12.0,7.0,9,12.4,4.0,4,94,94,13,False,False,False,False,False,0.0104,0.0032,4.03,3.25,14,False,False,False,False,,10-15,2026-06-14T18:42:04.813Z,False,robustness_only,recent_median,23,0.391,False
정덱,naverchzzk,2089da37c6dabece496e397079a49488,https://chzzk.naver.com/live/2089da37c6dabece496e397079a49488,main_general_game,마인크래프트,마인크래프트,33.4,종합 게임,22.1,프로젝트 좀보이드,15.9,true,multi_game,unknown,not_collected,141.7,10,4.0,705.0,147,25,14.1,8.0,9,12.4,4,5,100,100,13,False,False,False,False,False,0.068,0.0272,4.98,2.5,16,False,False,False,False,,10-15,2026-06-14T18:44:24.111Z,False,robustness_only,recent_median,23,0.391,False
정꽁치,naverchzzk,deb124f491c6debfbf06bcc01deef6ef,https://chzzk.naver.com/live/deb124f491c6debfbf06bcc01deef6ef,main_general_game,종합 게임,종합 게임,100,,0,,0,true,gg_primary,unknown,not_collected,1831.3,18,7.0,13564.0,243,21,12.0,9,8,9.0,6,5,129,129,13,False,False,False,False,False,0.0741,0.0288,7.41,2.57,7,False,False,False,False,,16-20,2026-06-14T17:55:36.896Z,False,robustness_only,recent_median,23,0.348,False
법아재,naverchzzk,b9da7500aeb83523a78df6ccf8ecea53,https://chzzk.naver.com/live/b9da7500aeb83523a78df6ccf8ecea53,main_general_game,종합 게임,종합 게임,41.2,리그 오브 레전드,9,마인크래프트,8.2,true,gg_primary,unknown,not_collected,1535.0,21,4.0,7237.0,372,16,12.0,8,8,12.2,4,4,137,137,13,False,False,False,False,False,0.0565,0.0108,4.71,5.25,8,False,False,False,False,,21-30,2026-06-14T17:56:56.483Z,False,robustness_only,recent_median,23,0.348,False
공콜리,naverchzzk,6e1f142e5c47e2f33732ca90b73dc4c4,https://chzzk.naver.com/live/6e1f142e5c47e2f33732ca90b73dc4c4,main_general_game,데드 바이 데이라이트,데드 바이 데이라이트,44,스타크래프트 : 리마스터,30.4,오버워치,15.2,true,multi_game,unknown,not_collected,1190.4,17,3.0,4062.0,145,17,15.0,7,8,12.4,3,4,127,127,13,False,False,False,False,False,0.1172,0.0207,3.41,5.67,83,False,False,True,True,,16-20,2026-06-14T18:00:00.559Z,False,robustness_only,recent_median,23,0.348,False
모목,naverchzzk,f2c74e59d7b72c1610bcbcfdeeb0cf34,https://chzzk.naver.com/live/f2c74e59d7b72c1610bcbcfdeeb0cf34,main_general_game,종합 게임,종합 게임,60.9,성세천하: 여제의 탄생,11.2,모험가 엘리엇의 천 년 이야기,6.8,true,gg_primary,unknown,not_collected,595.6,21,5.0,3096.0,316,46,23,9,8,11.0,4,4,101,101,13,False,True,False,False,False,0.0665,0.0158,5.2,4.2,47,False,False,False,False,,21-30,2026-06-14T18:02:26.773Z,False,robustness_only,recent_median,23,0.348,False
띵진이,naverchzzk,4b1de0a13ad02355c2813c1386ffa646,https://chzzk.naver.com/live/4b1de0a13ad02355c2813c1386ffa646,main_general_game,종합 게임,종합 게임,42.1,talk,37,음악/노래,12.7,true,gg_primary,unknown,not_collected,413.8,25,5.0,2385.0,186,25,22.3,10.0,8,14.6,6.0,3,74,74,13,False,True,True,False,False,0.1344,0.0269,5.76,5.0,28,False,False,False,False,,21-30,2026-06-14T18:05:46.341Z,False,robustness_only,recent_median,23,0.348,False
카토kato,naverchzzk,d54a236580af9d3d1dca84e7cb0d7a66,https://chzzk.naver.com/live/d54a236580af9d3d1dca84e7cb0d7a66,main_general_game,종합 게임,종합 게임,97.9,몬스터 헌터 와일즈,1.1,talk,0.9,true,gg_primary,unknown,not_collected,378.3,13,6.0,2308.0,68,16,13.0,10.0,8,9.0,6.0,5,116,116,13,False,False,True,False,False,0.1912,0.0882,6.1,2.17,14,False,False,False,False,,10-15,2026-06-14T18:06:37.818Z,False,robustness_only,recent_median,23,0.348,False
세코코,naverchzzk,9311d9a91a37a53d1244fccde5c2b3a3,https://chzzk.naver.com/live/9311d9a91a37a53d1244fccde5c2b3a3,main_general_game,종합 게임,종합 게임,59.2,talk,39.3,이터널 리턴,1.5,true,gg_primary,unknown,not_collected,668.0,12,3.0,2215.0,190,21,11.8,7.5,8,11.2,4.0,4,126,126,13,False,False,False,False,False,0.0632,0.0158,3.32,4.0,31,False,False,False,False,,10-15,2026-06-14T18:07:19.868Z,False,robustness_only,recent_median,23,0.348,False
플환,naverchzzk,a2bed589acb5ae3d24f0afd3e989d17e,https://chzzk.naver.com/live/a2bed589acb5ae3d24f0afd3e989d17e,main_general_game,종합 게임,종합 게임,73.9,오버워치,23.4,2026 FIFA 북중미 월드컵,1.7,true,gg_primary,unknown,not_collected,556.6,16,3.0,2203.0,178,16,12.0,6.0,8,13.6,3.0,3,100,100,13,False,False,False,False,False,0.0899,0.0169,3.96,5.33,13,False,False,False,False,,16-20,2026-06-14T18:07:27.509Z,False,robustness_only,recent_median,23,0.348,False
코모리,naverchzzk,7aeb0136d1c23bb1ffebb9a8abdf6251,https://chzzk.naver.com/live/7aeb0136d1c23bb1ffebb9a8abdf6251,main_general_game,마인크래프트,마인크래프트,36.1,스타크래프트 II : 공허의 유산,17.6,배틀필드 6,9.8,true,multi_game,unknown,not_collected,522.0,13,3.0,2036.0,156,10,9.0,6,8,9.4,3,4,143,143,13,False,False,False,False,False,0.0833,0.0192,3.9,4.33,14,False,False,False,False,,10-15,2026-06-14T18:09:05.844Z,False,robustness_only,recent_median,23,0.348,False
라낭,naverchzzk,48be5e3e8394324a24f219bbef62a4b2,https://chzzk.naver.com/live/48be5e3e8394324a24f219bbef62a4b2,main_general_game,종합 게임,종합 게임,100,,0,,0,true,gg_primary,unknown,not_collected,364.6,18,5.0,1950.0,82,18,12.7,8.0,8,12.8,5.0,4,88,88,13,False,False,False,False,False,0.2195,0.061,5.35,3.6,18,False,False,False,False,,16-20,2026-06-14T18:10:48.231Z,False,robustness_only,recent_median,23,0.348,False
주키니TV,naverchzzk,7aa263d03571644d9ecd17471b1a969e,https://chzzk.naver.com/live/7aa263d03571644d9ecd17471b1a969e,main_general_game,종합 게임,종합 게임,84,이환,16,,0,true,gg_primary,unknown,not_collected,640.5,14,2.0,1664.0,79,14,12.0,7,8.0,9.9,3.0,2.5,80,79,12,False,False,False,False,False,0.1772,0.0253,2.6,7.0,35,False,False,False,False,,10-15,2026-06-14T18:14:25.734Z,False,robustness_only,recent_median,23,0.348,False
도둑꾼,naverchzzk,50ba1b9bd1f23f988a258bfa4e306228,https://chzzk.naver.com/live/50ba1b9bd1f23f988a258bfa4e306228,main_general_game,테트리스,테트리스,52.1,림버스 컴퍼니,30.3,종합 게임,4.9,true,multi_game,unknown,not_collected,307.7,15,5.0,1585.0,178,26,15,10,8,20.2,6,5,121,121,13,False,False,True,False,False,0.0843,0.0281,5.15,3.0,12,False,False,False,False,,10-15,2026-06-14T18:15:24.620Z,False,robustness_only,recent_median,23,0.348,False
유히설,naverchzzk,260fd8766be90073abc799b7356700e2,https://chzzk.naver.com/live/260fd8766be90073abc799b7356700e2,main_general_game,종합 게임,종합 게임,100,,0,,0,true,gg_primary,unknown,not_collected,271.6,15,5.0,1550.0,577,12,10.8,8.0,8,10.4,4.0,4,46,46,13,False,False,False,False,False,0.026,0.0087,5.71,3.0,18,False,False,False,False,,10-15,2026-06-14T18:15:58.522Z,False,robustness_only,recent_median,23,0.348,False
요나,naverchzzk,c61969606c0a253f4bd4580d0082b788,https://chzzk.naver.com/live/c61969606c0a253f4bd4580d0082b788,main_general_game,종합 게임,종합 게임,27.3,talk,20.9,미제사건은 끝내야 하니까,8.5,true,gg_primary,unknown,not_collected,140.5,29,9.0,1275.0,402,29,23.3,11,8,10.4,5,5,115,115,13,False,True,True,False,False,0.0721,0.0224,9.07,3.22,47,False,False,False,False,,21-30,2026-06-14T18:20:28.880Z,False,robustness_only,recent_median,23,0.348,False
algo,naverchzzk,d2cd4abae3b124197218c981ddd84cbb,https://chzzk.naver.com/live/d2cd4abae3b124197218c981ddd84cbb,main_general_game,아이온2,아이온2,69.7,리그 오브 레전드,17.7,오버워치,7.1,true,multi_game,unknown,not_collected,312.9,16,3.0,1052.0,142,21,14.0,8.0,8,12.0,4.0,4,142,142,13,False,False,False,False,False,0.1127,0.0211,3.36,5.33,88,False,False,True,True,,16-20,2026-06-14T18:26:23.581Z,False,robustness_only,recent_median,23,0.348,False
야파토,naverchzzk,1b676df08e0eb6526cdb2d7aa2bacb9a,https://chzzk.naver.com/live/1b676df08e0eb6526cdb2d7aa2bacb9a,main_general_game,포켓몬 챔피언스,포켓몬 챔피언스,60.3,종합 게임,34.5,talk,5.2,true,multi_game,unknown,not_collected,179.9,14,5.0,1033.0,362,24,20.0,12,8,12.6,6,5,99,99,13,False,True,True,False,False,0.0387,0.0138,5.74,2.8,27,False,False,False,False,,10-15,2026-06-14T18:27:06.763Z,False,robustness_only,recent_median,23,0.348,False
꼼지라쿠,naverchzzk,730d98a3ec886cd7da752292534cebb1,https://chzzk.naver.com/live/730d98a3ec886cd7da752292534cebb1,main_general_game,성세천하: 여제의 탄생 Ⅱ,성세천하: 여제의 탄생 Ⅱ,18.1,고전 게임,17.9,매지컬 프린세스,14.5,true,multi_game,unknown,not_collected,245.3,12,4.0,999.0,153,17,11.0,7.0,8,10.0,3.0,4,102,102,13,False,False,False,False,False,0.0784,0.0261,4.07,3.0,43,False,False,False,False,,10-15,2026-06-14T18:28:26.209Z,False,robustness_only,recent_median,23,0.348,False
헥사 아카이브,naverchzzk,07cef97ebf0ac40d5630f22dd655262c,https://chzzk.naver.com/live/07cef97ebf0ac40d5630f22dd655262c,main_general_game,리그 오브 레전드,리그 오브 레전드,44.7,해적왕 키우기,41.1,talk,8.5,true,multi_game,unknown,not_collected,246.5,12,3.0,914.0,184,10,9.0,5,8,10.0,2.0,4,90,89,13,False,False,False,False,False,0.0652,0.0163,3.71,4.0,36,False,False,False,False,,10-15,2026-06-14T18:31:55.537Z,False,robustness_only,recent_median,23,0.348,False
천재수달,naverchzzk,950686b818f516e8eaa33743bc295a85,https://chzzk.naver.com/live/950686b818f516e8eaa33743bc295a85,main_general_game,종합 게임,종합 게임,45.1,리그 오브 레전드,19.4,이터널 리턴,18.3,true,gg_primary,unknown,not_collected,180.7,16,4.0,891.0,184,21,17.0,8,8,14.8,4,4,37,37,13,False,False,False,False,False,0.087,0.0217,4.93,4.0,85,False,False,True,True,,16-20,2026-06-14T18:32:56.133Z,False,robustness_only,recent_median,23,0.348,False
밈 미,naverchzzk,08664d465126e0e7248dbafe7818dfd5,https://chzzk.naver.com/live/08664d465126e0e7248dbafe7818dfd5,main_general_game,종합 게임,종합 게임,15.8,더 클래스룸,9.1,talk,7.5,true,gg_primary,unknown,not_collected,167.8,11,4.0,827.0,97,52,13.0,7.0,8,11.0,4.0,5,100,100,13,False,False,False,False,False,0.1134,0.0412,4.93,2.75,37,False,False,False,False,,10-15,2026-06-14T18:36:18.410Z,False,robustness_only,recent_median,23,0.348,False
햄빛,naverchzzk,fe04b8166e781e88c1afb4679a758442,https://chzzk.naver.com/live/fe04b8166e781e88c1afb4679a758442,main_general_game,VR챗,VR챗,18.6,메이드 오브 스커,16,포르자 호라이즌 6,12.7,true,multi_game,unknown,not_collected,272.0,16,2.0,805.0,384,25,13.5,9.0,8,12.0,3.0,4,106,106,13,False,False,False,False,False,0.0417,0.0052,2.96,8.0,38,False,False,False,False,,16-20,2026-06-14T18:37:50.752Z,False,robustness_only,recent_median,23,0.348,False
루나은하,naverchzzk,bdf06bfc5f94837ee1ed418b775fb1b8,https://chzzk.naver.com/live/bdf06bfc5f94837ee1ed418b775fb1b8,main_general_game,리그 오브 레전드,리그 오브 레전드,29.9,PUBG: 배틀그라운드,24.6,메이플스토리 월드,18.6,true,multi_game,unknown,not_collected,123.1,13,6.0,778.0,353,22,13.8,9,8,10.0,5,4,145,145,13,False,False,False,False,False,0.0368,0.017,6.32,2.17,24,False,False,False,False,,10-15,2026-06-14T18:39:23.249Z,False,robustness_only,recent_median,23,0.348,False
서몽 ILLUSION LIVE,naverchzzk,82bb71d60ffa85b94ad3823e3c52fe69,https://chzzk.naver.com/live/82bb71d60ffa85b94ad3823e3c52fe69,main_general_game,아레나 브레이크아웃,아레나 브레이크아웃,45.9,종합 게임,21.3,마인크래프트,21.3,true,multi_game,unknown,not_collected,242.3,12,2.0,716.0,492,19,18.0,10.0,8,10.4,3.0,3,132,132,13,False,False,True,False,False,0.0244,0.0041,2.96,6.0,90,False,False,True,True,,10-15,2026-06-14T18:43:24.655Z,False,robustness_only,recent_median,23,0.348,False
키마리오,naverchzzk,9f3f4f749e287c8dff786aa686c31815,https://chzzk.naver.com/live/9f3f4f749e287c8dff786aa686c31815,main_general_game,연운,연운,46.7,윈드로즈,25.2,스타듀 밸리,21.9,true,multi_game,unknown,not_collected,114.8,16,6.0,707.0,573,23,18.6,9,8,11.2,6,5,115,115,13,False,False,False,False,False,0.0279,0.0105,6.16,2.67,13,False,False,False,False,,16-20,2026-06-14T18:44:16.513Z,False,robustness_only,recent_median,23,0.348,False
서랑그림,naverchzzk,9ca1d47ac69b758fce461bc1b0098d04,https://chzzk.naver.com/live/9ca1d47ac69b758fce461bc1b0098d04,main_general_game,젤다의 전설 티어스 오브 더 킹덤,젤다의 전설 티어스 오브 더 킹덤,33.1,요시와 신기한 도감,28.2,스플래툰 3,14.2,true,multi_game,unknown,not_collected,130.9,20,5.0,707.0,613,32,24.0,16,8,18.4,6,4,133,133,13,False,True,True,False,False,0.0326,0.0082,5.4,4.0,89,False,False,True,True,,16-20,2026-06-14T18:44:18.549Z,False,robustness_only,recent_median,23,0.348,False
김뿌찌,naverchzzk,b38df1827f4b7b6b3940bf37925fe916,https://chzzk.naver.com/live/b38df1827f4b7b6b3940bf37925fe916,main_general_game,오버워치,오버워치,57,Once Human,36,몬스터 헌터 월드: 아이스본,4.1,true,multi_game,unknown,not_collected,133.4,15,5.0,694.0,200,17,12.0,7.0,8,11.8,4.0,4,118,118,13,False,False,False,False,False,0.075,0.025,5.2,3.0,8,False,False,False,False,,10-15,2026-06-14T18:45:35.509Z,False,robustness_only,recent_median,23,0.348,False
유람 Yuram,naverchzzk,b955e2a87eb767345d2edc921061c784,https://chzzk.naver.com/live/b955e2a87eb767345d2edc921061c784,main_general_game,종합 게임,종합 게임,75.1,스타더스트: 별과 마녀,12.7,폴아웃 4,12.2,true,gg_primary,unknown,not_collected,1890.7,18,5.0,9749.0,250,17,14.7,10.0,7,11.4,5.0,4,114,114,13,False,False,True,False,False,0.072,0.02,5.16,3.6,45,False,False,False,False,,16-20,2026-06-14T17:56:06.919Z,False,robustness_only,recent_median,23,0.304,False
유토링,naverchzzk,c059a9caca586a9dcdd2c738ba237618,https://chzzk.naver.com/live/c059a9caca586a9dcdd2c738ba237618,main_general_game,종합 게임,종합 게임,80.3,패스 오브 엑자일 2,14.8,PUBG: 배틀그라운드,4.8,true,gg_primary,unknown,not_collected,2311.5,12,3.0,7831.0,230,22,17.0,9,7,10.8,3,3,131,131,13,False,False,False,False,False,0.0522,0.013,3.39,4.0,137,False,False,True,True,,10-15,2026-06-14T17:56:44.043Z,False,robustness_only,recent_median,23,0.304,False
므담,naverchzzk,68efb421978ddd0e34d8f2a09b70f48f,https://chzzk.naver.com/live/68efb421978ddd0e34d8f2a09b70f48f,main_general_game,종합 게임,종합 게임,100,,0,,0,true,gg_primary,unknown,not_collected,1901.8,14,3.0,6453.0,399,14,12,8,7,12.8,3,3,61,61,13,False,False,False,False,False,0.0351,0.0075,3.39,4.67,107,False,False,True,True,,10-15,2026-06-14T17:57:19.614Z,False,robustness_only,recent_median,23,0.304,False
송하나SONGHANA,naverchzzk,0c9cfe6471e1c3e848630bab7a041757,https://chzzk.naver.com/live/0c9cfe6471e1c3e848630bab7a041757,main_general_game,종합 게임,종합 게임,100,,0,,0,true,gg_primary,unknown,not_collected,1122.7,20,4.0,5475.0,64,20,10.0,8.0,7,8.0,5.0,5,104,104,13,False,False,False,False,False,0.3125,0.0625,4.88,5.0,17,False,False,False,False,,16-20,2026-06-14T17:57:55.219Z,False,robustness_only,recent_median,23,0.304,False
아로AURO,naverchzzk,dd8664f9fdc4c2d8938761e738681199,https://chzzk.naver.com/live/dd8664f9fdc4c2d8938761e738681199,main_general_game,용과 같이 극2,용과 같이 극2,24.9,종합 게임,17.1,리그 오브 레전드,13.9,true,multi_game,unknown,not_collected,1334.4,18,3.0,4793.0,122,10,9.0,6.0,7,9.0,3.0,3,132,132,13,False,False,False,False,False,0.1475,0.0246,3.59,6.0,22,False,False,False,False,,16-20,2026-06-14T17:58:46.997Z,False,robustness_only,recent_median,23,0.304,False
오토노 소리,naverchzzk,73b34c1d968f42bfd429eba0d1cff0b3,https://chzzk.naver.com/live/73b34c1d968f42bfd429eba0d1cff0b3,main_general_game,패스 오브 엑자일 2,패스 오브 엑자일 2,49,종합 게임,23.7,왕좌의 게임: 킹스로드,13.5,true,multi_game,unknown,not_collected,1273.2,13,3.0,4139.0,459,18,11.0,6.0,7,9.0,3.0,3,132,132,13,False,False,False,False,False,0.0283,0.0065,3.25,4.33,15,False,False,False,False,,10-15,2026-06-14T17:59:55.324Z,False,robustness_only,recent_median,23,0.304,False
흑현,naverchzzk,0e2d276771046a2b67050fb479320a27,https://chzzk.naver.com/live/0e2d276771046a2b67050fb479320a27,main_general_game,종합 게임,종합 게임,91.6,젤다의 전설 브레스 오브 더 와일드,4.2,리틀 나이트메어 3,2.3,true,gg_primary,unknown,not_collected,939.6,18,3.0,3711.0,191,26,14,9,7,12.0,4,5,121,121,13,False,False,False,False,False,0.0942,0.0157,3.95,6.0,53,False,False,False,True,,16-20,2026-06-14T18:00:19.522Z,False,robustness_only,recent_median,23,0.304,False
삐얌,naverchzzk,9c0820288c20a1d408ece175cae62c37,https://chzzk.naver.com/live/9c0820288c20a1d408ece175cae62c37,main_general_game,종합 게임,종합 게임,62,이환,17,리틀 나이트메어 3,6.4,true,gg_primary,unknown,not_collected,454.5,28,5.0,2650.0,440,28,13.4,8,7,9.8,4,4,97,97,13,False,False,False,False,False,0.0636,0.0114,5.83,5.6,21,False,False,False,False,,21-30,2026-06-14T18:04:29.911Z,False,robustness_only,recent_median,23,0.304,False
비화 Bihwa,naverchzzk,5a377e6408e25dbdd46b242e1a67d05b,https://chzzk.naver.com/live/5a377e6408e25dbdd46b242e1a67d05b,main_general_game,종합 게임,종합 게임,40.7,명조:워더링 웨이브,33.3,젠레스 존 제로,14.2,true,gg_primary,unknown,not_collected,486.5,43,5.0,2546.0,262,17,12.2,9,7,10.0,4,4,77,77,13,False,False,False,False,False,0.1641,0.0191,5.23,8.6,60,False,False,False,True,,41-50,2026-06-14T18:05:02.298Z,False,robustness_only,recent_median,23,0.304,False
너프I,naverchzzk,f8e92473cbd037afe883e8be6a9ee966,https://chzzk.naver.com/live/f8e92473cbd037afe883e8be6a9ee966,main_general_game,종합 게임,종합 게임,100,,0,,0,true,gg_primary,unknown,not_collected,725.5,10,2.0,2003.0,43,10,8.4,6,7,8.4,3,3,73,73,13,False,False,False,False,False,0.2326,0.0465,2.76,5.0,22,False,False,False,False,,10-15,2026-06-14T18:09:25.278Z,False,robustness_only,recent_median,23,0.304,False
하 베,naverchzzk,fa001ef1a226a1bff047eae3ed35abe2,https://chzzk.naver.com/live/fa001ef1a226a1bff047eae3ed35abe2,main_general_game,명조:워더링 웨이브,명조:워더링 웨이브,43.6,종합 게임,38,명일방주: 엔드필드,11.9,true,multi_game,unknown,not_collected,332.1,12,5.0,1831.0,35,15,13.0,10.0,7,8.4,6.0,5,100,100,13,False,False,True,False,False,0.3429,0.1429,5.51,2.4,25,False,False,False,False,,10-15,2026-06-14T18:12:22.218Z,False,robustness_only,recent_median,23,0.304,False
김삵,naverchzzk,2840bad4e73e257aea1caf8580ae6c82,https://chzzk.naver.com/live/2840bad4e73e257aea1caf8580ae6c82,main_general_game,종합 게임,종합 게임,100,,0,,0,true,gg_primary,unknown,not_collected,415.8,13,4.0,1743.0,45,17,10.8,7,7,9.4,4,4,65,65,13,False,False,False,False,False,0.2889,0.0889,4.19,3.25,19,False,False,False,False,,10-15,2026-06-14T18:13:40.248Z,False,robustness_only,recent_median,23,0.304,False
병섭이,naverchzzk,dda688c4743fe41322da1b7afa3976be,https://chzzk.naver.com/live/dda688c4743fe41322da1b7afa3976be,main_general_game,종합 게임,종합 게임,56.8,메트로이드 프라임 4 비욘드,11.1,니트로 젠 오메가,10.2,true,gg_primary,unknown,not_collected,389.8,17,4.0,1685.0,166,25,17.7,10.0,7,10.4,4.5,4,128,128,13,False,False,True,False,False,0.1024,0.0241,4.32,4.25,57,False,False,False,True,,16-20,2026-06-14T18:14:09.337Z,False,robustness_only,recent_median,23,0.304,False
유이솜,naverchzzk,08825d1bc4c9035d8521826b1462b774,https://chzzk.naver.com/live/08825d1bc4c9035d8521826b1462b774,main_general_game,종합 게임,종합 게임,25.5,왕좌의 게임: 킹스로드,9.8,롬스테드,9.8,true,gg_primary,unknown,not_collected,589.1,13,2.0,1551.0,123,17,13.0,7.0,7,8.4,3.0,4,130,130,13,False,False,False,False,False,0.1057,0.0163,2.63,6.5,57,False,False,False,True,,10-15,2026-06-14T18:15:55.513Z,False,robustness_only,recent_median,23,0.304,False
드로즈,naverchzzk,7b47af1f6825391a610f768c43376cb1,https://chzzk.naver.com/live/7b47af1f6825391a610f768c43376cb1,main_general_game,쥬라기 월드 에볼루션 3,쥬라기 월드 에볼루션 3,20.2,종합 게임,16.3,talk,12.8,true,multi_game,unknown,not_collected,578.1,11,2.0,1520.0,195,16,11.0,7,7,8.8,2,3,139,139,13,False,False,False,False,False,0.0564,0.0103,2.63,5.5,58,False,False,False,True,,10-15,2026-06-14T18:16:35.376Z,False,robustness_only,recent_median,23,0.304,False
배드마우스,naverchzzk,55f9d87ba8d92679e0caa0cb538413f2,https://chzzk.naver.com/live/55f9d87ba8d92679e0caa0cb538413f2,main_general_game,마인크래프트,마인크래프트,53.1,종합 게임,16.4,서브노티카 2,11.1,true,multi_game,unknown,not_collected,341.2,12,4.0,1413.0,447,24,12.0,7,7,11.4,4,4,125,125,13,False,False,False,False,False,0.0268,0.0089,4.14,3.0,14,False,False,False,False,,10-15,2026-06-14T18:18:26.658Z,False,robustness_only,recent_median,23,0.304,False
속도의신,naverchzzk,bb08cb468fca542c6c6e084f532388d8,https://chzzk.naver.com/live/bb08cb468fca542c6c6e084f532388d8,main_general_game,종합 게임,종합 게임,60.9,고전 게임,12.7,서브노티카 2,12.7,true,gg_primary,unknown,not_collected,377.1,30,3.0,1167.0,479,43,27.4,10.0,7,12.0,3.0,3,114,114,13,False,True,True,False,False,0.0626,0.0063,3.09,10.0,47,False,False,False,False,,21-30,2026-06-14T18:23:09.431Z,False,robustness_only,recent_median,23,0.304,False
시라이 쿄카,naverchzzk,e51a3fd11b3ede1138c27538925fb9ce,https://chzzk.naver.com/live/e51a3fd11b3ede1138c27538925fb9ce,main_general_game,종합 게임,종합 게임,24.4,마인크래프트,23.7,테트리스,18.8,true,gg_primary,unknown,not_collected,268.5,14,4.0,1145.0,569,28,17.0,11,7,12.0,3,4,137,137,13,False,False,True,False,False,0.0246,0.007,4.26,3.5,156,False,False,True,True,,10-15,2026-06-14T18:23:36.504Z,False,robustness_only,recent_median,23,0.304,False
김동팡,naverchzzk,5ae83bcf71af14d25c9df43dd9e3c6d8,https://chzzk.naver.com/live/5ae83bcf71af14d25c9df43dd9e3c6d8,main_general_game,종합 게임,종합 게임,32.8,talk,28.2,명조:워더링 웨이브,16.7,true,gg_primary,unknown,not_collected,186.4,14,6.0,1119.0,449,19,14.0,9.0,7,9.8,5.0,5,122,122,13,False,False,False,False,False,0.0312,0.0134,6.0,2.33,9,False,False,False,False,,10-15,2026-06-14T18:24:19.195Z,False,robustness_only,recent_median,23,0.304,False
곰도우미,naverchzzk,40a5041df66d6e4861cfc8a3bc6d5424,https://chzzk.naver.com/live/40a5041df66d6e4861cfc8a3bc6d5424,main_general_game,마비노기 모바일,마비노기 모바일,25.5,종합 게임,19.8,로들너트,16,true,multi_game,unknown,not_collected,319.9,10,3.0,1054.0,251,21,9.0,7,7,8.0,3,3,114,113,13,False,False,False,False,False,0.0398,0.012,3.29,3.33,33,False,False,False,False,,10-15,2026-06-14T18:26:03.174Z,False,robustness_only,recent_median,23,0.304,False
루나냥,naverchzzk,c23e06adbafd1d80f061b74d100c1ad7,https://chzzk.naver.com/live/c23e06adbafd1d80f061b74d100c1ad7,main_general_game,패스 오브 엑자일 2,패스 오브 엑자일 2,48.3,토치라이트: 인피니트,15.4,발로란트,11.2,true,multi_game,unknown,not_collected,127.4,29,7.0,978.0,534,215,28.7,9,7,9.4,2,2.0,127,127,13,True,True,False,False,False,0.0543,0.0131,7.68,4.14,167,False,False,True,True,,21-30,2026-06-14T18:29:20.425Z,False,robustness_only,recent_median,23,0.304,False
쭉쭉이0,naverchzzk,b69d419cd22ae14a5c3cc7ee568ec908,https://chzzk.naver.com/live/b69d419cd22ae14a5c3cc7ee568ec908,main_general_game,종합 게임,종합 게임,100,,0,,0,true,gg_primary,unknown,not_collected,290.6,14,3.0,970.0,212,14,11.8,6,7,12.8,2,3,103,103,13,False,False,False,False,False,0.066,0.0142,3.34,4.67,25,False,False,False,False,,10-15,2026-06-14T18:30:02.786Z,False,robustness_only,recent_median,23,0.304,False
카엘라일리,naverchzzk,d1761b1925e28cb199b2fe70629c3ac8,https://chzzk.naver.com/live/d1761b1925e28cb199b2fe70629c3ac8,main_general_game,종합 게임,종합 게임,35.2,talk,32.8,드라마티컬 머더,32,true,gg_primary,unknown,not_collected,234.2,10,4.0,953.0,289,18,11.0,7,7,9.4,4,4,127,127,13,False,False,False,False,False,0.0346,0.0138,4.07,2.5,19,False,False,False,False,,10-15,2026-06-14T18:30:33.741Z,False,robustness_only,recent_median,23,0.304,False
이로은,naverchzzk,ddbf6d23f5910d3d15938cf9516f6dee,https://chzzk.naver.com/live/ddbf6d23f5910d3d15938cf9516f6dee,main_general_game,포켓몬 챔피언스,포켓몬 챔피언스,68.5,포켓몬 카드 게임 Pocket,26.9,talk,4.6,true,multi_game,unknown,not_collected,338.3,10,2.0,896.0,164,21,9.0,6.0,7,8.4,3,3,104,104,13,False,False,False,False,False,0.061,0.0122,2.65,5.0,15,False,False,False,False,,10-15,2026-06-14T18:32:39.711Z,False,robustness_only,recent_median,23,0.304,False
한지유,naverchzzk,6ccb72c4623e7d96695b79e6441376de,https://chzzk.naver.com/live/6ccb72c4623e7d96695b79e6441376de,main_general_game,종합 게임,종합 게임,43.3,발로란트,23.3,PUBG: 배틀그라운드,13.1,true,gg_primary,unknown,not_collected,212.7,11,3.0,796.0,751,14,12.0,7,7,10.0,3,3,97,97,13,False,False,False,False,False,0.0146,0.004,3.74,3.67,51,False,False,False,True,,10-15,2026-06-14T18:38:26.351Z,False,robustness_only,recent_median,23,0.304,False
주절맨,naverchzzk,cea1c1e4b83b4852b37cd1d413421321,https://chzzk.naver.com/live/cea1c1e4b83b4852b37cd1d413421321,main_general_game,종합 게임,종합 게임,85.5,성세천하: 여제의 탄생 Ⅱ,14.5,,0,true,gg_primary,unknown,not_collected,157.8,10,4.0,772.0,25,10,10.0,7.0,7,10.0,5.0,5,50,50,13,False,False,False,False,False,0.4,0.16,4.89,2.5,5,False,False,False,False,,10-15,2026-06-14T18:39:43.811Z,False,robustness_only,recent_median,23,0.304,False
미스터리박스,naverchzzk,24ff83ceabd555220b6d8b9ddc9de15f,https://chzzk.naver.com/live/24ff83ceabd555220b6d8b9ddc9de15f,main_general_game,종합 게임,종합 게임,100,,0,,0,true,gg_primary,unknown,not_collected,1936.0,10,4.0,8798.0,59,9,8.0,6.0,6,7.0,4.0,4,112,112,13,False,False,False,False,False,0.1695,0.0678,4.54,2.5,24,False,False,False,False,,10-15,2026-06-14T17:56:22.717Z,False,robustness_only,recent_median,23,0.261,False
샘승아,naverchzzk,a12bf9267f7f2c44097e408163057088,https://chzzk.naver.com/live/a12bf9267f7f2c44097e408163057088,main_general_game,종합 게임,종합 게임,65.2,운동/건강,34.8,,0,true,gg_primary,unknown,not_collected,733.7,17,4.0,3415.0,258,17,14.0,7.0,6,8.0,3,3,82,82,13,False,False,False,False,False,0.0659,0.0155,4.65,4.25,45,False,False,False,False,,16-20,2026-06-14T18:01:06.198Z,False,robustness_only,recent_median,23,0.261,False
류은유,naverchzzk,32ed1eff8d7ad6bfdd5bd92fd7aa7e95,https://chzzk.naver.com/live/32ed1eff8d7ad6bfdd5bd92fd7aa7e95,main_general_game,종합 게임,종합 게임,66.5,이환,20.7,VR챗,6.7,true,gg_primary,unknown,not_collected,830.8,17,4.0,3363.0,401,13,12.0,9.0,6,9.2,3.5,3,118,118,13,False,False,False,False,False,0.0424,0.01,4.05,4.25,50,False,False,False,True,,16-20,2026-06-14T18:01:18.546Z,False,robustness_only,recent_median,23,0.261,False
망시,naverchzzk,3d8eaab17286d6bceb4c750497fd1305,https://chzzk.naver.com/live/3d8eaab17286d6bceb4c750497fd1305,main_general_game,종합 게임,종합 게임,79.4,파이널 판타지 7 리버스,20.6,명조:워더링 웨이브,0,true,gg_primary,unknown,not_collected,1319.8,12,2.0,2953.0,58,10,8.0,5.0,6,7.0,2.0,2.0,102,102,13,False,False,False,False,False,0.2069,0.0345,2.24,6.0,40,False,False,False,False,,10-15,2026-06-14T18:02:50.954Z,False,robustness_only,recent_median,23,0.261,False
쏘입니다,naverchzzk,2e6c9bc6ed50d50397938d6df56f88a6,https://chzzk.naver.com/live/2e6c9bc6ed50d50397938d6df56f88a6,main_general_game,종합 게임,종합 게임,100,,0,,0,true,gg_primary,unknown,not_collected,570.7,22,4.0,2811.0,97,8,8.0,6,6,8.0,2,2,7,7,7,False,False,False,False,False,0.2268,0.0412,4.93,5.5,24,False,True,False,False,,21-30,2026-06-14T18:03:27.064Z,False,robustness_only,recent_median,23,0.261,False
조말리,naverchzzk,07c9d7b11722208b5c6350f04e70d9e2,https://chzzk.naver.com/live/07c9d7b11722208b5c6350f04e70d9e2,main_general_game,종합 게임,종합 게임,58,007 퍼스트 라이트,14.1,서브노티카 2,7.8,true,gg_primary,unknown,not_collected,775.3,10,3.0,2795.0,160,12,11.0,7,6,8.0,3,3,131,131,13,False,False,False,False,False,0.0625,0.0187,3.61,3.33,36,False,False,False,False,,10-15,2026-06-14T18:03:34.902Z,False,robustness_only,recent_median,23,0.261,False
꽁구마,naverchzzk,dfbe585d196ce1227dee748df1440a2d,https://chzzk.naver.com/live/dfbe585d196ce1227dee748df1440a2d,main_general_game,종합 게임,종합 게임,53.4,아웃바운드,8.5,솔라펑크,6.5,true,gg_primary,unknown,not_collected,643.4,23,3.0,2566.0,156,23,16.0,7.0,6,8.4,3.0,3,128,128,13,False,False,False,False,False,0.1474,0.0192,3.99,7.67,56,False,False,False,True,,21-30,2026-06-14T18:04:55.682Z,False,robustness_only,recent_median,23,0.261,False
영붕,naverchzzk,c1a29777d79c579dee11150857dd445a,https://chzzk.naver.com/live/c1a29777d79c579dee11150857dd445a,main_general_game,talk,talk,32.1,마인크래프트,20.8,파 파 웨스트,15.1,true,multi_game,unknown,not_collected,313.5,30,7.0,2280.0,431,24,19.0,11.0,6,9.2,4.0,3,106,106,13,False,True,True,False,False,0.0696,0.0162,7.27,4.29,71,False,False,False,True,,21-30,2026-06-14T18:06:37.751Z,False,robustness_only,recent_median,23,0.261,False
달펭구,naverchzzk,297262e112a7d05368bacec8c8a92085,https://chzzk.naver.com/live/297262e112a7d05368bacec8c8a92085,main_general_game,종합 게임,종합 게임,76.1,스트리트 파이터 6,23.9,,0,true,gg_primary,unknown,not_collected,918.9,10,2.0,2051.0,262,16,8,4,6,13.0,2.0,2.0,86,81,13,False,False,False,False,False,0.0382,0.0076,2.23,5.0,12,False,False,False,False,,10-15,2026-06-14T18:08:48.356Z,False,robustness_only,recent_median,23,0.261,False
김 플 릭,naverchzzk,599b42063afe3c4e8d1673796545fc25,https://chzzk.naver.com/live/599b42063afe3c4e8d1673796545fc25,main_general_game,카운터 스트라이크 2,카운터 스트라이크 2,74.2,종합 게임,16.8,오버워치,5.4,true,multi_game,unknown,not_collected,471.2,11,4.0,1973.0,1663,22,14.0,9,6,9.4,4,4,127,127,13,False,False,False,False,False,0.0066,0.0024,4.19,2.75,103,False,False,True,True,,10-15,2026-06-14T18:09:48.516Z,False,robustness_only,recent_median,23,0.261,False
비비 시카,naverchzzk,6784f2b395dd808141bec1d2ad3ebfbe,https://chzzk.naver.com/live/6784f2b395dd808141bec1d2ad3ebfbe,main_general_game,스트랜디드 딥,스트랜디드 딥,64.6,인투 더 데드: 아워 다키스트 데이즈,32.6,종합 게임,2.8,true,multi_game,unknown,not_collected,523.0,10,3.0,1965.0,183,14,10.0,8.0,6,7.4,4.0,4,122,122,13,False,False,False,False,False,0.0546,0.0164,3.76,3.33,33,False,False,False,False,,10-15,2026-06-14T18:10:15.079Z,False,robustness_only,recent_median,23,0.261,False
랍벤뎀,naverchzzk,63e7689c1c11ce2f0447c5626196b749,https://chzzk.naver.com/live/63e7689c1c11ce2f0447c5626196b749,main_general_game,종합 게임,종합 게임,76.5,talk,16.6,매지컬 프린세스,4,true,gg_primary,unknown,not_collected,719.5,17,2.0,1962.0,157,10,7.3,5.0,6,7.4,2,3,115,114,13,False,False,False,False,False,0.1083,0.0127,2.73,8.5,14,False,False,False,False,,16-20,2026-06-14T18:10:20.212Z,False,robustness_only,recent_median,23,0.261,False
님블뿔콩,naverchzzk,dc704c5a7597b970b4180617e2c111a2,https://chzzk.naver.com/live/dc704c5a7597b970b4180617e2c111a2,main_general_game,히어로즈 오브 마이트 앤 매직: 올든 에라,히어로즈 오브 마이트 앤 매직: 올든 에라,41.1,종합 게임,38,에이지 오브 엠파이어 2: 디피니티브 에디션,14,true,multi_game,unknown,not_collected,533.5,13,3.0,1768.0,81,13,9.2,6.0,6,8.4,3.0,3,118,118,13,False,False,False,False,False,0.1605,0.037,3.31,4.33,7,False,False,False,False,,10-15,2026-06-14T18:13:25.690Z,False,robustness_only,recent_median,23,0.261,False
사과몽,naverchzzk,88d777fded707af8c60b9526aa0f3a7b,https://chzzk.naver.com/live/88d777fded707af8c60b9526aa0f3a7b,main_general_game,종합 게임,종합 게임,87.3,서브노티카,5.6,커피 토크 도쿄,4.8,true,gg_primary,unknown,not_collected,474.2,12,3.0,1545.0,40,12,9.0,5.0,6,10.2,2,3,102,102,13,False,False,False,False,False,0.3,0.075,3.26,4.0,8,False,False,False,False,,10-15,2026-06-14T18:16:01.044Z,False,robustness_only,recent_median,23,0.261,False
개순이,naverchzzk,a087ae5d1995d2a408e6ab673bf33035,https://chzzk.naver.com/live/a087ae5d1995d2a408e6ab673bf33035,main_general_game,발로란트,발로란트,70.7,피크,29.3,,0,true,multi_game,unknown,not_collected,133.3,27,11.0,1490.0,283,25,15.5,10.0,6,8.4,5.0,3,66,66,13,False,False,True,False,False,0.0954,0.0389,11.18,2.45,41,False,False,False,False,,21-30,2026-06-14T18:17:01.371Z,False,robustness_only,recent_median,23,0.261,False
김득춘,naverchzzk,40ede1fca56fd7141d718c116d5501dc,https://chzzk.naver.com/live/40ede1fca56fd7141d718c116d5501dc,main_general_game,이환,이환,49.2,종합 게임,17.5,talk,15.1,true,multi_game,unknown,not_collected,301.5,20,4.0,1414.0,1330,21,11.5,6,6,13.4,3,3,111,111,13,False,False,False,False,False,0.015,0.003,4.69,5.0,16,False,False,False,False,,16-20,2026-06-14T18:18:26.424Z,False,robustness_only,recent_median,23,0.261,False
티아뇽,naverchzzk,363564cc2af618751e1ac695e9963aa0,https://chzzk.naver.com/live/363564cc2af618751e1ac695e9963aa0,main_general_game,talk,talk,49.6,종합 게임,22.9,바이오하자드 빌리지,10.5,true,gg_secondary,unknown,not_collected,425.9,11,3.0,1340.0,507,20,17.0,7,6,8.8,2.0,3,139,139,13,False,False,False,False,False,0.0217,0.0059,3.15,3.67,51,False,False,False,True,,10-15,2026-06-14T18:19:33.272Z,False,robustness_only,recent_median,23,0.261,False
빠로로,naverchzzk,d8a135113677a174a6a8c18ac674100f,https://chzzk.naver.com/live/d8a135113677a174a6a8c18ac674100f,main_general_game,미나 더 할로워,미나 더 할로워,44.2,리듬 닥터,24.4,talk,16.3,true,multi_game,unknown,not_collected,403.9,10,3.0,1325.0,200,10,8.0,5.0,6,8.4,2.0,3,104,100,13,False,False,False,False,False,0.05,0.015,3.28,3.33,10,False,False,False,False,,10-15,2026-06-14T18:19:50.750Z,False,robustness_only,recent_median,23,0.261,False
햄또,naverchzzk,c34fe2bbd71bb93891717f6bff5bdda5,https://chzzk.naver.com/live/c34fe2bbd71bb93891717f6bff5bdda5,main_general_game,종합 게임,종합 게임,92.8,왕좌의 게임: 킹스로드,7.2,,0,true,gg_primary,unknown,not_collected,145.3,19,7.0,1083.0,127,22,15.0,10,6,10.4,7,6,97,97,13,False,False,True,False,False,0.1496,0.0551,7.45,2.71,6,False,False,False,False,,16-20,2026-06-14T18:25:16.015Z,False,robustness_only,recent_median,23,0.261,False
무슥,naverchzzk,40ee04c68dd2699cfebb81f79a2571a5,https://chzzk.naver.com/live/40ee04c68dd2699cfebb81f79a2571a5,main_general_game,종합 게임,종합 게임,79.1,talk,16.9,PUBG: 배틀그라운드,4,true,gg_primary,unknown,not_collected,212.3,15,4.0,1045.0,42,15,11.0,7.0,6,8.8,4.0,4,100,100,13,False,False,False,False,False,0.3571,0.0952,4.92,3.75,49,False,False,False,False,,10-15,2026-06-14T18:26:34.033Z,False,robustness_only,recent_median,23,0.261,False
이설렁,naverchzzk,a1a0c2b4d85c424d381cd2f9c96a3058,https://chzzk.naver.com/live/a1a0c2b4d85c424d381cd2f9c96a3058,main_general_game,PUBG: 배틀그라운드,PUBG: 배틀그라운드,61.5,Once Human,24.5,왕좌의 게임: 킹스로드,12.5,true,multi_game,unknown,not_collected,348.5,10,2.0,983.0,1021,20,12.0,8,6,10.0,2.0,2.0,135,135,13,False,False,False,False,False,0.0098,0.002,2.82,5.0,120,False,False,True,True,,10-15,2026-06-14T18:29:08.071Z,False,robustness_only,recent_median,23,0.261,False
행복한코코,naverchzzk,577506b2d214450f65587fb04adc243a,https://chzzk.naver.com/live/577506b2d214450f65587fb04adc243a,main_general_game,다키스트 던전,다키스트 던전,23.4,림월드,22.7,talk,14.4,true,multi_game,unknown,not_collected,184.6,13,4.0,825.0,380,18,14.0,8,6,8.4,4,3,123,123,13,False,False,False,False,False,0.0342,0.0105,4.47,3.25,19,False,False,False,False,,10-15,2026-06-14T18:36:24.278Z,False,robustness_only,recent_median,23,0.261,False
김창둥,naverchzzk,33b213d947cc5ca17cfe972e7c34aaaf,https://chzzk.naver.com/live/33b213d947cc5ca17cfe972e7c34aaaf,main_general_game,이스케이프 프롬 타르코프,이스케이프 프롬 타르코프,50.7,리그 오브 레전드,30.4,철권 8,13,true,multi_game,unknown,not_collected,159.9,10,5.0,808.0,97,11,9.0,5.0,6,8.4,3.0,3,95,94,13,False,False,False,False,False,0.1031,0.0515,5.05,2.0,20,False,False,False,False,,10-15,2026-06-14T18:37:38.903Z,False,robustness_only,recent_median,23,0.261,False
므 링,naverchzzk,ccf42777ea2e5304c8ef23014b1ff730,https://chzzk.naver.com/live/ccf42777ea2e5304c8ef23014b1ff730,main_general_game,talk,talk,39.7,프랫폴,25.6,냐코리의 토끼 인형,22.3,true,multi_game,unknown,not_collected,200.2,12,3.0,762.0,297,14,11.0,7,6,10.0,4,3,115,115,13,False,False,False,False,False,0.0404,0.0101,3.81,4.0,7,False,False,False,False,,10-15,2026-06-14T18:40:11.204Z,False,robustness_only,recent_median,23,0.261,False
서벌캣 례이,naverchzzk,5a83c455f88ae4105c2f1f8c9f464da5,https://chzzk.naver.com/live/5a83c455f88ae4105c2f1f8c9f464da5,main_general_game,PUBG: 배틀그라운드,PUBG: 배틀그라운드,58.1,오버워치,41.9,,0,true,multi_game,unknown,not_collected,139.8,12,5.0,747.0,165,12,11,7,6,9.0,4,4,83,81,13,False,False,False,False,False,0.0727,0.0303,5.34,2.4,52,False,False,False,True,,10-15,2026-06-14T18:40:57.721Z,False,robustness_only,recent_median,23,0.261,False
,naverchzzk,c50e633dd8b6afec5d0cbd91f6e0eea7,https://chzzk.naver.com/live/c50e633dd8b6afec5d0cbd91f6e0eea7,main_general_game,용과 같이 8,용과 같이 8,31.6,데스 스트랜딩 디렉터스 컷,26.3,방 탈출 시뮬레이터,7,true,multi_game,unknown,not_collected,240.0,15,2.0,683.0,149,12,8.0,6,6,7.0,3,3,111,111,13,False,False,False,False,False,0.1007,0.0134,2.85,7.5,8,False,False,False,False,,10-15,2026-06-14T18:46:39.138Z,False,robustness_only,recent_median,23,0.261,False
Lafa,naverchzzk,8b97e0d12a71178dea5d5957e7ccc9b2,https://chzzk.naver.com/live/8b97e0d12a71178dea5d5957e7ccc9b2,main_general_game,종합 게임,종합 게임,86.4,데스티니 가디언즈,13.3,철권 8,0.3,true,gg_primary,unknown,not_collected,3366.4,10,2.0,8666.0,109,10,8,5,5,6.4,2,2,141,141,13,False,False,False,False,False,0.0917,0.0183,2.57,5.0,24,False,False,False,False,,10-15,2026-06-14T17:56:28.885Z,False,robustness_only,recent_median,23,0.217,False
매드라이프 MadLife,naverchzzk,39111714a5ea2c857fb49c9796269a32,https://chzzk.naver.com/live/39111714a5ea2c857fb49c9796269a32,main_general_game,종합 게임,종합 게임,100,,0,,0,true,gg_primary,unknown,not_collected,3424.4,15,2.0,7233.0,59,13,12.0,7,5,7.4,3.0,2,79,79,13,False,False,False,False,False,0.2542,0.0339,2.11,7.5,19,False,False,False,False,,10-15,2026-06-14T17:56:59.410Z,False,robustness_only,recent_median,23,0.217,False
위즐리어카,naverchzzk,d635766b293f29b48c861afbfbd2f26f,https://chzzk.naver.com/live/d635766b293f29b48c861afbfbd2f26f,main_general_game,talk,talk,42,마블 라이벌즈,29.3,종합 게임,17.9,true,multi_game,unknown,not_collected,919.1,11,3.0,3478.0,350,17,12,8,5,6.4,3,2,141,141,13,False,False,False,False,False,0.0314,0.0086,3.78,3.67,48,False,False,False,False,,10-15,2026-06-14T18:00:55.375Z,False,robustness_only,recent_median,23,0.217,False
도쿄하트,naverchzzk,98f218824010d05c75b31f5e1e5b934a,https://chzzk.naver.com/live/98f218824010d05c75b31f5e1e5b934a,main_general_game,종합 게임,종합 게임,36.1,서브노티카 2,36.1,talk,21.1,true,gg_primary,unknown,not_collected,1083.1,14,3.0,3276.0,393,10,8.0,5,5,6.4,3,3,117,117,13,False,False,False,False,False,0.0356,0.0076,3.02,4.67,10,False,False,False,False,,10-15,2026-06-14T18:01:51.397Z,False,robustness_only,recent_median,23,0.217,False
초옵,naverchzzk,bb15649128b08c25ee062e1b3b1971ac,https://chzzk.naver.com/live/bb15649128b08c25ee062e1b3b1971ac,main_general_game,종합 게임,종합 게임,97.6,음악/노래,1.8,고전 게임,0.5,true,gg_primary,unknown,not_collected,1695.4,10,1.0,3238.0,87,10,8.0,5,5,8.2,2,2,105,105,13,False,False,False,False,False,0.1149,0.0115,1.91,10.0,67,False,False,False,True,,10-15,2026-06-14T18:02:06.415Z,False,robustness_only,recent_median,23,0.217,False
눈눈e,naverchzzk,7f7db00b1c928138ab6dc9bea54fe6e7,https://chzzk.naver.com/live/7f7db00b1c928138ab6dc9bea54fe6e7,main_general_game,월드 오브 워크래프트: 한밤,월드 오브 워크래프트: 한밤,46.9,리그 오브 레전드,22.7,패스 오브 엑자일 2,11.3,true,multi_game,unknown,not_collected,499.0,20,5.0,2664.0,431,23,18.0,8.0,5,7.0,3.0,2,136,134,11,False,False,False,False,False,0.0464,0.0116,5.34,4.0,76,False,False,False,True,,16-20,2026-06-14T18:04:22.765Z,False,robustness_only,recent_median,23,0.217,False
한량1234,naverchzzk,e07132edf9666b26dda526d35e1a112e,https://chzzk.naver.com/live/e07132edf9666b26dda526d35e1a112e,main_general_game,종합 게임,종합 게임,81.8,어센드투제로,18.2,,0,true,gg_primary,unknown,not_collected,728.1,12,3.0,2507.0,469,10,9.0,6.0,5,7.0,3.0,3,102,102,13,False,False,False,False,False,0.0256,0.0064,3.44,4.0,20,False,False,False,False,,10-15,2026-06-14T18:05:12.445Z,False,robustness_only,recent_median,23,0.217,False
사자모리,naverchzzk,4941738cb274798344dacfefd92837c9,https://chzzk.naver.com/live/4941738cb274798344dacfefd92837c9,main_general_game,종합 게임,종합 게임,75.7,카르마 : 더 다크 월드,12.1,로보캅: 로그 시티,8.2,true,gg_primary,unknown,not_collected,976.6,11,2.0,2361.0,332,11,9.0,6.0,5,9.8,3.0,1,108,108,13,False,False,False,False,False,0.0331,0.006,2.42,5.5,13,False,False,False,False,,10-15,2026-06-14T18:05:58.191Z,False,robustness_only,recent_median,23,0.217,False
호미호,naverchzzk,6c127c5accc3583f127a48b6242b5854,https://chzzk.naver.com/live/6c127c5accc3583f127a48b6242b5854,main_general_game,단간론파: 희망의 학원과 절망의 고교생,단간론파: 희망의 학원과 절망의 고교생,26.1,talk,24,역전재판 123 나루호도 셀렉션,18.3,true,multi_game,unknown,not_collected,674.5,12,2.0,2021.0,88,8,7.0,4,5,7.4,2,2,69,69,13,False,False,False,False,False,0.1364,0.0227,3.0,6.0,28,False,False,False,False,,10-15,2026-06-14T18:09:16.811Z,False,robustness_only,recent_median,23,0.217,False
쿠마루,naverchzzk,2fb957ea5f98e2d5b3a95d2d861e452c,https://chzzk.naver.com/live/2fb957ea5f98e2d5b3a95d2d861e452c,main_general_game,종합 게임,종합 게임,56.6,루나 어비스,8,에코 제너레이션 2,7.7,true,gg_primary,unknown,not_collected,599.1,10,3.0,1945.0,58,11,8.0,5.0,5,6.0,3.0,3,146,146,13,False,False,False,False,False,0.1724,0.0517,3.25,3.33,6,False,False,False,False,,10-15,2026-06-14T18:10:50.470Z,False,robustness_only,recent_median,23,0.217,False
폰루루 ㅣ PON RuRu,naverchzzk,b0de2c68613b549949fb1ab92c99995b,https://chzzk.naver.com/live/b0de2c68613b549949fb1ab92c99995b,main_general_game,종합 게임,종합 게임,87.2,talk,12.8,,0,true,gg_primary,unknown,not_collected,377.6,26,3.0,1291.0,295,182,13.0,6,5,7.4,3,1,91,91,13,True,False,False,False,False,0.0881,0.0102,3.42,8.67,54,False,False,False,True,,21-30,2026-06-14T18:20:17.259Z,False,robustness_only,recent_median,23,0.217,False
강사라,naverchzzk,3957fa4509ce5677e403dd3589539cd4,https://chzzk.naver.com/live/3957fa4509ce5677e403dd3589539cd4,main_general_game,종합 게임,종합 게임,34.3,할로우 나이트,33.9,talk,14.3,true,gg_primary,unknown,not_collected,365.5,14,3.0,1257.0,67,8,6.0,3.0,5,8.0,1.0,2,114,114,13,False,False,False,False,False,0.209,0.0448,3.44,4.67,26,False,False,False,False,,10-15,2026-06-14T18:20:52.118Z,False,robustness_only,recent_median,23,0.217,False
쏠라쏠,naverchzzk,918c535c7927e9b9c55888f0ce96dd22,https://chzzk.naver.com/live/918c535c7927e9b9c55888f0ce96dd22,main_general_game,이터널 리턴,이터널 리턴,55.4,명조:워더링 웨이브,30.4,승리의 여신: 니케,8.9,true,multi_game,unknown,not_collected,257.0,20,4.0,1210.0,128,21,13.0,5.0,5,9.6,2,2.0,74,74,13,False,False,False,False,False,0.1562,0.0312,4.71,5.0,41,False,False,False,False,,16-20,2026-06-14T18:21:52.292Z,False,robustness_only,recent_median,23,0.217,False
남다늘,naverchzzk,8c775cf679c80956cfd5c59581a17379,https://chzzk.naver.com/live/8c775cf679c80956cfd5c59581a17379,main_general_game,퍼펙트 펜슬,퍼펙트 펜슬,42.9,다크 팰즈: 더 퍼스트 플로어,28.6,셰프 나이트,21.4,true,multi_game,unknown,not_collected,329.1,11,3.0,1097.0,334,30,18.5,4.0,5,17.4,2.0,2,53,52,13,False,False,False,False,False,0.0329,0.009,3.33,3.67,42,False,False,False,False,,10-15,2026-06-14T18:24:42.197Z,False,robustness_only,recent_median,23,0.217,False
타 에,naverchzzk,9dec7e73e94a2b1f98343a714a3ceec9,https://chzzk.naver.com/live/9dec7e73e94a2b1f98343a714a3ceec9,main_general_game,종합 게임,종합 게임,26,원신,25.6,이터널 리턴,18.3,true,gg_primary,unknown,not_collected,514.4,11,2.0,1053.0,70,12,8.0,5.0,5,7.4,1.0,1,110,110,13,False,False,False,False,False,0.1571,0.0286,2.05,5.5,51,False,False,False,True,,10-15,2026-06-14T18:26:15.244Z,False,robustness_only,recent_median,23,0.217,False
빵태 Bbangtae,naverchzzk,5d0f33edf74e8b0be150c1b1463b7a73,https://chzzk.naver.com/live/5d0f33edf74e8b0be150c1b1463b7a73,main_general_game,더 롱 다크,더 롱 다크,24.8,종합 게임,24,talk,19.4,true,multi_game,unknown,not_collected,581.5,16,1.0,793.0,110,12,8.7,4.5,5,7.8,1,1.0,89,88,13,False,False,False,False,False,0.1455,0.0091,1.36,16.0,85,False,False,True,True,,16-20,2026-06-14T18:38:35.195Z,False,robustness_only,recent_median,23,0.217,False
안인성,naverchzzk,699c3aa0748f8d6db2c33e24529a5913,https://chzzk.naver.com/live/699c3aa0748f8d6db2c33e24529a5913,main_general_game,명조:워더링 웨이브,명조:워더링 웨이브,67.4,연운,22.8,왕좌의 게임: 킹스로드,4.9,true,multi_game,unknown,not_collected,338.3,10,2.0,757.0,365,13,10.0,6.0,5,9.0,2,2.0,114,114,13,False,False,False,False,False,0.0274,0.0055,2.24,5.0,47,False,False,False,False,,10-15,2026-06-14T18:40:23.492Z,False,robustness_only,recent_median,23,0.217,False
리핀선장,naverchzzk,ed0aea7f5e705779effa3dd4ca29f6c8,https://chzzk.naver.com/live/ed0aea7f5e705779effa3dd4ca29f6c8,main_general_game,에이펙스 레전드,에이펙스 레전드,37.5,발로란트,31.3,talk,18.8,true,multi_game,unknown,not_collected,170.0,11,4.0,696.0,334,8,6.0,3,5,6.4,2,2.0,94,93,13,False,False,False,False,False,0.0329,0.012,4.09,2.75,12,False,False,False,False,,10-15,2026-06-14T18:45:26.294Z,False,robustness_only,recent_median,23,0.217,False
성피아,naverchzzk,bf6242a2b184b97aebc9142ef7ba00fd,https://chzzk.naver.com/live/bf6242a2b184b97aebc9142ef7ba00fd,main_general_game,종합 게임,종합 게임,99.3,유희왕 마스터 듀얼,0.7,,0,true,gg_primary,unknown,not_collected,3956.1,34,1.0,5949.0,61,22,7.0,4,4,11.8,1.0,1.0,119,119,13,False,False,False,False,False,0.5574,0.0164,1.5,34.0,73,False,False,False,True,,31-40,2026-06-14T17:57:27.331Z,False,robustness_only,recent_median,23,0.174,False
오인용혁군,naverchzzk,9fe1c03dc47a18c4797e05914b9e3fdc,https://chzzk.naver.com/live/9fe1c03dc47a18c4797e05914b9e3fdc,main_general_game,리그 오브 레전드,리그 오브 레전드,37.4,에이펙스 레전드,34.5,메이플스토리 월드,8.7,true,multi_game,unknown,not_collected,2289.7,12,2.0,5536.0,720,43,20,7,4,6.4,2,2.0,143,141,13,False,True,False,False,False,0.0167,0.0028,2.42,6.0,73,False,False,False,True,,10-15,2026-06-14T17:57:48.003Z,False,robustness_only,recent_median,23,0.174,False
서시 seosi,naverchzzk,9b33830ece658041fb6f8b95064085f1,https://chzzk.naver.com/live/9b33830ece658041fb6f8b95064085f1,main_general_game,이환,이환,51.2,워크래프트3,22.1,워크래프트 III : 프로즌 쓰론,15.7,true,multi_game,unknown,not_collected,1164.0,14,3.0,4647.0,117,10,7.0,4,4,8.2,2.0,1.5,110,107,13,False,False,False,False,False,0.1197,0.0256,3.99,4.67,24,False,False,False,False,,10-15,2026-06-14T17:58:53.671Z,False,robustness_only,recent_median,23,0.174,False
자몽뀨1,naverchzzk,e6a8499d7927c251dde2dab5bb929132,https://chzzk.naver.com/live/e6a8499d7927c251dde2dab5bb929132,main_general_game,종합 게임,종합 게임,100,아레나 브레이크아웃,0,PUBG: 배틀그라운드,0,true,gg_primary,unknown,not_collected,1872.9,17,2.0,4567.0,357,12,10.0,6,4,5.4,2,1,107,107,13,False,False,False,False,False,0.0476,0.0056,2.44,8.5,72,False,False,False,True,,16-20,2026-06-14T17:59:14.399Z,False,robustness_only,recent_median,23,0.174,False
방구석매니아,naverchzzk,5a049e2cbe2054689d64c45e11960ee4,https://chzzk.naver.com/live/5a049e2cbe2054689d64c45e11960ee4,main_general_game,종합 게임,종합 게임,56.3,마인크래프트,31.3,talk,10.9,true,gg_primary,unknown,not_collected,567.6,12,3.0,2163.0,364,14,11.0,6.0,4,5.4,2.5,2,118,118,13,False,False,False,False,False,0.033,0.0082,3.81,4.0,37,False,False,False,False,,10-15,2026-06-14T18:07:57.938Z,False,robustness_only,recent_median,23,0.174,False
눈꽃,naverchzzk,3aaea9e69f6e0386c263d7e3b7d16cb5,https://chzzk.naver.com/live/3aaea9e69f6e0386c263d7e3b7d16cb5,main_general_game,종합 게임,종합 게임,100,talk,0,,0,true,gg_primary,unknown,not_collected,587.9,18,3.0,2132.0,424,25,18.5,9,4,6.8,3,2.0,111,111,13,False,False,False,False,False,0.0425,0.0071,3.63,6.0,56,False,False,False,True,,16-20,2026-06-14T18:08:12.645Z,False,robustness_only,recent_median,23,0.174,False
달은월,naverchzzk,9cbe916ecffef79701d8acd3ce881067,https://chzzk.naver.com/live/9cbe916ecffef79701d8acd3ce881067,main_general_game,종합 게임,종합 게임,42.1,talk,22.4,스타크래프트 II : 자유의 날개,18.7,true,gg_primary,unknown,not_collected,636.4,28,2.0,1582.0,203,11,7.0,4,4,8.6,2,2,99,99,13,False,False,False,False,False,0.1379,0.0099,2.49,14.0,23,False,False,False,False,,21-30,2026-06-14T18:15:29.844Z,False,robustness_only,recent_median,23,0.174,False
김베아123,naverchzzk,fb617638ccce6c41b84951c4226401b2,https://chzzk.naver.com/live/fb617638ccce6c41b84951c4226401b2,main_general_game,아이온2,아이온2,70.9,파이널판타지14,26.7,종합 게임,2.3,true,multi_game,unknown,not_collected,519.9,11,2.0,1529.0,231,23,12.6,7,4,11.0,3,2,129,129,13,False,False,False,False,False,0.0476,0.0087,2.94,5.5,21,False,False,False,False,,10-15,2026-06-14T18:16:18.452Z,False,robustness_only,recent_median,23,0.174,False
windowxz,naverchzzk,2811c205066dae97aed8066a1cd93dbc,https://chzzk.naver.com/live/2811c205066dae97aed8066a1cd93dbc,main_general_game,종합 게임,종합 게임,100,,0,,0,true,gg_primary,unknown,not_collected,656.0,13,2.0,1367.0,33,7,5.3,3,4,6.4,1,2,55,55,13,False,False,False,False,False,0.3939,0.0606,2.08,6.5,15,False,False,False,False,,10-15,2026-06-14T18:19:01.144Z,False,robustness_only,recent_median,23,0.174,False
시 네 진,naverchzzk,e27cfcc175f0660608b84a3b6e15b532,https://chzzk.naver.com/live/e27cfcc175f0660608b84a3b6e15b532,main_general_game,종합 게임,종합 게임,70.3,talk,21.9,에이지 오브 미쏠로지: 리톨드,7.8,true,gg_primary,unknown,not_collected,495.4,11,2.0,1064.0,66,10,8.0,4,4,5.0,2.0,1,77,77,13,False,False,False,False,False,0.1667,0.0303,2.15,5.5,41,False,False,False,False,,10-15,2026-06-14T18:25:46.303Z,False,robustness_only,recent_median,23,0.174,False
융 쁘,naverchzzk,6fa642f360b30e5aeac2c64bee50a52c,https://chzzk.naver.com/live/6fa642f360b30e5aeac2c64bee50a52c,main_general_game,종합 게임,종합 게임,100,,0,,0,true,gg_primary,unknown,not_collected,645.6,11,1.0,935.0,19,11,6.5,4,4,7.4,3.0,1,71,71,13,False,False,False,False,False,0.5789,0.0526,1.45,11.0,27,False,False,False,False,,10-15,2026-06-14T18:31:04.198Z,False,robustness_only,recent_median,23,0.174,False
Starboard 우현,naverchzzk,62e770099123a26ef4cf832c16a0e41e,https://chzzk.naver.com/live/62e770099123a26ef4cf832c16a0e41e,main_general_game,종합 게임,종합 게임,57.8,메이플스토리 월드,26.1,더 디비전 리서전스,12.4,true,gg_primary,unknown,not_collected,243.3,13,3.0,825.0,169,15,10.0,5,4,10.0,2,2,131,131,13,False,False,False,False,False,0.0769,0.0178,3.39,4.33,39,False,False,False,False,,10-15,2026-06-14T18:36:28.503Z,False,robustness_only,recent_median,23,0.174,False
쵸매,naverchzzk,543ed8455bb3adb53a21f8d2ea951fcb,https://chzzk.naver.com/live/543ed8455bb3adb53a21f8d2ea951fcb,main_general_game,종합 게임,종합 게임,33.3,서브노티카 2,33.3,노움 강도단,12.2,true,gg_primary,unknown,not_collected,300.4,10,2.0,740.0,96,9,8,5,4,5.4,2,2,81,81,13,False,False,False,False,False,0.1042,0.0208,2.46,5.0,19,False,False,False,False,,10-15,2026-06-14T18:41:42.568Z,False,robustness_only,recent_median,23,0.174,False
윤디v,naverchzzk,4d4e97af1510827395c4e3a012ad01e4,https://chzzk.naver.com/live/4d4e97af1510827395c4e3a012ad01e4,main_general_game,명조:워더링 웨이브,명조:워더링 웨이브,47.3,검은사막,15.4,종합 게임,15,true,multi_game,unknown,not_collected,422.6,10,1.0,695.0,134,16,9.0,5.0,4,5.4,2,1.0,144,144,13,False,False,False,False,False,0.0746,0.0075,1.64,10.0,16,False,False,False,False,,10-15,2026-06-14T18:45:34.656Z,False,robustness_only,recent_median,23,0.174,False
김슬리,naverchzzk,a1846626c29ac66a9be9bd18d35802a8,https://chzzk.naver.com/live/a1846626c29ac66a9be9bd18d35802a8,main_general_game,종합 게임,종합 게임,100,,0,,0,true,gg_primary,unknown,not_collected,1838.4,12,1.0,2317.0,212,6,5.0,3.0,3,5.0,1,1.0,131,130,13,False,False,False,False,False,0.0566,0.0047,1.26,12.0,24,False,False,False,False,,10-15,2026-06-14T18:06:23.489Z,False,robustness_only,recent_median,23,0.13,False
아르멍,naverchzzk,4338d5e732abd1a16258dcc4466396c8,https://chzzk.naver.com/live/4338d5e732abd1a16258dcc4466396c8,main_general_game,종합 게임,종합 게임,96.3,음악/노래,3.7,,0,true,gg_primary,unknown,not_collected,1041.8,21,2.0,2315.0,150,7,5.0,3,3,5.4,1,1,111,111,13,False,False,False,False,False,0.14,0.0133,2.22,10.5,9,False,False,False,False,,21-30,2026-06-14T18:06:25.288Z,False,robustness_only,recent_median,23,0.13,False
포숀,naverchzzk,51bb4d54e9967c55e10d59cceefb256a,https://chzzk.naver.com/live/51bb4d54e9967c55e10d59cceefb256a,main_general_game,명조:워더링 웨이브,명조:워더링 웨이브,46.7,리그 오브 레전드,16.5,서브노티카 2,10.7,true,multi_game,unknown,not_collected,591.0,14,2.0,1564.0,292,10,8.0,5.0,3,4.4,1.0,1,140,140,13,False,False,False,False,False,0.0479,0.0068,2.65,7.0,68,False,False,False,True,,10-15,2026-06-14T18:15:41.580Z,False,robustness_only,recent_median,23,0.13,False
성야 Seongya,naverchzzk,84e05334a4e80c35d4d66057a4f8a706,https://chzzk.naver.com/live/84e05334a4e80c35d4d66057a4f8a706,main_general_game,FC온라인,FC온라인,31.4,왕좌의 게임: 킹스로드,30.2,데드 바이 데이라이트,15.1,true,multi_game,unknown,not_collected,2429.6,25,1.0,3504.0,162,19,6.9,3,2,4.4,1,1,143,143,13,False,False,False,False,False,0.1543,0.0062,1.44,25.0,92,False,False,True,True,,21-30,2026-06-14T18:00:49.934Z,False,robustness_only,recent_median,23,0.087,False
조이냥,naverchzzk,1323cf8f829c39cac04be825c7dc2407,https://chzzk.naver.com/live/1323cf8f829c39cac04be825c7dc2407,main_general_game,종합 게임,종합 게임,100,,0,,0,true,gg_primary,unknown,not_collected,2091.1,12,1.0,2851.0,94,6,3.1,2,2,3.5,1.0,1.0,130,119,11,False,False,False,False,False,0.1277,0.0106,1.36,12.0,12,False,False,False,False,,10-15,2026-06-14T18:03:09.848Z,False,robustness_only,recent_median,23,0.087,False
무림고수 혜미니,naverchzzk,ffabb394ec2c97be767b753d068af47d,https://chzzk.naver.com/live/ffabb394ec2c97be767b753d068af47d,main_general_game,종합 게임,종합 게임,100,,0,,0,true,gg_primary,unknown,not_collected,737.2,16,2.0,2043.0,76,8,5.0,3.0,2,3.4,1.0,1,80,80,13,False,False,False,False,False,0.2105,0.0263,2.77,8.0,18,False,False,False,False,,16-20,2026-06-14T18:08:58.493Z,False,robustness_only,recent_median,23,0.087,False
레카Lekane,naverchzzk,470ee4ec1badbb36b9d751840e2aec05,https://chzzk.naver.com/live/470ee4ec1badbb36b9d751840e2aec05,main_general_game,명일방주: 엔드필드,명일방주: 엔드필드,27.3,프래그마타,18.2,종합 게임,15.2,true,multi_game,unknown,not_collected,553.3,11,1.0,932.0,79,12,6.7,3,2,5.4,1,1,129,127,13,False,False,False,False,False,0.1392,0.0127,1.68,11.0,67,False,False,False,True,,10-15,2026-06-14T18:31:09.184Z,False,robustness_only,recent_median,23,0.087,False
