name,platform,channelId,rank,stream_hours,peak_viewers,avg_viewers,viewership,follower,band,category_1,category_1_share,category_2,category_2_share,category_3,category_3_share,total_categories,is_general_game,gg_reason,exclude_reason,collected_at
플러리,naverchzzk,7200feac2e1cc9e0a1875d93a0e3d4c7,,4235,48,10,44507,,41-50,,0,,0,,0,0,unknown,no_category_data,,2026-06-14T17:40:22.042Z
서넹,naverchzzk,74464510ad0e4fad4c855aff6d483b84,,3013,48,14,43243,,41-50,,0,,0,,0,0,unknown,no_category_data,,2026-06-14T17:40:24.026Z
도땡s,naverchzzk,c6fc4a73f3dc6c98611d2a39af36ae3a,,3288.7,19,9,31447,,16-20,,0,,0,,0,0,unknown,no_category_data,,2026-06-14T17:40:24.052Z
김편집,naverchzzk,4435bb951c320149b637c5054c573a46,,2111.5,48,8,18441,,41-50,,0,,0,,0,0,unknown,no_category_data,,2026-06-14T17:41:26.035Z
포포포포 POPOPOPO,naverchzzk,821bfedf4164f26931931fe00aa01ca4,,2773.8,15,6,17521,,10-15,,0,,0,,0,0,unknown,no_category_data,,2026-06-14T17:41:28.043Z
임나은,naverchzzk,252e487ecfc76a8ad524c9119de055b4,,4052.2,25,4,18142,,21-30,,0,,0,,0,0,unknown,no_category_data,,2026-06-14T17:41:28.071Z
칠신,naverchzzk,37932eb04955f8cdd0ff7ea7892797ee,,628.8,45,24,15642,519,41-50,talk,66.7,종합 게임,16.8,007 퍼스트 라이트,10,7,false,talk_primary,,2026-06-14T17:55:29.423Z
치민22,naverchzzk,cd94f8f4b13e8c195e551bc9f42b2646,,748.9,47,20,15260,1496,41-50,종합 게임,81.6,33 이모탈스,10.1,엠버 나이트,3.5,6,true,gg_primary,,2026-06-14T17:55:30.590Z
레아나 Reana,naverchzzk,2228ae2dad51035987c5222b6dcc2b09,,2550,21,5,13807,238,21-30,종합 게임,66,록맨 제로,9.1,블라스퍼머스 2,7.2,8,true,gg_primary,,2026-06-14T17:55:36.167Z
정꽁치,naverchzzk,deb124f491c6debfbf06bcc01deef6ef,,1831.3,18,7,13564,243,16-20,종합 게임,100,,0,,0,1,true,gg_primary,,2026-06-14T17:55:36.896Z
아루다루송송,naverchzzk,a4fd197e164bec9a925c53ac4f831d07,,1487.2,27,8,13107,238,21-30,종합 게임,87.2,이스케이프 프롬 타르코프,7,러시안 피싱 4,3.6,5,true,gg_primary,,2026-06-14T17:55:43.122Z
티아스 Tias,naverchzzk,9becba80e75bd5a7ba73ef7de32d578e,,1091.5,42,12,13111,253,41-50,종합 게임,47.7,명조:워더링 웨이브,22.7,데이 아 빌리언즈,11.4,7,true,gg_primary,,2026-06-14T17:55:43.513Z
유레이 UREI,naverchzzk,67b99b03f73b0bc2f8fe1d2ef5c9af81,,866.5,31,14,12520,618,31-40,림월드,26.6,리그 오브 레전드,25.8,종합 게임,18.4,15,true,multi_game,,2026-06-14T17:55:51.570Z
윤리즈,naverchzzk,65d845f717e3c3abb93de6158c613f0d,,786.1,39,14,11498,1240,31-40,패스 오브 엑자일 2,41,디아블로 4: 증오의 군주,40.7,talk,16.1,4,true,multi_game,,2026-06-14T17:55:51.976Z
이로 클라우드,naverchzzk,063fc5a0287c24c218e32e44325f385e,,3077.3,21,3,11086,376,21-30,종합 게임,100,,0,,0,1,true,gg_primary,,2026-06-14T17:56:00.949Z
즐디1,naverchzzk,d1d9c7fe724bbb2da63cbb8a97bfde26,,937,43,11,10637,516,41-50,talk,50.5,마인크래프트,37.3,종합 게임,12.2,3,false,talk_primary,,2026-06-14T17:56:02.520Z
유람 Yuram,naverchzzk,b955e2a87eb767345d2edc921061c784,,1890.7,18,5,9749,250,16-20,종합 게임,75.1,스타더스트: 별과 마녀,12.7,폴아웃 4,12.2,3,true,gg_primary,,2026-06-14T17:56:06.919Z
먼닉 Munnik,naverchzzk,0f3719d022ddaa297aa801ae5a755dc9,,1024.7,31,9,9695,161,31-40,,0,,0,,0,0,unknown,no_category_data,,2026-06-14T17:56:07.660Z
모카형,naverchzzk,52b2f7d78f07b3b175dbaaa3cb9abc85,,604.3,47,15,9545,2233,41-50,스트리노바,41.5,이환,19.3,명일방주,7.7,20,true,multi_game,,2026-06-14T17:56:13.658Z
쁘눙공작,naverchzzk,4cd76d9219e872fb80681d13308025c6,,1326.3,25,7,9465,295,21-30,종합 게임,35.5,용과 같이 0: 맹세의 장소,15.3,talk,14.3,14,true,gg_primary,,2026-06-14T17:56:14.963Z
아야 AYA,naverchzzk,ee127dbe96d87d8056348dca8798ddd5,,776.3,24,12,9452,379,21-30,종합 게임,77.5,007 퍼스트 라이트,17.8,리밋 제로 브레이커스,4.6,4,true,gg_primary,,2026-06-14T17:56:21.797Z
미스터리박스,naverchzzk,24ff83ceabd555220b6d8b9ddc9de15f,,1936,10,4,8798,59,10-15,종합 게임,100,,0,,0,1,true,gg_primary,,2026-06-14T17:56:22.717Z
Lafa,naverchzzk,8b97e0d12a71178dea5d5957e7ccc9b2,,3366.4,10,2,8666,109,10-15,종합 게임,86.4,데스티니 가디언즈,13.3,철권 8,0.3,3,true,gg_primary,,2026-06-14T17:56:28.885Z
어화둥둥이,naverchzzk,516719e614f5212b795f2c1abc4c7c42,,922.5,26,9,8660,350,21-30,종합 게임,61.2,선켄 엔진,23.2,talk,11.2,4,true,gg_primary,,2026-06-14T17:56:28.955Z
딸기주스한잔,naverchzzk,78c9480053d17ccd049a5700d3a3062a,,944.6,21,8,8051,1333,21-30,몬스터 헌터 와일즈,47.1,코어 키퍼,16.6,산소미포함,15.8,12,true,multi_game,,2026-06-14T17:56:35.874Z
나구지,naverchzzk,2c2672208d143b0a26b653c75687bd01,,1351.1,18,5,7954,1258,16-20,종합 게임,83.4,talk,10,발로란트,6.6,3,true,gg_primary,,2026-06-14T17:56:36.010Z
나비S,naverchzzk,4edc447768e9770025626dad41b6623b,,541.1,43,14,7858,1373,41-50,이터널 리턴,66.4,33 이모탈스,12.4,talk,8.3,6,false,single_game_or_non_game,,2026-06-14T17:56:43.288Z
유토링,naverchzzk,c059a9caca586a9dcdd2c738ba237618,,2311.5,12,3,7831,230,10-15,종합 게임,80.3,패스 오브 엑자일 2,14.8,PUBG: 배틀그라운드,4.8,3,true,gg_primary,,2026-06-14T17:56:44.043Z
백희 Baekhee,naverchzzk,c980fa4fa9201bc47c89ac0ded3e0345,,1323,28,5,7735,334,21-30,종합 게임,35.8,talk,33.9,마인크래프트,19.3,8,true,gg_primary,,2026-06-14T17:56:48.311Z
해 다,naverchzzk,75ac98062c580c9ddb86bd513047ab98,,2104.9,14,3,7460,209,10-15,삼국지13,86.4,그노시아,7.5,바바 이즈 유,3.2,4,false,single_game_dominant,,2026-06-14T17:56:50.434Z
김정폭,naverchzzk,8d2a6539c9b0570f9d69c8539eebeb69,,629.6,47,11,7444,732,41-50,talk,26.3,서브노티카,22.3,이환,15.5,12,true,multi_game,,2026-06-14T17:56:54.187Z
법아재,naverchzzk,b9da7500aeb83523a78df6ccf8ecea53,,1535,21,4,7237,372,21-30,종합 게임,41.2,리그 오브 레전드,9,마인크래프트,8.2,15,true,gg_primary,,2026-06-14T17:56:56.483Z
매드라이프 MadLife,naverchzzk,39111714a5ea2c857fb49c9796269a32,,3424.4,15,2,7233,59,10-15,종합 게임,100,,0,,0,1,true,gg_primary,,2026-06-14T17:56:59.410Z
낙화 NagHwa,naverchzzk,e2ad4ff3044d7872279e1cdf09230094,,761.1,22,9,7083,592,21-30,이환,26.9,Once Human,25.5,종합 게임,22.8,11,true,multi_game,,2026-06-14T17:57:02.679Z
지타에몽,naverchzzk,3955111786445de5a92b4cfb685ac111,,1174.3,20,5,7031,1086,16-20,리그 오브 레전드,37.1,마인크래프트,33.9,talk,10,9,true,multi_game,,2026-06-14T17:57:07.161Z
마우쥐,naverchzzk,507b4bf9eeb2e4f0a1d8593874973da9,,3149,10,2,6982,280,10-15,그림/아트,100,,0,,0,1,false,single_game_dominant,,2026-06-14T17:57:09.482Z
캉난나,naverchzzk,237cfc9438c3a96a0c9f06e60ff0c051,,353.9,35,18,6520,199,31-40,talk,100,,0,,0,1,false,talk_primary,,2026-06-14T17:57:14.925Z
단비b,naverchzzk,0379c6788078a342b3e06af6afb67736,,393.9,43,16,6489,1119,41-50,,0,,0,,0,0,unknown,no_category_data,,2026-06-14T17:57:15.331Z
므담,naverchzzk,68efb421978ddd0e34d8f2a09b70f48f,,1901.8,14,3,6453,399,10-15,종합 게임,100,,0,,0,1,true,gg_primary,,2026-06-14T17:57:19.614Z
김앵고,naverchzzk,34fb30b1985b85d57675c60113367089,,547.4,37,11,6451,764,31-40,talk,56.5,종합 게임,25.5,철권 8,8.7,7,false,talk_primary,,2026-06-14T17:57:21.462Z
잉요ing,naverchzzk,ee01af7ae3b8422f0edc49e92570f1a8,,1087.3,22,5,6264,417,21-30,종합 게임,73.7,명조:워더링 웨이브,13.6,아주르 프로밀리아,12.6,3,true,gg_primary,,2026-06-14T17:57:24.338Z
성피아,naverchzzk,bf6242a2b184b97aebc9142ef7ba00fd,,3956.1,34,1,5949,61,31-40,종합 게임,99.3,유희왕 마스터 듀얼,0.7,,0,2,true,gg_primary,,2026-06-14T17:57:27.331Z
스타으앙코,naverchzzk,d6b3c991c7b19aa02bb08232d8b877a6,,731.7,24,8,5911,2528,21-30,종합 게임,100,,0,,0,1,true,gg_primary,,2026-06-14T17:57:30.463Z
연 구 대 상,naverchzzk,2d27c050d8db708af8b54c9d128d2278,,284,40,20,5890,2184,31-40,talk,41.7,록맨 X 애니버서리 컬렉션,10.4,트릭컬 리바이브,8.7,13,false,single_game_or_non_game,,2026-06-14T17:57:33.503Z
제우스93,naverchzzk,a52c6317359cf411e7ceb90ff27c0840,,944.9,21,6,5844,189,21-30,종합 게임,100,,0,,0,1,true,gg_primary,,2026-06-14T17:57:35.997Z
캐니 canny,naverchzzk,9819b8259cf05ff892393e5e4d11705a,,717.1,32,8,5811,588,31-40,라그나로크 온라인,93.4,종합 게임,4.6,더 드리프터,2,3,false,single_game_dominant,,2026-06-14T17:57:39.279Z
메가재범,naverchzzk,63d1d26a9dbf5ade38d4fb51b960064d,,228.8,45,25,5791,1929,41-50,마인크래프트,21.5,서브노티카 2,19.1,돈 스타브 투게더,16.4,11,true,multi_game,,2026-06-14T17:57:41.196Z
이지훈 Easyhoon,naverchzzk,bd132693e706793ff8f06c78d8b315c1,,1459.6,38,3,5724,400,31-40,,0,,0,,0,0,unknown,no_category_data,,2026-06-14T17:57:45.256Z
오인용혁군,naverchzzk,9fe1c03dc47a18c4797e05914b9e3fdc,,2289.7,12,2,5536,720,10-15,리그 오브 레전드,37.4,에이펙스 레전드,34.5,메이플스토리 월드,8.7,8,true,multi_game,,2026-06-14T17:57:48.003Z
석진서,naverchzzk,1abdd12d26d0bdd140274d854165133d,,772.7,20,7,5486,695,16-20,종합 게임,31.9,talk,26.4,PUBG: 배틀그라운드,12,11,true,gg_primary,,2026-06-14T17:57:52.115Z
송하나SONGHANA,naverchzzk,0c9cfe6471e1c3e848630bab7a041757,,1122.7,20,4,5475,64,16-20,종합 게임,100,,0,,0,1,true,gg_primary,,2026-06-14T17:57:55.219Z
킹설아,naverchzzk,1b490777e83a84fb1125eeecc506c1da,,3079.2,15,1,5355,110,10-15,,0,,0,,0,0,unknown,no_category_data,,2026-06-14T17:57:57.379Z
나은0,naverchzzk,4a62ee4e2d30ac11709453faf4583f1a,,386.9,32,13,5325,299,31-40,종합 게임,100,,0,,0,1,true,gg_primary,,2026-06-14T17:58:00.261Z
코요 템페스트,naverchzzk,8d87e7057474f4506d2db5d0c2769138,,361.5,48,14,5274,662,41-50,승리의 여신: 니케,61.6,종합 게임,17.8,명조:워더링 웨이브,6.9,13,true,multi_game,,2026-06-14T17:58:03.957Z
담익지,naverchzzk,5eed8165e379d9201ee3177f1a3b837d,,701.1,17,7,5250,356,16-20,철권 8,47.1,종합 게임,25.5,파이널 판타지 6,16.1,5,true,multi_game,,2026-06-14T17:58:07.600Z
천령여우씨,naverchzzk,b3faaa462d5ed590e966e7ee8936fa53,,309.3,50,16,5250,2012,41-50,던전앤파이터,24.6,talk,16.7,다크 소울 2,9.9,21,false,single_game_or_non_game,,2026-06-14T17:58:09.548Z
그늘이야,naverchzzk,8b8697840179cb5269bfc244b7881ea1,,716.6,19,7,5240,643,16-20,림월드,22.1,이스케이프 프롬 타르코프,15,talk,8.8,19,true,multi_game,,2026-06-14T17:58:14.043Z
김 제 오,naverchzzk,bfe779077553be629d067b34728be2a1,,378.6,40,13,5237,1252,31-40,talk,70.6,리그 오브 레전드,15.1,종합 게임,11.7,5,false,talk_primary,,2026-06-14T17:58:15.506Z
첫째와둘째,naverchzzk,f5490c7268f6c3dde4243a609d928b4e,,998.5,21,5,5167,90,21-30,,0,,0,,0,0,unknown,no_category_data,,2026-06-14T17:58:19.748Z
마지나이 쿠로카,naverchzzk,85077dcf916fd68a3f0580076ea5ed94,,1116.6,21,4,5126,162,21-30,고딕 1 리메이크,30.3,패스 오브 엑자일 2,10.7,미저리,10.6,18,false,single_game_or_non_game,,2026-06-14T17:58:22.999Z
아세비,naverchzzk,7a847332420ea9ec8a2795d2bfd4ecaa,,389.1,39,13,5083,2226,31-40,림버스 컴퍼니,35.1,음악/노래,14.3,페르소나5: 더 팬텀 X,7.6,18,false,single_game_or_non_game,,2026-06-14T17:58:27.693Z
캐슬유,naverchzzk,3a7ceba0ddfe34697943374899858891,,1070.5,27,4,5054,250,21-30,PUBG: 배틀그라운드,76.1,엘든 링,19.2,talk,2.1,6,true,multi_game,,2026-06-14T17:58:28.532Z
연미콩,naverchzzk,5aaebd33ed301dbcaa09ebcb515a59cb,,633,42,7,5017,414,41-50,FC온라인,30,명조:워더링 웨이브,22.6,이환,10.2,13,true,multi_game,,2026-06-14T17:58:34.296Z
연보민,naverchzzk,7839037e2c05af7473df365aab79fbaa,,264.7,44,18,4944,897,41-50,talk,33.4,검은사막,23.1,이환,21.9,7,true,multi_game,,2026-06-14T17:58:35.513Z
RED레드,naverchzzk,3e37d763f523aa85702513fc3c04b2d9,,349.2,48,13,4873,775,41-50,몬스터 헌터 월드: 아이스본,55.7,종합 게임,18.8,붉은사막,11.7,5,true,multi_game,,2026-06-14T17:58:40.641Z
탐랑,naverchzzk,f84b650e0fa192cbfd2215372732972e,,673.5,23,7,4895,567,21-30,림월드,24.9,이터널 리턴,16.8,바이오하자드 RE:4,11,12,true,multi_game,,2026-06-14T17:58:40.830Z
MastarPD,naverchzzk,81f9d1a01440d936e64728c05978a26a,,1110.9,39,4,4831,85,31-40,,0,,0,,0,0,unknown,no_category_data,,2026-06-14T17:58:46.254Z
아로AURO,naverchzzk,dd8664f9fdc4c2d8938761e738681199,,1334.4,18,3,4793,122,16-20,용과 같이 극2,24.9,종합 게임,17.1,리그 오브 레전드,13.9,17,true,multi_game,,2026-06-14T17:58:46.997Z
두뭉,naverchzzk,b6ee6b02fe1625ac750fcb0adc126bce,,1080.8,13,4,4734,178,10-15,종합 게임,100,,0,,0,1,true,gg_primary,,2026-06-14T17:58:53.266Z
서시 seosi,naverchzzk,9b33830ece658041fb6f8b95064085f1,,1164,14,3,4647,117,10-15,이환,51.2,워크래프트3,22.1,워크래프트 III : 프로즌 쓰론,15.7,4,true,multi_game,,2026-06-14T17:58:53.671Z
파피푸 페포,naverchzzk,a21a5559dc3f749b483c1ecb2b5e4959,,400,31,11,4637,355,31-40,종합 게임,58.6,talk,41,반교 : 디텐션,0.4,3,true,gg_primary,,2026-06-14T17:59:00.441Z
장변,naverchzzk,3a8b3fda88cec6b17c7923b77491fedc,,452.7,19,10,4621,457,16-20,마인크래프트,38.7,talk,31.5,종합 게임,25.8,4,true,multi_game,,2026-06-14T17:59:00.723Z
뀨냥냥,naverchzzk,6fdb2087d2d7d0349d0c194cfe1be0d9,,289.3,31,15,4588,1131,31-40,talk,48.2,종합 게임,37.9,PUBG: 배틀그라운드,5.8,5,true,gg_secondary,,2026-06-14T17:59:06.354Z
초다양 CHODAYANG,naverchzzk,5497880b21a2b50c77dc50404c1542ed,,765.4,20,6,4621,790,16-20,하츠 오브 아이언 4,71.1,빅토리아 3,15.2,크루세이더 킹즈 3,6,6,true,multi_game,,2026-06-14T17:59:07.896Z
안로그,naverchzzk,dba054a105477139d4e3a291dfe6fa57,,367.6,31,12,4580,284,31-40,종합 게임,55.2,사이코 노 스토커,11.9,포비아 - 세인트 딘프나 호텔,7.2,20,true,gg_primary,,2026-06-14T17:59:13.487Z
자몽뀨1,naverchzzk,e6a8499d7927c251dde2dab5bb929132,,1872.9,17,2,4567,357,16-20,종합 게임,100,아레나 브레이크아웃,0,PUBG: 배틀그라운드,0,3,true,gg_primary,,2026-06-14T17:59:14.399Z
빵룽,naverchzzk,5a5956351a81b8f52fdc1bb3fa9aaf5d,,245.2,36,18,4523,1194,31-40,리그 오브 레전드,75.6,몬스터 헌터 월드: 아이스본,13.7,헬다이버즈 2,6.1,5,false,single_game_or_non_game,,2026-06-14T17:59:20.470Z
미사용아이디,naverchzzk,582698728ea0e3a02913ac2c852c6f19,,234.3,40,19,4495,984,31-40,talk,58.8,다키스트 던전,8.3,하데스,7.8,16,false,talk_primary,,2026-06-14T17:59:20.889Z
티아나 스이,naverchzzk,7fa5d078ac6d5f5bab419720c20cbaff,,804.1,19,5,4462,2,16-20,,0,,0,,0,0,unknown,no_category_data,,2026-06-14T17:59:26.068Z
온하얀 ONHAYAN,naverchzzk,3793eb7c46b59693dea0b835956a8513,,463.4,22,9,4406,295,21-30,종합 게임,37.1,리그 오브 레전드,30.8,마비노기 모바일,21.4,4,true,gg_primary,,2026-06-14T17:59:26.891Z
작호 Jakho,naverchzzk,19a8dc64e2d93bbbfecbbf6c10e8a3d8,,524.9,18,8,4279,520,16-20,리그 오브 레전드,46.9,talk,12.8,종합 게임,7.6,12,false,single_game_or_non_game,,2026-06-14T17:59:33.761Z
이 아니,naverchzzk,613dd45d3d3f1088689d305257e70923,,208.6,50,20,4300,1350,41-50,이터널 리턴,75.6,talk,16.7,마인크래프트,2.6,8,false,single_game_or_non_game,,2026-06-14T17:59:33.871Z
반달곰탱이방송,naverchzzk,4d93eaefb9387f2245e36634890d4c28,,406.5,27,10,4247,772,21-30,PUBG: 배틀그라운드,30.9,talk,28.9,종합 게임,17.1,9,true,multi_game,,2026-06-14T17:59:41.281Z
베릴20,naverchzzk,45206d34eae5d9f26897c0022da76275,,547.6,34,7,4272,379,31-40,이스케이프 프롬 타르코프,25.3,talk,16.5,명조:워더링 웨이브,16,10,true,multi_game,,2026-06-14T17:59:41.408Z
젠가놈,naverchzzk,5ed1748435bb9f4fd96971f885e34402,,611.2,17,6,4235,230,16-20,,0,,0,,0,0,unknown,no_category_data,,2026-06-14T17:59:47.292Z
손기현2,naverchzzk,dfb27368b4a7ed8c8b4048075875596a,,280,37,15,4217,1648,31-40,이환,38.8,명조:워더링 웨이브,25.7,원신,17.6,6,true,multi_game,,2026-06-14T17:59:48.363Z
미카 Mika,naverchzzk,910178578a17431ecb3292b609a63bc4,,251.7,38,16,4213,1232,31-40,마인크래프트,65.1,talk,8.6,두근두근타운,6.4,11,false,single_game_or_non_game,,2026-06-14T17:59:54.519Z
오토노 소리,naverchzzk,73b34c1d968f42bfd429eba0d1cff0b3,,1273.2,13,3,4139,459,10-15,패스 오브 엑자일 2,49,종합 게임,23.7,왕좌의 게임: 킹스로드,13.5,5,true,multi_game,,2026-06-14T17:59:55.324Z
서애덕,naverchzzk,3fdc985be3bad369225118e6d8dc496b,,521.1,25,7,4105,980,21-30,미나 더 할로워,34.3,종합 게임,31.1,젠레스 존 제로,10.6,8,true,multi_game,,2026-06-14T18:00:00.336Z
공콜리,naverchzzk,6e1f142e5c47e2f33732ca90b73dc4c4,,1190.4,17,3,4062,145,16-20,데드 바이 데이라이트,44,스타크래프트 : 리마스터,30.4,오버워치,15.2,6,true,multi_game,,2026-06-14T18:00:00.559Z
롤랜드고릴라김수향,naverchzzk,1dada30afe50db9e6b0349d9e6aa50df,,425,27,9,4018,193,21-30,,0,,0,,0,0,unknown,no_category_data,,2026-06-14T18:00:06.427Z
맘쥬,naverchzzk,cbfa98548ac10dc499d489fe50f61dc3,,239.9,44,16,4011,1150,41-50,던전앤파이터,62.5,메이플스토리 월드,21.7,다잉 라이트,7,5,true,multi_game,,2026-06-14T18:00:07.635Z
로보 문릿,naverchzzk,13c672862655aad75add861c40ab1889,,975,16,4,4006,145,16-20,,0,,0,,0,0,unknown,no_category_data,,2026-06-14T18:00:12.149Z
미도미도 마요,naverchzzk,f5d97435032b33489dfdfe22d115d47b,,453,30,8,3954,509,21-30,리그 오브 레전드,37.1,스타크래프트 II : 공허의 유산,18.4,데스티니 가디언즈: 운명의 경계,14.9,13,true,multi_game,,2026-06-14T18:00:16.455Z
흑현,naverchzzk,0e2d276771046a2b67050fb479320a27,,939.6,18,3,3711,191,16-20,종합 게임,91.6,젤다의 전설 브레스 오브 더 와일드,4.2,리틀 나이트메어 3,2.3,4,true,gg_primary,,2026-06-14T18:00:19.522Z
꿀유자,naverchzzk,6f689ad550a705bee880f6b91aa4dc8b,,634.9,21,5,3686,362,21-30,고전 게임,29.8,종합 게임,22.7,이환,21.9,9,true,multi_game,,2026-06-14T18:00:22.336Z
먹고자고게임하고,naverchzzk,4f43bb32d561a0aad70569ee6237c32f,,360.2,29,10,3663,148,21-30,슬레이 더 스파이어 2,97.9,종합 게임,2.1,,0,2,false,single_game_dominant,,2026-06-14T18:00:25.124Z
조토킹,naverchzzk,92f2ea8ed951ced8ba0754e18b8b8783,,540.8,29,6,3618,1755,21-30,,0,,0,,0,0,unknown,no_category_data,,2026-06-14T18:00:28.456Z
애플3203,naverchzzk,47d609ac528898a1142f7ca1112fec65,,413.5,21,8,3600,705,21-30,종합 게임,66,talk,24.7,리그 오브 레전드,9.4,3,true,gg_primary,,2026-06-14T18:00:34.770Z
채이 chaei,naverchzzk,81841392d80c54d99b2d278868072566,,699.5,14,5,3591,198,10-15,종합 게임,53.9,이터널 리턴,45.4,이환,0.7,3,true,gg_primary,,2026-06-14T18:00:36.994Z
하렌 루베오스,naverchzzk,2844363f7dc66d5254679d4ef2fe4935,,719.8,16,4,3543,246,16-20,종합 게임,98.4,talk,1.6,,0,2,true,gg_primary,,2026-06-14T18:00:41.658Z
은둔이,naverchzzk,5992c0c83aaec4f64199fb265e0285ec,,487,25,7,3507,1031,21-30,talk,29,마비노기,17.9,이환,16.4,18,true,multi_game,,2026-06-14T18:00:47.853Z
성야 Seongya,naverchzzk,84e05334a4e80c35d4d66057a4f8a706,,2429.6,25,1,3504,162,21-30,FC온라인,31.4,왕좌의 게임: 킹스로드,30.2,데드 바이 데이라이트,15.1,8,true,multi_game,,2026-06-14T18:00:49.934Z
국티Gugty,naverchzzk,d036752e8433d16c7e245dfbce6867e5,,618.7,15,5,3503,263,10-15,,0,,0,,0,0,unknown,no_category_data,,2026-06-14T18:00:52.329Z
위즐리어카,naverchzzk,d635766b293f29b48c861afbfbd2f26f,,919.1,11,3,3478,350,10-15,talk,42,마블 라이벌즈,29.3,종합 게임,17.9,9,true,multi_game,,2026-06-14T18:00:55.375Z
자근순무,naverchzzk,e43e57d18238478ab373d447b8017d36,,163.2,45,21,3476,2681,41-50,talk,40.4,이환,18,명조:워더링 웨이브,10.4,15,false,single_game_or_non_game,,2026-06-14T18:00:58.292Z
도완 M4YD4Y,naverchzzk,d19b09a7ae53b27342a3b504878b4bd0,,301.9,43,11,3468,872,41-50,패스 오브 엑자일 2,40.8,아이온2,21.4,에이펙스 레전드,13.2,12,true,multi_game,,2026-06-14T18:01:00.924Z
루비 of HANAVI,naverchzzk,0697157fa4cfbbb1e3c8313a3c752296,,199.6,33,17,3448,2411,31-40,,0,,0,,0,0,unknown,no_category_data,,2026-06-14T18:01:03.422Z
샘승아,naverchzzk,a12bf9267f7f2c44097e408163057088,,733.7,17,4,3415,258,16-20,종합 게임,65.2,운동/건강,34.8,,0,2,true,gg_primary,,2026-06-14T18:01:06.198Z
세 라 핌,naverchzzk,5115e44952e6827c6408dd979bf7ec58,,263.2,38,12,3404,1491,31-40,갓 오브 워,24.8,인왕 3,15.5,성세천하: 여제의 탄생 Ⅱ,14.8,14,true,multi_game,,2026-06-14T18:01:09.596Z
미사키 하루,naverchzzk,56c4d2e8dc88d9599d57835f9e5a94aa,,273.7,32,12,3390,712,31-40,,0,,0,,0,0,unknown,no_category_data,,2026-06-14T18:01:12.022Z
쵸쵸우,naverchzzk,e0d8c9d12249766c1c4b27b59b3de0a3,,503.6,19,6,3375,987,16-20,오버워치,62.9,종합 게임,19.5,데드 바이 데이라이트,17.6,3,true,multi_game,,2026-06-14T18:01:17.037Z
류은유,naverchzzk,32ed1eff8d7ad6bfdd5bd92fd7aa7e95,,830.8,17,4,3363,401,16-20,종합 게임,66.5,이환,20.7,VR챗,6.7,4,true,gg_primary,,2026-06-14T18:01:18.546Z
유 ㄹr,naverchzzk,828f1f6d43c534dc7241e949a702fd35,,811.1,15,4,3344,92,10-15,,0,,0,,0,0,unknown,no_category_data,,2026-06-14T18:01:23.448Z
권바람,naverchzzk,5d282cf5f675a9ace891f5d2e702e227,,515.2,18,6,3345,399,16-20,왕좌의 게임: 킹스로드,31.2,talk,16.4,패스 오브 엑자일 2,12,9,false,single_game_or_non_game,,2026-06-14T18:01:23.508Z
냅도TV,naverchzzk,7c8aa13784111d145bf9199768fe24e5,,490.5,19,6,3331,118,16-20,디지몬 슈퍼럼블,73.9,종합 게임,19.3,파피 플레이타임,6.9,3,true,multi_game,,2026-06-14T18:01:31.593Z
쩡니예,naverchzzk,8414921d3832f2ea0faed6291600c415,,271.8,44,12,3344,917,41-50,패스 오브 엑자일 2,61.3,메이플스토리 월드,32.4,종합 게임,2.5,9,true,multi_game,,2026-06-14T18:01:32.138Z
무스타디오,naverchzzk,746cf36edf555daaffba15eb3d64e4d5,,275,41,12,3328,237,41-50,종합 게임,73.8,스트레이,7.9,백룸: 이스케이프 투게더,7.6,6,true,gg_primary,,2026-06-14T18:01:41.148Z
코룰라,naverchzzk,bfb0e2a105ae46284e0b9e5764248457,,313.1,34,10,3324,275,31-40,이스케이프 프롬 타르코프,50.8,종합 게임,41.5,talk,7.8,3,true,multi_game,,2026-06-14T18:01:41.352Z
코미로,naverchzzk,b526bb28c5926dc2f250cb1b4d14c482,,152,40,21,3290,1932,31-40,포르자 호라이즌 6,22.8,오버워치,10.6,아크: 서바이벌 어센디드,9.2,15,false,single_game_or_non_game,,2026-06-14T18:01:50.946Z
도쿄하트,naverchzzk,98f218824010d05c75b31f5e1e5b934a,,1083.1,14,3,3276,393,10-15,종합 게임,36.1,서브노티카 2,36.1,talk,21.1,5,true,gg_primary,,2026-06-14T18:01:51.397Z
꾸르잠1,naverchzzk,7fac8dcd0dd6522c379466213d7ea5b9,,353.2,27,9,3272,99,21-30,데드 바이 데이라이트,99.6,talk,0.4,,0,2,false,single_game_dominant,,2026-06-14T18:01:57.697Z
빛나람 starnaram,naverchzzk,e5c1270f02735e2a381a70c944fd2688,,149.3,46,21,3265,1609,41-50,오버워치,51.1,데드 바이 데이라이트,35.2,멧챠 카멜레온,5.8,5,true,multi_game,,2026-06-14T18:02:00.535Z
놀이역장,naverchzzk,bf6d218b507453ebf6cc3c4fea808a0e,,109.2,47,29,3260,1564,41-50,,0,,0,,0,0,unknown,no_category_data,,2026-06-14T18:02:03.611Z
초옵,naverchzzk,bb15649128b08c25ee062e1b3b1971ac,,1695.4,10,1,3238,87,10-15,종합 게임,97.6,음악/노래,1.8,고전 게임,0.5,3,true,gg_primary,,2026-06-14T18:02:06.415Z
향토끼 scentrabbit,naverchzzk,8c260b4b871f972cac47655d7e34e815,,704.8,32,4,3236,132,31-40,,0,,0,,0,0,unknown,no_category_data,,2026-06-14T18:02:08.395Z
킹지,naverchzzk,dbf663c78417e8cf1c8986b1e40eb8dc,,640.4,18,5,3224,122,16-20,,0,,0,,0,0,unknown,no_category_data,,2026-06-14T18:02:19.048Z
테 테,naverchzzk,c11370f9c4685dce688238c83208ddc6,,247.5,39,12,3161,1416,31-40,talk,94.7,이터널 리턴,5.3,,0,2,false,talk_primary,,2026-06-14T18:02:20.063Z
소연이 Soyeoni,naverchzzk,83cd83d33696c46a0cdd2018d8695a8b,,340.8,20,9,3129,206,16-20,유로 트럭 시뮬레이터 2,80.7,고전 게임,19.3,,0,2,false,single_game_dominant,,2026-06-14T18:02:26.001Z
모목,naverchzzk,f2c74e59d7b72c1610bcbcfdeeb0cf34,,595.6,21,5,3096,316,21-30,종합 게임,60.9,성세천하: 여제의 탄생,11.2,모험가 엘리엇의 천 년 이야기,6.8,9,true,gg_primary,,2026-06-14T18:02:26.773Z
고주은,naverchzzk,f60fe7ca168493dd80fb09dce35389c6,,662.2,25,4,3093,55,21-30,,0,,0,,0,0,unknown,no_category_data,,2026-06-14T18:02:30.155Z
이샤 ISHA,naverchzzk,f2835756692f9e024f0a6db60bb6e869,,563.6,39,5,3089,46,31-40,종합 게임,100,보더랜드 2,0,,0,2,true,gg_primary,,2026-06-14T18:02:31.357Z
모노 monomo,naverchzzk,3684893a6b44aa4bfb5716a8f0ae267f,,506.3,20,6,3063,228,16-20,종합 게임,34.5,talk,10.1,007 퍼스트 라이트,8.6,23,true,gg_primary,,2026-06-14T18:02:35.246Z
8KIDD8,naverchzzk,d1430dd20ed2c2b14a13c98115f80a49,,1268.1,15,2,3046,78,10-15,,0,,0,,0,0,unknown,no_category_data,,2026-06-14T18:02:36.401Z
세 희,naverchzzk,5b9f4c4673714b1c36d2546aa0cb0402,,477.1,18,6,3024,103,16-20,종합 게임,36.2,이환,23.8,명조:워더링 웨이브,22.9,5,true,gg_primary,,2026-06-14T18:02:40.161Z
실피아,naverchzzk,9882fe6092959ff9f29bd6c9e6e1c396,,169.4,36,17,3023,1803,31-40,메이플스토리 월드,50.1,talk,26.5,서브노티카 2,13.6,9,false,single_game_or_non_game,,2026-06-14T18:02:42.294Z
카페인ㅣCARfeine,naverchzzk,0226a7f4335be41453acae12e0446f42,,556.1,18,5,2972,318,16-20,talk,34.8,종합 게임,23.7,로스트아크,11.4,6,true,gg_secondary,,2026-06-14T18:02:49.617Z
망시,naverchzzk,3d8eaab17286d6bceb4c750497fd1305,,1319.8,12,2,2953,58,10-15,종합 게임,79.4,파이널 판타지 7 리버스,20.6,명조:워더링 웨이브,0,4,true,gg_primary,,2026-06-14T18:02:50.954Z
민네,naverchzzk,8a1fcaa6cc114ca1662cdad86041bfd8,,283.9,34,10,2935,1363,31-40,talk,29.9,붉은사막,18.8,명조:워더링 웨이브,14.5,15,false,single_game_or_non_game,,2026-06-14T18:02:56.241Z
오오카미 치히로,naverchzzk,c5c7447c2c1b8a592eef51320721cafb,,1452.2,36,2,2910,976,31-40,마인크래프트,81.8,talk,14.7,VR챗,3.5,3,false,single_game_dominant,,2026-06-14T18:02:57.612Z
카오스조커,naverchzzk,8739150b36f16b83007642a53f534c10,,170.4,39,16,2886,934,31-40,로스트아크,79.6,종합 게임,6,PUBG: 배틀그라운드,4.9,6,false,single_game_or_non_game,,2026-06-14T18:03:03.453Z
다현띠,naverchzzk,eb064c26cd6f84311b664be23f047ccb,,226.7,41,12,2867,858,41-50,종합 게임,97.9,프래그마타,2.1,,0,2,true,gg_primary,,2026-06-14T18:03:03.928Z
PLCool,naverchzzk,396c80dcb3e96720bbc2b0477e02b600,,193.8,42,14,2856,1407,41-50,talk,91.7,아랑전설 시티 오브 더 울브스,8.3,,0,2,false,talk_primary,,2026-06-14T18:03:09.291Z
조이냥,naverchzzk,1323cf8f829c39cac04be825c7dc2407,,2091.1,12,1,2851,94,10-15,종합 게임,100,,0,,0,1,true,gg_primary,,2026-06-14T18:03:09.848Z
쟌스타,naverchzzk,104c9acbf30756945e1b387bd1c6f5b7,,445.5,15,6,2850,606,10-15,그림/아트,31.3,종합 게임,22.5,PUBG: 배틀그라운드,12.8,17,true,gg_secondary,,2026-06-14T18:03:16.729Z
정레나,naverchzzk,9744be4b2d701f561ae71e3fd1e18991,,91.8,47,30,2843,808,41-50,PUBG: 배틀그라운드,70.1,talk,19.1,골프,10.8,3,false,single_game_or_non_game,,2026-06-14T18:03:16.773Z
메리코,naverchzzk,2cea32a23133f4ef4da4ef91aa7dd0d5,,409.5,19,6,2826,233,16-20,talk,100,,0,,0,1,false,talk_primary,,2026-06-14T18:03:21.730Z
여니연어,naverchzzk,b6a1a1b3e7bd6a8860d61c09a6b79df5,,165,36,17,2826,2104,31-40,이터널 리턴,42.5,로스트아크,35.3,명조:워더링 웨이브,11.7,7,true,multi_game,,2026-06-14T18:03:23.365Z
쏘입니다,naverchzzk,2e6c9bc6ed50d50397938d6df56f88a6,,570.7,22,4,2811,97,21-30,종합 게임,100,,0,,0,1,true,gg_primary,,2026-06-14T18:03:27.064Z
유양반,naverchzzk,bc294b09aa7e4293c3276e984706958c,,509.8,18,5,2796,89,16-20,데드 바이 데이라이트,81.4,종합 게임,14,마비노기 모바일,4.7,3,false,single_game_dominant,,2026-06-14T18:03:28.656Z
판 토,naverchzzk,2a65176231abe621f2243ec200b0f229,,246.2,25,11,2792,521,21-30,윈드로즈,32.4,엘든 링,28.9,스타듀 밸리,28.3,5,true,multi_game,,2026-06-14T18:03:34.357Z
조말리,naverchzzk,07c9d7b11722208b5c6350f04e70d9e2,,775.3,10,3,2795,160,10-15,종합 게임,58,007 퍼스트 라이트,14.1,서브노티카 2,7.8,10,true,gg_primary,,2026-06-14T18:03:34.902Z
담쥬,naverchzzk,01d89104cc91b9bc68c0d300b76bef4f,,1064.5,12,2,2763,494,10-15,,0,,0,,0,0,unknown,no_category_data,,2026-06-14T18:03:41.712Z
나나링 Nanaring,naverchzzk,2b975a045289eabe29135d7917d5f38d,,211.9,24,13,2781,720,21-30,그림/아트,83,종합 게임,15.5,2026 FIFA 북중미 월드컵,1.1,4,false,single_game_dominant,,2026-06-14T18:03:43.078Z
마롱 Marong,naverchzzk,9c4d6af375e79095271e69b2b9942774,,347.1,25,7,2758,1404,21-30,철권 8,36.5,talk,19.8,PUBG: 배틀그라운드,17.6,11,true,multi_game,,2026-06-14T18:03:48.021Z
고뇨,naverchzzk,21030ee8202e8e99785651805fe97212,,107.1,47,25,2754,3595,41-50,talk,83.2,음악/노래,6,프린세스 메이커 3: 꿈꾸는 요정,5.9,4,false,talk_primary,,2026-06-14T18:03:49.393Z
세노 SEN5,naverchzzk,8c07912a42ac2e39f66b6062c72269db,,425,28,6,2744,930,21-30,talk,100,,0,,0,1,false,talk_primary,,2026-06-14T18:03:55.486Z
김오니,naverchzzk,1083715618553e192668ef69c2bee0fa,,126.6,44,21,2725,1357,41-50,talk,22.5,나인 솔즈,19.3,007 퍼스트 라이트,13.7,11,false,single_game_or_non_game,,2026-06-14T18:03:56.046Z
쥬 지스네,naverchzzk,1d2d2fb344a7b181d610650072ab7c3e,,140.6,32,19,2717,906,31-40,talk,49.1,활협전,29.5,사니양 연구실,9.6,5,false,single_game_or_non_game,,2026-06-14T18:04:02.249Z
랠짱,naverchzzk,ea25aa85a70d84e67a15f331b26f71c3,,141.4,42,19,2716,3054,41-50,talk,25.7,이환,25.6,볼 x 핏,13.5,11,false,single_game_or_non_game,,2026-06-14T18:04:02.898Z
젠야타 Zenyatta,naverchzzk,63b679395f45ff83e2e139385b6634be,,382.4,14,7,2709,1187,10-15,종합 게임,64.5,007 퍼스트 라이트,18.3,고전 게임,8.8,5,true,gg_primary,,2026-06-14T18:04:09.500Z
얼우신,naverchzzk,7cf5d6f87f925ea36d1840a2bae21e12,,390.8,19,6,2709,552,16-20,로스트아크,95.9,종합 게임,3.4,메이플스토리 월드,0.6,3,false,single_game_dominant,,2026-06-14T18:04:09.626Z
아오모리 하츠나,naverchzzk,63d9a00e499979eb701c115cf7aa5e78,,644.2,17,4,2669,46,16-20,종합 게임,100,,0,,0,1,true,gg_primary,,2026-06-14T18:04:16.312Z
춤보,naverchzzk,4d92ba6a52eaf1c90f83e89ebc873228,,478.7,26,5,2699,734,21-30,카오스 제로 나이트메어,83.7,랑그릿사,11.6,명조:워더링 웨이브,2,5,false,single_game_dominant,,2026-06-14T18:04:17.264Z
스오suo,naverchzzk,6a993e36e743a687c53372dd2b93c262,,490.2,12,5,2662,106,10-15,,0,,0,,0,0,unknown,no_category_data,,2026-06-14T18:04:22.555Z
눈눈e,naverchzzk,7f7db00b1c928138ab6dc9bea54fe6e7,,499,20,5,2664,431,16-20,월드 오브 워크래프트: 한밤,46.9,리그 오브 레전드,22.7,패스 오브 엑자일 2,11.3,6,true,multi_game,,2026-06-14T18:04:22.765Z
Sundoe,naverchzzk,f2f93cc3139ca7a263ed681ccb6d93f5,,333.8,16,7,2642,740,16-20,,0,,0,,0,0,unknown,no_category_data,,2026-06-14T18:04:27.767Z
삐얌,naverchzzk,9c0820288c20a1d408ece175cae62c37,,454.5,28,5,2650,440,21-30,종합 게임,62,이환,17,리틀 나이트메어 3,6.4,7,true,gg_primary,,2026-06-14T18:04:29.911Z
고뇽찌,naverchzzk,52f24ac52111810e0b3cff635a229be7,,297.7,20,8,2637,351,16-20,그림/아트,31.4,리그 오브 레전드,18.2,이스케이프 프롬 타르코프,17.1,7,true,multi_game,,2026-06-14T18:04:35.417Z
공공이삼일 00231,naverchzzk,f72fcd1b77a7ce5c4b683bea156dd83e,,321.2,29,8,2617,243,21-30,바이오하자드,59,종합 게임,33,talk,8,3,true,multi_game,,2026-06-14T18:04:35.489Z
애옹 Aeong,naverchzzk,a3c4f51960cb7d7e93648116d977897e,,214.2,21,12,2583,517,21-30,,0,,0,,0,0,unknown,no_category_data,,2026-06-14T18:04:41.235Z
미나ㅣMeeNa,naverchzzk,eacbd2575fbd759ae6d28b6a3aee75b8,,117.4,43,22,2610,1938,41-50,talk,50.7,메이플스토리 월드,22.5,스플릿 픽션,13.4,10,false,talk_primary,,2026-06-14T18:04:41.825Z
더듬이 Dudemi,naverchzzk,1bdd4fb6071cbf0d7fd96ffeef27033a,,609.9,13,4,2580,150,10-15,talk,69.5,종합 게임,24.3,포켓몬 포코피아,6.2,3,false,talk_primary,,2026-06-14T18:04:48.666Z
유키츠네,naverchzzk,08a4fd4c00f1e0faac6c27eaa19b20db,,326.7,26,7,2576,817,21-30,월드 오브 워크래프트: 한밤,33.2,talk,19.2,음악/노래,16.5,15,true,multi_game,,2026-06-14T18:04:48.854Z
밍쑨,naverchzzk,3ea47d1b635b154d30f20ce0e6ce6b13,,318.3,24,8,2564,1205,21-30,talk,37.7,종합 게임,23,서브노티카 2,13.1,10,true,gg_secondary,,2026-06-14T18:04:54.447Z
꽁구마,naverchzzk,dfbe585d196ce1227dee748df1440a2d,,643.4,23,3,2566,156,21-30,종합 게임,53.4,아웃바운드,8.5,솔라펑크,6.5,12,true,gg_primary,,2026-06-14T18:04:55.682Z
Lv1 리릭,naverchzzk,fa308a4adcf9d95dc35ede522a8a9aad,,173,28,14,2549,515,21-30,스플래툰 3,89.1,talk,5.3,피크,4.9,4,false,single_game_dominant,,2026-06-14T18:05:01.474Z
비화 Bihwa,naverchzzk,5a377e6408e25dbdd46b242e1a67d05b,,486.5,43,5,2546,262,41-50,종합 게임,40.7,명조:워더링 웨이브,33.3,젠레스 존 제로,14.2,5,true,gg_primary,,2026-06-14T18:05:02.298Z
크밍1,naverchzzk,46769d27234f6d26382993b8d7dbb810,,769.9,17,3,2531,207,16-20,,0,,0,,0,0,unknown,no_category_data,,2026-06-14T18:05:06.575Z
냐모이,naverchzzk,16d1c15a2b32b5473155d2a295e38d8d,,277.4,25,9,2521,252,21-30,종합 게임,23.1,마법소녀의 마녀재판,15.1,워크래프트 3: 리포지드,10.8,18,true,gg_primary,,2026-06-14T18:05:10.030Z
한량1234,naverchzzk,e07132edf9666b26dda526d35e1a112e,,728.1,12,3,2507,469,10-15,종합 게임,81.8,어센드투제로,18.2,,0,2,true,gg_primary,,2026-06-14T18:05:12.445Z
호주머니,naverchzzk,1b55e07f8d3cdf58334796ed76cd9699,,97.7,48,25,2500,3994,41-50,talk,34.7,마인크래프트,30.7,이터널 리턴,9.6,11,false,single_game_or_non_game,,2026-06-14T18:05:17.546Z
돼지저금통 치지직,naverchzzk,1d19dc348fdf699e63885944b49ff60c,,105.8,37,23,2491,2449,31-40,talk,33,음악/노래,24.8,이터널 리턴,18.8,10,true,multi_game,,2026-06-14T18:05:19.193Z
리 쯔,naverchzzk,ff318112d4312a98fc83fd39fc0b77b3,,233.8,36,10,2486,1239,31-40,talk,59,클레르 옵스퀴르: 33 원정대,30.9,서브노티카 2,9.2,4,false,talk_primary,,2026-06-14T18:05:24.622Z
레비얀 Leviyan,naverchzzk,2025dbae1d2521f6dc342d7c6e91ba02,,312,22,7,2473,473,21-30,talk,100,,0,,0,1,false,talk_primary,,2026-06-14T18:05:25.804Z
마루디,naverchzzk,42f0a45511e2e8cf681a093dad49a061,,233.8,22,10,2441,216,21-30,,0,,0,,0,0,unknown,no_category_data,,2026-06-14T18:05:29.649Z
알로애 Aloe,naverchzzk,720fbb69ca1ed21c0bd83f295cad3c53,,474.1,14,5,2431,1481,10-15,,0,,0,,0,0,unknown,no_category_data,,2026-06-14T18:05:30.561Z
존크라운,naverchzzk,5681ba75d79a5f96d0478254814e2fa1,,351.4,21,6,2415,495,21-30,talk,73.1,PUBG: 배틀그라운드,23.1,로블록스,1.9,4,false,talk_primary,,2026-06-14T18:05:38.063Z
이나냐 INANYA,naverchzzk,39fa62e81c7d74d9d18610fa6e3d5bdb,,300.8,20,8,2426,645,16-20,체스 닷컴,78,talk,10.8,사이버펑크 2077,4.7,6,false,single_game_or_non_game,,2026-06-14T18:05:39.469Z
민쟁이,naverchzzk,a0fe3f2a4ade129ff4fd1a414d3e1ec5,,123.5,37,19,2413,1851,31-40,그림/아트,93.2,종합 게임,3.1,talk,2,4,false,single_game_dominant,,2026-06-14T18:05:45.579Z
띵진이,naverchzzk,4b1de0a13ad02355c2813c1386ffa646,,413.8,25,5,2385,186,21-30,종합 게임,42.1,talk,37,음악/노래,12.7,5,true,gg_primary,,2026-06-14T18:05:46.341Z
버튜버를시기한재신쿤,naverchzzk,85527008aabf2458456aab0554a81879,,193.3,32,12,2377,373,31-40,월드 오브 워크래프트: 한밤,88.8,종합 게임,10,talk,1.1,4,false,single_game_dominant,,2026-06-14T18:05:50.934Z
설ㅡ하,naverchzzk,42d9e35fdeee6c2163494eb12961e9da,,104,49,22,2369,2187,41-50,블루 아카이브,49.8,talk,26.4,마인크래프트,15.7,7,true,multi_game,,2026-06-14T18:05:52.648Z
어써미,naverchzzk,88b9153d37cdfa868d521f8704e0a80b,,267.3,29,8,2368,870,21-30,,0,,0,,0,0,unknown,no_category_data,,2026-06-14T18:05:55.339Z
사자모리,naverchzzk,4941738cb274798344dacfefd92837c9,,976.6,11,2,2361,332,10-15,종합 게임,75.7,카르마 : 더 다크 월드,12.1,로보캅: 로그 시티,8.2,5,true,gg_primary,,2026-06-14T18:05:58.191Z
엄히로,naverchzzk,f8ab86cdad46e4318aead9481a9a120e,,422.3,36,5,2358,542,31-40,톰 클랜시의 레인보우 식스 시즈 X,74.8,종합 게임,13.9,PUBG: 배틀그라운드,11.3,3,false,single_game_or_non_game,,2026-06-14T18:06:00.473Z
조수용,naverchzzk,85a8b8d6148b4011f5ce850362b9178d,,885.4,12,2,2355,200,10-15,명조:워더링 웨이브,96.5,종합 게임,3.5,몬스터 헌터 와일즈,0,3,false,single_game_dominant,,2026-06-14T18:06:03.489Z
리안입니다,naverchzzk,b9d1951d34854deda6ba76f3677bb8b5,,481.7,34,4,2354,68,31-40,,0,,0,,0,0,unknown,no_category_data,,2026-06-14T18:06:05.382Z
서깨비,naverchzzk,e57af7c5eb08d5b8b0795961a93891b7,,701.6,21,3,2351,33,21-30,,0,,0,,0,0,unknown,no_category_data,,2026-06-14T18:06:08.302Z
두니주니,naverchzzk,bf28c2348f70eca80a882a2d9a72ca7d,,220.2,49,10,2349,877,41-50,리그 오브 레전드,68.1,talk,16.3,종합 게임,4,9,false,single_game_or_non_game,,2026-06-14T18:06:11.503Z
진짜옥선생,naverchzzk,07ffe066ef9957cf6238b18d5a8dff40,,144.5,28,16,2335,282,21-30,,0,,0,,0,0,unknown,no_category_data,,2026-06-14T18:06:13.452Z
박나나TV,naverchzzk,13b74dfd3093e1db4d5af574e2ded812,,335.8,23,6,2333,593,21-30,메이플스토리 월드,45.4,림버스 컴퍼니,20.2,오버워치,10.9,11,true,multi_game,,2026-06-14T18:06:17.542Z
Nameless113,naverchzzk,e9e1b7ac5937b0f26a033269679638e5,,412.4,13,5,2319,119,10-15,talk,39.1,007 퍼스트 라이트,16.6,서브노티카 2,14.9,12,false,single_game_or_non_game,,2026-06-14T18:06:19.699Z
김슬리,naverchzzk,a1846626c29ac66a9be9bd18d35802a8,,1838.4,12,1,2317,212,10-15,종합 게임,100,,0,,0,1,true,gg_primary,,2026-06-14T18:06:23.489Z
아르멍,naverchzzk,4338d5e732abd1a16258dcc4466396c8,,1041.8,21,2,2315,150,21-30,종합 게임,96.3,음악/노래,3.7,,0,2,true,gg_primary,,2026-06-14T18:06:25.288Z
딕션 Diction,naverchzzk,6ed066a148aded6a24dcfdd3fc9b986e,,411.9,17,5,2309,159,16-20,서브노티카 2,51.5,성세천하: 여제의 탄생 Ⅱ,16.5,ELDEN RING 밤의 통치자,16.5,6,true,multi_game,,2026-06-14T18:06:30.297Z
아네미네,naverchzzk,6b46909b54e1a1afe3c31bfe078fe375,,644.3,11,3,2309,138,10-15,,0,,0,,0,0,unknown,no_category_data,,2026-06-14T18:06:30.950Z
영붕,naverchzzk,c1a29777d79c579dee11150857dd445a,,313.5,30,7,2280,431,21-30,talk,32.1,마인크래프트,20.8,파 파 웨스트,15.1,8,true,multi_game,,2026-06-14T18:06:37.751Z
카토kato,naverchzzk,d54a236580af9d3d1dca84e7cb0d7a66,,378.3,13,6,2308,68,10-15,종합 게임,97.9,몬스터 헌터 와일즈,1.1,talk,0.9,3,true,gg_primary,,2026-06-14T18:06:37.818Z
배토Baeto,naverchzzk,76c63931592b3fd2bb57e264dbdc8e76,,605.6,17,3,2280,231,16-20,talk,61.6,종합 게임,32.2,명조:워더링 웨이브,4.1,4,false,talk_primary,,2026-06-14T18:06:43.805Z
꽃분홍,naverchzzk,a3a9a476ea4dd0eef053d76403c59aa5,,122.6,47,18,2265,696,41-50,talk,26.5,음악/노래,21.8,종합 게임,12.7,15,false,single_game_or_non_game,,2026-06-14T18:06:44.652Z
오피셜 김청단,naverchzzk,b9aa434ac6960331d9e91e84a6f22b70,,244.5,21,9,2255,602,21-30,림버스 컴퍼니,34.3,talk,29.4,TRPG,14.7,12,false,single_game_or_non_game,,2026-06-14T18:06:50.399Z
냐뇨뇨냥,naverchzzk,a1d5bb21b285ecfa61782324e841ac7a,,305.3,14,7,2247,270,10-15,talk,40.2,종합 게임,38,마비노기 모바일,19.5,4,true,multi_game,,2026-06-14T18:06:51.033Z
치즈여우,naverchzzk,9812f27abbda07386b7f47420b030572,,290.8,37,7,2246,1174,31-40,블루 아카이브,42.6,talk,23.6,승리의 여신: 니케,13.3,9,false,single_game_or_non_game,,2026-06-14T18:06:57.059Z
퀸슈아,naverchzzk,f1f5faa8adbab1c2c7670cc6f63ee2cc,,388.7,19,5,2244,756,16-20,이터널 리턴,89.3,이스케이프 프롬 타르코프,2.3,발로란트,2.2,8,false,single_game_dominant,,2026-06-14T18:06:57.977Z
리딩11,naverchzzk,53a183f0d4ccc973aabdb33c5a7e940f,,521,11,4,2237,139,10-15,,0,,0,,0,0,unknown,no_category_data,,2026-06-14T18:07:04.407Z
쥐뚱,naverchzzk,694a4e3ac4406e1989f85cdde291999c,,99.2,49,22,2241,1691,41-50,talk,41.6,종합 게임,19.6,성세천하: 여제의 탄생 Ⅱ,14,8,true,gg_secondary,,2026-06-14T18:07:05.078Z
버찌 BUZZI,naverchzzk,83d3bdbc9ab2467ee74caac7a0cd8462,,242.3,24,9,2227,373,21-30,,0,,0,,0,0,unknown,no_category_data,,2026-06-14T18:07:10.618Z
블레스v,naverchzzk,a465d2dafbb2b1b42ed706665919e738,,349.5,21,6,2234,496,21-30,이터널 리턴,78.6,셀레스트,8.6,명조:워더링 웨이브,5.3,7,false,single_game_or_non_game,,2026-06-14T18:07:11.386Z
세코코,naverchzzk,9311d9a91a37a53d1244fccde5c2b3a3,,668,12,3,2215,190,10-15,종합 게임,59.2,talk,39.3,이터널 리턴,1.5,4,true,gg_primary,,2026-06-14T18:07:19.868Z
백은하,naverchzzk,40aca7837479ddf92dcc4c1e57f30aed,,115.3,50,19,2209,1488,41-50,talk,40.4,엘든 링 황금 나무의 그림자,14.6,마인크래프트,11.5,13,false,single_game_or_non_game,,2026-06-14T18:07:20.348Z
l늘푸름l,naverchzzk,85eb67daa4822df8a31f1cdbd74c34da,,164.3,31,13,2206,2497,31-40,talk,51.5,이환,31.1,종합 게임,6.7,8,false,talk_primary,,2026-06-14T18:07:27.254Z
플환,naverchzzk,a2bed589acb5ae3d24f0afd3e989d17e,,556.6,16,3,2203,178,16-20,종합 게임,73.9,오버워치,23.4,2026 FIFA 북중미 월드컵,1.7,5,true,gg_primary,,2026-06-14T18:07:27.509Z
풍꼬PoongKo,naverchzzk,0b8b6775fa20d6c6daa391196c527cfb,,287.8,17,7,2200,137,16-20,스플래툰 3,100,,0,,0,1,false,single_game_dominant,,2026-06-14T18:07:36.084Z
토짜미,naverchzzk,fd7414e8428411e3b42247643b1f49fe,,134.6,32,16,2202,1139,31-40,던전앤파이터,35.6,승리의 여신: 니케,13,그레이브야드 키퍼,9.4,13,false,single_game_or_non_game,,2026-06-14T18:07:36.754Z
호영 M4YD4Y,naverchzzk,07f30d3d52452f3da6ae22fc3bf2c544,,116.7,47,18,2191,2912,41-50,PUBG: 배틀그라운드,47.4,talk,28.5,종합 게임,14.8,5,false,single_game_or_non_game,,2026-06-14T18:07:43.640Z
얍쭈,naverchzzk,13d07bd1465f85b902e872da4cf9fb72,,108.2,46,20,2193,1199,41-50,포르자 호라이즌 6,49.5,스트리트 파이터 6,13.5,종합 게임,11,9,false,single_game_or_non_game,,2026-06-14T18:07:43.806Z
나 빵,naverchzzk,d8c10a2e77e76677b093582ef6373e5b,,251.3,20,8,2179,947,16-20,마인크래프트,30.5,리그 오브 레전드,25,talk,19.4,10,true,multi_game,,2026-06-14T18:07:50.634Z
유나욘,naverchzzk,7083e83967817b39ca8e32ce8a91facc,,101.6,34,21,2167,787,31-40,talk,47.9,친구모아 아일랜드 두근두근 라이프,8.9,언더테일,7.6,15,false,single_game_or_non_game,,2026-06-14T18:07:50.747Z
방구석매니아,naverchzzk,5a049e2cbe2054689d64c45e11960ee4,,567.6,12,3,2163,364,10-15,종합 게임,56.3,마인크래프트,31.3,talk,10.9,4,true,gg_primary,,2026-06-14T18:07:57.938Z
나힝구,naverchzzk,652abc4f57f73627fd3b63c1acb46735,,136.7,41,15,2166,1641,41-50,PUBG: 배틀그라운드,29.4,리그 오브 레전드,24.4,마인크래프트,21.5,14,true,multi_game,,2026-06-14T18:07:58.296Z
이 렌 이 렌,naverchzzk,b9a9c0046303e93448e799900347a3d2,,117.4,35,18,2159,898,31-40,마비노기 모바일,52.6,talk,38.2,이환,4.9,4,false,single_game_or_non_game,,2026-06-14T18:08:04.392Z
흑지로,naverchzzk,c14311fb466f0d42a75e6c4cec5cf593,,221.2,37,9,2150,1000,31-40,슈퍼 마리오 메이커 2,52.2,원신,12.3,이환,9,8,false,single_game_or_non_game,,2026-06-14T18:08:05.241Z
동준인대영tv,naverchzzk,61acacd56ff16f2b5cd09aa8b9d5002d,,104,42,20,2133,2203,41-50,talk,50.3,리그 오브 레전드,10.3,007 퍼스트 라이트,7.3,14,false,talk_primary,,2026-06-14T18:08:11.090Z
눈꽃,naverchzzk,3aaea9e69f6e0386c263d7e3b7d16cb5,,587.9,18,3,2132,424,16-20,종합 게임,100,talk,0,,0,2,true,gg_primary,,2026-06-14T18:08:12.645Z
해이연,naverchzzk,ec80a702bf28b813e6114616a98d2ae0,,648,23,3,2125,165,21-30,메이플스토리 월드,53.1,그림자 복도,13.7,그림자 복도 2: 비의 수국,13.3,10,false,single_game_or_non_game,,2026-06-14T18:08:16.521Z
밑줄밑줄,naverchzzk,fb74541470fbab69ac286cfb24a96e6c,,217.4,24,9,2119,457,21-30,라이브러리안: 타이디 업 더 아케인 라이브러리!,55.7,모탈 셸,28.7,talk,15.7,3,true,multi_game,,2026-06-14T18:08:17.504Z
서토리,naverchzzk,ee2245048ba12c418f4662e8b7ba395f,,217.3,37,9,2100,178,31-40,,0,,0,,0,0,unknown,no_category_data,,2026-06-14T18:08:22.525Z
얄네,naverchzzk,642cb40de294be8f136fc8566f4f199e,,286.9,36,7,2112,708,31-40,PUBG: 배틀그라운드,71.4,리그 오브 레전드,9.6,talk,5.3,9,false,single_game_or_non_game,,2026-06-14T18:08:22.669Z
강아이,naverchzzk,2d028926d6ba116e7c6a2e1fb45a29d9,,149.5,45,14,2098,1203,41-50,,0,,0,,0,0,unknown,no_category_data,,2026-06-14T18:08:28.318Z
페피노,naverchzzk,924a636224c9203259af46ad7d8b70ca,,111,43,18,2096,1728,41-50,talk,77.6,성세천하: 여제의 탄생 Ⅱ,12.8,마이닝 머천트,6.3,4,false,talk_primary,,2026-06-14T18:08:28.951Z
김데데1,naverchzzk,8bca5c02ddc6c5a8ae9d0867a9ed8c50,,168.6,27,12,2096,875,21-30,데드 바이 데이라이트,54.5,talk,15.3,바이오하자드 레퀴엠,14.4,7,false,single_game_or_non_game,,2026-06-14T18:08:37.213Z
쥐냥,naverchzzk,4fe4afb376bb35114d50b3fd80b9fc5c,,606.5,17,3,2070,363,16-20,더 킹 오브 파이터즈 '98,48,종합 게임,38.5,히어로즈 오브 마이트 앤 매직: 올든 에라,9.5,4,true,multi_game,,2026-06-14T18:08:37.316Z
아오카와 아즈사,naverchzzk,f74b4087594dd1b44480226452162b13,,185.5,27,11,2062,800,21-30,talk,48.2,ASMR,23.9,종합 게임,6,8,false,single_game_or_non_game,,2026-06-14T18:08:43.422Z
초슈야,naverchzzk,1cf35c36a162bdeaf7b62922221aa48f,,192.4,25,10,2065,1033,21-30,테라리아,22.6,talk,20.1,뮤제닉스,14.2,13,false,single_game_or_non_game,,2026-06-14T18:08:44.206Z
달펭구,naverchzzk,297262e112a7d05368bacec8c8a92085,,918.9,10,2,2051,262,10-15,종합 게임,76.1,스트리트 파이터 6,23.9,,0,2,true,gg_primary,,2026-06-14T18:08:48.356Z
아쾅 Akuang,naverchzzk,ad36f270c4508dd99b12ccc1a2722c78,,293,20,6,2050,512,16-20,007 퍼스트 라이트,21,라이브러리안: 타이디 업 더 아케인 라이브러리!,16.9,프래그마타,16.3,7,true,multi_game,,2026-06-14T18:08:49.451Z
바뷰뷰,naverchzzk,fa13aa7f06e0ab87ff5eee9935d40c98,,165,49,12,2048,783,41-50,스톰 스트라이커,33.1,talk,32.4,작혼: 리치 마작,7.8,17,false,single_game_or_non_game,,2026-06-14T18:08:53.506Z
유부댕,naverchzzk,5a68162d53f9aba316685f13451e9c1f,,148.7,24,13,2044,751,21-30,PUBG: 배틀그라운드,92.5,리그 오브 레전드,5.5,talk,2,3,false,single_game_dominant,,2026-06-14T18:08:56.350Z
무림고수 혜미니,naverchzzk,ffabb394ec2c97be767b753d068af47d,,737.2,16,2,2043,76,16-20,종합 게임,100,,0,,0,1,true,gg_primary,,2026-06-14T18:08:58.493Z
브마이,naverchzzk,8971ac688ece504b97553a8929f1a3c9,,247.2,18,8,2037,704,16-20,talk,25.3,마인크래프트,20.8,엘든 링 황금 나무의 그림자,10.2,16,false,single_game_or_non_game,,2026-06-14T18:09:02.999Z
코모리,naverchzzk,7aeb0136d1c23bb1ffebb9a8abdf6251,,522,13,3,2036,156,10-15,마인크래프트,36.1,스타크래프트 II : 공허의 유산,17.6,배틀필드 6,9.8,8,true,multi_game,,2026-06-14T18:09:05.844Z
댜앙댜앙,naverchzzk,1d2464b7d15ec46eb0016325899cde10,,109.5,47,18,2034,1624,41-50,Grand Theft Auto V,57.3,EA 스포츠 FC 26,20.9,007 퍼스트 라이트,10.1,5,true,multi_game,,2026-06-14T18:09:08.534Z
느에누리,naverchzzk,82d7b1d7bcae2935691248150e8d9988,,301.7,17,6,2026,834,16-20,,0,,0,,0,0,unknown,no_category_data,,2026-06-14T18:09:10.381Z
파 더,naverchzzk,2f60d4feecc16304f77abd309ae387ba,,229.1,19,8,2022,434,16-20,종합 게임,55.3,talk,38.5,성세천하: 여제의 탄생 Ⅱ,6.2,3,true,gg_primary,,2026-06-14T18:09:13.853Z
호미호,naverchzzk,6c127c5accc3583f127a48b6242b5854,,674.5,12,2,2021,88,10-15,단간론파: 희망의 학원과 절망의 고교생,26.1,talk,24,역전재판 123 나루호도 셀렉션,18.3,11,true,multi_game,,2026-06-14T18:09:16.811Z
저무콩,naverchzzk,1b6ab1bf0886941211fc9ff44035e6ba,,112.6,36,17,2019,1306,31-40,명조:워더링 웨이브,46.3,talk,20.9,이환,15.8,7,true,multi_game,,2026-06-14T18:09:19.210Z
남궁루리 NGRULI,naverchzzk,58eb2b6520ff42f17528c5c0d3881a94,,280.1,18,7,2009,255,16-20,,0,,0,,0,0,unknown,no_category_data,,2026-06-14T18:09:21.229Z
너프I,naverchzzk,f8e92473cbd037afe883e8be6a9ee966,,725.5,10,2,2003,43,10-15,종합 게임,100,,0,,0,1,true,gg_primary,,2026-06-14T18:09:25.278Z
끼즈,naverchzzk,cf8512ab068c4a34747239de0fa478c3,,543.1,15,3,2001,136,10-15,스타크래프트 II : 공허의 유산,70.9,다키스트 던전,29.1,,0,2,true,multi_game,,2026-06-14T18:09:28.797Z
기본수TV,naverchzzk,cd31f2413aad20c575a05368e428db06,,144.5,34,13,2001,417,31-40,,0,,0,,0,0,unknown,no_category_data,,2026-06-14T18:09:30.521Z
유다밍,naverchzzk,97be9cdfb3dcd0c98219dfcbffb4baab,,137,29,14,1994,1020,21-30,talk,21.7,명조:워더링 웨이브,11.9,종합 게임,11.6,19,false,single_game_or_non_game,,2026-06-14T18:09:35.025Z
그믐Gmeum,naverchzzk,c01198bfc9daccba47ed8aa489f8028e,,136.8,42,14,1983,1071,41-50,이터널 리턴,42.4,제5인격,28.3,초자연 작전팀,8.8,8,true,multi_game,,2026-06-14T18:09:37.950Z
잼내미,naverchzzk,62de1d0c09161fff1f70b893590f140e,,324.5,21,6,1983,868,21-30,talk,56.1,리틀 나이트메어 3,24.4,브로큰로어: 팔로우,19.5,3,false,talk_primary,,2026-06-14T18:09:41.239Z
Chunbung,naverchzzk,b4f939d9a3d7c197f52c243a7143fdf1,,321.4,16,6,1979,1647,16-20,마인크래프트,86.4,talk,8.6,음악/노래,3.2,4,false,single_game_dominant,,2026-06-14T18:09:42.594Z
김 플 릭,naverchzzk,599b42063afe3c4e8d1673796545fc25,,471.2,11,4,1973,1663,10-15,카운터 스트라이크 2,74.2,종합 게임,16.8,오버워치,5.4,5,true,multi_game,,2026-06-14T18:09:48.516Z
용 감,naverchzzk,4f531015473f8c831120a3dd455dc919,,250.9,19,7,1974,221,16-20,몬스터 헌터 월드: 아이스본,81,다크 소울 2,15.2,리그 오브 레전드,2,5,false,single_game_dominant,,2026-06-14T18:09:48.637Z
여름이0908,naverchzzk,152ab07ce2b0f7dd48549cca8c7e7b9b,,148,26,13,1970,732,21-30,,0,,0,,0,0,unknown,no_category_data,,2026-06-14T18:09:54.376Z
나쵸z,naverchzzk,427e45008bc116d28421ed2eae823574,,366,17,5,1972,423,16-20,talk,94.1,음악/노래,5.9,,0,2,false,talk_primary,,2026-06-14T18:09:54.842Z
히후,naverchzzk,214e094f6b290033a7966ac99db9b485,,292.4,15,6,1968,65,10-15,,0,,0,,0,0,unknown,no_category_data,,2026-06-14T18:10:05.475Z
수행사제 시나맨,naverchzzk,58ef687c4b5133c16b5e2e1031b1bb6c,,233.6,21,8,1966,565,21-30,이터널 리턴,73.7,작혼: 리치 마작,17.8,오버워치,4.4,6,true,multi_game,,2026-06-14T18:10:06.601Z
달비니,naverchzzk,944890d87d1b5701cd57fc82824a13bf,,141.5,32,13,1964,568,31-40,,0,,0,,0,0,unknown,no_category_data,,2026-06-14T18:10:14.001Z
비비 시카,naverchzzk,6784f2b395dd808141bec1d2ad3ebfbe,,523,10,3,1965,183,10-15,스트랜디드 딥,64.6,인투 더 데드: 아워 다키스트 데이즈,32.6,종합 게임,2.8,3,true,multi_game,,2026-06-14T18:10:15.079Z
랍벤뎀,naverchzzk,63e7689c1c11ce2f0447c5626196b749,,719.5,17,2,1962,157,16-20,종합 게임,76.5,talk,16.6,매지컬 프린세스,4,5,true,gg_primary,,2026-06-14T18:10:20.212Z
아오토 라떼,naverchzzk,a4c69e7f9c0fc25a018a1c3c3cf0c17f,,245.4,21,7,1958,382,21-30,고전 게임,67.5,오버워치,32.5,,0,2,true,multi_game,,2026-06-14T18:10:21.566Z
성도자,naverchzzk,9fc6b619b20e203f9135114ffa55fd38,,362.3,17,5,1950,297,16-20,talk,92.5,종합 게임,7.5,,0,2,false,talk_primary,,2026-06-14T18:10:34.485Z
허브멜론,naverchzzk,d8d8d768349916d74d966cc7fa0651f4,,265.1,23,7,1950,,21-30,,0,,0,,0,0,unknown,no_category_data,,2026-06-14T18:10:36.352Z
라낭,naverchzzk,48be5e3e8394324a24f219bbef62a4b2,,364.6,18,5,1950,82,16-20,종합 게임,100,,0,,0,1,true,gg_primary,,2026-06-14T18:10:48.231Z
쿠마루,naverchzzk,2fb957ea5f98e2d5b3a95d2d861e452c,,599.1,10,3,1945,58,10-15,종합 게임,56.6,루나 어비스,8,에코 제너레이션 2,7.7,15,true,gg_primary,,2026-06-14T18:10:50.470Z
주녑 Junyeop,naverchzzk,69c9f82ea5a6e9141ae7de1d15506d11,,113.5,46,17,1940,1569,41-50,talk,37.6,세키로: 섀도우 다이 트와이스,15.8,마법소녀의 마녀재판,13.5,12,false,single_game_or_non_game,,2026-06-14T18:10:54.986Z
타텔,naverchzzk,a032f092d8667c1797dd91a4b716c47c,,148.5,25,13,1938,733,21-30,talk,100,,0,,0,1,false,talk_primary,,2026-06-14T18:10:55.586Z
꽉녀,naverchzzk,81c05b325b4964b99a727a9beaa13712,,373.7,15,5,1933,112,10-15,토탈 워: 워해머 3,47.6,종합 게임,14.8,신데리아,13.1,7,false,single_game_or_non_game,,2026-06-14T18:11:01.612Z
와무우TV,naverchzzk,2f6c390e61a3bd09cafde6e75ac784e1,,90.1,34,21,1927,1302,31-40,talk,38.5,Grand Theft Auto V,21.8,이환,13.3,9,false,single_game_or_non_game,,2026-06-14T18:11:02.167Z
엄지큰애,naverchzzk,bef4ad50f587b53403bf5235d9aa7fcc,,67.7,49,28,1923,1888,41-50,talk,68.2,음악/노래,11.8,던전 클롤러,5.7,9,false,talk_primary,,2026-06-14T18:11:10.556Z
달 루나,naverchzzk,3e38fc0d210ae18d7fdf6a2e9a0f23f5,,234.5,24,8,1918,562,21-30,몬스터 헌터 월드: 아이스본,64.8,몬스터 헌터 와일즈,25.4,종합 게임,9.8,3,true,multi_game,,2026-06-14T18:11:11.013Z
깅나리,naverchzzk,ab2dfa50fc970fbba8fa3f253dd2093d,,150.8,35,12,1903,2078,31-40,리그 오브 레전드,34.5,talk,30.6,서브노티카 2,11.8,9,false,single_game_or_non_game,,2026-06-14T18:11:22.797Z
빵지콩,naverchzzk,ff38fdec85167efa94405c328e8e8c6e,,69.3,41,27,1907,2425,41-50,리그 오브 레전드,33.3,talk,29.9,PUBG: 배틀그라운드,15.3,9,true,multi_game,,2026-06-14T18:11:22.832Z
땡 입니다,naverchzzk,06e643a1c28c3e2cd0b0d18c4fb360be,,218.3,16,8,1900,215,16-20,종합 게임,34.3,talk,31.9,오버워치,22.8,4,true,gg_primary,,2026-06-14T18:11:29.288Z
루묭Lumyon,naverchzzk,60a7ca5191e7987432e77593a368582a,,69.1,48,27,1902,1496,41-50,talk,39.5,종합 게임,14.1,이터널 리턴,13.4,12,false,single_game_or_non_game,,2026-06-14T18:11:33.700Z
어둠왕,naverchzzk,a1e8a76d16710cae478f14924373b893,,263.4,16,7,1890,170,16-20,종합 게임,53.3,talk,19.7,리그 오브 레전드,18.6,5,true,gg_primary,,2026-06-14T18:11:36.661Z
하윤찡,naverchzzk,a27c304d628ae42afd3bd7a3808b6866,,119.8,36,15,1889,1747,31-40,talk,39,포켓몬스터 소드 · 실드,19.1,Grand Theft Auto V,13.2,12,false,single_game_or_non_game,,2026-06-14T18:11:39.418Z
로디마스,naverchzzk,7dd6f0927c18f4acc3f40b8d31a80f0f,,101.7,41,18,1880,2378,41-50,talk,38.2,이환,22.8,림버스 컴퍼니,17.4,13,true,multi_game,,2026-06-14T18:11:44.242Z
앙탈깜지,naverchzzk,818daed7b43872dc63df338b7928d01b,,422.6,16,4,1880,206,16-20,포르자 호라이즌 6,23.6,드래곤 퀘스트 XI S 지나간 시간을 찾아서 - Definitive Edition,16.7,007 퍼스트 라이트,14.7,11,true,multi_game,,2026-06-14T18:11:46.254Z
이쿠롬,naverchzzk,c60605305243b0234e4cd0d10a675b05,,157.2,27,11,1879,1736,21-30,PUBG: 배틀그라운드,43.9,마인크래프트,23.5,스톰 스트라이커,18.2,7,true,multi_game,,2026-06-14T18:11:50.781Z
하루나 HARUNA,naverchzzk,7b6cde0e65ce44e1979ec03968e6e882,,455.3,14,4,1873,269,10-15,메이플스토리,71.3,스타크래프트 II : 자유의 날개,6.7,거대돌섬,5.2,10,false,single_game_or_non_game,,2026-06-14T18:11:54.217Z
메리 미,naverchzzk,ac25509f6418d3ddb1b4fb2e0a7e2316,,224.1,29,8,1866,1665,21-30,발로란트,30.9,오버워치,25,붕괴: 스타레일,16.6,12,true,multi_game,,2026-06-14T18:12:00.016Z
룽지얌,naverchzzk,d3cab2d2fa183991df8169a584656926,,433.4,15,4,1863,354,10-15,오버워치,54.3,talk,28.9,프래그마타,16.8,3,true,multi_game,,2026-06-14T18:12:01.302Z
록 우디 Rog Woody,naverchzzk,6ec69351f1d68d8812d7bc3584b0ead9,,125.3,35,14,1845,1037,31-40,,0,,0,,0,0,unknown,no_category_data,,2026-06-14T18:12:11.311Z
김용녀,naverchzzk,0c4cc4f356578842d1bfa26708e08384,,118.9,27,15,1858,1107,21-30,talk,43,이터널 리턴,30.9,슬레이 더 스파이어 2,12.8,8,false,single_game_or_non_game,,2026-06-14T18:12:13.078Z
일발,naverchzzk,973337a5111c0c7a61dd3e917f2c5bac,,164.8,21,11,1842,389,21-30,talk,69,악의,31,,0,2,false,talk_primary,,2026-06-14T18:12:17.458Z
김염록,naverchzzk,0777acbb5ba7e4580870a027e0bdfe56,,540.1,18,3,1835,106,16-20,이스케이프 프롬 타르코프,100,,0,,0,1,false,single_game_dominant,,2026-06-14T18:12:18.816Z
하 베,naverchzzk,fa001ef1a226a1bff047eae3ed35abe2,,332.1,12,5,1831,35,10-15,명조:워더링 웨이브,43.6,종합 게임,38,명일방주: 엔드필드,11.9,6,true,multi_game,,2026-06-14T18:12:22.218Z
조브킴,naverchzzk,43a64ef60810c8939b3a06dc3d7a014d,,168.5,21,10,1828,490,21-30,,0,,0,,0,0,unknown,no_category_data,,2026-06-14T18:12:23.446Z
소발자,naverchzzk,8df0e2fd888d52ed10562f2cdb9fa6e0,,193.1,28,9,1822,936,21-30,이스케이프 프롬 타르코프,58.6,마인크래프트,34.1,talk,7.3,3,true,multi_game,,2026-06-14T18:12:29.160Z
수야언니,naverchzzk,0298122d69a9b53d2dfc4c4e84d68a09,,105.7,32,17,1820,967,31-40,talk,57,종합 게임,19,마인크래프트,11.2,7,false,talk_primary,,2026-06-14T18:12:30.012Z
빵뚜씨,naverchzzk,f15cff93b4bb3246e594d944a74be016,,329.6,20,5,1816,253,16-20,종합 게임,63.9,서브노티카 2,25.8,타운 투 시티,3.7,5,true,gg_primary,,2026-06-14T18:12:36.329Z
솔티플럼,naverchzzk,43da465576afdfb373c9cca32177b1bb,,192.1,25,9,1817,1115,21-30,로스트아크,66.5,R.E.P.O.,32.4,PUBG: 배틀그라운드,1.1,3,true,multi_game,,2026-06-14T18:12:36.957Z
져미님,naverchzzk,2e8bf74c2f666827d87cd5603ed46e3e,,194.5,27,9,1815,578,21-30,talk,42.3,윈드로즈,26.8,종합 게임,16.4,5,true,multi_game,,2026-06-14T18:12:43.570Z
소미님,naverchzzk,ab3d54e7dd2b906e2af66bbf8de2c196,,664.4,15,2,1809,255,10-15,talk,80.1,2026 FIFA 북중미 월드컵,6,롬스테드,4.2,10,false,talk_primary,,2026-06-14T18:12:43.935Z
밥PD,naverchzzk,18bf1d09b5565383958b4b8867e5059c,,76.7,50,23,1801,2564,41-50,,0,,0,,0,0,unknown,no_category_data,,2026-06-14T18:12:48.697Z
헬리샤,naverchzzk,b2957f41893984c7caa17983d40ab10d,,81.5,42,22,1795,12019,41-50,포르자 호라이즌 6,60.3,talk,17.5,007 퍼스트 라이트,14.4,6,false,single_game_or_non_game,,2026-06-14T18:12:50.388Z
아이노 에리,naverchzzk,acc6d26262023b08c4a4040690f0f713,,268.3,17,6,1792,176,16-20,Qwilight,37,플라티나 랩,29,미메시스,9.4,9,true,multi_game,,2026-06-14T18:12:57.056Z
김하루ㅡ,naverchzzk,442373e470e8a39a5c4355916cfcb4fc,,270.2,27,6,1787,341,21-30,두근두근타운,65.8,성세천하: 여제의 탄생 Ⅱ,12,오구와 비밀의 숲,7.6,8,false,single_game_or_non_game,,2026-06-14T18:12:57.577Z
푸나,naverchzzk,cfae28dfd815af31dc046d121dda369d,,441.2,13,4,1776,104,10-15,,0,,0,,0,0,unknown,no_category_data,,2026-06-14T18:13:04.355Z
코스노우,naverchzzk,faaf515a2b74e6c3efe5252f4235409b,,183.7,21,9,1776,253,21-30,talk,73.8,고전 게임,26.2,,0,2,false,talk_primary,,2026-06-14T18:13:04.801Z
익명천이,naverchzzk,2b4a469b1375030de320628e43af9e7a,,334.8,13,5,1775,154,10-15,명조:워더링 웨이브,41.1,디아블로 4: 증오의 군주,10.2,엘든 링,8.9,16,false,single_game_or_non_game,,2026-06-14T18:13:11.442Z
도은님,naverchzzk,55abc0d39afbe747145d56c88e229140,,356.1,15,4,1772,469,10-15,발로란트,93.2,PUBG: 배틀그라운드,6.3,talk,0.5,3,false,single_game_dominant,,2026-06-14T18:13:11.722Z
최윤주,naverchzzk,5f5dfafcce4c22e0af4ce47bdbfbf789,,265.5,24,6,1771,545,21-30,리그 오브 레전드,74.4,talk,11.9,종합 게임,4.5,8,false,single_game_or_non_game,,2026-06-14T18:13:19.117Z
seabook 시북아노,naverchzzk,beb86ff995f8e03eb2e24b49f2a30e8b,,119,26,14,1770,2059,21-30,오버워치,71.8,talk,18.4,종합 게임,6.9,6,false,single_game_or_non_game,,2026-06-14T18:13:19.636Z
진짜냥뭉,naverchzzk,2fc1a0bed789006e11e948392a5d3a2e,,373.2,13,4,1758,68,10-15,,0,,0,,0,0,unknown,no_category_data,,2026-06-14T18:13:25.102Z
님블뿔콩,naverchzzk,dc704c5a7597b970b4180617e2c111a2,,533.5,13,3,1768,81,10-15,히어로즈 오브 마이트 앤 매직: 올든 에라,41.1,종합 게임,38,에이지 오브 엠파이어 2: 디피니티브 에디션,14,5,true,multi_game,,2026-06-14T18:13:25.690Z
삼덕이,naverchzzk,dd85ba41de91fe4c970fd510d4ef1114,,518,20,3,1756,453,16-20,서브노티카 2,30.1,007 퍼스트 라이트,20.4,종합 게임,15.3,9,true,multi_game,,2026-06-14T18:13:32.640Z
덕드래곤,naverchzzk,86d3d8d5997609df783949d107fbde24,,61.9,48,28,1755,1142,41-50,철권 8,33.3,메이플스토리 월드,25.2,talk,17.3,11,true,multi_game,,2026-06-14T18:13:34.185Z
뒷 북,naverchzzk,19f9ece522b9155b4e577d7b9b46103a,,131.4,45,13,1748,2388,41-50,이터널 리턴,96.8,talk,1.2,성세천하: 여제의 탄생 Ⅱ,0.8,6,false,single_game_dominant,,2026-06-14T18:13:38.944Z
김삵,naverchzzk,2840bad4e73e257aea1caf8580ae6c82,,415.8,13,4,1743,45,10-15,종합 게임,100,,0,,0,1,true,gg_primary,,2026-06-14T18:13:40.248Z
겜타,naverchzzk,0197d1409b1aff985d6877e6c7313c55,,88.3,32,19,1726,308,31-40,파이널판타지14,59.5,talk,20.8,성세천하: 여제의 탄생,11.5,5,false,single_game_or_non_game,,2026-06-14T18:13:44.337Z
희 지,naverchzzk,ab2277eab9203d373f82de5e45c7db82,,234.3,27,7,1718,540,21-30,,0,,0,,0,0,unknown,no_category_data,,2026-06-14T18:13:45.301Z
송근봉,naverchzzk,68daca14bebc804d56b3dc601c8e7aff,,95.1,36,17,1697,1903,31-40,마인크래프트,20.2,talk,16.1,림월드,13.5,16,false,single_game_or_non_game,,2026-06-14T18:13:51.733Z
YT Alpa,naverchzzk,c6b716b20c8cc9d992fb5ae069468de3,,155.1,26,10,1695,461,21-30,talk,52.2,슈퍼 마리오 메이커 2,13.2,마리오 카트 월드,9.9,8,false,talk_primary,,2026-06-14T18:13:52.329Z
이 소 에,naverchzzk,1a3d5eb3569f7610901f81a61a4da477,,865,21,1,1694,178,21-30,,0,,0,,0,0,unknown,no_category_data,,2026-06-14T18:13:56.298Z
유기유깅,naverchzzk,5bf3d8b944b763398c662165bb740469,,209.6,24,8,1692,620,21-30,그림/아트,37.8,마인크래프트,21.6,록맨 X 애니버서리 컬렉션,14.4,9,false,single_game_or_non_game,,2026-06-14T18:13:58.281Z
밤까마귀CHZZK,naverchzzk,593d0b54a8f7dac8dd1aed63587bd7eb,,116.4,31,14,1692,1004,31-40,사이퍼즈,58.5,talk,17.6,리그 오브 레전드,13,5,false,single_game_or_non_game,,2026-06-14T18:14:01.448Z
담비꺼야,naverchzzk,8bc2eacd4bc28c19b20688d53b3b3b0d,,259,18,6,1689,365,16-20,,0,,0,,0,0,unknown,no_category_data,,2026-06-14T18:14:03.195Z
아카이로 류,naverchzzk,9475632f76396ad774307e492541b8d7,,111.5,32,15,1688,1900,31-40,talk,58.1,오버워치,33.8,리그 오브 레전드,3,5,false,talk_primary,,2026-06-14T18:14:07.328Z
병섭이,naverchzzk,dda688c4743fe41322da1b7afa3976be,,389.8,17,4,1685,166,16-20,종합 게임,56.8,메트로이드 프라임 4 비욘드,11.1,니트로 젠 오메가,10.2,9,true,gg_primary,,2026-06-14T18:14:09.337Z
코코 낫츠,naverchzzk,0f4307753a48b96d8c1d0e5acc8c3291,,208.5,17,8,1681,445,16-20,데드 바이 데이라이트,85.4,talk,8.2,종합 게임,6.5,3,false,single_game_dominant,,2026-06-14T18:14:13.167Z
김꼬멍,naverchzzk,7ed88067545ffab624ab36d4e495c31e,,112.4,23,14,1680,1229,21-30,talk,41.3,용과 같이 7 빛과 어둠의 행방 International,26.2,종합 게임,8.2,10,false,single_game_or_non_game,,2026-06-14T18:14:15.273Z
ㄱ연호,naverchzzk,aec7b4a6438338de7757597887b957ba,,204.7,19,8,1676,343,16-20,고전 게임,44.4,요시와 신기한 도감,19.9,미나 더 할로워,19.2,6,true,multi_game,,2026-06-14T18:14:19.531Z
강등탈,naverchzzk,e09bbe0aa3bec9df6f181efc634eb281,,221.2,15,7,1668,507,10-15,스플래툰 3,42.4,그림/아트,28.5,종합 게임,24.7,4,true,multi_game,,2026-06-14T18:14:20.636Z
주키니TV,naverchzzk,7aa263d03571644d9ecd17471b1a969e,,640.5,14,2,1664,79,10-15,종합 게임,84,이환,16,,0,2,true,gg_primary,,2026-06-14T18:14:25.734Z
란도무 RDM,naverchzzk,a87e3c9451c07bffdaf6e3a3e8c63b1b,,1506.3,10,1,1664,14,10-15,헬다이버즈 2,97.9,메트로 엑소더스 컴플리트 에디션,2.1,,0,2,false,single_game_dominant,,2026-06-14T18:14:26.423Z
휘뜨 Hwi,naverchzzk,19e77fd6b1aa12e81d4128ac43d61a43,,420.5,10,3,1663,25,10-15,,0,,0,,0,0,unknown,no_category_data,,2026-06-14T18:14:30.185Z
모헤 MoHe,naverchzzk,f70f24f2725c8f2a03b1787a76c63e0d,,799.7,15,2,1658,144,10-15,파이널판타지14,99.1,패스 오브 엑자일 2,0.9,,0,2,false,single_game_dominant,,2026-06-14T18:14:32.468Z
모니 MONY,naverchzzk,729aef2db2ba77b9f4165a73a04c7e09,,427,13,3,1657,102,10-15,,0,,0,,0,0,unknown,no_category_data,,2026-06-14T18:14:35.140Z
나들희,naverchzzk,827cf700086734c7b700e138eaf9f57e,,155.4,26,10,1657,647,21-30,스플래툰 3,39,두근두근타운,17.4,talk,12.2,9,true,multi_game,,2026-06-14T18:14:41.389Z
센 카르멘,naverchzzk,ae62ca36d3ef9891f4c1e34c6e8b3ba9,,84.1,49,19,1655,1924,41-50,talk,32.8,마인크래프트,28.8,서브노티카 2,7.6,14,false,single_game_or_non_game,,2026-06-14T18:14:42.184Z
월야화랑,naverchzzk,a7235afd44df05dd257784f8e4db2935,,228,18,7,1651,180,16-20,리그 오브 레전드,55.7,명조:워더링 웨이브,44.3,,0,2,true,multi_game,,2026-06-14T18:14:47.988Z
대가울,naverchzzk,b55d5ab6c5e437eb6146d15efe45379b,,186.6,33,8,1630,576,31-40,talk,52.3,고전 게임,15.7,패스 오브 엑자일 2,11.2,6,false,talk_primary,,2026-06-14T18:14:49.112Z
루아 블루벨,naverchzzk,adeb7ab9d551519ccfae37b3788c40f1,,124.9,36,13,1630,2025,31-40,디아블로 4: 증오의 군주,48.8,패스 오브 엑자일 2,35.8,세피리아,7,7,true,multi_game,,2026-06-14T18:14:53.570Z
모모팡,naverchzzk,82d0d7494afb41193fc469e57e0df5df,,113.9,32,14,1617,1438,31-40,이터널 리턴,84,림버스 컴퍼니,8.5,talk,2.9,5,false,single_game_dominant,,2026-06-14T18:14:55.393Z
유채담,naverchzzk,ee279ba91e254d53bce40b7a1b323bda,,161.7,41,9,1613,954,41-50,검은사막,28.6,에이펙스 레전드,19.7,워프레임,18,9,true,multi_game,,2026-06-14T18:15:00.300Z
숙 이,naverchzzk,c62b2462676b1d31f0219885c676fbb0,,194.2,22,8,1612,734,21-30,이터널 리턴,27.4,talk,26.6,음악/노래,14,10,false,single_game_or_non_game,,2026-06-14T18:15:01.487Z
턱스,naverchzzk,bd1dcaadbc663f732577a18d949cd3f8,,191.8,22,8,1609,257,21-30,종합 게임,29.1,talk,26.7,블루 프린스,14.2,9,true,gg_primary,,2026-06-14T18:15:05.359Z
세이난,naverchzzk,dbb692c84413d92d9bded6ef67246914,,395.7,30,4,1607,197,21-30,고전 게임,66.4,종합 게임,17.4,이지투온 리부트: R,7,6,true,multi_game,,2026-06-14T18:15:07.276Z
미 우,naverchzzk,d7140e80bad5ce031524c726a5207ecf,,125,30,12,1602,857,21-30,톰 클랜시의 더 디비전 2,71.7,킹덤언더파이어: 히어로즈,12.5,"워해머 40,000: 스페이스 마린 2",9.1,5,false,single_game_or_non_game,,2026-06-14T18:15:12.215Z
안뉴이 네리,naverchzzk,b7a7a5615f63d331c6e2dcd9f9f27601,,140,25,11,1597,286,21-30,,0,,0,,0,0,unknown,no_category_data,,2026-06-14T18:15:13.607Z
겜나나,naverchzzk,be6b744d84caebdc8102f541b9e3861c,,132.3,24,12,1595,196,21-30,종합 게임,77.1,서브노티카 2,7.2,talk,6.7,6,true,gg_primary,,2026-06-14T18:15:17.369Z
겜뱅,naverchzzk,b0e4b472edf2003cdfdab78c484a0c24,,140,33,11,1589,312,31-40,,0,,0,,0,0,unknown,no_category_data,,2026-06-14T18:15:18.410Z
지롤썬다,naverchzzk,243ce418ca3da7b43b04da7b635ed461,,214.7,19,7,1586,472,16-20,인슈라오디드,65.8,메이플스토리,32,두근두근타운,1.1,4,true,multi_game,,2026-06-14T18:15:23.976Z
도둑꾼,naverchzzk,50ba1b9bd1f23f988a258bfa4e306228,,307.7,15,5,1585,178,10-15,테트리스,52.1,림버스 컴퍼니,30.3,종합 게임,4.9,10,true,multi_game,,2026-06-14T18:15:24.620Z
달은월,naverchzzk,9cbe916ecffef79701d8acd3ce881067,,636.4,28,2,1582,203,21-30,종합 게임,42.1,talk,22.4,스타크래프트 II : 자유의 날개,18.7,4,true,gg_primary,,2026-06-14T18:15:29.844Z
CASKER,naverchzzk,d8f9cfab91b27abb7b3f7f2c1a186e29,,100.2,36,15,1581,2046,31-40,음악/노래,37.7,talk,31.9,엘든 링,15.6,10,true,multi_game,,2026-06-14T18:15:30.993Z
하승목,naverchzzk,24f1392c90a660b819995d9b97492958,,220.2,37,7,1572,1046,31-40,메이플스토리 월드,75.3,PUBG: 배틀그라운드,12.4,음악/노래,4.8,8,false,single_game_or_non_game,,2026-06-14T18:15:35.671Z
독 대,naverchzzk,48c88686166c041dc26147feda39fa38,,718.9,10,2,1572,101,10-15,007 퍼스트 라이트,97.1,talk,2.9,토와와 신목에 선택받은 아이들,0,3,false,single_game_dominant,,2026-06-14T18:15:37.032Z
포숀,naverchzzk,51bb4d54e9967c55e10d59cceefb256a,,591,14,2,1564,292,10-15,명조:워더링 웨이브,46.7,리그 오브 레전드,16.5,서브노티카 2,10.7,10,true,multi_game,,2026-06-14T18:15:41.580Z
카신,naverchzzk,3f0719dbbbd72f61b425caf844af8e21,,326.4,13,4,1562,292,10-15,발로란트,38,talk,33.3,종합 게임,27.1,4,true,multi_game,,2026-06-14T18:15:42.257Z
안찡,naverchzzk,fde2deb9f3be7f495d72f204d8b8f41a,,266.7,12,5,1559,95,10-15,로스트아크,39.6,GTFO,22,이스케이프 프롬 타르코프,12.4,9,true,multi_game,,2026-06-14T18:15:48.950Z
송짱아,naverchzzk,3529ba0837370fda96671bac835b9e06,,199.2,26,7,1559,1103,21-30,PUBG: 배틀그라운드,77.4,메이플스토리 월드,13.2,리그 오브 레전드,5.5,10,false,single_game_or_non_game,,2026-06-14T18:15:49.749Z
마 이 리,naverchzzk,a15df5264987af8d466a3b5e4e55a389,,175,19,8,1556,559,16-20,,0,,0,,0,0,unknown,no_category_data,,2026-06-14T18:15:53.773Z
유이솜,naverchzzk,08825d1bc4c9035d8521826b1462b774,,589.1,13,2,1551,123,10-15,종합 게임,25.5,왕좌의 게임: 킹스로드,9.8,롬스테드,9.8,24,true,gg_primary,,2026-06-14T18:15:55.513Z
유히설,naverchzzk,260fd8766be90073abc799b7356700e2,,271.6,15,5,1550,577,10-15,종합 게임,100,,0,,0,1,true,gg_primary,,2026-06-14T18:15:58.522Z
사과몽,naverchzzk,88d777fded707af8c60b9526aa0f3a7b,,474.2,12,3,1545,40,10-15,종합 게임,87.3,서브노티카,5.6,커피 토크 도쿄,4.8,6,true,gg_primary,,2026-06-14T18:16:01.044Z
와팬,naverchzzk,9beabccc8ab06490c09a3ac045c17bdd,,78.2,42,19,1544,2322,41-50,,0,,0,,0,0,unknown,no_category_data,,2026-06-14T18:16:03.487Z
핫유랑,naverchzzk,69e2e2f75f4076e834a5fde711c3dfb4,,649.3,19,2,1543,826,16-20,켄시,58.7,초자연 작전팀,13.3,talk,10.7,11,false,single_game_or_non_game,,2026-06-14T18:16:06.758Z
이호범,naverchzzk,4d2fc3e3cae4cbd0a087cb959c983ffb,,301.9,17,5,1542,521,16-20,talk,59.5,PUBG: 배틀그라운드,28.6,그림/아트,10.2,4,false,talk_primary,,2026-06-14T18:16:09.180Z
새탄,naverchzzk,47ab1f2678dec0287d366593cdfe881e,,111.4,34,13,1533,1058,31-40,talk,71,종합 게임,21.2,오버워치,4.8,4,false,talk_primary,,2026-06-14T18:16:12.800Z
느려용,naverchzzk,3dadd937e0e47035b3c8c377815ce88a,,99.6,31,15,1531,1296,31-40,리그 오브 레전드,94.8,talk,5.2,,0,2,false,single_game_dominant,,2026-06-14T18:16:14.982Z
김베아123,naverchzzk,fb617638ccce6c41b84951c4226401b2,,519.9,11,2,1529,231,10-15,아이온2,70.9,파이널판타지14,26.7,종합 게임,2.3,3,true,multi_game,,2026-06-14T18:16:18.452Z
코코론,naverchzzk,726b155098a80e8eba10d68f0cfc07cd,,120.7,21,12,1529,217,21-30,데드 바이 데이라이트,53.1,이환,20.8,이스케이프 프롬 타르코프,19.4,7,true,multi_game,,2026-06-14T18:16:20.354Z
쿠챠,naverchzzk,b5181250b53f7d9ac24c31122053ebdc,,1361.2,17,1,1526,101,16-20,,0,,0,,0,0,unknown,no_category_data,,2026-06-14T18:16:23.265Z
모혜,naverchzzk,42762380a34c933366636bfdc4067293,,300.4,17,5,1525,547,16-20,PUBG: 배틀그라운드,55.1,리그 오브 레전드,37.1,서브노티카 2,3.4,7,true,multi_game,,2026-06-14T18:16:26.124Z
루나밍77,naverchzzk,97f077fb9e07f03339a8158f8e4a9aa6,,116.9,29,13,1525,2833,21-30,여행,94,더 롱 다크,4.7,talk,1.3,3,false,single_game_dominant,,2026-06-14T18:16:29.280Z
유으령,naverchzzk,f3c9b39e5248acf201d4cf30312de221,,109.9,41,13,1520,3281,41-50,,0,,0,,0,0,unknown,no_category_data,,2026-06-14T18:16:31.520Z
드로즈,naverchzzk,7b47af1f6825391a610f768c43376cb1,,578.1,11,2,1520,195,10-15,쥬라기 월드 에볼루션 3,20.2,종합 게임,16.3,talk,12.8,26,true,multi_game,,2026-06-14T18:16:35.376Z
RingoBiA,naverchzzk,f60d90f276f23f4da2ae58d86efd7ec3,,183.3,19,8,1519,787,16-20,패스 오브 엑자일 2,73,더 롱 다크,6.4,이스케이프 프롬 타르코프,4.3,15,false,single_game_or_non_game,,2026-06-14T18:16:37.404Z
모모시로 카나,naverchzzk,ebcf5a40a4481db4ea55fabe798db5e6,,135.8,38,11,1515,825,31-40,talk,29.4,마인크래프트,19,서브노티카,12.6,23,false,single_game_or_non_game,,2026-06-14T18:16:41.454Z
미엘 스윗하트 HAVEN,naverchzzk,f78d401f340a8e92e5446b31923ea149,,541,28,2,1509,90,21-30,메이플스토리 월드,100,,0,,0,1,false,single_game_dominant,,2026-06-14T18:16:43.164Z
고일이,naverchzzk,cf882ca21960c190dd6af5c8332d3876,,93.9,39,16,1509,2388,31-40,ASMR,32.9,마인크래프트,32.1,talk,20.1,10,true,multi_game,,2026-06-14T18:16:48.015Z
민토 MinTo,naverchzzk,632c5bde07df4b4153aea28e203b1b39,,127.7,22,11,1497,434,21-30,,0,,0,,0,0,unknown,no_category_data,,2026-06-14T18:16:48.258Z
오태영,naverchzzk,6e0cf11c9837f580d79f1c247d0166c9,,374.6,13,3,1493,815,10-15,이환,86.1,원신,7,talk,5.2,4,false,single_game_dominant,,2026-06-14T18:16:55.634Z
햄루나,naverchzzk,d35108d902dd1e445962ed2b4ad889f7,,243.9,17,6,1495,2707,16-20,리그 오브 레전드,33.3,코어 키퍼,25.6,발로란트,24.4,5,true,multi_game,,2026-06-14T18:16:55.817Z
개순이,naverchzzk,a087ae5d1995d2a408e6ab673bf33035,,133.3,27,11,1490,283,21-30,발로란트,70.7,피크,29.3,,0,2,true,multi_game,,2026-06-14T18:17:01.371Z
나솜,naverchzzk,84a80a673091c5b12d5cd2fd9486b696,,89.1,29,16,1490,672,21-30,talk,38.9,P의 거짓,17.5,종합 게임,13,7,false,single_game_or_non_game,,2026-06-14T18:17:02.196Z
체다미,naverchzzk,f321837caa794541301464d83daa947b,,144.4,35,10,1487,551,31-40,메이플스토리,43.3,전략적 팀 전투 : 우주의 신들,24.2,워크래프트 3: 리포지드,24,5,true,multi_game,,2026-06-14T18:17:10.577Z
게임못하는보니,naverchzzk,4db9e0f8f8639d08cebb0d1a10100dc0,,245.5,34,6,1481,833,31-40,이스케이프 프롬 타르코프,22.3,종합 게임,18.3,프래그마타,10.9,14,true,multi_game,,2026-06-14T18:17:11.486Z
메드카우,naverchzzk,25393fc6c48d6766a02a4b63df37f147,,147,18,10,1476,555,16-20,talk,63.6,프래그마타,12.2,원신,11.9,6,false,talk_primary,,2026-06-14T18:17:18.357Z
듀 나,naverchzzk,6e872ef76e61aee6fd9aed66077a9f4c,,88.2,37,16,1477,1587,31-40,이스케이프 프롬 타르코프,61.5,마인크래프트,17.8,로스트아크,7.4,9,true,multi_game,,2026-06-14T18:17:18.418Z
만 득,naverchzzk,424eeea681196cd17f4cc7c0a919cdaf,,239.5,19,6,1454,156,16-20,고전 게임,100,,0,,0,1,false,single_game_dominant,,2026-06-14T18:17:26.211Z
강지형,naverchzzk,274b68abff4edcd71f0b63df155fa117,,319.9,12,4,1473,814,10-15,발로란트,78.5,talk,10.4,PUBG: 배틀그라운드,7.9,8,false,single_game_or_non_game,,2026-06-14T18:17:27.988Z
개성쿤,naverchzzk,e675d3956f76c9b05d2628961555ef75,,179.1,34,8,1451,1418,31-40,마인크래프트,38.4,talk,30.3,팀버본,6.2,14,false,single_game_or_non_game,,2026-06-14T18:17:35.206Z
김피엔,naverchzzk,33a1437c1164b51cb395d242ce36bd53,,116.3,30,12,1449,406,21-30,talk,62.5,마왕성 스토리,15.8,포켓몬 포코피아,11.4,5,false,talk_primary,,2026-06-14T18:17:36.066Z
얀제리,naverchzzk,086e698db3e7981562d4b60be4c57212,,445.1,11,3,1442,226,10-15,,0,,0,,0,0,unknown,no_category_data,,2026-06-14T18:17:41.382Z
미러시,naverchzzk,d474e3a33f8326d0292240de3af2d92b,,166.9,21,8,1447,503,21-30,음악/노래,48.6,성세천하: 여제의 탄생,12.4,talk,9.3,11,false,single_game_or_non_game,,2026-06-14T18:17:41.431Z
도기태,naverchzzk,e0f485296633184ce2048e8f0270345e,,90.4,33,15,1437,2039,31-40,talk,92.3,음악/노래,7.7,,0,2,false,talk_primary,,2026-06-14T18:17:48.497Z
도도리코 dodorico,naverchzzk,3e1a9477d42ae145c02b0ce5e730a9b0,,103,29,13,1435,371,21-30,talk,38.8,고스트피아 시즌 원,20.2,데드 바이 데이라이트,12,12,false,single_game_or_non_game,,2026-06-14T18:17:48.825Z
파랑떡볶이,naverchzzk,72daeda32bb15f58ae6c6f1866c35492,,196.6,24,7,1434,1640,21-30,레프트 4 데드 2,70.1,메이플스토리 월드,20,던전앤파이터,5.2,6,true,multi_game,,2026-06-14T18:17:53.908Z
장트러블,naverchzzk,d676df6bcb09c553c26a2e2b92542fd6,,56.2,48,25,1434,6700,41-50,이환,48.4,아주르 프로밀리아,16,명조:워더링 웨이브,12.1,9,true,multi_game,,2026-06-14T18:17:55.743Z
리유 Re You,naverchzzk,befab03007ccf553b9328384e84c4d93,,282.1,17,5,1429,259,16-20,리그 오브 레전드,52.4,서브노티카 2,16,종합 게임,14.3,6,true,multi_game,,2026-06-14T18:18:02.021Z
코히루,naverchzzk,69af8ec9cb06723aeeb1189fc6f580f7,,72,31,19,1425,1165,31-40,메카 브레이크,72.4,서브노티카 2,8.3,talk,6.7,8,false,single_game_or_non_game,,2026-06-14T18:18:06.003Z
킴연잎,naverchzzk,4780ce79757a7c82057fab72a35453e8,,103.9,46,13,1421,5414,41-50,이환,40.8,talk,22.1,명조:워더링 웨이브,10.9,8,false,single_game_or_non_game,,2026-06-14T18:18:07.328Z
토봉이,naverchzzk,04f9108aa4e96795f731c06b2e6889c1,,261.8,23,5,1421,523,21-30,오버워치,49.2,전략적 팀 전투 : 우주의 신들,28,킹덤 컴: 딜리버런스 II,20.6,5,true,multi_game,,2026-06-14T18:18:15.322Z
체리쉬 cherrysh,naverchzzk,0dd5988f5922e65c9bfd627973ab5878,,176.9,26,8,1418,1327,21-30,메이플스토리 월드,58.8,talk,21,리그 오브 레전드,7.9,8,false,single_game_or_non_game,,2026-06-14T18:18:16.310Z
콩천,naverchzzk,4ef53da3663495ec22322af637f5cb34,,91.9,28,15,1416,389,21-30,talk,48.5,슬레이 더 스파이어 2,31,오버워치,7.8,5,false,single_game_or_non_game,,2026-06-14T18:18:20.276Z
하나비양,naverchzzk,24afbe348a02f146fdb7b0db4fab2c40,,202.9,16,6,1414,118,16-20,,0,,0,,0,0,unknown,no_category_data,,2026-06-14T18:18:21.179Z
김득춘,naverchzzk,40ede1fca56fd7141d718c116d5501dc,,301.5,20,4,1414,1330,16-20,이환,49.2,종합 게임,17.5,talk,15.1,9,true,multi_game,,2026-06-14T18:18:26.424Z
배드마우스,naverchzzk,55f9d87ba8d92679e0caa0cb538413f2,,341.2,12,4,1413,447,10-15,마인크래프트,53.1,종합 게임,16.4,서브노티카 2,11.1,8,true,multi_game,,2026-06-14T18:18:26.658Z
기막사,naverchzzk,2fcd803a238fccd86bcb97cef73233f8,,140,25,10,1410,1051,21-30,종합 게임,18,스테퍼 케이스:초능력 추리 어드벤처,17.8,팀파이트 매니저 2,16.9,14,true,gg_primary,,2026-06-14T18:18:32.102Z
이태호,naverchzzk,ff49176260d1424dc72ac38b99a38b5f,,44.6,49,31,1410,1788,41-50,카트라이더,58.1,talk,22.2,PUBG: 배틀그라운드,5.6,11,false,single_game_or_non_game,,2026-06-14T18:18:33.129Z
RIOORI 리우리,naverchzzk,3d24cb2450ec17e17f79e964d32a23e3,,88.1,36,15,1403,638,31-40,던전앤파이터,60,메이플스토리 월드,27.9,컬트 오브 더 램,2.5,10,true,multi_game,,2026-06-14T18:18:39.160Z
세요빔,naverchzzk,3cf58789ab09865bdc1e2f3a76d66b27,,148.2,20,9,1393,270,16-20,그림/아트,70,명일방주: 엔드필드,13.3,이환,5.9,9,false,single_game_or_non_game,,2026-06-14T18:18:40.322Z
김호러,naverchzzk,64589342e2a8e733573b99732aeb8822,,294.5,25,4,1392,63,21-30,,0,,0,,0,0,unknown,no_category_data,,2026-06-14T18:18:44.541Z
유메루,naverchzzk,be1729574be8282d009fb7a17f141487,,164.2,18,8,1382,256,16-20,마인크래프트,39.4,유희왕 마스터 듀얼,16.2,리그 오브 레전드,12.2,9,true,multi_game,,2026-06-14T18:18:47.342Z
세키오,naverchzzk,0cfb40c68e56441c3e0ca58231e3523b,,135.1,21,10,1381,1155,21-30,talk,40.2,종합 게임,24.4,이환,22,6,true,multi_game,,2026-06-14T18:18:50.149Z
핏코로 piccolo,naverchzzk,881f5b83ead2350fa1f19a83ac924230,,124.6,28,11,1379,596,21-30,작혼: 리치 마작,22.8,talk,20.8,림버스 컴퍼니,12.8,13,false,single_game_or_non_game,,2026-06-14T18:18:53.225Z
도시비,naverchzzk,2d03348eca66f34791b2bbf8b711ae03,,589.3,13,2,1371,130,10-15,,0,,0,,0,0,unknown,no_category_data,,2026-06-14T18:18:55.234Z
자양화,naverchzzk,c0d1359d074b1d19760689836edde821,,444.4,16,3,1370,341,16-20,리그 오브 레전드,98.4,시드 마이어의 문명 VII,1.6,,0,2,false,single_game_dominant,,2026-06-14T18:18:58.286Z
windowxz,naverchzzk,2811c205066dae97aed8066a1cd93dbc,,656,13,2,1367,33,10-15,종합 게임,100,,0,,0,1,true,gg_primary,,2026-06-14T18:19:01.144Z
탄격,naverchzzk,0f906bd7102ea34ff49d8f86242ea5a7,,412.5,11,3,1363,216,10-15,음악/노래,54.8,talk,45.2,,0,2,false,single_game_or_non_game,,2026-06-14T18:19:04.121Z
게임유령,naverchzzk,86df18cf522ea1914ac055f282aa05ed,,347,35,3,1362,1290,31-40,월드 오브 워크래프트: 한밤,93.3,종합 게임,5.3,이환,1.1,4,false,single_game_dominant,,2026-06-14T18:19:07.533Z
해까닥여울이 Yeoul,naverchzzk,ec7a795e04f5c713587df20ce7895235,,103.8,40,13,1356,767,31-40,세븐 데이즈 투 다이,64.9,마인크래프트,12,talk,6.7,8,false,single_game_or_non_game,,2026-06-14T18:19:10.239Z
컨제 Conze,naverchzzk,9974b1cff13f05651e163e01ddb7c18c,,63.9,44,21,1354,10364,41-50,talk,98.9,마블 라이벌즈,0.4,앵그리버드 2,0.3,5,false,talk_primary,,2026-06-14T18:19:13.345Z
원이지라,naverchzzk,9da0c44b2ea2f8582b82e378a0d03d21,,170.1,17,7,1352,1096,16-20,이터널 리턴,65.4,메이플스토리 월드,31.6,talk,2.9,3,true,multi_game,,2026-06-14T18:19:16.534Z
주밍JOOMING,naverchzzk,d3beda22fdad51418f43e93bfbbf11c5,,334,16,4,1351,170,16-20,고전 게임,41.6,talk,28.2,포르자 호라이즌 6,16.1,5,true,multi_game,,2026-06-14T18:19:19.158Z
아도카도,naverchzzk,0537e132c47b6d4fa46650e30ba39d4a,,78.9,30,17,1345,2703,21-30,talk,38,림버스 컴퍼니,30,서브노티카 2,8.9,11,false,single_game_or_non_game,,2026-06-14T18:19:22.560Z
티곱삼,naverchzzk,2cf63fb4b9bf15ebf7f88d9aac716583,,347.8,10,3,1343,171,10-15,talk,68,포장마차 : 한국 길거리 음식 경영시뮬레이터,28,종합 게임,4,3,false,talk_primary,,2026-06-14T18:19:24.167Z
이루파,naverchzzk,c9ab7c017e5eacc8c07671de5e370e91,,153.9,25,8,1343,554,21-30,,0,,0,,0,0,unknown,no_category_data,,2026-06-14T18:19:27.244Z
조민훈,naverchzzk,fd214aa985cf2d163db79f3c881c2793,,276.1,12,4,1340,416,10-15,talk,49.9,서브노티카: 빌로우 제로,31.7,007 퍼스트 라이트,17.7,4,true,multi_game,,2026-06-14T18:19:30.133Z
티아뇽,naverchzzk,363564cc2af618751e1ac695e9963aa0,,425.9,11,3,1340,507,10-15,talk,49.6,종합 게임,22.9,바이오하자드 빌리지,10.5,9,true,gg_secondary,,2026-06-14T18:19:33.272Z
불꽃빡빡,naverchzzk,3c756c71b2c4a1bda8ee7a398e626f17,,93.8,35,14,1339,656,31-40,토탈 워: 워해머 3,55.9,림월드,29.3,아노 1800,14.7,3,true,multi_game,,2026-06-14T18:19:36.932Z
대로야,naverchzzk,159e9a23921859e3bc573d69edcca953,,459.1,15,2,1334,133,10-15,,0,,0,,0,0,unknown,no_category_data,,2026-06-14T18:19:38.432Z
곽상츄,naverchzzk,204f1d5f674e2b9ec4097e91785c4e2e,,189.1,20,7,1334,806,16-20,,0,,0,,0,0,unknown,no_category_data,,2026-06-14T18:19:41.114Z
어둠의앙평단,naverchzzk,27de480f79feb6c9dadd926d03a1f8b7,,231.5,16,5,1333,503,16-20,리그 오브 레전드,71.4,PUBG: 배틀그라운드,14.1,그림/아트,3.2,12,false,single_game_or_non_game,,2026-06-14T18:19:44.488Z
파란채널,naverchzzk,cf636974478e2b7e0ed6dc96cb2779df,,133.1,28,10,1332,283,21-30,,0,,0,,0,0,unknown,no_category_data,,2026-06-14T18:19:46.350Z
빠로로,naverchzzk,d8a135113677a174a6a8c18ac674100f,,403.9,10,3,1325,200,10-15,미나 더 할로워,44.2,리듬 닥터,24.4,talk,16.3,5,true,multi_game,,2026-06-14T18:19:50.750Z
II 여유 II,naverchzzk,17fbaeccda7dca5f4e35150e66255f08,,244.9,15,5,1323,324,10-15,,0,,0,,0,0,unknown,no_category_data,,2026-06-14T18:19:51.924Z
감 규 리,naverchzzk,f6dfb1432bc2e45a5cc98121e3e70a81,,1978.1,14,0,1319,103,10-15,붉은사막,89.9,음악/노래,10.1,종합 게임,0,3,false,single_game_dominant,,2026-06-14T18:19:58.217Z
와박문,naverchzzk,673b7fd8643c1a6800bb67e5bdde99b6,,57.4,38,22,1314,3483,31-40,명조:워더링 웨이브,38.5,talk,20.5,리그 오브 레전드,12.7,13,false,single_game_or_non_game,,2026-06-14T18:19:59.154Z
히레 hire,naverchzzk,9be49a707d9928ef90363c211172f98a,,149.7,22,8,1309,841,21-30,종합 게임,100,,0,,0,1,true,gg_primary,,2026-06-14T18:20:03.912Z
비나 Binah,naverchzzk,0be8dc1c87bc63e51380f779123df6aa,,47,44,27,1307,3022,41-50,talk,49,오버워치,27.2,종합 게임,10.3,9,false,single_game_or_non_game,,2026-06-14T18:20:05.543Z
고니시치,naverchzzk,59b4a707b8eecdde31e921be2642223c,,117.8,20,11,1306,452,16-20,talk,50.6,철권 8,20.7,엘든 링,6.2,11,false,talk_primary,,2026-06-14T18:20:09.209Z
기령,naverchzzk,107464f0bfe878da1912eefc39992638,,138.6,33,9,1304,232,31-40,talk,89.5,돈 플레이 디스,10.5,,0,2,false,talk_primary,,2026-06-14T18:20:11.086Z
백진 M4YD4Y,naverchzzk,eb88b4ba9c0f96e6b8fc38f20ade317d,,525.6,12,2,1296,194,10-15,소닉 더 헤지혹,44,종합 게임,14.6,talk,11.3,11,false,single_game_or_non_game,,2026-06-14T18:20:15.358Z
폰루루 ㅣ PON RuRu,naverchzzk,b0de2c68613b549949fb1ab92c99995b,,377.6,26,3,1291,295,21-30,종합 게임,87.2,talk,12.8,,0,2,true,gg_primary,,2026-06-14T18:20:17.259Z
무개냥,naverchzzk,74cd30e5d3d1fc7bdf7fe3ea998a6929,,254.5,13,5,1287,192,10-15,,0,,0,,0,0,unknown,no_category_data,,2026-06-14T18:20:20.261Z
우안뉴,naverchzzk,8c7fa9e3777909a858c6355e682d9510,,462.4,15,2,1278,349,10-15,로스트아크,90.2,종합 게임,9.3,talk,0.5,3,false,single_game_dominant,,2026-06-14T18:20:22.294Z
아하 AHA,naverchzzk,062c2bff9cf6245da75b54a70d2d0fe9,,105.5,28,12,1276,440,21-30,전략적 팀 전투 : 우주의 신들,45.1,리그 오브 레전드,24,다크 소울 2,9.3,10,true,multi_game,,2026-06-14T18:20:27.220Z
요나,naverchzzk,c61969606c0a253f4bd4580d0082b788,,140.5,29,9,1275,402,21-30,종합 게임,27.3,talk,20.9,미제사건은 끝내야 하니까,8.5,15,true,gg_primary,,2026-06-14T18:20:28.880Z
새미냥,naverchzzk,f7e62a41cfff5b33e29245e52f8431b5,,247.5,15,5,1274,263,10-15,종합 게임,36.2,블랙 소울즈 II,17.4,바이오하자드 RE:2,11,14,true,gg_primary,,2026-06-14T18:20:33.438Z
노빠꾸 철권소담TV,naverchzzk,f7e71c69f222a684ed3e323e025d1fa7,,63.8,50,19,1268,3669,41-50,talk,46.7,마인크래프트,22.5,림월드,13.3,10,false,single_game_or_non_game,,2026-06-14T18:20:35.198Z
변수지,naverchzzk,ceda73c5e3048554b32b46f65067f896,,266.3,23,4,1268,1913,21-30,철권 8,86.3,talk,6.1,종합 게임,5.2,4,false,single_game_dominant,,2026-06-14T18:20:39.684Z
암픔,naverchzzk,503d5d5848466dd58d8af83083b73a14,,153,21,8,1266,3119,21-30,오버워치,56.5,발로란트,27.8,종합 게임,5,11,true,multi_game,,2026-06-14T18:20:41.775Z
댄뷔 Danbi,naverchzzk,43d1be94a34ecf39ed730f03a8a44bd3,,222.7,27,5,1265,78,21-30,,0,,0,,0,0,unknown,no_category_data,,2026-06-14T18:20:44.243Z
찬찬 ChanChan,naverchzzk,2530f0d0a29d48d7ca342e1b6313e687,,73.6,35,17,1263,1455,31-40,오버워치,68.3,서브노티카 2,17.4,007 퍼스트 라이트,11.9,4,true,multi_game,,2026-06-14T18:20:46.564Z
세오 Seo,naverchzzk,c45f38431306650d33361c601badd441,,80,40,15,1259,483,31-40,마비노기 모바일,64.1,P의 거짓,5.3,리그 오브 레전드,5.2,16,false,single_game_or_non_game,,2026-06-14T18:20:50.047Z
강사라,naverchzzk,3957fa4509ce5677e403dd3589539cd4,,365.5,14,3,1257,67,10-15,종합 게임,34.3,할로우 나이트,33.9,talk,14.3,7,true,gg_primary,,2026-06-14T18:20:52.118Z
새우 새우,naverchzzk,2c8ec60210ba25511bd7b6a3eb2605f1,,127.6,23,9,1251,447,21-30,로스트아크,72.6,서브노티카 2,8,서브노티카,6.8,9,false,single_game_or_non_game,,2026-06-14T18:20:55.326Z
꿀라떼,naverchzzk,0be6c49fc48d95899f7dd89c23d56af8,,289.3,10,4,1244,205,10-15,리썰 컴퍼니,26.9,talk,19.5,리그 오브 레전드,14.7,18,false,single_game_or_non_game,,2026-06-14T18:20:58.333Z
흰연꽃,naverchzzk,d5ff7de28f1a2b472d69fc6fb6f47838,,215.8,17,5,1243,133,16-20,윈드로즈,48.4,PUBG: 배틀그라운드,30.7,서브노티카 2,20.9,3,true,multi_game,,2026-06-14T18:21:00.191Z
스나루 SUNARU,naverchzzk,e3f1c85f98803a8a0f4187840ec6b862,,106.9,37,11,1238,1026,31-40,포켓몬스터 리프그린,33.1,포켓몬 포코피아,22.4,talk,22.1,5,true,multi_game,,2026-06-14T18:21:03.207Z
어츄,naverchzzk,6bc69f9a1344b88409665323ea8cd925,,116.4,21,10,1238,804,21-30,talk,41.5,명조:워더링 웨이브,16.5,아주르 프로밀리아,10.8,12,false,single_game_or_non_game,,2026-06-14T18:21:08.970Z
아오하루 히카루 Wishing,naverchzzk,4109c47454d53539ba75b26f2a6e94b5,,130.4,24,9,1236,336,21-30,talk,34.3,요시와 신기한 도감,18.4,포르자 호라이즌 6,14.5,8,false,single_game_or_non_game,,2026-06-14T18:21:11.111Z
달디단레몬,naverchzzk,3ecbcdcd5c780344d396c93c61ea2595,,97.5,46,12,1234,1337,41-50,유희왕 마스터 듀얼,79.2,포켓몬스터 하트골드,15.4,포켓몬 챔피언스,4.7,4,true,multi_game,,2026-06-14T18:21:14.536Z
류 카,naverchzzk,e2f91d088c9bbcd1fce2924ff3f58226,,172.4,27,7,1234,1702,21-30,PUBG: 배틀그라운드,31.9,서브노티카 2,15.3,리그 오브 레전드,13.9,13,true,multi_game,,2026-06-14T18:21:18.003Z
아 말 콩,naverchzzk,6f1350c4e68bb962130a0bc27d8c4373,,182.2,16,6,1234,757,16-20,스플래툰 3,48.2,talk,36.8,포켓몬 챔피언스,15,3,true,multi_game,,2026-06-14T18:21:20.305Z
최돌핀 Dolphin Choi,naverchzzk,c80705b6bfec75a69adca93042474f0a,,41.7,48,29,1233,859,41-50,,0,,0,,0,0,unknown,no_category_data,,2026-06-14T18:21:22.127Z
은설호,naverchzzk,c7f21598662d9d187330a01ddee4c76a,,387.4,10,3,1231,343,10-15,,0,,0,,0,0,unknown,no_category_data,,2026-06-14T18:21:25.362Z
유이리 YUERI,naverchzzk,0fe4fe352fed30fdc386148b41d84f2a,,326.1,11,3,1230,517,10-15,마인크래프트,53.4,이환,9.4,talk,7.3,15,false,single_game_or_non_game,,2026-06-14T18:21:28.255Z
아카리00,naverchzzk,0008cf3fdbb8ef0e838dee5deef1e8a9,,215.1,12,5,1226,227,10-15,이스케이프 프롬 타르코프,46.4,종합 게임,20.6,talk,20.6,7,true,multi_game,,2026-06-14T18:21:31.246Z
문뚜야,naverchzzk,2fe6a917da1507c0e678cc3a4ca999ec,,142.9,19,8,1225,613,16-20,talk,60.3,오버워치,39.7,,0,2,false,talk_primary,,2026-06-14T18:21:33.351Z
달 빛 아 래,naverchzzk,9d976a66073786f7ff8024b48df62ce4,,68.6,33,17,1217,1733,31-40,,0,,0,,0,0,unknown,no_category_data,,2026-06-14T18:21:36.662Z
미쳐버린 인노,naverchzzk,2629ef26d6abd8cf1fa7d52e83ba3542,,60.5,41,20,1214,1972,41-50,마인크래프트,46.4,talk,35.5,이터널 리턴,7.8,5,false,single_game_or_non_game,,2026-06-14T18:21:39.147Z
작은리쉬,naverchzzk,c41e968675bdf1e7321e9f74c74b3670,,399.7,12,3,1214,379,10-15,리그 오브 레전드,80,talk,20,,0,2,false,single_game_dominant,,2026-06-14T18:21:41.779Z
린세 이데,naverchzzk,420f9f0bcb5c542795e3fe307eb2d99a,,305.7,10,3,1213,316,10-15,오버워치,100,,0,,0,1,false,single_game_dominant,,2026-06-14T18:21:44.746Z
김초나,naverchzzk,f9c5767197acf2b93313d2f57d432a8d,,89.7,30,13,1212,1133,21-30,talk,24.5,붉은사막,23.8,포르자 호라이즌 6,12.8,18,false,single_game_or_non_game,,2026-06-14T18:21:47.916Z
사켄,naverchzzk,d583388dc780e7867d0e8d712cea5e8b,,81.5,32,14,1211,1004,31-40,talk,43,종합 게임,14.6,명조:워더링 웨이브,13.8,10,false,single_game_or_non_game,,2026-06-14T18:21:49.553Z
쏠라쏠,naverchzzk,918c535c7927e9b9c55888f0ce96dd22,,257,20,4,1210,128,16-20,이터널 리턴,55.4,명조:워더링 웨이브,30.4,승리의 여신: 니케,8.9,4,true,multi_game,,2026-06-14T18:21:52.292Z
Lebe,naverchzzk,8410e08fd6359ed491b5ad366994fa0d,,169.8,28,7,1210,718,21-30,유희왕 마스터 듀얼,39.4,림버스 컴퍼니,22.3,야구,10,11,true,multi_game,,2026-06-14T18:21:55.237Z
잠꾸,naverchzzk,c937ce21630daa9ab833b310c48ecd88,,184.6,17,6,1203,542,16-20,그림/아트,24.5,노 레스트 포 더 위키드,23.7,엠버 나이트,15.7,10,true,multi_game,,2026-06-14T18:21:58.736Z
오몽몽ㅇ,naverchzzk,c61d9af7263c4d436e5a682c8da4d706,,160,16,7,1201,1224,16-20,talk,31.3,종합 게임,17.1,발로란트,15.3,11,true,multi_game,,2026-06-14T18:22:03.709Z
호시미야마리,naverchzzk,9243b205089221bd8d430f3af78e6742,,96.9,44,12,1200,1351,41-50,,0,,0,,0,0,unknown,no_category_data,,2026-06-14T18:22:04.413Z
박 잔디,naverchzzk,aca36e99198a7587de9dd1bbe324fd87,,111.1,27,10,1199,698,21-30,리그 오브 레전드,60.8,서든어택,16.6,talk,8.1,10,true,multi_game,,2026-06-14T18:22:10.135Z
수 바니,naverchzzk,8da2cbae1c627fab3477abfdc9e119bc,,40.2,48,29,1198,4279,41-50,아이온2,30.5,명조:워더링 웨이브,27.6,이환,12.1,9,true,multi_game,,2026-06-14T18:22:11.876Z
촉수마왕,naverchzzk,6b80b3af7ba96934aa240ed9d9495442,,131.6,36,9,1196,629,31-40,,0,,0,,0,0,unknown,no_category_data,,2026-06-14T18:22:15.361Z
혼겜돌이,naverchzzk,c9a7a8a4006fa8ed4cefbf97b398abf2,,161.9,21,7,1196,532,21-30,포르자 호라이즌 6,43.2,천하제일상거상,24.6,ELDEN RING 밤의 통치자,14.9,14,true,multi_game,,2026-06-14T18:22:18.111Z
다들 좋은 일만 생기자,naverchzzk,b011467a762682df78f17c1cdf800413,,553.4,10,2,1193,262,10-15,파이널판타지14,51.5,노 레스트 포 더 위키드,12.6,포르자 호라이즌 6,5.3,17,false,single_game_or_non_game,,2026-06-14T18:22:21.252Z
치과의사 매직박,naverchzzk,eb3536eb577f8dbd5889fa69b2a826b2,,144.4,20,8,1191,680,16-20,,0,,0,,0,0,unknown,no_category_data,,2026-06-14T18:22:23.384Z
아란챠,naverchzzk,4695513000a3ec512bd0fed52fdc6e93,,66,41,18,1190,1860,41-50,오버워치,77.4,디제이맥스 리스펙트 V,5.9,talk,4.9,9,false,single_game_or_non_game,,2026-06-14T18:22:27.336Z
바베,naverchzzk,d61bbf21d161b6436f8993038cc1a989,,149,49,7,1190,384,41-50,로스트 저지먼트: 심판받지 않은 기억,54.8,진・삼국무쌍: ORIGINS,18.3,007 퍼스트 라이트,13,9,true,multi_game,,2026-06-14T18:22:29.425Z
귀털,naverchzzk,1d11bd39efaf72ef06ec71df2381b549,,312.9,13,3,1185,29,10-15,,0,,0,,0,0,unknown,no_category_data,,2026-06-14T18:22:32.112Z
리채 Richae,naverchzzk,3e058dcfbb022dfdaa1a9b7d9eefe45a,,49.1,41,24,1184,1210,41-50,던전앤파이터,59.8,종합 게임,16.7,고전 게임,9.9,8,true,multi_game,,2026-06-14T18:22:35.091Z
조녜율,naverchzzk,292610d6ce4dd6120b11fdd889b9069b,,55.7,50,21,1183,1168,41-50,,0,,0,,0,0,unknown,no_category_data,,2026-06-14T18:22:37.115Z
다롬,naverchzzk,60494e4774ed0bbac45f47cfcbbcd8be,,86.7,50,13,1182,2292,41-50,로스트아크,73.8,마인크래프트,9.3,종합 게임,5.6,8,false,single_game_or_non_game,,2026-06-14T18:22:42.786Z
구리리,naverchzzk,7465c95d6faf00a798ffa8880845037c,,79.4,29,14,1181,1669,21-30,로스트아크,85.4,승리의 여신: 니케,9,붉은사막,5.5,3,false,single_game_dominant,,2026-06-14T18:22:43.922Z
은백곰,naverchzzk,e6ba0d54b31831ecb2c78a4132cb99e1,,234.5,13,5,1176,494,10-15,서브노티카 2,65.6,로스트아크,14.9,"걱정 마세요, 난기류입니다",7.1,7,false,single_game_or_non_game,,2026-06-14T18:22:48.564Z
피아노캣 PianoCat,naverchzzk,b49bd578b2a41b2e34ba198a23833305,,330.6,14,3,1179,395,10-15,철권 8,70.6,종합 게임,9.3,명조:워더링 웨이브,6.5,17,false,single_game_or_non_game,,2026-06-14T18:22:48.824Z
미 유,naverchzzk,c79ccf96180a0798cd5b0f6f7a2c9cbf,,123,26,9,1176,577,21-30,붉은사막,41.9,용과 같이0 맹세의 장소 Director's Cut,20.3,로보토미 코퍼레이션,12,13,true,multi_game,,2026-06-14T18:22:57.644Z
갱생 이고르,naverchzzk,edca046a9e1e8fa80bc35b7fb8855b0b,,70.8,31,16,1175,1587,31-40,talk,34.5,마인크래프트,11.1,이환,10.3,10,false,single_game_or_non_game,,2026-06-14T18:22:57.786Z
단하루 danharu,naverchzzk,ddc0b724047a8d0f9cdc7740d65d9b17,,120.4,28,9,1171,1039,21-30,,0,,0,,0,0,unknown,no_category_data,,2026-06-14T18:23:03.555Z
루시 Luci,naverchzzk,a570149e06db3475e563413716ce822c,,105.2,20,11,1175,253,16-20,명일방주,76.8,종합 게임,4.4,명조:워더링 웨이브,3.8,12,false,single_game_or_non_game,,2026-06-14T18:23:04.067Z
속도의신,naverchzzk,bb08cb468fca542c6c6e084f532388d8,,377.1,30,3,1167,479,21-30,종합 게임,60.9,고전 게임,12.7,서브노티카 2,12.7,5,true,gg_primary,,2026-06-14T18:23:09.431Z
연하늘 HaneuI,naverchzzk,cd5ae4c07c49827120da9486e13454f5,,99.1,50,11,1160,1612,41-50,슬레이 더 스파이어 2,45,엘든 링,27,코어 키퍼,11.9,7,true,multi_game,,2026-06-14T18:23:09.568Z
악질표고버섯,naverchzzk,e38a3db0ecf1cf7e8a461a8364c4888c,,155.4,14,7,1157,941,10-15,talk,48.8,종합 게임,20.3,음악/노래,13.8,7,true,gg_secondary,,2026-06-14T18:23:17.413Z
백아이,naverchzzk,e62b2771a14fb902fba8b3b324d59e45,,67.9,45,17,1158,3066,41-50,음악/노래,77.1,talk,22.9,,0,2,false,single_game_or_non_game,,2026-06-14T18:23:17.476Z
BySam,naverchzzk,2b172111fade7d1fbfee02b51121cd29,,99.9,33,11,1153,1353,31-40,,0,,0,,0,0,unknown,no_category_data,,2026-06-14T18:23:22.965Z
꽃무니,naverchzzk,812f0d1a913c4e1314ff03ffb48670b7,,53.3,46,21,1150,873,41-50,,0,,0,,0,0,unknown,no_category_data,,2026-06-14T18:23:23.004Z
김막구,naverchzzk,7f14cb1fbbf50fa62cce90321faf57e9,,56.6,36,20,1146,2993,31-40,카트라이더,74,PUBG: 배틀그라운드,21.7,종합 게임,2.2,5,true,multi_game,,2026-06-14T18:23:29.629Z
롱판다,naverchzzk,eddbcea5d023e37bf205c4ed2d73ff4d,,97.1,27,11,1148,945,21-30,로스트아크,59.6,톰 클랜시의 더 디비전 2,32,라이어 게임,3.7,6,true,multi_game,,2026-06-14T18:23:29.989Z
시라이 쿄카,naverchzzk,e51a3fd11b3ede1138c27538925fb9ce,,268.5,14,4,1145,569,10-15,종합 게임,24.4,마인크래프트,23.7,테트리스,18.8,10,true,gg_primary,,2026-06-14T18:23:36.504Z
안녕 Annyeong,naverchzzk,79d0b29819d33db4b3309584b789c4d6,,83.1,29,13,1144,1157,21-30,몬스터 헌터 와일즈,74.1,검은 신화: 오공,11.9,talk,10.1,6,false,single_game_or_non_game,,2026-06-14T18:23:36.615Z
송 아,naverchzzk,f3969f9bce07b2eca08a295a69e40b00,,227.7,16,5,1144,233,16-20,,0,,0,,0,0,unknown,no_category_data,,2026-06-14T18:23:41.976Z
미네르 Mineru,naverchzzk,69996ac83db681049e110c5883f05f39,,108.5,21,10,1144,849,21-30,talk,22.4,에이펙스 레전드,21.1,서브노티카: 빌로우 제로,18.3,9,true,multi_game,,2026-06-14T18:23:42.994Z
하찮은,naverchzzk,3a4d844ef15e1b346fac101940b074d8,,72.5,37,15,1141,221,31-40,,0,,0,,0,0,unknown,no_category_data,,2026-06-14T18:23:46.406Z
빵 봉 투,naverchzzk,8fa62da2c99383d8b5e886b7cbbebb13,,345.5,13,3,1141,111,10-15,,0,,0,,0,0,unknown,no_category_data,,2026-06-14T18:23:47.401Z
시 끝,naverchzzk,4cbff9df9ebe42c651de10bcb8f122c7,,54.4,47,20,1139,1706,41-50,talk,64.6,음악/노래,35.4,,0,2,false,talk_primary,,2026-06-14T18:23:52.922Z
아인스 Eins,naverchzzk,2af466ec8f1fb864ba2eff44b066abfe,,181,23,6,1139,483,21-30,talk,52.8,발더스 게이트 3,19.2,성세천하: 여제의 탄생 Ⅱ,5.9,14,false,talk_primary,,2026-06-14T18:23:53.199Z
김하린,naverchzzk,023ecbfd298488c462289fb2632da178,,129,22,8,1138,484,21-30,리그 오브 레전드,43.7,PUBG: 배틀그라운드,22.8,종합 게임,10.4,11,true,multi_game,,2026-06-14T18:23:59.039Z
갓리타,naverchzzk,5afb8ff35097ff9bb6ce8c78acb81200,,254.2,18,4,1137,713,16-20,오버워치,64.2,코어 키퍼,9.1,파스모포비아,9.1,9,false,single_game_or_non_game,,2026-06-14T18:23:59.994Z
힙합2,naverchzzk,ddec13ea5c3e88ee750726abc9c1ae15,,204.9,12,5,1131,254,10-15,,0,,0,,0,0,unknown,no_category_data,,2026-06-14T18:24:04.876Z
북비산,naverchzzk,d183d198a98b2fea96c8b11258e20d83,,70.2,37,16,1131,2687,31-40,오버워치,79.5,향수,13.6,종합 게임,4.5,4,false,single_game_or_non_game,,2026-06-14T18:24:05.897Z
보리미당,naverchzzk,ccca86767eacd1a13fd5e48da4b21a6d,,335.3,19,3,1125,607,16-20,리그 오브 레전드,87.8,talk,10.1,디아블로 4: 증오의 군주,1.7,4,false,single_game_dominant,,2026-06-14T18:24:11.344Z
하나해,naverchzzk,b853cd157a4f76f5a5774b6efdf2a69a,,87.4,33,12,1120,1672,31-40,스톰 스트라이커,75.2,서브노티카 2,9.5,talk,3.6,9,false,single_game_or_non_game,,2026-06-14T18:24:11.816Z
야마치,naverchzzk,82a60732526a1e237101f3398592c0e2,,177.2,14,6,1118,259,10-15,프로젝트 좀보이드,31.2,디아블로 4: 증오의 군주,14.2,talk,11.3,10,false,single_game_or_non_game,,2026-06-14T18:24:18.682Z
김동팡,naverchzzk,5ae83bcf71af14d25c9df43dd9e3c6d8,,186.4,14,6,1119,449,10-15,종합 게임,32.8,talk,28.2,명조:워더링 웨이브,16.7,6,true,gg_primary,,2026-06-14T18:24:19.195Z
혜광 HyeGwang,naverchzzk,89facc32050e77a2ae8b75e88718684b,,126.6,20,8,1116,873,16-20,talk,32,이터널 리턴,27.6,포켓몬 포코피아,11.2,11,false,single_game_or_non_game,,2026-06-14T18:24:24.768Z
여우형시즌2,naverchzzk,1eedcef093d35ab5dd4c06225981ce56,,356.8,11,3,1113,1501,10-15,,0,,0,,0,0,unknown,no_category_data,,2026-06-14T18:24:24.956Z
쿠뽀미,naverchzzk,a5fb1b0b67a76de9f74bb8f95b280c0f,,40.2,46,27,1110,141,41-50,,0,,0,,0,0,unknown,no_category_data,,2026-06-14T18:24:29.474Z
단여,naverchzzk,8ed52663068c176ff350a1edf92843e6,,299.5,12,3,1105,29,10-15,로스트아크,100,,0,,0,1,false,single_game_dominant,,2026-06-14T18:24:29.786Z
독고링,naverchzzk,80209c5acc4555b4ec7c054240dbc204,,648.1,13,1,1099,71,10-15,리그 오브 레전드,75.7,종합 게임,8.1,에브리씽 이즈 크랩: 동물 진화 로그라이트,8.1,7,false,single_game_or_non_game,,2026-06-14T18:24:36.657Z
이보늬,naverchzzk,e0381f66ce50ef0ececfac238d93e65e,,135.3,15,8,1105,428,10-15,talk,30,팀파이트 매니저 2,19.8,프래그마타,14.9,10,false,single_game_or_non_game,,2026-06-14T18:24:36.692Z
남다늘,naverchzzk,8c775cf679c80956cfd5c59581a17379,,329.1,11,3,1097,334,10-15,퍼펙트 펜슬,42.9,다크 팰즈: 더 퍼스트 플로어,28.6,셰프 나이트,21.4,5,true,multi_game,,2026-06-14T18:24:42.197Z
듀파,naverchzzk,1218d91de2df4a7f6416a7c986418ba5,,118,22,9,1097,671,21-30,talk,44.1,명조:워더링 웨이브,21.3,007 퍼스트 라이트,12,14,false,single_game_or_non_game,,2026-06-14T18:24:43.443Z
다마장,naverchzzk,58ad86ca7dfa13cfe460f1cf4bca7eba,,169.6,20,6,1096,2206,16-20,talk,83.1,종합 게임,16.9,,0,2,false,talk_primary,,2026-06-14T18:24:47.667Z
채링,naverchzzk,c86f33a57c39ef1f0d8a4caa3f8264c2,,132.7,24,8,1095,613,21-30,talk,41.4,림버스 컴퍼니,33.6,성세천하: 여제의 탄생 Ⅱ,6.9,13,false,single_game_or_non_game,,2026-06-14T18:24:49.558Z
한서이 SEOI,naverchzzk,4328ff852cdb0d70bb8ee2488952ee76,,53.8,46,20,1094,1191,41-50,,0,,0,,0,0,unknown,no_category_data,,2026-06-14T18:24:52.327Z
눈꽃 하임,naverchzzk,7b630cfb6f772f91110e952c1449f1bb,,54.8,35,19,1093,3761,31-40,talk,52.6,왕좌의 게임: 킹스로드,27.1,승리의 여신: 니케,8,7,false,talk_primary,,2026-06-14T18:24:55.784Z
이치순,naverchzzk,eaa4c99fc7b796b38d2c33b4c6ae4327,,217.5,14,5,1093,910,10-15,발로란트,45.1,talk,33.6,종합 게임,4.3,14,false,single_game_or_non_game,,2026-06-14T18:25:00.650Z
뮨1,naverchzzk,65e85f522ada01151913560701b451e9,,55.7,42,19,1090,2230,41-50,,0,,0,,0,0,unknown,no_category_data,,2026-06-14T18:25:00.854Z
민폐여신베코,naverchzzk,57b5158ccbe6f1456f104a8307f92c29,,115.1,18,9,1088,1382,16-20,발로란트,100,,0,,0,1,false,single_game_dominant,,2026-06-14T18:25:08.568Z
모이 M0I,naverchzzk,ebbc32ff9447e6d7fcd91c08c5691275,,152.6,14,7,1087,561,10-15,스타크래프트 II : 공허의 유산,54.4,talk,13.3,성세천하: 여제의 탄생 Ⅱ,12,9,false,single_game_or_non_game,,2026-06-14T18:25:10.951Z
강편 오락실,naverchzzk,1c3b5788e820a5cd622aaba8daaaf343,,227.5,13,4,1083,454,10-15,아크: 서바이벌 이볼브드,90.9,talk,5.8,전략적 팀 전투 : 우주의 신들,1.9,4,false,single_game_dominant,,2026-06-14T18:25:13.613Z
햄또,naverchzzk,c34fe2bbd71bb93891717f6bff5bdda5,,145.3,19,7,1083,127,16-20,종합 게임,92.8,왕좌의 게임: 킹스로드,7.2,,0,2,true,gg_primary,,2026-06-14T18:25:16.015Z
제갈병춘,naverchzzk,b46d376f3c199f10622cb98604de2eaa,,119.3,29,9,1081,594,21-30,,0,,0,,0,0,unknown,no_category_data,,2026-06-14T18:25:18.292Z
키로1,naverchzzk,40eb61c2ed94467b9b829a3a44d29b6c,,84.9,22,12,1078,370,21-30,,0,,0,,0,0,unknown,no_category_data,,2026-06-14T18:25:21.294Z
펀트펀트,naverchzzk,3b7e111c46d1b3b56661f138e407b1c5,,138,20,7,1077,575,16-20,talk,52.8,림버스 컴퍼니,17,종합 게임,12.5,6,false,talk_primary,,2026-06-14T18:25:24.077Z
시메빈,naverchzzk,69f811dfd162f26384d9678b00f7d499,,31.9,47,33,1076,1564,41-50,로스트아크,99,쿼런틴 존: 더 라스트 체크,1,,0,2,false,single_game_dominant,,2026-06-14T18:25:27.590Z
권루나,naverchzzk,4da26ea7afded8cc8b8e22e1d36aacf9,,189.7,16,5,1071,912,16-20,프로젝트 좀보이드,34.5,마인크래프트,21.1,PUBG: 배틀그라운드,17.2,14,true,multi_game,,2026-06-14T18:25:29.482Z
엘 카오스 라이메데,naverchzzk,90d25b47d255d650d20312f8cc9408de,,53.5,35,19,1069,3244,31-40,talk,69.5,라이브러리 오브 루이나,16.3,오버워치,4.2,8,false,talk_primary,,2026-06-14T18:25:33.453Z
사메모메,naverchzzk,4a4a4656fbf3ce821d1c4776371e2f64,,165,17,6,1067,306,16-20,오버워치,33.5,발로란트,33.1,종합 게임,11.4,7,true,multi_game,,2026-06-14T18:25:35.353Z
낑카,naverchzzk,46f2eec16d1cefb177435ea2c5ba334a,,67,40,15,1067,354,31-40,,0,,0,,0,0,unknown,no_category_data,,2026-06-14T18:25:38.140Z
히뇨끼,naverchzzk,edec8cd68533850432638adce6ad92f2,,144.8,23,7,1067,202,21-30,워크래프트 3: 리포지드,52.1,스텔라리스,13.6,고전 게임,12.3,12,false,single_game_or_non_game,,2026-06-14T18:25:41.524Z
에맴맨TV,naverchzzk,7f4aaa6b0fb60cc52448e7d0c036342d,,83.1,24,12,1066,315,21-30,엘든 링,26.4,슬레이 더 스파이어 2,15.3,talk,12.2,10,true,multi_game,,2026-06-14T18:25:43.773Z
시 네 진,naverchzzk,e27cfcc175f0660608b84a3b6e15b532,,495.4,11,2,1064,66,10-15,종합 게임,70.3,talk,21.9,에이지 오브 미쏠로지: 리톨드,7.8,4,true,gg_primary,,2026-06-14T18:25:46.303Z
엘몽,naverchzzk,27c308b12e19387d2bc9332c2df66f83,,47.5,34,22,1064,1747,31-40,talk,50.9,리그 오브 레전드,21.6,친구모아 아일랜드 두근두근 라이프,11.1,8,false,talk_primary,,2026-06-14T18:25:49.388Z
단양 danyang,naverchzzk,a86f1bab2b5f0f802c456deee0f2b547,,147.6,20,7,1064,1013,16-20,사이퍼즈,78.7,마인크래프트,8.7,talk,5,8,false,single_game_or_non_game,,2026-06-14T18:25:52.333Z
임호수,naverchzzk,8672b8458643df90b5edc8969e0673cc,,192.5,20,5,1062,190,16-20,,0,,0,,0,0,unknown,no_category_data,,2026-06-14T18:25:54.218Z
2roo,naverchzzk,9e90baac18366f9d23821d4b1386ed9a,,73.5,39,14,1060,484,31-40,,0,,0,,0,0,unknown,no_category_data,,2026-06-14T18:25:57.088Z
제가왜,naverchzzk,a63dca78439598fb9f1adf80aa3a22ec,,158.3,15,6,1058,353,10-15,마인크래프트,34.4,PUBG: 배틀그라운드,27.5,프랫폴,8,9,true,multi_game,,2026-06-14T18:26:00.098Z
곰도우미,naverchzzk,40a5041df66d6e4861cfc8a3bc6d5424,,319.9,10,3,1054,251,10-15,마비노기 모바일,25.5,종합 게임,19.8,로들너트,16,8,true,multi_game,,2026-06-14T18:26:03.174Z
챺파,naverchzzk,b41b1a0f2f035198fcd0845fb5b3746b,,135.8,23,7,1054,1011,21-30,talk,63.8,종합 게임,12,림버스 컴퍼니,5,9,false,talk_primary,,2026-06-14T18:26:06.093Z
박시초,naverchzzk,2292d27f5367c7e775b4840e27988646,,127.6,39,8,1054,282,31-40,로스트아크,50.5,이환,18.5,PUBG: 배틀그라운드,15.6,7,true,multi_game,,2026-06-14T18:26:09.355Z
괜찮은 0629,naverchzzk,d75e06d8625a0c83b3b5f8d32f48732d,,35.4,48,29,1054,4091,41-50,철권 8,57.8,talk,20.5,리그 오브 레전드,7.9,9,false,single_game_or_non_game,,2026-06-14T18:26:12.534Z
타 에,naverchzzk,9dec7e73e94a2b1f98343a714a3ceec9,,514.4,11,2,1053,70,10-15,종합 게임,26,원신,25.6,이터널 리턴,18.3,7,true,gg_primary,,2026-06-14T18:26:15.244Z
포 숑,naverchzzk,2df70b30695d90bc1d568ed96adca46e,,243.9,23,4,1052,555,21-30,,0,,0,,0,0,unknown,no_category_data,,2026-06-14T18:26:17.303Z
집에갈까,naverchzzk,5c65cfbf556340d403b28935aa84a581,,120.2,16,8,1052,649,16-20,talk,54.7,커피 토크 도쿄,12.1,성세천하: 여제의 탄생 Ⅱ,8.1,8,false,talk_primary,,2026-06-14T18:26:21.748Z
algo,naverchzzk,d2cd4abae3b124197218c981ddd84cbb,,312.9,16,3,1052,142,16-20,아이온2,69.7,리그 오브 레전드,17.7,오버워치,7.1,6,true,multi_game,,2026-06-14T18:26:23.581Z
시드김,naverchzzk,bc7c2a2985adbe75fbc21d80ed984103,,184.5,18,5,1047,706,16-20,V 라이징,42.1,talk,13.4,림월드,8.1,14,false,single_game_or_non_game,,2026-06-14T18:26:27.686Z
버벅버벅,naverchzzk,90b1876f4e426547dcbb6b588d6bda03,,121.8,30,8,1047,550,21-30,,0,,0,,0,0,unknown,no_category_data,,2026-06-14T18:26:28.103Z
복대장,naverchzzk,c8291a3b5fc400bcbf0fa7c1e1b3800d,,142.5,16,7,1046,210,16-20,,0,,0,,0,0,unknown,no_category_data,,2026-06-14T18:26:32.266Z
무슥,naverchzzk,40ee04c68dd2699cfebb81f79a2571a5,,212.3,15,4,1045,42,10-15,종합 게임,79.1,talk,16.9,PUBG: 배틀그라운드,4,3,true,gg_primary,,2026-06-14T18:26:34.033Z
찹챠,naverchzzk,c09d0854f905363e6d53532e11d225a3,,180.8,14,5,1043,605,10-15,talk,27,붕괴: 스타레일,25.3,원신,11.7,9,false,single_game_or_non_game,,2026-06-14T18:26:40.810Z
아일라 Iyla,naverchzzk,d16ef0061b01105e4aca392181f6b846,,64.7,50,16,1043,2206,41-50,talk,62.6,리그 오브 레전드,26.6,오버워치,10.8,3,false,talk_primary,,2026-06-14T18:26:42.220Z
배쨜이,naverchzzk,8895df5b7733f26ccc6b4f54aeaa1072,,50.3,38,20,1043,787,31-40,메이플스토리,41.3,talk,18,고독방송,15.4,6,true,multi_game,,2026-06-14T18:26:45.341Z
수밍수밍,naverchzzk,ba7126d14727321a90789c177e197302,,265.3,15,3,1041,56,10-15,,0,,0,,0,0,unknown,no_category_data,,2026-06-14T18:26:47.116Z
쵸꾸미,naverchzzk,e3e007896d3e15a985123e1a6c065656,,177.3,12,5,1040,246,10-15,talk,74.6,종합 게임,19.6,에브리씽 이즈 크랩: 동물 진화 로그라이트,5.8,3,false,talk_primary,,2026-06-14T18:26:51.182Z
커피묭,naverchzzk,135a5a0b44cf4f7e44e5ff149ab20063,,126.3,35,8,1037,776,31-40,마리오 카트 월드,95.1,마리오 카트 8 디럭스,2.7,PUBG: 배틀그라운드,1.4,4,false,single_game_dominant,,2026-06-14T18:26:53.206Z
새옴,naverchzzk,ad81381b1e957d4caba0a94246196321,,125,25,8,1035,1177,21-30,talk,28.7,로스트아크,20.5,PUBG: 배틀그라운드,14.8,11,false,single_game_or_non_game,,2026-06-14T18:26:58.149Z
레 보,naverchzzk,8b7a0555b9297fa1c4dada9ff520c4d3,,58.2,29,17,1034,751,21-30,talk,100,,0,,0,1,false,talk_primary,,2026-06-14T18:26:58.521Z
야파토,naverchzzk,1b676df08e0eb6526cdb2d7aa2bacb9a,,179.9,14,5,1033,362,10-15,포켓몬 챔피언스,60.3,종합 게임,34.5,talk,5.2,3,true,multi_game,,2026-06-14T18:27:06.763Z
일로하,naverchzzk,40d277bcb13fc704ed7142cc974defb8,,63.2,31,16,1034,1812,31-40,talk,73.6,VR챗,15.9,마인크래프트,2.7,8,false,talk_primary,,2026-06-14T18:27:07.009Z
김수소,naverchzzk,dfde2bffef0dca871b1000bd712e9824,,177.4,16,5,1026,97,16-20,,0,,0,,0,0,unknown,no_category_data,,2026-06-14T18:27:11.978Z
임소다,naverchzzk,16f3f448edfd1b238cbf3eba6a9f9b4a,,172.7,17,5,1026,653,16-20,메이플스토리 월드,79.9,talk,11.3,셰이프 오브 드림즈,6.4,5,false,single_game_or_non_game,,2026-06-14T18:27:13.129Z
방모걸,naverchzzk,a035f0d21b9178b8b44683e8e91564bd,,71.4,29,14,1023,835,21-30,오버워치,67.7,철권 8,8.3,디아블로 II: 레저렉션,5.9,12,false,single_game_or_non_game,,2026-06-14T18:27:19.815Z
김혜주,naverchzzk,522a558daca6d2edb4573218715954e1,,203.4,15,5,1023,390,10-15,그림/아트,38.7,고전 게임,37,오버워치,11.6,6,false,single_game_or_non_game,,2026-06-14T18:27:20.571Z
아쿠챤,naverchzzk,09e87aa8e7a67e8237a16bc85b5d7b2e,,106.8,35,9,1020,2199,31-40,,0,,0,,0,0,unknown,no_category_data,,2026-06-14T18:27:25.575Z
쇼새,naverchzzk,9c9a50b58884399c69d7ee1610bc6794,,102.3,19,9,1022,612,16-20,로스트아크,52.5,돈 스타브 투게더,26,헬다이버즈 2,5.1,9,true,multi_game,,2026-06-14T18:27:26.106Z
순쥐,naverchzzk,c59c85c8e77d893ef63fd381c6a6ff26,,163.5,17,6,1020,622,16-20,리그 오브 레전드,56.3,종합 게임,20.2,포르자 호라이즌 6,12.3,7,true,multi_game,,2026-06-14T18:27:31.862Z
개대충맨,naverchzzk,6f2cb13a474aa693be8cc828b36cb20d,,110.6,26,9,1020,3415,21-30,발로란트,97.3,종합 게임,2.7,,0,2,false,single_game_dominant,,2026-06-14T18:27:33.004Z
히 요,naverchzzk,d6b14bdc1d3082c75adc9a48e56afcba,,62.7,50,16,1019,528,41-50,월드 오브 워크래프트: 한밤,66.6,talk,19.8,컴퍼니 오브 히어로즈 3,5.9,8,false,single_game_or_non_game,,2026-06-14T18:27:39.655Z
hey 여나야,naverchzzk,f83b18e17d760163fdbd6e9512d5fdfb,,49.9,35,20,1018,2755,31-40,talk,23,철권 8,13.4,마인크래프트,12.7,15,false,single_game_or_non_game,,2026-06-14T18:27:40.533Z
오초 ocho,naverchzzk,4c998207ea6ac030fc545fdc7c069bc1,,99.1,50,10,1015,348,41-50,,0,,0,,0,0,unknown,no_category_data,,2026-06-14T18:27:45.556Z
배로롱,naverchzzk,e1626088641a7df4313a9846bb2189d5,,109.9,25,9,1016,515,21-30,이터널 리턴,62.4,오버워치,14.1,talk,10,7,false,single_game_or_non_game,,2026-06-14T18:27:45.606Z
솜하치,naverchzzk,78b2c5f8e97d87486f450b47f6ee273a,,113.8,21,8,1015,387,21-30,talk,66.7,인왕 3,17.5,후즈 앳 더 도어,15.9,3,false,talk_primary,,2026-06-14T18:27:53.211Z
폭풍병아리 N,naverchzzk,c0bedd64bed45287a3493479a4cc8295,,197.2,13,5,1014,395,10-15,오버워치,38.6,talk,37.1,종합 게임,9.3,7,false,single_game_or_non_game,,2026-06-14T18:27:53.246Z
그냥째원,naverchzzk,e63731ca9c7b9f9e7a2964df372d2e79,,128.4,18,7,1012,393,16-20,그림/아트,51,엘든 링 황금 나무의 그림자,22,체스 닷컴,18.5,5,true,multi_game,,2026-06-14T18:28:02.737Z
해초분쇄기,naverchzzk,352c8680476faff9ea52e77f9692aa4e,,86.4,28,11,1014,1095,21-30,발로란트,43.8,PUBG: 배틀그라운드,13.1,talk,11.5,11,false,single_game_or_non_game,,2026-06-14T18:28:03.330Z
허약이,naverchzzk,a949bf32e7509a744a4d30305ab585a7,,41.5,40,24,1011,3221,31-40,talk,100,,0,,0,1,false,talk_primary,,2026-06-14T18:28:08.481Z
이냐비,naverchzzk,8131c92832957e2d83287c90af8e6932,,73.1,27,13,1011,1747,21-30,명일방주,16,종합 게임,16,talk,15.6,15,true,multi_game,,2026-06-14T18:28:09.147Z
신짱게이밍,naverchzzk,348542b853d10d1c6a4a5163a9977b52,,78.2,35,12,1004,992,31-40,talk,78.8,종합 게임,5.9,역전재판 123 나루호도 셀렉션,2.6,16,false,talk_primary,,2026-06-14T18:28:15.246Z
슈향,naverchzzk,7990bee8e80810815b428e7f8bd3d89b,,168.7,12,5,1001,430,10-15,로스트아크,77.4,메이플스토리 월드,6.8,종합 게임,4.1,11,false,single_game_or_non_game,,2026-06-14T18:28:16.164Z
꽃설화,naverchzzk,6d97300ca733daf0796565d75b020e68,,190.3,21,5,1000,601,21-30,스텔라 블레이드,41.3,디트로이트: 비컴 휴먼,21.3,디렉티브 8020,20.1,4,true,multi_game,,2026-06-14T18:28:20.544Z
민하룽,naverchzzk,03057fc06e3b182b3c28adbf23f6d3f6,,65.5,25,15,999,2347,21-30,talk,35.7,PUBG: 배틀그라운드,12.6,마인크래프트,11.3,17,false,single_game_or_non_game,,2026-06-14T18:28:23.301Z
꼼지라쿠,naverchzzk,730d98a3ec886cd7da752292534cebb1,,245.3,12,4,999,153,10-15,성세천하: 여제의 탄생 Ⅱ,18.1,고전 게임,17.9,매지컬 프린세스,14.5,16,true,multi_game,,2026-06-14T18:28:26.209Z
흰색토깽이,naverchzzk,36a434c26b9da377a538a6e4b2b6f2c6,,142.3,16,7,998,417,16-20,야구,100,,0,,0,1,false,single_game_dominant,,2026-06-14T18:28:28.239Z
꾹낑,naverchzzk,0064f3b8baad3fe5766c1bb0b30a5088,,74.7,26,13,998,2059,21-30,사이퍼즈,38.5,talk,21.7,메이플스토리 월드,17.6,8,true,multi_game,,2026-06-14T18:28:32.412Z
서 유화,naverchzzk,31c86cd2c647a45e4950ac33d063b9f7,,295.4,15,3,997,183,10-15,,0,,0,,0,0,unknown,no_category_data,,2026-06-14T18:28:33.723Z
강찹쌀,naverchzzk,74dbeb66b6e4633d43656e026ad6b49d,,89.7,30,11,996,1095,21-30,,0,,0,,0,0,unknown,no_category_data,,2026-06-14T18:28:37.193Z
복슝2,naverchzzk,c8ee3656f7d3607d3cb31d9ca58c14c9,,63.6,34,15,995,810,31-40,talk,41.6,종합 게임,19.4,마인크래프트,11.3,12,true,gg_secondary,,2026-06-14T18:28:39.022Z
CHZZK 평2,naverchzzk,d81cc6296f06f60433552e9ea5dfc918,,143.4,16,6,994,567,16-20,,0,,0,,0,0,unknown,no_category_data,,2026-06-14T18:28:42.219Z
위젤,naverchzzk,fdc5d0d32cc6ad7e881980a58e0c4db5,,82.5,23,12,993,523,21-30,,0,,0,,0,0,unknown,no_category_data,,2026-06-14T18:28:44.158Z
에이브 AiB,naverchzzk,0cf0fe118f530fef14b35d873843d41f,,98.5,23,10,992,1511,21-30,talk,51.9,서브노티카 2,38.4,승리의 여신: 니케,9.7,3,false,talk_primary,,2026-06-14T18:28:48.579Z
일 육,naverchzzk,88186e7c12fa7f594a521aad47f40151,,130.9,19,7,991,302,16-20,다잉 라이트 2: 스테이 휴먼,74.1,명조:워더링 웨이브,25.9,,0,2,true,multi_game,,2026-06-14T18:28:50.211Z
차 송,naverchzzk,c50431943d782ca50014874479d5b660,,153,35,6,990,529,31-40,,0,,0,,0,0,unknown,no_category_data,,2026-06-14T18:28:53.259Z
원숭이 장관,naverchzzk,5237431a1ceaa65d67f0e8cf17acd467,,79.6,34,12,988,55,31-40,PUBG: 배틀그라운드,58.6,종합 게임,41.4,,0,2,true,multi_game,,2026-06-14T18:28:56.044Z
꿀 지,naverchzzk,8d3db5769db2ad8d570eeaadece62a23,,146.7,15,6,987,687,10-15,로스트아크,97.2,talk,2.5,음악/노래,0.3,3,false,single_game_dominant,,2026-06-14T18:28:59.379Z
공일리,naverchzzk,446d0f41025dfb5a07eeb1129824b52b,,56.5,31,17,986,957,31-40,,0,,0,,0,0,unknown,no_category_data,,2026-06-14T18:29:01.180Z
쭁쫑이,naverchzzk,567e1b3ae285ebb564deb77603a4da32,,125.4,37,7,984,1370,31-40,마비노기 모바일,42.1,이환,30.1,오버워치,14.7,7,true,multi_game,,2026-06-14T18:29:06.254Z
이설렁,naverchzzk,a1a0c2b4d85c424d381cd2f9c96a3058,,348.5,10,2,983,1021,10-15,PUBG: 배틀그라운드,61.5,Once Human,24.5,왕좌의 게임: 킹스로드,12.5,4,true,multi_game,,2026-06-14T18:29:08.071Z
문도사,naverchzzk,75e7e76023600b6715e777f76024fb97,,104.1,35,9,982,336,31-40,피코 파크 2,100,,0,,0,1,false,single_game_dominant,,2026-06-14T18:29:11.149Z
바다YOON,naverchzzk,5b5749e98dad2aa5a11956b904439c6f,,85.1,29,11,981,442,21-30,,0,,0,,0,0,unknown,no_category_data,,2026-06-14T18:29:13.226Z
망크빵,naverchzzk,47696c96a78762ec9d14eaabd90c7813,,126.1,18,7,980,791,16-20,리그 오브 레전드,87.4,스크릿치 스크래치,4.7,프래그마타,4.7,7,false,single_game_dominant,,2026-06-14T18:29:17.948Z
루나냥,naverchzzk,c23e06adbafd1d80f061b74d100c1ad7,,127.4,29,7,978,534,21-30,패스 오브 엑자일 2,48.3,토치라이트: 인피니트,15.4,발로란트,11.2,8,true,multi_game,,2026-06-14T18:29:20.425Z
권라치,naverchzzk,1c4cbafbd49aa741d272bea73b67aa2c,,91.8,23,10,977,1221,21-30,마인크래프트,24.8,이환,23.7,talk,21.4,9,true,multi_game,,2026-06-14T18:29:23.320Z
케키 CAKEY,naverchzzk,58bfe7bd71d323ca21f767609bbaec6c,,409.6,14,2,976,151,10-15,붉은사막,88.5,로블록스,11.5,,0,2,false,single_game_dominant,,2026-06-14T18:29:26.182Z
아린시안,naverchzzk,3b1d424fd7f539eb96766a1bf8ad116d,,73.2,31,13,975,1167,31-40,붉은사막,78.9,프래그마타,8.5,talk,4.7,8,false,single_game_or_non_game,,2026-06-14T18:29:29.357Z
힉키연,naverchzzk,4224fbb8c98e5d1b29a155731741ec67,,103.5,21,9,975,307,21-30,림월드,34.6,마인크래프트,26.6,용사 30,22.4,5,true,multi_game,,2026-06-14T18:29:31.185Z
나는망구,naverchzzk,76c635a11ab1fab572c1849d9eb60ed8,,128.6,16,7,974,401,16-20,talk,46.9,종합 게임,45.3,헬로 키티 아일랜드 어드벤처,4,6,true,gg_secondary,,2026-06-14T18:29:35.300Z
두락이2,naverchzzk,c7cc0d9a5c62359198a9c2c9a1cd8761,,135.8,20,7,974,485,16-20,,0,,0,,0,0,unknown,no_category_data,,2026-06-14T18:29:36.242Z
삼 백,naverchzzk,819880c16643e6d60b782c17dd3cae2d,,144.2,18,6,974,116,16-20,talk,12.5,코어 키퍼,12.5,젤다의 전설 브레스 오브 더 와일드,8.9,18,false,single_game_or_non_game,,2026-06-14T18:29:42.166Z
아울이네,naverchzzk,aaab8f4e08ca394e4012936c8d445b6c,,63.9,31,15,973,473,31-40,로스트아크,28.5,마비노기 모바일,17.8,마인크래프트,11,17,true,multi_game,,2026-06-14T18:29:42.810Z
실키아,naverchzzk,8d4fdfbf354cf4ff22de19f14e411498,,101.5,26,9,972,448,21-30,,0,,0,,0,0,unknown,no_category_data,,2026-06-14T18:29:48.275Z
뭐 더 라,naverchzzk,f9f5fda096ff44d36127036cd18b0db2,,60.8,46,15,971,1556,41-50,PUBG: 배틀그라운드,37.9,이터널 리턴,36.8,스타크래프트 : 리마스터,16.7,6,true,multi_game,,2026-06-14T18:29:48.903Z
말티쭈,naverchzzk,af2b1efa8703132a0b1a112ceee7caa8,,86.2,19,11,971,228,16-20,talk,81.8,데드 바이 데이라이트,8,종합 게임,5.7,4,false,talk_primary,,2026-06-14T18:29:55.938Z
설옹,naverchzzk,44bb1aa501f68e50655184aa2695abdf,,121.6,35,7,971,1096,31-40,발로란트,88.3,이환,8.4,오버워치,3.3,3,false,single_game_dominant,,2026-06-14T18:29:55.978Z
쭉쭉이0,naverchzzk,b69d419cd22ae14a5c3cc7ee568ec908,,290.6,14,3,970,212,10-15,종합 게임,100,,0,,0,1,true,gg_primary,,2026-06-14T18:30:02.786Z
제유기,naverchzzk,8dc26ec5fa0f6cef0199c17e326311b3,,94.6,18,10,970,1577,16-20,로스트아크,97.7,종합 게임,1.2,구스 구스 덕,1,3,false,single_game_dominant,,2026-06-14T18:30:03.183Z
레쏘 Lesso,naverchzzk,ed49640d959b86d7937f1fc36f3b36a9,,199.5,18,4,970,439,16-20,오버워치,74,종합 게임,22.1,전략적 팀 전투 : 우주의 신들,3.9,4,true,multi_game,,2026-06-14T18:30:08.484Z
뷰웅,naverchzzk,470676f84e08d8a4c50f2c5288938be6,,52.8,35,18,969,5579,31-40,talk,42,데이브 더 다이버,24.3,구스 구스 덕,8.7,8,false,single_game_or_non_game,,2026-06-14T18:30:09.712Z
마 망,naverchzzk,d10db94ab50446a052f618bfec0bd191,,58.6,27,16,966,849,21-30,,0,,0,,0,0,unknown,no_category_data,,2026-06-14T18:30:13.322Z
양 율,naverchzzk,fa229dc8324eb49e609b8eb18ab242f1,,38.2,37,25,964,1542,31-40,,0,,0,,0,0,unknown,no_category_data,,2026-06-14T18:30:14.618Z
네스트코리아,naverchzzk,dcf1b4384abf7b2c0af192c4ef9bfca0,,234.5,10,4,964,101,10-15,talk,59,성세천하: 여제의 탄생 Ⅱ,41,,0,2,false,talk_primary,,2026-06-14T18:30:21.684Z
장요이,naverchzzk,e1c29ad471fff4e804345cb21181efd0,,77.3,40,12,956,1055,31-40,이터널 리턴,74.7,세피리아,10.2,종합 게임,9.8,6,false,single_game_or_non_game,,2026-06-14T18:30:21.995Z
유하님,naverchzzk,bb1f3004d6363fdc54ca4fa9c6ea3ea0,,296.3,13,3,955,65,10-15,,0,,0,,0,0,unknown,no_category_data,,2026-06-14T18:30:26.963Z
에이치EICHI,naverchzzk,b2df1b1f7e7740241152a10097ca307e,,61.8,33,15,955,870,31-40,,0,,0,,0,0,unknown,no_category_data,,2026-06-14T18:30:26.964Z
싼체스 SSANCHEZ,naverchzzk,f1d06daf1c125af5d4cb15f1365e195f,,169.6,13,5,953,576,10-15,토탈 워: 워해머 3,63.5,데드 바이 데이라이트,12.9,서브노티카,10.7,6,false,single_game_or_non_game,,2026-06-14T18:30:32.384Z
카엘라일리,naverchzzk,d1761b1925e28cb199b2fe70629c3ac8,,234.2,10,4,953,289,10-15,종합 게임,35.2,talk,32.8,드라마티컬 머더,32,3,true,gg_primary,,2026-06-14T18:30:33.741Z
방장 라라,naverchzzk,b2382c5940fe09f71f6de5a740d2de2b,,94.6,24,10,947,1792,21-30,림버스 컴퍼니,76,서브노티카 2,10.8,talk,7.2,5,false,single_game_or_non_game,,2026-06-14T18:30:38.672Z
뷔뷔엣,naverchzzk,544a481c43a253492ecddf0a92bd86ca,,82.1,31,11,951,794,31-40,talk,38.2,단간론파: 희망의 학원과 절망의 고교생,18.8,용과 같이 0: 맹세의 장소,10.8,12,false,single_game_or_non_game,,2026-06-14T18:30:38.797Z
유 림 이,naverchzzk,a59c97b0d3559b1643dcd7315aee0cb8,,162.9,13,5,947,349,10-15,talk,57.7,윈드로즈,42.3,,0,2,false,talk_primary,,2026-06-14T18:30:45.624Z
명 우,naverchzzk,42cc2e446b71366fad2f239ebc912c82,,292.9,10,3,944,159,10-15,에픽세븐,30.1,명조:워더링 웨이브,14.7,아주르 프로밀리아,14.4,21,false,single_game_or_non_game,,2026-06-14T18:30:45.736Z
몽실몽실할꾸야,naverchzzk,ba0bd919b2d806351f2baa97cd4b14f2,,186.1,16,5,942,202,16-20,,0,,0,,0,0,unknown,no_category_data,,2026-06-14T18:30:51.087Z
판구리,naverchzzk,b1be4f35185ccf8acdbd6ad4d3fba5f9,,75.6,43,12,940,482,41-50,리그 오브 레전드,43.5,디렉티브 8020,9.5,스토커: 쉐도우 오브 체르노빌,8.9,10,false,single_game_or_non_game,,2026-06-14T18:30:51.186Z
볼빵소,naverchzzk,09c27240ad632c1417be52f016b22aba,,109.6,19,8,939,1082,16-20,talk,54.1,젤다의 전설 브레스 오브 더 와일드,36.5,메이플스토리,3.8,5,false,talk_primary,,2026-06-14T18:30:57.691Z
요조TV,naverchzzk,8a79129b34e042fcd825fbffc3f52c99,,52.9,43,17,939,4677,41-50,명조:워더링 웨이브,38,talk,32.7,성세천하: 여제의 탄생 Ⅱ,8.2,9,false,single_game_or_non_game,,2026-06-14T18:30:58.751Z
쿠로델마,naverchzzk,fe8177e6a246756e9f15787bcf816f8f,,195.3,13,4,939,119,10-15,,0,,0,,0,0,unknown,no_category_data,,2026-06-14T18:31:02.174Z
융 쁘,naverchzzk,6fa642f360b30e5aeac2c64bee50a52c,,645.6,11,1,935,19,10-15,종합 게임,100,,0,,0,1,true,gg_primary,,2026-06-14T18:31:04.198Z
레카Lekane,naverchzzk,470ee4ec1badbb36b9d751840e2aec05,,553.3,11,1,932,79,10-15,명일방주: 엔드필드,27.3,프래그마타,18.2,종합 게임,15.2,9,true,multi_game,,2026-06-14T18:31:09.184Z
설서월,naverchzzk,48b5e601e6dd36fcd4230dc0a8c3d75e,,197.4,19,4,929,753,16-20,발로란트,95.2,PUBG: 배틀그라운드,4.8,,0,2,false,single_game_dominant,,2026-06-14T18:31:09.314Z
은뿌,naverchzzk,bdf2d4d7b30a304ada005290cdb36912,,153.6,14,6,929,113,10-15,,0,,0,,0,0,unknown,no_category_data,,2026-06-14T18:31:14.731Z
머란,naverchzzk,8bf37f7164e814a1881b40f4f6305175,,53.7,34,17,928,887,31-40,로스트아크,57.7,talk,21.9,마법소녀의 마녀재판,7.5,8,false,single_game_or_non_game,,2026-06-14T18:31:16.411Z
시언찡,naverchzzk,b834f2c003f69151272e1c2e4790850b,,204.3,13,4,927,229,10-15,,0,,0,,0,0,unknown,no_category_data,,2026-06-14T18:31:19.182Z
모잉,naverchzzk,07665c7c871c47714c926e1aca7164ae,,78.6,28,11,927,1386,21-30,메이플스토리 월드,52.3,talk,16.6,영화,13,9,false,single_game_or_non_game,,2026-06-14T18:31:22.132Z
귤짱잉,naverchzzk,9b4db66c126f48f6e1100e0a8e7cdd8c,,78.7,22,11,927,1011,21-30,이터널 리턴,51.1,talk,14.5,림버스 컴퍼니,9.7,8,false,single_game_or_non_game,,2026-06-14T18:31:25.723Z
빵 코,naverchzzk,d4c8d01276625c7fde0c8fa648d6ac83,,72.7,25,12,926,661,21-30,talk,90.1,음악/노래,9.9,,0,2,false,talk_primary,,2026-06-14T18:31:28.140Z
와구리1,naverchzzk,222d25595ebeb41a170528f9573c9c61,,49.9,37,18,925,662,31-40,talk,36.5,야구,24,젠레스 존 제로,21.9,5,true,multi_game,,2026-06-14T18:31:31.050Z
폰주,naverchzzk,54161b046c2b983f3047e36658e49f3e,,157.5,13,5,924,229,10-15,,0,,0,,0,0,unknown,no_category_data,,2026-06-14T18:31:33.359Z
서 세리,naverchzzk,17751a1b432452e451a77c2a0fc8cf76,,53.9,30,17,923,1511,21-30,림월드,30.3,디아블로 4: 증오의 군주,14.4,talk,11.3,14,false,single_game_or_non_game,,2026-06-14T18:31:38.851Z
맬랑떡,naverchzzk,2c0d12b9bf630b9ef1e018247a6cea98,,165.5,16,5,923,733,16-20,talk,71.3,성세천하: 여제의 탄생 Ⅱ,11.1,종합 게임,4.6,9,false,talk_primary,,2026-06-14T18:31:39.584Z
예벼리,naverchzzk,dd65031354ecda92878f2e9b41b4a1cb,,190.2,24,4,923,196,21-30,철권 8,86.6,talk,5.3,종합 게임,4.3,5,false,single_game_dominant,,2026-06-14T18:31:43.220Z
부푸름,naverchzzk,6f58a7bc7094d6a8e58d070b166949b1,,63,26,14,922,719,21-30,리그 오브 레전드,54.2,종합 게임,13.2,PUBG: 배틀그라운드,10.7,6,false,single_game_or_non_game,,2026-06-14T18:31:44.189Z
송그릴,naverchzzk,db81d10582c8fa98142f648bf7687773,,201.1,14,4,921,562,10-15,젤다의 전설 브레스 오브 더 와일드,19.8,talk,16,포켓몬 유나이트,15.3,16,true,multi_game,,2026-06-14T18:31:50.151Z
밍냐 mingnya,naverchzzk,fe45ed8fbedd203ac268006ddd550d61,,261.3,13,3,920,187,10-15,스톰 스트라이커,36,젤다의 전설 티어스 오브 더 킹덤,14.7,talk,11.7,16,false,single_game_or_non_game,,2026-06-14T18:31:50.924Z
헥사 아카이브,naverchzzk,07cef97ebf0ac40d5630f22dd655262c,,246.5,12,3,914,184,10-15,리그 오브 레전드,44.7,해적왕 키우기,41.1,talk,8.5,5,true,multi_game,,2026-06-14T18:31:55.537Z
다리사이둔기,naverchzzk,a2996bc71de2f737dfe939b94803cb19,,106.9,27,8,918,676,21-30,talk,56,서브노티카 2,33.3,음악/노래,4.7,5,false,talk_primary,,2026-06-14T18:31:55.618Z
하엘양,naverchzzk,a7de7208cdbbd3fb6d7c7a76304daa48,,428.2,10,2,911,56,10-15,이스케이프 프롬 타르코프,84.3,레드 데드 리뎀션 2,5.9,talk,5.9,7,false,single_game_dominant,,2026-06-14T18:32:00.549Z
밍아 MingA,naverchzzk,eb8b5ed0c6012b27e2edefd57ebf58aa,,267.6,11,3,912,223,10-15,,0,,0,,0,0,unknown,no_category_data,,2026-06-14T18:32:00.635Z
김태환90,naverchzzk,9e8a6e8919730f4b06af6a4c5cca165f,,86.2,22,10,911,734,21-30,마인크래프트,35.9,로스트아크,27.2,talk,10.9,12,true,multi_game,,2026-06-14T18:32:07.388Z
룰라바이030,naverchzzk,2960ed91c351c50a16b3c392b0c9b0cb,,41.7,40,21,910,469,31-40,talk,20.3,아이돌마스터 샤이니 컬러즈,19.3,리그 오브 레전드,18,14,true,multi_game,,2026-06-14T18:32:07.990Z
대상어,naverchzzk,1bb5d04f49dace3bad16515215a4f7ad,,46.3,43,19,909,1022,41-50,talk,37.4,명조:워더링 웨이브,18,음악/노래,15.6,14,true,multi_game,,2026-06-14T18:32:14.636Z
요이자키 레일라,naverchzzk,4a88b1bb3376523ec84edb3839dfdb0c,,106.8,17,8,909,275,16-20,엑스컴 2,29.6,종합 게임,22.7,바이오쇼크 인피니트,11.1,11,true,multi_game,,2026-06-14T18:32:14.786Z
애모모,naverchzzk,02c3a70797e67788ade2455e175d6452,,65.4,37,13,909,390,31-40,talk,21.6,리그 오브 레전드,19.6,이환,19.4,9,true,multi_game,,2026-06-14T18:32:21.556Z
매운소다,naverchzzk,1e3897fe400dd8cdd5b9bb4b96e999e4,,41.8,34,21,907,1102,31-40,이터널 리턴,68.3,talk,9.7,명조:워더링 웨이브,6.8,10,false,single_game_or_non_game,,2026-06-14T18:32:21.752Z
이재덕,naverchzzk,d62a01d6b3c3bfeb773267ac55888bcc,,64.7,26,13,903,1501,21-30,,0,,0,,0,0,unknown,no_category_data,,2026-06-14T18:32:27.250Z
잼둥,naverchzzk,a6c512ef94b16a48d148faff047f2065,,71.6,25,12,901,198,21-30,talk,23.3,007 퍼스트 라이트,21.5,팀파이트 매니저 2,13.2,12,false,single_game_or_non_game,,2026-06-14T18:32:27.276Z
슥싹,naverchzzk,0879fb44453b298787ce95e291747c5d,,66.9,20,13,898,111,16-20,명조:워더링 웨이브,43.9,림버스 컴퍼니,33.7,발더스 게이트 3,15.7,5,true,multi_game,,2026-06-14T18:32:34.270Z
데레님,naverchzzk,234721a7cfc4e938504fb18e4d6546b8,,276.5,12,3,898,423,10-15,talk,56.7,이터널 리턴,26.6,종합 게임,13.3,5,false,talk_primary,,2026-06-14T18:32:34.463Z
도도새님,naverchzzk,195af60b336948c0c2f4a75390bf67bf,,274.2,19,3,896,213,16-20,,0,,0,,0,0,unknown,no_category_data,,2026-06-14T18:32:39.409Z
이로은,naverchzzk,ddbf6d23f5910d3d15938cf9516f6dee,,338.3,10,2,896,164,10-15,포켓몬 챔피언스,68.5,포켓몬 카드 게임 Pocket,26.9,talk,4.6,3,true,multi_game,,2026-06-14T18:32:39.711Z
히힛뚜,naverchzzk,5671df52391b77b6bfd6e904e0693ec7,,122.7,16,7,895,413,16-20,talk,57.1,명조:워더링 웨이브,9.6,007 퍼스트 라이트,7.7,15,false,talk_primary,,2026-06-14T18:32:46.411Z
귀공자S,naverchzzk,49756923b00e629946e694407971d387,,176.3,11,5,894,223,10-15,PUBG: 배틀그라운드,99.4,종합 게임,0.6,,0,2,false,single_game_dominant,,2026-06-14T18:32:46.511Z
천재수달,naverchzzk,950686b818f516e8eaa33743bc295a85,,180.7,16,4,891,184,16-20,종합 게임,45.1,리그 오브 레전드,19.4,이터널 리턴,18.3,7,true,gg_primary,,2026-06-14T18:32:56.133Z
오후야,naverchzzk,18873d95787bedf5932c920077103c4b,,276.2,15,3,892,506,10-15,talk,59.8,종합 게임,15.3,리그 오브 레전드,7.7,10,false,talk_primary,,2026-06-14T18:32:56.381Z
제이I,naverchzzk,44dae7a2b81746e217082f6ef7f81779,,47.1,43,18,890,2379,41-50,talk,57.6,이환,9.6,겟팅 오버 잇 위드 베넷 포디,8.9,19,false,talk_primary,,2026-06-14T18:33:02.409Z
라벤 LAVEN,naverchzzk,14d322655de43fccfa0a3c77cf55b716,,208.9,12,4,891,254,10-15,리그 오브 레전드,60.7,아스가르드,36.2,데드 애즈 디스코,1.5,5,true,multi_game,,2026-06-14T18:33:02.863Z
솔솔퀸,naverchzzk,a49b34d4ec3f824b299c9505e108346c,,461.5,12,1,889,178,10-15,,0,,0,,0,0,unknown,no_category_data,,2026-06-14T18:33:08.318Z
메아리 Meahri,naverchzzk,57c46759986b55890b332f0a851c6f78,,45.6,34,19,887,1790,31-40,로스트아크,81.6,오버워치,5.7,talk,5.1,6,false,single_game_dominant,,2026-06-14T18:33:08.996Z
삼사마,naverchzzk,66630781c437e465edf43de3cfd19b3b,,59.4,29,14,885,557,21-30,라이브러리 오브 루이나,43.8,종합 게임,18.3,성세천하: 여제의 탄생,6.3,11,true,multi_game,,2026-06-14T18:33:15.877Z
다루쥐,naverchzzk,a0b5a7e5e5b2536f1a2e210b900d7b2a,,32.4,47,27,885,3386,41-50,PUBG: 배틀그라운드,37.8,talk,29.9,서브노티카 2,9.5,7,false,single_game_or_non_game,,2026-06-14T18:33:16.283Z
유온uon,naverchzzk,f3aed47fb1fee66ba792bf866bcb28f9,,178.6,11,4,884,583,10-15,talk,26.9,레전드 오브 히어로즈: 쓰리 킹덤즈,17.5,서브노티카 2,14.8,11,false,single_game_or_non_game,,2026-06-14T18:33:22.164Z
세페일,naverchzzk,3a042c2719502eca2e63e060cb001bcf,,90.5,18,9,884,505,16-20,talk,50.6,명조:워더링 웨이브,32.3,콜 오브 듀티 : 모던 워페어 리마스터드,8.8,5,false,talk_primary,,2026-06-14T18:33:23.108Z
무하디,naverchzzk,5ce0d592f7692ab7653d1b9cef0c8e60,,134.2,23,6,884,151,21-30,그림/아트,53.5,talk,35.1,종합 게임,10.2,4,false,single_game_or_non_game,,2026-06-14T18:33:28.965Z
맹 묘,naverchzzk,313b45f8f5893f4b1b7b4000fa2da90b,,43.3,35,20,883,2133,31-40,음악/노래,48.7,돈 스타브 투게더,25.1,이터널 리턴,18.8,9,true,multi_game,,2026-06-14T18:33:30.054Z
모 아,naverchzzk,4dbdb1c6c86755c7f04e356a373fc307,,225.6,13,3,882,480,10-15,,0,,0,,0,0,unknown,no_category_data,,2026-06-14T18:33:33.292Z
양소산,naverchzzk,ae70283a202b539d52d9e7a46130f119,,214.9,13,4,882,48,10-15,,0,,0,,0,0,unknown,no_category_data,,2026-06-14T18:33:35.183Z
김재이,naverchzzk,8d3c074d46017c55a9577a9c617b9746,,197.7,14,4,882,61,10-15,,0,,0,,0,0,unknown,no_category_data,,2026-06-14T18:33:38.125Z
도둑밥 BOBDD,naverchzzk,03bc1508b04c3fc4788af8bd0c9db08b,,48.2,33,18,882,3165,31-40,FC온라인,52,talk,12.6,축구,7.2,16,false,single_game_or_non_game,,2026-06-14T18:33:41.211Z
이체다,naverchzzk,7edd83c7b066ba879a7cf7cd2bb4d7c5,,41.9,34,21,881,778,31-40,스타크래프트 : 리마스터,100,,0,,0,1,false,single_game_dominant,,2026-06-14T18:33:43.508Z
리리마,naverchzzk,d776d00744d8df249e0577beb807cac7,,213.6,14,4,881,1005,10-15,발로란트,52.1,종합 게임,37.8,talk,8.5,4,true,multi_game,,2026-06-14T18:33:47.240Z
모모무네 앨리스,naverchzzk,c63c92e80c79a7d237ae27a81c7aefc5,,90.2,39,9,880,823,31-40,마비노기 모바일,49.5,명일방주: 엔드필드,47.5,슬레이 더 스파이어 2,3,3,true,multi_game,,2026-06-14T18:33:49.274Z
양먕양,naverchzzk,58e8be339d0b5d4913ad7042c47f35f1,,80.2,21,10,879,921,21-30,명조:워더링 웨이브,48.7,VR챗,19.3,이환,19.1,6,true,multi_game,,2026-06-14T18:33:53.164Z
고 두 식,naverchzzk,1d1e2b036420fca514ec0b7747c9450b,,114.1,25,7,879,846,21-30,오버워치,32.1,마인크래프트,24.3,talk,19.5,12,true,multi_game,,2026-06-14T18:33:55.220Z
찬울 Chanwool,naverchzzk,08bb5c351de75d6f5e9191fece6670da,,39.5,32,22,878,675,31-40,,0,,0,,0,0,unknown,no_category_data,,2026-06-14T18:33:59.246Z
구냐,naverchzzk,5894862ce30bed547d919a47f4d05657,,247,10,3,876,82,10-15,,0,,0,,0,0,unknown,no_category_data,,2026-06-14T18:34:00.216Z
유뚱 Uddoong,naverchzzk,390336b4dd99c55ce015e161af073a1c,,239.7,11,3,874,219,10-15,,0,,0,,0,0,unknown,no_category_data,,2026-06-14T18:34:04.246Z
해 파리,naverchzzk,19d917d6eaf6f631b804d9d711491c42,,95.5,22,9,874,4395,21-30,,0,,0,,0,0,unknown,no_category_data,,2026-06-14T18:34:05.184Z
포르킨,naverchzzk,53f850df9094a32d98552560a47f162a,,98.2,22,8,874,775,21-30,,0,,0,,0,0,unknown,no_category_data,,2026-06-14T18:34:09.291Z
랑티순,naverchzzk,4cfb81e276df72b70427147b5fd02572,,100.3,28,8,873,836,21-30,다키스트 던전,65.2,그림/아트,12.8,패스 오브 엑자일 2,10.8,8,false,single_game_or_non_game,,2026-06-14T18:34:11.299Z
오유리,naverchzzk,f1aa3ce117d69ba6c850379c8b2250cf,,56.7,28,15,873,1713,21-30,리그 오브 레전드,94,포 더 킹 2,3.7,음악/노래,2.3,3,false,single_game_dominant,,2026-06-14T18:34:15.577Z
씬 나라,naverchzzk,3f62e0133e9299f82da2a9e806c8d6bf,,86.6,18,10,872,1206,16-20,원신,17,매지컬 프린세스,16.3,talk,10.6,12,true,multi_game,,2026-06-14T18:34:17.567Z
헵부,naverchzzk,86e7edf62d3eabf0684f97ca6edce9ad,,61.1,41,14,871,1597,41-50,월드 오브 워크래프트: 한밤,47.8,월드 오브 워크래프트 클래식,17.7,클레르 옵스퀴르: 33 원정대,16.8,8,true,multi_game,,2026-06-14T18:34:21.421Z
나유안,naverchzzk,d319cb8491dfd75979d47ca1b19fc083,,94,24,9,871,1231,21-30,talk,51.4,R.E.P.O.,7.2,시크릿 커리큘럼,6.8,13,false,talk_primary,,2026-06-14T18:34:23.137Z
지새기,naverchzzk,ecebc8a29b8910138ad8eb84f2769fca,,207.4,14,4,871,292,10-15,,0,,0,,0,0,unknown,no_category_data,,2026-06-14T18:34:26.148Z
미로 사쿠,naverchzzk,e66f67ecdf7017199c32c61677d71f86,,80.3,24,10,869,1101,21-30,,0,,0,,0,0,unknown,no_category_data,,2026-06-14T18:34:28.260Z
휘이령,naverchzzk,3c143d7505da6cf4a092d62690460b3f,,105.1,17,8,869,1185,16-20,talk,25.2,파이널판타지14,18.6,젤다의 전설 브레스 오브 더 와일드,11.9,15,false,single_game_or_non_game,,2026-06-14T18:34:32.704Z
득충,naverchzzk,a46e4420d750f17b3c764bc422a6f411,,47.5,35,18,866,862,31-40,몬스터 헌터 와일즈,67.3,talk,31.3,서브노티카 2,0.8,4,false,single_game_or_non_game,,2026-06-14T18:34:34.809Z
윰서미,naverchzzk,f82bafc03d20b3ecff4731bf7a5f75ed,,52.1,26,16,865,498,21-30,,0,,0,,0,0,unknown,no_category_data,,2026-06-14T18:34:37.180Z
백범로,naverchzzk,0166327ca44281daa1d35d57fa8c9bce,,56.1,27,15,864,204,21-30,talk,46.4,종합 게임,33,엘든 링,15.1,6,true,multi_game,,2026-06-14T18:34:40.014Z
오스카 Oscar,naverchzzk,188649a7046fe49d97b932a07d56d3d8,,160.1,17,5,864,1352,16-20,패스 오브 엑자일 2,70.9,디아블로 4: 증오의 군주,29.1,,0,2,true,multi_game,,2026-06-14T18:34:44.067Z
키나코,naverchzzk,b1b302d6a2ae35e94a0a4ebd0c48bbfc,,80.3,46,10,863,846,41-50,데드 아일랜드 2,89.9,리틀 데블: 육아 지옥,10.1,,0,2,false,single_game_dominant,,2026-06-14T18:34:45.287Z
난 에궁,naverchzzk,20c426d3b9ee8187c7e986f98946cf5c,,143.8,19,5,861,129,16-20,더 다크 픽처스 앤솔로지: 더 데빌 인 미,84.1,악의,15.9,,0,2,false,single_game_dominant,,2026-06-14T18:34:49.285Z
박 노 프,naverchzzk,9f673229b644e81373811f7e272b2098,,87.3,25,9,860,725,21-30,talk,48.1,이터널 리턴,11.9,성세천하: 여제의 탄생,8,14,false,single_game_or_non_game,,2026-06-14T18:34:51.983Z
헤르베아 모코,naverchzzk,c074e068bf7b86e1c240fe473acb1f37,,177.8,17,4,860,1424,16-20,talk,40.7,PUBG: 배틀그라운드,35.4,마인크래프트,14.3,6,false,single_game_or_non_game,,2026-06-14T18:34:56.142Z
손이짧아슬픈로지 FABLE,naverchzzk,58a26664a06f646da2f9b22ce13b6cd6,,50.1,48,17,859,1926,41-50,메이플스토리,83.7,talk,16.3,,0,2,false,single_game_dominant,,2026-06-14T18:34:57.433Z
무이 MOOE,naverchzzk,ed6e08d6b9c4a5266f564d0e64fe0cd3,,94.2,16,9,854,289,16-20,,0,,0,,0,0,unknown,no_category_data,,2026-06-14T18:35:02.590Z
코사논,naverchzzk,26591a395528506fa217789957b14702,,82.3,32,10,852,597,31-40,음악/노래,93.5,발로란트,6.5,,0,2,false,single_game_dominant,,2026-06-14T18:35:04.868Z
라두스,naverchzzk,b38c437c89ee9e4db42ffae3addb4e67,,169.5,10,5,851,108,10-15,,0,,0,,0,0,unknown,no_category_data,,2026-06-14T18:35:07.305Z
니유,naverchzzk,3e871ee5eeefd77fff44260a29f24071,,62.6,29,13,851,422,21-30,talk,45.9,그림/아트,19.2,더 클래스룸,6,13,false,single_game_or_non_game,,2026-06-14T18:35:10.128Z
공설,naverchzzk,b89311d7376df54f5a3389e997a77007,,31.8,44,26,851,3839,41-50,talk,96.8,종합 게임,3.2,,0,2,false,talk_primary,,2026-06-14T18:35:12.251Z
팡농이,naverchzzk,f0f45ee93a4369a72a405dedf141af19,,124.9,15,6,847,121,10-15,,0,,0,,0,0,unknown,no_category_data,,2026-06-14T18:35:15.251Z
설담 SULDAM,naverchzzk,3979fdba8be365f53a3ea57a41df4b79,,32.9,48,25,845,3110,41-50,talk,39.8,스타크래프트 : 리마스터,18.7,007 퍼스트 라이트,11.5,12,false,single_game_or_non_game,,2026-06-14T18:35:18.340Z
키 맨,naverchzzk,b3f6e84450055948f1e9faea3fa6f870,,45.7,30,18,845,733,21-30,talk,62.9,음악/노래,10.9,"구구 피자 : 우주 정거장으로 피자 배달이라니? 사장님, 이건 좀 아니잖아요!",8,7,false,talk_primary,,2026-06-14T18:35:21.223Z
고대헌,naverchzzk,6d4b1b27fcb61226009f496763ef81c1,,238.3,11,3,844,205,10-15,리그 오브 레전드,52.6,talk,30.2,로블록스,5.5,9,false,single_game_or_non_game,,2026-06-14T18:35:25.739Z
김달걀,naverchzzk,a03f578cc5ceafcd0a32ed986577d2c8,,69.6,21,12,843,186,21-30,바이오하자드 RE:2,27.4,할로우 나이트 : 공허의 심장 에디션,26.4,종합 게임,18.3,6,true,multi_game,,2026-06-14T18:35:26.285Z
하야세 알카드,naverchzzk,b8c7bed625293faf610cde79ccca139d,,87.1,27,9,841,904,21-30,talk,25.3,마인크래프트,18.7,에이펙스 레전드,8.2,16,false,single_game_or_non_game,,2026-06-14T18:35:32.755Z
도비두비두밥,naverchzzk,70a6585a98d1a6b4cbf60092c3e33899,,74.6,26,11,840,641,21-30,이스케이프 프롬 타르코프,37.6,포르자 호라이즌 6,24.7,talk,12.8,8,true,multi_game,,2026-06-14T18:35:33.223Z
루루비,naverchzzk,c1f9442355e1577a7e3375214e6274c7,,78.8,23,10,839,1269,21-30,PUBG: 배틀그라운드,36.8,마인크래프트,14.2,오버워치,13.8,14,false,single_game_or_non_game,,2026-06-14T18:35:39.494Z
테루미 다루,naverchzzk,b582024ad4d2dd7435fecee98f70c947,,77.9,21,10,838,281,21-30,로스트아크,96.3,종합 게임,3.7,,0,2,false,single_game_dominant,,2026-06-14T18:35:39.882Z
라피니아 GO66,naverchzzk,8968e548991e09739da81e75c7dc75c0,,38.3,43,21,837,1390,41-50,이터널 리턴,52.2,페르소나 5 더 로열,18,talk,15.5,10,true,multi_game,,2026-06-14T18:35:47.760Z
세이로쿠 키라,naverchzzk,58eaedccbc58e733a233005ee04eecda,,88.2,40,9,836,705,31-40,림버스 컴퍼니,34.7,VR챗,15.9,크라임 씬 클리너,15.1,9,true,multi_game,,2026-06-14T18:35:47.772Z
최애뽀,naverchzzk,e956d67070ee332ba76923f0742453ac,,295.4,13,2,834,425,10-15,,0,,0,,0,0,unknown,no_category_data,,2026-06-14T18:35:52.931Z
더스트v,naverchzzk,acf6dd771e87a5ac8199f3850cbce994,,93.2,25,8,833,963,21-30,마비노기 모바일,24.5,승리의 여신: 니케,19.8,몬길: STAR DIVE,15.9,8,true,multi_game,,2026-06-14T18:35:53.968Z
김 용 찬,naverchzzk,f878f88c2f4ad79d481ad2be9e763d2f,,147.4,18,5,833,83,16-20,,0,,0,,0,0,unknown,no_category_data,,2026-06-14T18:35:57.171Z
해안시티,naverchzzk,e09e20d99895a71b0f9c549427eea71d,,53.2,49,15,832,4682,41-50,이터널 리턴,74.4,talk,15.1,종합 게임,5.9,5,false,single_game_or_non_game,,2026-06-14T18:35:59.100Z
oEarlGrey,naverchzzk,b3296d6114e5ada801d7cf2671cf9d8f,,66.4,22,12,832,570,21-30,,0,,0,,0,0,unknown,no_category_data,,2026-06-14T18:36:02.140Z
덤덤보,naverchzzk,b2f274385aae5be25b0fbbec200e46ec,,357.8,12,2,832,122,10-15,명조:워더링 웨이브,100,,0,,0,1,false,single_game_dominant,,2026-06-14T18:36:05.336Z
박검복,naverchzzk,d1f31ccaeee725f3104bebb051179c79,,31.8,40,26,829,936,31-40,,0,,0,,0,0,unknown,no_category_data,,2026-06-14T18:36:07.239Z
HAKKA,naverchzzk,77a81ceffdab49f687a3e39ddf04a6fe,,79.3,20,10,828,804,16-20,talk,53.8,성세천하: 여제의 탄생 Ⅱ,7.2,방 탈출 시뮬레이터2,4.9,16,false,talk_primary,,2026-06-14T18:36:11.298Z
김창준,naverchzzk,c2b05fd4a56bf5281e92852d739563a2,,362.7,19,2,828,135,16-20,철권 8,91,종합 게임,9,,0,2,false,single_game_dominant,,2026-06-14T18:36:13.312Z
댄 찌,naverchzzk,7f77b9c03ef5c8cc9cf0e6ec235fc5c7,,141.7,14,5,828,320,10-15,,0,,0,,0,0,unknown,no_category_data,,2026-06-14T18:36:16.513Z
밈 미,naverchzzk,08664d465126e0e7248dbafe7818dfd5,,167.8,11,4,827,97,10-15,종합 게임,15.8,더 클래스룸,9.1,talk,7.5,25,true,gg_primary,,2026-06-14T18:36:18.410Z
우소 마토,naverchzzk,ab504d770e36bf59aaf155be434952d8,,159.5,18,5,827,480,16-20,스타크래프트 : 리마스터,48.5,단간론파: 희망의 학원과 절망의 고교생,17.3,talk,16.9,9,true,multi_game,,2026-06-14T18:36:22.322Z
행복한코코,naverchzzk,577506b2d214450f65587fb04adc243a,,184.6,13,4,825,380,10-15,다키스트 던전,23.4,림월드,22.7,talk,14.4,13,true,multi_game,,2026-06-14T18:36:24.278Z
Starboard 우현,naverchzzk,62e770099123a26ef4cf832c16a0e41e,,243.3,13,3,825,169,10-15,종합 게임,57.8,메이플스토리 월드,26.1,더 디비전 리서전스,12.4,8,true,gg_primary,,2026-06-14T18:36:28.503Z
얌청이,naverchzzk,9a71510c59e69ca1d1b6df2cdb05001d,,115.1,24,7,824,588,21-30,talk,33,PUBG: 배틀그라운드,25.4,종합 게임,8.7,14,false,single_game_or_non_game,,2026-06-14T18:36:30.197Z
킹장군,naverchzzk,8d214230460baa0cf0386a7e05417731,,66.4,29,12,824,389,21-30,,0,,0,,0,0,unknown,no_category_data,,2026-06-14T18:36:33.389Z
밀크티냠,naverchzzk,08ff55689750ada692e7feacc6ce506f,,79.3,42,10,821,625,41-50,,0,,0,,0,0,unknown,no_category_data,,2026-06-14T18:36:35.200Z
덩짱,naverchzzk,7a71e42c6e80098dc6951cbfafe3f961,,68.1,29,12,820,1656,21-30,,0,,0,,0,0,unknown,no_category_data,,2026-06-14T18:36:38.236Z
난지 NANJY,naverchzzk,c09abfa1abc8cc94f97810d035ed5e53,,49.7,27,16,820,1492,21-30,talk,64.5,음악/노래,28.5,프랫폴,4,4,false,talk_primary,,2026-06-14T18:36:41.025Z
Lee노바,naverchzzk,beae152e925e1b47c9934721733d9b1e,,53.7,27,15,818,790,21-30,talk,48.4,Once Human,14.2,림버스 컴퍼니,14,9,false,single_game_or_non_game,,2026-06-14T18:36:44.644Z
Silly,naverchzzk,585e103064c41c58e60b367201e78b23,,303.3,44,2,817,111,41-50,,0,,0,,0,0,unknown,no_category_data,,2026-06-14T18:36:46.582Z
양고냥,naverchzzk,7a0d38adef349b6cf178e200a72180ef,,147.5,15,5,817,41,10-15,메이플스토리 월드,49.1,talk,38.1,리그 오브 레전드,12.8,4,false,single_game_or_non_game,,2026-06-14T18:36:49.548Z
김강령,naverchzzk,8a94e04eecf87f2adcb315bfec17e354,,154.2,11,5,817,162,10-15,고전 게임,100,,0,,0,1,false,single_game_dominant,,2026-06-14T18:36:52.331Z
Cool거지2,naverchzzk,5ea7bb49330e1703fec269ce85afdf24,,266.9,20,3,815,64,16-20,,0,,0,,0,0,unknown,no_category_data,,2026-06-14T18:36:54.146Z
릿터,naverchzzk,b93ac790308e8beb408f9de889249d3d,,103.8,19,7,815,205,16-20,talk,63.4,종합 게임,26.4,오버워치,4.1,5,false,talk_primary,,2026-06-14T18:36:57.964Z
온내,naverchzzk,85def535045e559e1a92df22fb0386dc,,126.2,14,6,812,365,10-15,,0,,0,,0,0,unknown,no_category_data,,2026-06-14T18:36:59.107Z
한작희,naverchzzk,7e5b9ce4c1d520c564143ddff5d484e1,,39.5,44,20,812,1119,41-50,,0,,0,,0,0,unknown,no_category_data,,2026-06-14T18:37:02.364Z
샤샤풍,naverchzzk,5f252fa440bbb231d530b2e3422b7345,,126.6,14,6,811,664,10-15,talk,83.8,포켓몬 카드 게임 Pocket,16.2,,0,2,false,talk_primary,,2026-06-14T18:37:04.532Z
따꿍 DDaKaBoo,naverchzzk,cbcb8af9263266ff58ae27e9f6363c40,,227,10,3,811,259,10-15,,0,,0,,0,0,unknown,no_category_data,,2026-06-14T18:37:18.391Z
네므오,naverchzzk,219d7d7bb4b21538f797bc1a757318e5,,90.8,18,8,811,753,16-20,리그 오브 레전드,52.6,데드 바이 데이라이트,31.6,talk,15.8,3,true,multi_game,,2026-06-14T18:37:20.554Z
루엘Ruel,naverchzzk,6b175d027e0defdaec455de585842604,,192.4,12,4,811,330,10-15,로스트아크,98.7,서브노티카 2,1,데드 애즈 디스코,0.3,3,false,single_game_dominant,,2026-06-14T18:37:33.278Z
원 츄,naverchzzk,cae8ee60856a7d0b4fe7eb75d2a8fe16,,58.3,33,13,808,689,31-40,메이플스토리 월드,99.7,데드 바이 데이라이트,0.3,,0,2,false,single_game_dominant,,2026-06-14T18:37:33.359Z
기찬아,naverchzzk,417fbbdd1a1a735f97a24e9bec2aa022,,128.2,19,6,808,229,16-20,,0,,0,,0,0,unknown,no_category_data,,2026-06-14T18:37:38.884Z
김창둥,naverchzzk,33b213d947cc5ca17cfe972e7c34aaaf,,159.9,10,5,808,97,10-15,이스케이프 프롬 타르코프,50.7,리그 오브 레전드,30.4,철권 8,13,4,true,multi_game,,2026-06-14T18:37:38.903Z
히게 hige,naverchzzk,4fa76beb6435a4b55f416b586ab2bc5e,,170.7,14,4,806,204,10-15,리그 오브 레전드,80,talk,10,종합 게임,8,4,false,single_game_dominant,,2026-06-14T18:37:43.735Z
일랑 일랑,naverchzzk,ee8a617e26072a2808147b43fdf91c45,,56.2,22,14,807,1471,21-30,talk,89.7,종합 게임,10.3,,0,2,false,talk_primary,,2026-06-14T18:37:44.859Z
김 사막,naverchzzk,de207d7ea717cc73a4ed99d303068d88,,67.5,26,11,806,2605,21-30,talk,40.7,서브노티카 2,14.8,유로 트럭 시뮬레이터 2,10.8,11,false,single_game_or_non_game,,2026-06-14T18:37:49.729Z
햄빛,naverchzzk,fe04b8166e781e88c1afb4679a758442,,272,16,2,805,384,16-20,VR챗,18.6,메이드 오브 스커,16,포르자 호라이즌 6,12.7,12,true,multi_game,,2026-06-14T18:37:50.752Z
민키,naverchzzk,acda0dc686672f4cc308b71a87d55cc5,,69.7,25,11,805,879,21-30,,0,,0,,0,0,unknown,no_category_data,,2026-06-14T18:37:55.613Z
도희린,naverchzzk,dc8c3430d8d82ed6c15a8f2750428e34,,128.8,16,6,805,334,16-20,리그 오브 레전드,51.1,종합 게임,29,슬레이 더 스파이어 2,7.7,5,true,multi_game,,2026-06-14T18:37:55.664Z
강감자,naverchzzk,d86abe5a97432ab53cc7b89b324ba8c7,,183.3,10,4,804,110,10-15,,0,,0,,0,0,unknown,no_category_data,,2026-06-14T18:38:00.777Z
달보그레,naverchzzk,f964cca49eac931fcac2a5be7c1b349f,,81,20,9,804,1356,16-20,월드 오브 워크래프트: 한밤,43.7,바이오하자드 RE:2,14.5,007 퍼스트 라이트,9.5,12,false,single_game_or_non_game,,2026-06-14T18:38:01.218Z
호시에 제로,naverchzzk,55786afb300c4418d81851033c687baa,,132.4,17,6,801,161,16-20,,0,,0,,0,0,unknown,no_category_data,,2026-06-14T18:38:05.217Z
데벨,naverchzzk,05fddca96166df9877876c3efcd52a55,,169.1,13,4,801,480,10-15,메이플스토리 월드,63.6,PUBG: 배틀그라운드,20,talk,8.3,7,true,multi_game,,2026-06-14T18:38:07.090Z
냐루 NYARU,naverchzzk,160006d05e38cea36567035b728133b3,,77.2,26,10,800,787,21-30,데드 바이 데이라이트,54.1,리그 오브 레전드,14.1,종합 게임,13.1,5,false,single_game_or_non_game,,2026-06-14T18:38:10.345Z
폭진캐진,naverchzzk,ad9343966483268339b3c9958f0f1dc2,,64.5,32,12,799,1564,31-40,발로란트,98.7,종합 게임,0.9,메이플스토리 월드,0.4,3,false,single_game_dominant,,2026-06-14T18:38:15.448Z
잼사,naverchzzk,f6292958354cf18d4fcba4b831818ece,,53.1,36,15,798,1164,31-40,talk,36.9,데이먼 앤 베이비,16.7,Nova Roma 노바 로마,7.3,16,false,single_game_or_non_game,,2026-06-14T18:38:17.934Z
유수분,naverchzzk,fd7535e16c1716dba38bcf8dfe00d8a3,,60.3,23,13,797,293,21-30,명일방주: 엔드필드,94.5,명일방주,5.5,,0,2,false,single_game_dominant,,2026-06-14T18:38:20.473Z
루린아0,naverchzzk,37a5b413b2360b6b449e061ed4057693,,52.1,27,15,797,2648,21-30,talk,45.2,친구모아 아일랜드 두근두근 라이프,25.9,마인크래프트,23.4,5,true,multi_game,,2026-06-14T18:38:23.339Z
한지유,naverchzzk,6ccb72c4623e7d96695b79e6441376de,,212.7,11,3,796,751,10-15,종합 게임,43.3,발로란트,23.3,PUBG: 배틀그라운드,13.1,7,true,gg_primary,,2026-06-14T18:38:26.351Z
갱탑,naverchzzk,d84166a91ce2de36514c2fe0b9f206e5,,99.8,29,7,796,465,21-30,talk,37.4,마법소녀의 마녀재판,28.6,이스케이프 프롬 덕코프,25.1,5,true,multi_game,,2026-06-14T18:38:29.587Z
유딩채널,naverchzzk,2cbd04c8890938f078855da5870b073f,,73.1,19,10,794,290,16-20,,0,,0,,0,0,unknown,no_category_data,,2026-06-14T18:38:31.914Z
빵태 Bbangtae,naverchzzk,5d0f33edf74e8b0be150c1b1463b7a73,,581.5,16,1,793,110,16-20,더 롱 다크,24.8,종합 게임,24,talk,19.4,9,true,multi_game,,2026-06-14T18:38:35.195Z
알포프리,naverchzzk,fe116a266eeb8f92fe3e28748ff9ca9b,,130.4,22,6,792,216,21-30,아이온2,84.8,종합 게임,4,성세천하: 여제의 탄생 Ⅱ,3.4,9,false,single_game_dominant,,2026-06-14T18:38:37.150Z
니은 Neeun,naverchzzk,412471b48add5dd2e56282f163f3f411,,94.6,23,8,792,679,21-30,원신,41.7,명조:워더링 웨이브,37.4,서브노티카 2,12.7,5,true,multi_game,,2026-06-14T18:38:41.824Z
푼다,naverchzzk,e97256d0577a70391bdd402ee8d53fe2,,104,21,7,788,447,21-30,이터널 리턴,68.4,음악/노래,11,역전재판,5.4,9,false,single_game_or_non_game,,2026-06-14T18:38:44.348Z
너나비,naverchzzk,8f1942d6145656362a585633bc646e53,,30.4,47,25,786,2687,41-50,talk,54.1,슬레이 더 스파이어 2,9.1,서브노티카,9,16,false,talk_primary,,2026-06-14T18:38:46.684Z
왕금손,naverchzzk,8213c59ddaa654657a1debc7d2d6ce82,,90.5,21,8,783,106,21-30,프로젝트: 도어즈,100,,0,,0,1,false,single_game_dominant,,2026-06-14T18:38:49.370Z
강재히,naverchzzk,d9602d9d284050d7169940d1cdd43b5f,,64.3,41,12,782,397,41-50,,0,,0,,0,0,unknown,no_category_data,,2026-06-14T18:38:52.677Z
성은 씨,naverchzzk,63a1cb463032bb9d88ee5fd17c1a0a3f,,72.5,29,10,782,1280,21-30,리그 오브 레전드,65.1,이터널 리턴,31.8,talk,3.1,3,true,multi_game,,2026-06-14T18:38:55.867Z
아루네 Arune,naverchzzk,60b521ca1a977069539fc7730c2dd41d,,164.1,29,4,782,713,21-30,,0,,0,,0,0,unknown,no_category_data,,2026-06-14T18:38:57.152Z
까까상,naverchzzk,6bfdf92684de2755f5ea91a318773559,,34.9,44,22,782,2647,41-50,,0,,0,,0,0,unknown,no_category_data,,2026-06-14T18:39:00.386Z
와뇽,naverchzzk,b0d1368cd596fc9e883b4b4e354ab751,,339.8,16,2,782,13,16-20,,0,,0,,0,0,unknown,no_category_data,,2026-06-14T18:39:02.101Z
참외몬,naverchzzk,c1df26cb802a84fa612ffb3945a193eb,,183.5,20,4,780,557,16-20,talk,56.7,오버워치,28.4,마인크래프트,14.9,3,false,talk_primary,,2026-06-14T18:39:06.218Z
쿠라맛챠,naverchzzk,d82829566190e566da4d8e97308d5993,,77.7,19,10,780,4203,16-20,발로란트,58.8,그라운디드 2,17.2,그라운디드,12.8,9,true,multi_game,,2026-06-14T18:39:08.464Z
순결한 젤리쨩,naverchzzk,7e8004f0a82dafa26dfc619513e83d5b,,51.5,35,15,779,3295,31-40,talk,24.9,리그 오브 레전드,14.5,세키로: 섀도우 다이 트와이스,13.4,14,false,single_game_or_non_game,,2026-06-14T18:39:12.543Z
람비,naverchzzk,ce932a15aba8c9704355eb3422702ab9,,60.2,42,12,779,1643,41-50,마비노기 모바일,88.8,방 탈출 시뮬레이터2,3.5,종합 게임,2.8,6,false,single_game_dominant,,2026-06-14T18:39:14.770Z
사탕무,naverchzzk,a2b2be00b68ea90ae4a5f3c45878f2ae,,48.4,29,16,778,805,21-30,로스트아크,91.9,PUBG: 배틀그라운드,8.1,talk,0,3,false,single_game_dominant,,2026-06-14T18:39:17.307Z
뉸새,naverchzzk,6bccdc59a0f81975d274f9f3b1102d73,,125.4,13,6,778,340,10-15,오버워치,20.7,스플래툰 3,15.8,서브노티카 2,13.7,14,true,multi_game,,2026-06-14T18:39:20.411Z
루나은하,naverchzzk,bdf06bfc5f94837ee1ed418b775fb1b8,,123.1,13,6,778,353,10-15,리그 오브 레전드,29.9,PUBG: 배틀그라운드,24.6,메이플스토리 월드,18.6,10,true,multi_game,,2026-06-14T18:39:23.249Z
유세주,naverchzzk,6a7ea21ddb6862055a4f524a8c2a8dfb,,298.4,12,2,777,762,10-15,마인크래프트,92.5,talk,5.9,전략적 팀 전투 : 우주의 신들,1.7,3,false,single_game_dominant,,2026-06-14T18:39:26.158Z
도또 dotto,naverchzzk,b1555a149b5bd08186dae8f00d6384d4,,101.2,14,7,776,165,10-15,고전 게임,61.8,2026 FIFA 북중미 월드컵,34.5,음악/노래,3.6,3,true,multi_game,,2026-06-14T18:39:29.061Z
유푸링,naverchzzk,ad76cad60cf7f1c7b658433d3c2b4f75,,63.9,29,12,776,968,21-30,리그 오브 레전드,62.5,돈 스타브 투게더,25.4,슈퍼 단간론파 2: 안녕히 절망학원,4.2,5,true,multi_game,,2026-06-14T18:39:32.571Z
유엘 Yuel,naverchzzk,e15d3968fc3bed0464f728658a2b1713,,74,30,10,775,784,21-30,음악/노래,100,,0,,0,1,false,single_game_dominant,,2026-06-14T18:39:35.320Z
백야 BY,naverchzzk,2626f1dee4cedd89ecc8c4c313e37ecc,,72,20,10,774,1110,16-20,마인크래프트,27.8,talk,26.6,음악/노래,25.4,7,true,multi_game,,2026-06-14T18:39:38.269Z
Error Bug 에러 버그,naverchzzk,49f0c246aa1cb8f618ece36851b5ab26,,80.1,25,9,773,958,21-30,음악/노래,46.9,종합 게임,26.6,talk,26.6,3,true,multi_game,,2026-06-14T18:39:40.154Z
주절맨,naverchzzk,cea1c1e4b83b4852b37cd1d413421321,,157.8,10,4,772,25,10-15,종합 게임,85.5,성세천하: 여제의 탄생 Ⅱ,14.5,,0,2,true,gg_primary,,2026-06-14T18:39:43.811Z
에드님,naverchzzk,cacb02868bfc7317ea4ff473aa63b248,,122.1,23,6,771,2129,21-30,돈 스타브 투게더,64.4,오버워치,15.8,전략적 팀 전투 : 우주의 신들,9.8,6,true,multi_game,,2026-06-14T18:39:46.325Z
박도나,naverchzzk,bee1a6ea2e031ebd35fd348304bddabd,,73.5,33,10,771,643,31-40,,0,,0,,0,0,unknown,no_category_data,,2026-06-14T18:39:48.401Z
진다람,naverchzzk,55e277173377bd44b9b1c23e34ddb821,,75.6,40,10,770,978,31-40,,0,,0,,0,0,unknown,no_category_data,,2026-06-14T18:39:51.308Z
포니고라운드,naverchzzk,aa26e59c91a22bd430ec1d5d6d965dac,,43.3,38,17,770,1185,31-40,서브노티카 2,27.2,미나 더 할로워,18.1,talk,17.7,13,true,multi_game,,2026-06-14T18:39:54.403Z
믜밈,naverchzzk,85955548e8174d4233b8971a5599922d,,82.2,18,9,770,643,16-20,talk,22.1,007 퍼스트 라이트,17.1,마인크래프트,8.9,20,false,single_game_or_non_game,,2026-06-14T18:39:57.452Z
유기농솜사탕,naverchzzk,0e0e77533c3dbd287a869a12c6afcde1,,103.7,18,7,767,378,16-20,마인크래프트,33.2,세키로: 섀도우 다이 트와이스,29.1,talk,13.3,8,true,multi_game,,2026-06-14T18:39:59.316Z
늙은어린이2,naverchzzk,1fd54afbec396b332cf2883561f48a0e,,34.7,35,22,766,1941,31-40,원신,39.4,친구모아 아일랜드 두근두근 라이프,23.3,이환,18.8,9,true,multi_game,,2026-06-14T18:40:03.556Z
멍히멍히싱멍개,naverchzzk,0545d1bc1439319c8b47ca4d12e59d98,,304.3,12,2,766,264,10-15,고전 게임,100,,0,,0,1,false,single_game_dominant,,2026-06-14T18:40:05.619Z
힌마,naverchzzk,afa190011447404d61d3c4f43c5c12a2,,78.3,23,9,766,776,21-30,talk,100,,0,,0,1,false,talk_primary,,2026-06-14T18:40:09.268Z
므 링,naverchzzk,ccf42777ea2e5304c8ef23014b1ff730,,200.2,12,3,762,297,10-15,talk,39.7,프랫폴,25.6,냐코리의 토끼 인형,22.3,6,true,multi_game,,2026-06-14T18:40:11.204Z
베베쨩,naverchzzk,31c69161e89543693805af8d5bd3c384,,74.4,26,10,761,494,21-30,talk,30.1,음악/노래,20.4,성세천하: 여제의 탄생 Ⅱ,13.1,8,false,single_game_or_non_game,,2026-06-14T18:40:15.311Z
도르미님,naverchzzk,6b47cf51ea0662f41814c571469bc925,,40.7,44,18,758,1160,41-50,로스트아크,100,,0,,0,1,false,single_game_dominant,,2026-06-14T18:40:17.409Z
뭉둥이,naverchzzk,b6678e3cf7e229252cdab42f8f4970b3,,87.9,18,8,758,630,16-20,로스트아크,87.4,디 아티잔 오브 글리미스,3.8,R.E.P.O.,2.6,9,false,single_game_dominant,,2026-06-14T18:40:21.948Z
안인성,naverchzzk,699c3aa0748f8d6db2c33e24529a5913,,338.3,10,2,757,365,10-15,명조:워더링 웨이브,67.4,연운,22.8,왕좌의 게임: 킹스로드,4.9,5,true,multi_game,,2026-06-14T18:40:23.492Z
새침바리,naverchzzk,e75d1eb344c5d019add8453474631313,,256.9,11,2,757,273,10-15,,0,,0,,0,0,unknown,no_category_data,,2026-06-14T18:40:26.223Z
안녕하세요방갑습니다,naverchzzk,9c5d25a0c51ed759dad92bebbd01726f,,44.5,35,17,757,874,31-40,발로란트,52.9,Grand Theft Auto V,21.4,전략적 팀 전투 : 우주의 신들,14.7,4,true,multi_game,,2026-06-14T18:40:28.266Z
짤녀와 많쿠만in텟슈,naverchzzk,72293c76fbcdb06e578ddc6c54ba151b,,45.8,32,16,756,1732,31-40,에이펙스 레전드,76.9,종합 게임,21.9,오버워치,1.2,3,true,multi_game,,2026-06-14T18:40:32.205Z
김앙대,naverchzzk,4d4531ff788fc80cd9fc7b36c7ea78f1,,85,36,8,755,268,31-40,,0,,0,,0,0,unknown,no_category_data,,2026-06-14T18:40:33.311Z
Helloheize,naverchzzk,1327271942be49226af0bce74514e2dc,,129.7,16,5,753,170,16-20,리그 오브 레전드,58.3,talk,29.2,종합 게임,12.5,3,false,single_game_or_non_game,,2026-06-14T18:40:39.512Z
마무 Mamuu,naverchzzk,a9e9faf32d32f089b07eb6213e9f4254,,64.4,24,11,754,432,21-30,블랙 메사,30.3,종합 게임,20.9,하프라이프,18.7,5,true,multi_game,,2026-06-14T18:40:40.111Z
콕 끼리,naverchzzk,7835444e21353f02575ae4d9902324da,,120.9,11,6,752,403,10-15,Grand Theft Auto V,100,,0,,0,1,false,single_game_dominant,,2026-06-14T18:40:46.833Z
여우아님진짜,naverchzzk,eb522735f1aafaa4016bed5aaed519aa,,75.1,32,10,752,593,31-40,talk,49.1,패스 오브 엑자일 2,17.4,Once Human,10,7,false,single_game_or_non_game,,2026-06-14T18:40:47.784Z
녹차덮밥의 취미생활,naverchzzk,6fc931a7615371cfd431e50953b59354,,173.4,20,4,750,321,16-20,,0,,0,,0,0,unknown,no_category_data,,2026-06-14T18:40:51.268Z
해로해롱,naverchzzk,ec40c06a319205fca7741937860d1299,,111.5,15,6,750,114,10-15,,0,,0,,0,0,unknown,no_category_data,,2026-06-14T18:40:52.121Z
아미하 유네,naverchzzk,bca004bab58630f78120d53d583afa71,,49.2,33,15,749,1166,31-40,talk,55.1,활협전,41.4,종합 게임,2.4,4,false,talk_primary,,2026-06-14T18:40:57.626Z
서벌캣 례이,naverchzzk,5a83c455f88ae4105c2f1f8c9f464da5,,139.8,12,5,747,165,10-15,PUBG: 배틀그라운드,58.1,오버워치,41.9,,0,2,true,multi_game,,2026-06-14T18:40:57.721Z
나팔뿝뿌,naverchzzk,c083cff84aa37124eca41f18ef5336f4,,144.9,11,5,747,334,10-15,철권 8,77.5,R.E.P.O.,5.5,종합 게임,4,7,false,single_game_or_non_game,,2026-06-14T18:41:04.712Z
오세오,naverchzzk,05fe6d7cecce71ac727f6b7124b05e29,,29.2,49,25,746,3438,41-50,talk,55.9,마인크래프트,12.4,마법소녀의 마녀재판,11.1,12,false,talk_primary,,2026-06-14T18:41:05.072Z
이디어DEER,naverchzzk,dafbecf1decca1e06f49916683c85e48,,127.1,14,5,746,194,10-15,종합 게임,35.5,이터널 리턴,28,림버스 컴퍼니,21.4,6,true,gg_primary,,2026-06-14T18:41:10.421Z
포헤,naverchzzk,47d03d30f0f344b6797f4620b1ae68ec,,111.2,18,6,746,394,16-20,talk,59.2,종합 게임,21.6,블루 아카이브,8.4,6,false,talk_primary,,2026-06-14T18:41:10.496Z
얌무우,naverchzzk,7d64edb78529040e178095fe6c45487a,,43.2,40,17,746,3094,31-40,디제이맥스 리스펙트 V,100,,0,,0,1,false,single_game_dominant,,2026-06-14T18:41:20.512Z
까복치,naverchzzk,20d19963026340fda85111db5fa7fb99,,89.4,16,8,746,636,16-20,세븐 데이즈 투 다이,39.7,마인크래프트,20.3,talk,12.7,14,true,multi_game,,2026-06-14T18:41:21.827Z
도라리 Dorari,naverchzzk,2d713768b36855fab68c0a79cf34fed4,,104.9,16,7,745,453,16-20,오버워치,78.6,talk,21.4,,0,2,false,single_game_or_non_game,,2026-06-14T18:41:27.062Z
백하얀,naverchzzk,7f66725b90a90b53e60277333c8c4264,,48.8,29,15,745,1845,21-30,에이펙스 레전드,62.8,talk,20.9,프로젝트 좀보이드,6.1,8,false,single_game_or_non_game,,2026-06-14T18:41:27.863Z
AH끼,naverchzzk,bac19c6406e70cf1fe775920a1f71194,,69.2,21,10,744,971,21-30,,0,,0,,0,0,unknown,no_category_data,,2026-06-14T18:41:33.570Z
린다비,naverchzzk,973bf833fa668636ea3709e811f5a4c2,,187.2,22,3,742,235,21-30,메이플스토리 월드,49.1,로스트아크,26.3,종합 게임,12.6,5,true,multi_game,,2026-06-14T18:41:33.887Z
쵸매,naverchzzk,543ed8455bb3adb53a21f8d2ea951fcb,,300.4,10,2,740,96,10-15,종합 게임,33.3,서브노티카 2,33.3,노움 강도단,12.2,11,true,gg_primary,,2026-06-14T18:41:42.568Z
영갓이,naverchzzk,cc44d50829c2b4152ddc9c0fede33a38,,151.6,30,4,741,1509,21-30,2026 FIFA 북중미 월드컵,54.1,명조:워더링 웨이브,9.3,패스 오브 엑자일 2,8,18,false,single_game_or_non_game,,2026-06-14T18:41:43.393Z
로직백수,naverchzzk,f9f79decdfd481801d58f21e76ffd9b3,,83.5,32,8,740,934,31-40,talk,54.5,리그 오브 레전드,30.8,메이플스토리,9.7,5,false,talk_primary,,2026-06-14T18:41:50.494Z
해군원수CC,naverchzzk,a32579f0e43534aa2af01b883feb0599,,115.7,15,6,740,689,10-15,talk,50.4,스피릿페어러,25.2,호그와트 레거시,10.2,5,false,talk_primary,,2026-06-14T18:41:50.700Z
토리 tori,naverchzzk,ac3291676fa1a10205e3c801463e22d9,,210.1,12,3,738,196,10-15,스타크래프트 II : 공허의 유산,53.2,talk,34,컴퍼니 오브 히어로즈 3,7.7,6,false,single_game_or_non_game,,2026-06-14T18:41:57.625Z
용구슬이,naverchzzk,200c418704c3a430d6c9deeb5e5d4d76,,35.6,46,20,739,3154,41-50,월드 오브 워쉽,86.2,월드 오브 탱크: 히트,13.8,종합 게임,0,3,false,single_game_dominant,,2026-06-14T18:41:57.653Z
릴리나봉,naverchzzk,ae9c183d7ff7ce6b4890cd0beb4cc192,,182.9,13,4,738,1255,10-15,발로란트,26,talk,25.2,서브노티카,18.9,7,true,multi_game,,2026-06-14T18:42:04.813Z
쿠키레이,naverchzzk,ca6489c1bb63c41ea680d6520d9aaf94,,28,49,26,738,2883,41-50,월드 오브 워크래프트: 한밤,98.8,talk,0.8,종합 게임,0.5,3,false,single_game_dominant,,2026-06-14T18:42:05.270Z
레코드진,naverchzzk,4b147ba0034bd0af051e06d223814f62,,95.4,23,7,736,259,21-30,리그 오브 레전드,62.6,talk,14.2,디 아티잔 오브 글리미스,11.2,7,false,single_game_or_non_game,,2026-06-14T18:42:11.310Z
이하람,naverchzzk,6a15de04cb25a8d6d59f43c596fb7037,,150.5,13,4,737,835,10-15,패스 오브 엑자일 2,77.4,talk,8.3,서브노티카 2,5.9,7,false,single_game_or_non_game,,2026-06-14T18:42:11.560Z
백소얀,naverchzzk,2f767b9a585daf8f9f7d0e63d1fb2caa,,83.3,15,8,735,358,10-15,발로란트,92.8,인슈라오디드,6.6,작혼: 리치 마작,0.6,3,false,single_game_dominant,,2026-06-14T18:42:18.433Z
하비,naverchzzk,3eb546e7d8f0f092be9c1aeed73fbbec,,109,16,6,736,865,16-20,로스트아크,42.7,talk,18.3,에이펙스 레전드,9.5,14,false,single_game_or_non_game,,2026-06-14T18:42:19.871Z
츄아공주,naverchzzk,160d1e6a8d9304fd44c2810c31330d8b,,52.7,25,13,735,701,21-30,메이플스토리 월드,100,,0,,0,1,false,single_game_dominant,,2026-06-14T18:42:24.944Z
지 짱,naverchzzk,baf56e76d12d0cf5b566d897cbf49c55,,94,24,7,734,638,21-30,오버워치,84.6,PUBG: 배틀그라운드,12.8,종합 게임,2.6,3,false,single_game_dominant,,2026-06-14T18:42:24.945Z
채팅방장,naverchzzk,23fa0556093a22a19cc7f16858c90264,,68.9,31,10,733,1139,31-40,오버워치,50.5,이스케이프 더 백룸,25.7,디렉티브 8020,18.5,6,true,multi_game,,2026-06-14T18:42:30.002Z
아르키0,naverchzzk,81d27371db3ecb93e1087661dfe5ac87,,92.9,25,7,733,151,21-30,talk,69.5,종합 게임,30.5,,0,2,false,talk_primary,,2026-06-14T18:42:30.909Z
묘비 Myobi,naverchzzk,ea3963d9cc8831c703f5ccc4c1158df1,,49.1,30,14,733,685,21-30,,0,,0,,0,0,unknown,no_category_data,,2026-06-14T18:42:34.230Z
문창식,naverchzzk,32f6c88c3c7180484f4498c554a30ba0,,34.7,31,21,733,499,31-40,슬레이 더 스파이어 2,40.6,talk,35.2,데드 바이 데이라이트,12,5,false,single_game_or_non_game,,2026-06-14T18:42:35.180Z
만상대란,naverchzzk,b3d1785e0b27578ab61630fedba645ec,,64.5,22,11,731,347,21-30,,0,,0,,0,0,unknown,no_category_data,,2026-06-14T18:42:40.359Z
수리하,naverchzzk,f3cf176831b673829fad548f8f66db87,,57.6,27,12,733,1603,21-30,talk,53.7,마인크래프트,10.4,펜티먼트,10.3,14,false,talk_primary,,2026-06-14T18:42:40.758Z
최얀미,naverchzzk,29f93acdeb2e2f7dc60c3c2337fb4af7,,31.9,38,22,727,4243,31-40,전략적 팀 전투 : 우주의 신들,82.3,명조:워더링 웨이브,11.7,talk,4.4,4,false,single_game_dominant,,2026-06-14T18:42:47.642Z
아로예요,naverchzzk,005758c1df95f8df3d63b03f0edffb0a,,96.7,32,7,727,1139,31-40,원신,83.2,리그 오브 레전드,13.7,젠레스 존 제로,1.6,6,false,single_game_dominant,,2026-06-14T18:42:48.134Z
기랑,naverchzzk,45576f93954effd76e8e5d7d032bd51e,,81.1,30,8,727,649,21-30,리그 오브 레전드,78.9,talk,12.3,음악/노래,3.5,6,false,single_game_or_non_game,,2026-06-14T18:42:54.219Z
청호랑,naverchzzk,10896860a85c180bff0720cd59a7b33f,,50.4,33,14,726,1003,31-40,talk,93.5,메이플스토리 월드,3.4,던전앤파이터,2.7,4,false,talk_primary,,2026-06-14T18:42:55.121Z
로지 로지,naverchzzk,3f2918b7776faed066b38235d76acd78,,154.9,25,4,726,573,21-30,,0,,0,,0,0,unknown,no_category_data,,2026-06-14T18:42:59.319Z
에쏘 Esso,naverchzzk,f3cbfed23385ad00f7a6c7cb2c8a6f96,,143.9,17,5,725,645,16-20,마인크래프트,53.3,PUBG: 배틀그라운드,44.1,종합 게임,1.6,6,true,multi_game,,2026-06-14T18:43:01.520Z
리젠리젠,naverchzzk,24e89680fb4fea8a7877a14aa8b97230,,268.4,23,2,725,401,21-30,리그 오브 레전드,95.8,종합 게임,4.2,,0,2,false,single_game_dominant,,2026-06-14T18:43:05.180Z
Kimzero 김제로,naverchzzk,04e0d7badb52ae59512a2096f9749ce8,,148.5,13,4,724,68,10-15,,0,,0,,0,0,unknown,no_category_data,,2026-06-14T18:43:06.575Z
유자짱,naverchzzk,556705a020d1a80a054cba7bde333f68,,76.1,22,9,723,365,21-30,종합 게임,53.5,talk,26.1,메이플스토리,8.8,5,true,gg_primary,,2026-06-14T18:43:11.792Z
감블러,naverchzzk,37d4ff6bb18c1f5891afc141b52c1d2f,,81.9,16,8,722,227,16-20,리그 오브 레전드,65.4,talk,24.2,하숙생이 전부 미녀입니다만? 시즌2,4.7,6,false,single_game_or_non_game,,2026-06-14T18:43:13.702Z
기뮨디,naverchzzk,6ba619b59a6f25a6116a7f339906727a,,290.7,12,2,721,173,10-15,더 바자르,69.2,패스 오브 엑자일 2,26.4,헌트: 쇼다운 1896,3.4,4,true,multi_game,,2026-06-14T18:43:17.271Z
도이옐,naverchzzk,23fa0e1619c18133787c146037383d99,,64.7,25,11,720,872,21-30,길티기어 -스트라이브-,47.5,talk,32.4,그림/아트,19.4,4,false,single_game_or_non_game,,2026-06-14T18:43:18.327Z
뽀그리 BBOGRI,naverchzzk,92a81bff90d9a0f45ac7607d9222253b,,75.9,18,9,718,537,16-20,talk,33.8,마인크래프트,17.9,성세천하: 여제의 탄생,14,11,false,single_game_or_non_game,,2026-06-14T18:43:23.261Z
서몽 ILLUSION LIVE,naverchzzk,82bb71d60ffa85b94ad3823e3c52fe69,,242.3,12,2,716,492,10-15,아레나 브레이크아웃,45.9,종합 게임,21.3,마인크래프트,21.3,9,true,multi_game,,2026-06-14T18:43:24.655Z
니우 니우,naverchzzk,2a2a531fcd6472b76877cf5f2fd5167d,,248.5,18,2,716,500,16-20,마비노기 모바일,68.9,종합 게임,11.2,메이플스토리 월드,10.4,10,false,single_game_or_non_game,,2026-06-14T18:43:30.136Z
달잉o,naverchzzk,b3e9f222e434ae3016276987bf080eb4,,37.8,32,18,714,3814,31-40,음악/노래,38.2,talk,36.2,초자연 작전팀,6,10,false,single_game_or_non_game,,2026-06-14T18:43:30.449Z
눈꽃서리 123,naverchzzk,fde52419141a10319c70d43a23576afa,,475.3,11,1,714,104,10-15,,0,,0,,0,0,unknown,no_category_data,,2026-06-14T18:43:36.089Z
유 영 혁,naverchzzk,6fbfc1f21a4ea8d2890ce84f814cac6a,,93,43,7,713,2927,41-50,talk,68.1,포켓몬 포코피아,8.2,잇 테이크 투,5.6,13,false,talk_primary,,2026-06-14T18:43:36.867Z
개씨유,naverchzzk,d90c796bd7e4ddebf3cfdba1d325b075,,51.2,43,13,711,805,41-50,엘든 링,32.2,디아블로 II: 레저렉션,20.3,레드 데드 리뎀션 2,16.4,8,true,multi_game,,2026-06-14T18:43:43.253Z
꿀 뭉,naverchzzk,cc64019fefa379cf48732a00420102b1,,54.3,23,13,711,1016,21-30,그랜드체이스 클래식,66.7,종합 게임,4.7,테일즈런너,4.5,20,false,single_game_or_non_game,,2026-06-14T18:43:43.866Z
용룻,naverchzzk,fb928a3051bfda0662b5ee3c116b71b9,,49,33,14,710,1588,31-40,PUBG: 배틀그라운드,59.1,talk,17.5,디트로이트: 비컴 휴먼,8.6,12,false,single_game_or_non_game,,2026-06-14T18:43:51.246Z
파단이,naverchzzk,f3d334f12f38661e0190c6a97ee166c4,,124,15,5,710,348,10-15,젤다의 전설 브레스 오브 더 와일드,34.2,젤다의 전설 티어스 오브 더 킹덤,29.9,모여봐요 동물의 숲,12.6,7,true,multi_game,,2026-06-14T18:43:51.574Z
렁 이,naverchzzk,cf508ad755c0e3bf1a66d7649cf2cbf0,,202.8,12,3,708,205,10-15,유희왕 마스터 듀얼,68.8,트릭컬 리바이브,25,커피 토크 도쿄,6.3,3,true,multi_game,,2026-06-14T18:43:58.084Z
월렛,naverchzzk,d622dc2789daa5ea91a8244a1790255e,,339.5,10,2,709,145,10-15,talk,92.9,데드 바이 데이라이트,7.1,,0,2,false,talk_primary,,2026-06-14T18:43:58.643Z
따 끈,naverchzzk,beb855ddd259e1bea27061a3858d5ab9,,22.9,49,30,708,3006,41-50,talk,58,007 퍼스트 라이트,10,성세천하: 여제의 탄생 Ⅱ,7.9,12,false,talk_primary,,2026-06-14T18:44:05.686Z
배 린 희,naverchzzk,6445cd09811f4bbfd22e944d4d6c4b8d,,39.4,46,17,708,1099,41-50,로스트아크,88.5,talk,4.6,레이튼 교수와 이상한 마을 HD,2.9,5,false,single_game_dominant,,2026-06-14T18:44:06.065Z
하유울,naverchzzk,11355ef466e04f35d1be07cb8a052cdc,,71,31,9,707,866,31-40,talk,55.2,음악/노래,34.2,시스터즈 커리큘럼,7.8,4,false,talk_primary,,2026-06-14T18:44:11.827Z
SENA 세나,naverchzzk,1b31094bf7d83b61cf2ab110f9b91989,,79.4,17,8,707,89,16-20,종합 게임,100,,0,,0,1,true,gg_primary,,2026-06-14T18:44:12.551Z
키마리오,naverchzzk,9f3f4f749e287c8dff786aa686c31815,,114.8,16,6,707,573,16-20,연운,46.7,윈드로즈,25.2,스타듀 밸리,21.9,5,true,multi_game,,2026-06-14T18:44:16.513Z
서랑그림,naverchzzk,9ca1d47ac69b758fce461bc1b0098d04,,130.9,20,5,707,613,16-20,젤다의 전설 티어스 오브 더 킹덤,33.1,요시와 신기한 도감,28.2,스플래툰 3,14.2,11,true,multi_game,,2026-06-14T18:44:18.549Z
준버드,naverchzzk,92715cbde3a13be82135a3ac5d0e4cb0,,164.3,11,4,706,130,10-15,선 헤이븐,47.2,talk,21.9,종합 게임,12.4,6,false,single_game_or_non_game,,2026-06-14T18:44:22.047Z
정덱,naverchzzk,2089da37c6dabece496e397079a49488,,141.7,10,4,705,147,10-15,마인크래프트,33.4,종합 게임,22.1,프로젝트 좀보이드,15.9,11,true,multi_game,,2026-06-14T18:44:24.111Z
도라대장,naverchzzk,d97e078c28bb543c83942cd48dc4db93,,73.7,16,9,705,354,16-20,이환,31.5,마비노기,21,V 라이징,17,8,true,multi_game,,2026-06-14T18:44:28.369Z
일루전입니다,naverchzzk,1c9c8aebbba5f1bc0fdf5fa237a01130,,81.2,25,8,704,441,21-30,마인크래프트,47.1,종합 게임,20.4,리그 오브 레전드,9.4,10,true,multi_game,,2026-06-14T18:44:30.235Z
던파 칠칠,naverchzzk,7dc438020ba21aced67a6182d26de30f,,124.5,12,5,703,277,10-15,,0,,0,,0,0,unknown,no_category_data,,2026-06-14T18:44:33.243Z
나디 NADI,naverchzzk,51ffa243d4775c8e773844a93355fc68,,163.9,20,4,702,507,16-20,,0,,0,,0,0,unknown,no_category_data,,2026-06-14T18:44:35.238Z
하루야 치에,naverchzzk,45b6050eb042b185b806ef697e67ca23,,77.9,17,9,702,811,16-20,애거사 크리스티 - 나일강의 죽음,18.5,달의 인장,14.4,talk,14.1,11,false,single_game_or_non_game,,2026-06-14T18:44:39.111Z
동네개순대,naverchzzk,474b909039b3944632e35acdfb217d3a,,26.1,45,26,702,1181,41-50,이터널 리턴,32.9,P의 거짓,19.4,talk,15.5,16,true,multi_game,,2026-06-14T18:44:41.127Z
반 희,naverchzzk,84085c3d1b09603389bf48dc01dd0490,,56.2,29,12,701,1593,21-30,아이온2,100,,0,,0,1,false,single_game_dominant,,2026-06-14T18:44:46.092Z
추 추,naverchzzk,da561f0ccf4ba0b10e41c9173434cd49,,160.6,16,4,700,474,16-20,유로 트럭 시뮬레이터 2,85.2,매지컬 프린세스,14.8,,0,2,false,single_game_dominant,,2026-06-14T18:44:46.397Z
Anotherkyo,naverchzzk,785f274d8ad7a3b5f78622b82b84570a,,65.2,22,10,699,141,21-30,파이널판타지14,74.6,성세천하: 여제의 탄생 Ⅱ,25.4,,0,2,true,multi_game,,2026-06-14T18:44:53.485Z
밥겜잠,naverchzzk,ef54939e06aecdb3442306464f741426,,96.9,16,7,700,433,16-20,talk,63.4,종합 게임,12.8,아이온2,11.2,8,false,talk_primary,,2026-06-14T18:44:53.549Z
에루마린,naverchzzk,dd4eee47b162f6dfbe64d72edd93cc83,,99.7,17,7,699,181,16-20,오버워치,36,종합 게임,27.5,서브노티카 2,8.3,9,true,multi_game,,2026-06-14T18:45:01.654Z
쫄 리,naverchzzk,311c2a9ef8537f267eea9963c81d7532,,147.2,20,4,699,256,16-20,랑그릿사,74.3,카오스 제로 나이트메어,6.8,파이어 엠블렘 풍화설월,5.5,10,false,single_game_or_non_game,,2026-06-14T18:45:01.890Z
정한솔,naverchzzk,de93238e515101cfd9e244fb0534a4d8,,34.7,44,20,698,2738,41-50,메이플스토리 월드,100,,0,,0,1,false,single_game_dominant,,2026-06-14T18:45:08.785Z
시노 SINO,naverchzzk,3c76837019a17c6281c7dc674889a876,,188.6,11,3,698,507,10-15,원신,43.9,talk,37.6,발로란트,9.6,5,false,single_game_or_non_game,,2026-06-14T18:45:09.175Z
넬다,naverchzzk,1f7bc2e3ccf11c53cf02da3a6f99e756,,28.7,48,24,698,4864,41-50,발로란트,100,,0,,0,1,false,single_game_dominant,,2026-06-14T18:45:15.208Z
평범소,naverchzzk,7f148028d1b8b3feab3a5442badded46,,69.8,21,10,698,1364,21-30,PUBG: 배틀그라운드,32.1,발로란트,19,마인크래프트,10.9,23,true,multi_game,,2026-06-14T18:45:16.966Z
Janet의 고전게임오락실,naverchzzk,7f7b97b684180a696163bc62be7bbb93,,95.2,19,7,697,141,16-20,로스트아크,20.9,talk,17.5,패스 오브 엑자일 2,16.9,12,true,multi_game,,2026-06-14T18:45:21.484Z
낭만해달,naverchzzk,6129d14ec9635de21458169798781f03,,27.1,41,25,696,603,41-50,고전 게임,100,,0,,0,1,false,single_game_dominant,,2026-06-14T18:45:22.642Z
리핀선장,naverchzzk,ed0aea7f5e705779effa3dd4ca29f6c8,,170,11,4,696,334,10-15,에이펙스 레전드,37.5,발로란트,31.3,talk,18.8,4,true,multi_game,,2026-06-14T18:45:26.294Z
쁘 허,naverchzzk,a453504be57a0177f77587f93c0c94d8,,79.9,17,8,696,88,16-20,,0,,0,,0,0,unknown,no_category_data,,2026-06-14T18:45:27.137Z
윤디v,naverchzzk,4d4e97af1510827395c4e3a012ad01e4,,422.6,10,1,695,134,10-15,명조:워더링 웨이브,47.3,검은사막,15.4,종합 게임,15,8,true,multi_game,,2026-06-14T18:45:34.656Z
김뿌찌,naverchzzk,b38df1827f4b7b6b3940bf37925fe916,,133.4,15,5,694,200,10-15,오버워치,57,Once Human,36,몬스터 헌터 월드: 아이스본,4.1,6,true,multi_game,,2026-06-14T18:45:35.509Z
잭일슨,naverchzzk,02ab93998e306b2695634531cb775f33,,179.3,18,3,693,19,16-20,,0,,0,,0,0,unknown,no_category_data,,2026-06-14T18:45:40.285Z
극악뉴,naverchzzk,55894ddc17c453bcaf5e0b6b3e7498e0,,63.5,32,10,693,1056,31-40,마비노기 모바일,48.2,디제이맥스 리스펙트 V,39,talk,8.8,5,true,multi_game,,2026-06-14T18:45:40.530Z
낮새마,naverchzzk,c0613168905b374e1c7c49aa1ff7df2b,,121.5,12,5,693,165,10-15,아이온2,100,,0,,0,1,false,single_game_dominant,,2026-06-14T18:45:46.254Z
플스피드 PSfeed,naverchzzk,1acccfe709da6ec4ff8ef9a5c71c2e32,,139.6,12,4,692,235,10-15,talk,81.3,브로큰로어: 팔로우,12.5,흉우,6.3,3,false,talk_primary,,2026-06-14T18:45:46.330Z
반토,naverchzzk,485f75cd2e84f2f2f2ef9a26bc0e4146,,44,36,15,691,948,31-40,음악/노래,65.1,talk,14.5,마법소녀의 마녀재판,12.8,6,false,single_game_or_non_game,,2026-06-14T18:45:52.578Z
뉴정,naverchzzk,083d7065d62fe811297963161c89b3ed,,60.9,33,11,691,1141,31-40,던전앤파이터,57.9,철권 8,8.3,클레르 옵스퀴르: 33 원정대,7.1,13,false,single_game_or_non_game,,2026-06-14T18:45:54.179Z
아즈마 스미,naverchzzk,0ce04f529e8a94f4f553bec77b0bd76c,,79.4,21,8,691,1024,21-30,음악/노래,29.1,포켓몬스터 적,19.8,로스트아크,16.7,8,true,multi_game,,2026-06-14T18:45:59.569Z
미스터루,naverchzzk,8fd0d27f25adb02864c8aa8da80c92ac,,77.7,21,8,690,895,21-30,파이널판타지14,85.5,007 퍼스트 라이트,8.4,종합 게임,5.2,4,false,single_game_dominant,,2026-06-14T18:46:01.805Z
끝향,naverchzzk,afda0b7183194a3d6686a7093108606f,,236,10,2,690,234,10-15,히어로즈 오브 더 스톰,100,,0,,0,1,false,single_game_dominant,,2026-06-14T18:46:06.791Z
이북런치,naverchzzk,a4ab594f591cf984060e2566253636d8,,75.1,17,9,690,566,16-20,리그 오브 레전드,83.6,종합 게임,7.9,PUBG: 배틀그라운드,3.3,6,false,single_game_dominant,,2026-06-14T18:46:09.067Z
초그매,naverchzzk,a9b3e92588a2d5e2ac8afa32d862d03b,,180.2,13,3,690,365,10-15,,0,,0,,0,0,unknown,no_category_data,,2026-06-14T18:46:11.485Z
게임하는 아리모,naverchzzk,ea3f73ee07cc95f4cab991f69a3919b1,,71.9,20,9,688,533,16-20,talk,70.2,종합 게임,13.5,포르자 호라이즌 6,9.9,5,false,talk_primary,,2026-06-14T18:46:15.561Z
믕먕뮹,naverchzzk,dcedaee3f19b875d7ffd5c6eb69417fa,,127,12,5,688,195,10-15,,0,,0,,0,0,unknown,no_category_data,,2026-06-14T18:46:16.531Z
안드레온,naverchzzk,833c5d419e93202a284621fcefd4f817,,99.8,17,6,686,196,16-20,두근두근타운,64.9,림버스 컴퍼니,7.9,talk,6.8,14,false,single_game_or_non_game,,2026-06-14T18:46:21.981Z
시노 레이,naverchzzk,97182d16d97e1175c332e484e5400ad8,,125.1,19,5,685,686,16-20,서브노티카,30.3,talk,17.2,프로젝트 좀보이드,11.6,17,false,single_game_or_non_game,,2026-06-14T18:46:22.811Z
우주설탕,naverchzzk,6097c5c9d5706e17a56d89a42b0a0999,,64.7,22,10,685,321,21-30,그림/아트,36.8,talk,32,종합 게임,9.9,10,false,single_game_or_non_game,,2026-06-14T18:46:27.748Z
베 뉴,naverchzzk,2b3944021fb4f2e295167e0f200e3b47,,50.9,33,13,684,4357,31-40,talk,100,,0,,0,1,false,talk_primary,,2026-06-14T18:46:28.756Z
하나노 토카,naverchzzk,9a3ed215c3ac19a3f75159a674485921,,44.4,27,15,684,1551,21-30,메이플스토리 월드,71.7,talk,17.5,이환,6.7,6,false,single_game_or_non_game,,2026-06-14T18:46:33.944Z
찍먹별강,naverchzzk,0d8a7b2da24e3648408b9fef32e7824d,,47.2,41,14,684,643,41-50,talk,20.4,엘든 링,16.6,마법소녀의 마녀재판,14.4,16,false,single_game_or_non_game,,2026-06-14T18:46:34.742Z
,naverchzzk,c50e633dd8b6afec5d0cbd91f6e0eea7,,240,15,2,683,149,10-15,용과 같이 8,31.6,데스 스트랜딩 디렉터스 컷,26.3,방 탈출 시뮬레이터,7,11,true,multi_game,,2026-06-14T18:46:39.138Z