channel_name,channelId,channel_url,platform,follower,categories,is_general_game,is_virtual,peak_max,peak_p95,peak_median,peak_recent_median,avg_median,avg_recent_median,stream_hours,ts_weeks,band,final_include,cohort_role,is_overlap
늙은어린이2,1fd54afbec396b332cf2883561f48a0e,https://chzzk.naver.com/live/1fd54afbec396b332cf2883561f48a0e,naverchzzk,1941.0,원신,True,unknown,63.0,53.0,35.0,44.0,25.0,25.0,34.7,101.0,31-40,True,peer_T1,True
코요 템페스트,8d87e7057474f4506d2db5d0c2769138,https://chzzk.naver.com/live/8d87e7057474f4506d2db5d0c2769138,naverchzzk,662.0,승리의 여신: 니케,True,unknown,97.0,75.0,42.0,43.0,20.0,18.0,361.5,147.0,41-50,True,peer_T1,False
라피니아 GO66,8968e548991e09739da81e75c7dc75c0,https://chzzk.naver.com/live/8968e548991e09739da81e75c7dc75c0,naverchzzk,1390.0,이터널 리턴,True,unknown,84.0,61.0,30.0,43.0,20.0,24.0,38.3,121.0,41-50,True,peer_T1,True
맘쥬,cbfa98548ac10dc499d489fe50f61dc3,https://chzzk.naver.com/live/cbfa98548ac10dc499d489fe50f61dc3,naverchzzk,1150.0,던전앤파이터,True,unknown,70.0,65.0,48.0,42.0,28.0,30.0,239.9,128.0,41-50,True,peer_T1,True
댜앙댜앙,1d2464b7d15ec46eb0016325899cde10,https://chzzk.naver.com/live/1d2464b7d15ec46eb0016325899cde10,naverchzzk,1624.0,Grand Theft Auto V,True,unknown,54.0,47.1,32.0,41.0,21.0,26.0,109.5,107.0,41-50,True,peer_T1,False
달디단레몬,3ecbcdcd5c780344d396c93c61ea2595,https://chzzk.naver.com/live/3ecbcdcd5c780344d396c93c61ea2595,naverchzzk,1337.0,유희왕 마스터 듀얼,True,unknown,91.0,64.7,43.5,41.0,17.0,18.0,97.5,112.0,41-50,True,peer_T1,True
성은 씨,63a1cb463032bb9d88ee5fd17c1a0a3f,https://chzzk.naver.com/live/63a1cb463032bb9d88ee5fd17c1a0a3f,naverchzzk,1280.0,리그 오브 레전드,True,unknown,129.0,84.7,24.0,39.0,13.0,17.0,72.5,87.0,21-30,True,peer_T1,False
빛나람 starnaram,e5c1270f02735e2a381a70c944fd2688,https://chzzk.naver.com/live/e5c1270f02735e2a381a70c944fd2688,naverchzzk,1609.0,오버워치,True,unknown,61.0,54.0,41.0,37.0,22.0,26.0,149.3,125.0,41-50,True,peer_T1,False
세이난,dbb692c84413d92d9bded6ef67246914,https://chzzk.naver.com/live/dbb692c84413d92d9bded6ef67246914,naverchzzk,197.0,고전 게임,True,unknown,62.0,53.1,11.0,37.0,5.0,13.0,395.7,99.0,21-30,True,peer_T1,False
리채 Richae,3e058dcfbb022dfdaa1a9b7d9eefe45a,https://chzzk.naver.com/live/3e058dcfbb022dfdaa1a9b7d9eefe45a,naverchzzk,1210.0,던전앤파이터,True,unknown,150.0,70.0,34.0,37.0,24.0,27.0,49.1,121.0,41-50,True,peer_T1,True
개씨유,d90c796bd7e4ddebf3cfdba1d325b075,https://chzzk.naver.com/live/d90c796bd7e4ddebf3cfdba1d325b075,naverchzzk,805.0,엘든 링,True,unknown,74.0,56.8,15.0,37.0,9.0,26.0,51.2,86.0,41-50,True,peer_T1,False
메가재범,63d1d26a9dbf5ade38d4fb51b960064d,https://chzzk.naver.com/live/63d1d26a9dbf5ade38d4fb51b960064d,naverchzzk,1929.0,마인크래프트,True,unknown,76.0,53.5,37.0,36.0,28.0,24.0,228.8,131.0,41-50,True,peer_T1,True
RIOORI 리우리,3d24cb2450ec17e17f79e964d32a23e3,https://chzzk.naver.com/live/3d24cb2450ec17e17f79e964d32a23e3,naverchzzk,638.0,던전앤파이터,True,unknown,82.0,67.0,39.0,36.0,21.0,23.0,88.1,128.0,31-40,True,peer_T1,True
돼지저금통 치지직,1d19dc348fdf699e63885944b49ff60c,https://chzzk.naver.com/live/1d19dc348fdf699e63885944b49ff60c,naverchzzk,2449.0,talk,True,unknown,98.0,79.1,44.0,35.0,26.0,22.0,105.8,144.0,31-40,True,peer_T1,True
덕드래곤,86d3d8d5997609df783949d107fbde24,https://chzzk.naver.com/live/86d3d8d5997609df783949d107fbde24,naverchzzk,1142.0,철권 8,True,unknown,70.0,59.0,36.0,35.0,24.5,21.0,61.9,128.0,41-50,True,peer_T1,False
여니연어,b6a1a1b3e7bd6a8860d61c09a6b79df5,https://chzzk.naver.com/live/b6a1a1b3e7bd6a8860d61c09a6b79df5,naverchzzk,2104.0,이터널 리턴,True,unknown,195.0,122.0,45.0,34.0,20.0,21.0,165.0,142.0,31-40,True,peer_T1,True
대상어,1bb5d04f49dace3bad16515215a4f7ad,https://chzzk.naver.com/live/1bb5d04f49dace3bad16515215a4f7ad,naverchzzk,1022.0,talk,True,unknown,262.0,64.0,36.0,34.0,22.5,23.0,46.3,86.0,41-50,True,peer_T1,True
RED레드,3e37d763f523aa85702513fc3c04b2d9,https://chzzk.naver.com/live/3e37d763f523aa85702513fc3c04b2d9,naverchzzk,775.0,몬스터 헌터 월드: 아이스본,True,unknown,60.0,47.3,22.0,33.0,15.0,20.0,349.2,88.0,41-50,True,peer_T1,False
우소 마토,ab504d770e36bf59aaf155be434952d8,https://chzzk.naver.com/live/ab504d770e36bf59aaf155be434952d8,naverchzzk,480.0,스타크래프트 : 리마스터,True,unknown,38.0,34.0,13.0,33.0,9.0,21.0,159.5,142.0,16-20,True,peer_T1,True
채팅방장,23fa0556093a22a19cc7f16858c90264,https://chzzk.naver.com/live/23fa0556093a22a19cc7f16858c90264,naverchzzk,1139.0,오버워치,True,unknown,52.0,43.3,28.0,33.0,12.0,14.0,68.9,55.0,31-40,True,peer_T1,False
저무콩,1b6ab1bf0886941211fc9ff44035e6ba,https://chzzk.naver.com/live/1b6ab1bf0886941211fc9ff44035e6ba,naverchzzk,1306.0,명조:워더링 웨이브,True,unknown,102.0,91.0,31.0,32.0,16.0,19.0,112.6,116.0,31-40,True,peer_T1,False
빵지콩,ff38fdec85167efa94405c328e8e8c6e,https://chzzk.naver.com/live/ff38fdec85167efa94405c328e8e8c6e,naverchzzk,2425.0,리그 오브 레전드,True,unknown,107.0,58.0,39.0,32.0,29.0,23.0,69.3,134.0,41-50,True,peer_T1,True
로디마스,7dd6f0927c18f4acc3f40b8d31a80f0f,https://chzzk.naver.com/live/7dd6f0927c18f4acc3f40b8d31a80f0f,naverchzzk,2378.0,talk,True,unknown,239.0,83.0,37.0,32.0,23.0,19.0,101.7,141.0,41-50,True,peer_T1,True
설ㅡ하,42d9e35fdeee6c2163494eb12961e9da,https://chzzk.naver.com/live/42d9e35fdeee6c2163494eb12961e9da,naverchzzk,2187.0,블루 아카이브,True,unknown,224.0,88.6,44.0,31.0,24.0,21.0,104.0,119.0,41-50,True,peer_T1,True
짤녀와 많쿠만in텟슈,72293c76fbcdb06e578ddc6c54ba151b,https://chzzk.naver.com/live/72293c76fbcdb06e578ddc6c54ba151b,naverchzzk,1732.0,에이펙스 레전드,True,unknown,96.0,75.0,37.0,31.0,24.0,21.0,45.8,116.0,31-40,True,peer_T1,False
고일이,cf882ca21960c190dd6af5c8332d3876,https://chzzk.naver.com/live/cf882ca21960c190dd6af5c8332d3876,naverchzzk,2388.0,ASMR,True,unknown,351.0,233.9,29.0,30.0,20.0,20.0,93.9,115.0,31-40,True,peer_T1,True
파랑떡볶이,72daeda32bb15f58ae6c6f1866c35492,https://chzzk.naver.com/live/72daeda32bb15f58ae6c6f1866c35492,naverchzzk,1640.0,레프트 4 데드 2,True,unknown,51.0,37.0,27.0,30.0,18.0,20.0,196.6,126.0,21-30,True,peer_T1,False
김막구,7f14cb1fbbf50fa62cce90321faf57e9,https://chzzk.naver.com/live/7f14cb1fbbf50fa62cce90321faf57e9,naverchzzk,2993.0,카트라이더,True,unknown,110.0,35.3,25.0,30.0,20.0,21.0,56.6,108.0,31-40,True,peer_T1,False
안녕하세요방갑습니다,9c5d25a0c51ed759dad92bebbd01726f,https://chzzk.naver.com/live/9c5d25a0c51ed759dad92bebbd01726f,naverchzzk,874.0,발로란트,True,unknown,39.0,38.0,30.0,30.0,17.0,18.0,44.5,87.0,31-40,True,peer_T1,False
손기현2,dfb27368b4a7ed8c8b4048075875596a,https://chzzk.naver.com/live/dfb27368b4a7ed8c8b4048075875596a,naverchzzk,1648.0,이환,True,unknown,93.0,43.0,27.0,29.0,19.0,21.0,280.0,113.0,31-40,True,peer_T1,False
모카형,52b2f7d78f07b3b175dbaaa3cb9abc85,https://chzzk.naver.com/live/52b2f7d78f07b3b175dbaaa3cb9abc85,naverchzzk,2233.0,스트리노바,True,unknown,65.0,34.0,24.0,28.0,17.0,20.0,604.3,146.0,41-50,True,peer_T1,True
소발자,8df0e2fd888d52ed10562f2cdb9fa6e0,https://chzzk.naver.com/live/8df0e2fd888d52ed10562f2cdb9fa6e0,naverchzzk,936.0,이스케이프 프롬 타르코프,True,unknown,54.0,43.2,25.0,28.0,14.0,20.0,193.1,129.0,21-30,True,peer_T1,False
배쨜이,8895df5b7733f26ccc6b4f54aeaa1072,https://chzzk.naver.com/live/8895df5b7733f26ccc6b4f54aeaa1072,naverchzzk,787.0,메이플스토리,True,unknown,124.0,49.5,28.0,28.0,21.0,20.0,50.3,51.0,31-40,True,peer_T1,True
아울이네,aaab8f4e08ca394e4012936c8d445b6c,https://chzzk.naver.com/live/aaab8f4e08ca394e4012936c8d445b6c,naverchzzk,473.0,로스트아크,True,unknown,99.0,50.0,33.0,28.0,17.0,22.0,63.9,131.0,31-40,True,peer_T1,True
뭐 더 라,f9f5fda096ff44d36127036cd18b0db2,https://chzzk.naver.com/live/f9f5fda096ff44d36127036cd18b0db2,naverchzzk,1556.0,PUBG: 배틀그라운드,True,unknown,75.0,69.0,41.0,28.0,19.0,18.0,60.8,133.0,41-50,True,peer_T1,True
와구리1,222d25595ebeb41a170528f9573c9c61,https://chzzk.naver.com/live/222d25595ebeb41a170528f9573c9c61,naverchzzk,662.0,talk,True,unknown,48.0,41.0,15.5,28.0,10.0,12.0,49.9,80.0,31-40,True,peer_T1,False
룰라바이030,2960ed91c351c50a16b3c392b0c9b0cb,https://chzzk.naver.com/live/2960ed91c351c50a16b3c392b0c9b0cb,naverchzzk,469.0,talk,True,unknown,51.0,39.7,27.0,28.0,19.0,19.0,41.7,147.0,31-40,True,peer_T1,False
쩡니예,8414921d3832f2ea0faed6291600c415,https://chzzk.naver.com/live/8414921d3832f2ea0faed6291600c415,naverchzzk,917.0,패스 오브 엑자일 2,True,unknown,71.0,39.0,17.0,27.0,11.0,14.0,271.8,112.0,41-50,True,peer_T1,False
나힝구,652abc4f57f73627fd3b63c1acb46735,https://chzzk.naver.com/live/652abc4f57f73627fd3b63c1acb46735,naverchzzk,1641.0,PUBG: 배틀그라운드,True,unknown,64.0,41.8,27.0,27.0,17.0,15.0,136.7,145.0,41-50,True,peer_T1,True
류 카,e2f91d088c9bbcd1fce2924ff3f58226,https://chzzk.naver.com/live/e2f91d088c9bbcd1fce2924ff3f58226,naverchzzk,1702.0,PUBG: 배틀그라운드,True,unknown,60.0,50.0,33.0,27.0,20.0,20.0,172.4,139.0,21-30,True,peer_T1,False
쭁쫑이,567e1b3ae285ebb564deb77603a4da32,https://chzzk.naver.com/live/567e1b3ae285ebb564deb77603a4da32,naverchzzk,1370.0,마비노기 모바일,True,unknown,66.0,61.0,34.0,27.0,19.0,18.0,125.4,133.0,31-40,True,peer_T1,False
Error Bug 에러 버그,49f0c246aa1cb8f618ece36851b5ab26,https://chzzk.naver.com/live/49f0c246aa1cb8f618ece36851b5ab26,naverchzzk,958.0,음악/노래,True,unknown,181.0,75.0,18.5,27.0,11.5,15.0,80.1,90.0,21-30,True,peer_T1,False
뀨냥냥,6fdb2087d2d7d0349d0c194cfe1be0d9,https://chzzk.naver.com/live/6fdb2087d2d7d0349d0c194cfe1be0d9,naverchzzk,1131.0,talk,True,unknown,33.0,31.0,21.0,26.0,17.0,21.0,289.3,117.0,31-40,True,peer_T1,True
쥐뚱,694a4e3ac4406e1989f85cdde291999c,https://chzzk.naver.com/live/694a4e3ac4406e1989f85cdde291999c,naverchzzk,1691.0,talk,True,unknown,71.0,65.8,46.0,26.0,25.0,17.0,99.2,105.0,41-50,True,peer_T1,True
이냐비,8131c92832957e2d83287c90af8e6932,https://chzzk.naver.com/live/8131c92832957e2d83287c90af8e6932,naverchzzk,1747.0,명일방주,True,unknown,110.0,76.0,35.0,26.0,18.0,18.0,73.1,135.0,21-30,True,peer_T1,False
듀 나,6e872ef76e61aee6fd9aed66077a9f4c,https://chzzk.naver.com/live/6e872ef76e61aee6fd9aed66077a9f4c,naverchzzk,1587.0,이스케이프 프롬 타르코프,True,unknown,65.0,53.0,33.0,25.0,15.0,15.0,88.2,144.0,31-40,True,peer_T1,True
루린아0,37a5b413b2360b6b449e061ed4057693,https://chzzk.naver.com/live/37a5b413b2360b6b449e061ed4057693,naverchzzk,2648.0,talk,True,unknown,65.0,49.8,30.0,25.0,16.0,16.0,52.1,110.0,21-30,True,peer_T1,True
연보민,7839037e2c05af7473df365aab79fbaa,https://chzzk.naver.com/live/7839037e2c05af7473df365aab79fbaa,naverchzzk,897.0,talk,True,unknown,119.0,59.5,30.0,24.0,21.0,20.0,264.7,132.0,41-50,True,peer_T1,True
불꽃빡빡,3c756c71b2c4a1bda8ee7a398e626f17,https://chzzk.naver.com/live/3c756c71b2c4a1bda8ee7a398e626f17,naverchzzk,656.0,토탈 워: 워해머 3,True,unknown,52.0,35.5,25.0,24.0,16.0,17.0,93.8,92.0,31-40,True,peer_T1,True
연하늘 HaneuI,cd5ae4c07c49827120da9486e13454f5,https://chzzk.naver.com/live/cd5ae4c07c49827120da9486e13454f5,naverchzzk,1612.0,슬레이 더 스파이어 2,True,unknown,60.0,50.0,22.0,24.0,12.0,12.0,99.1,74.0,41-50,True,peer_T1,False
모모무네 앨리스,c63c92e80c79a7d237ae27a81c7aefc5,https://chzzk.naver.com/live/c63c92e80c79a7d237ae27a81c7aefc5,naverchzzk,823.0,마비노기 모바일,True,unknown,76.0,59.0,40.0,24.0,16.0,18.0,90.2,121.0,31-40,True,peer_T1,False
니은 Neeun,412471b48add5dd2e56282f163f3f411,https://chzzk.naver.com/live/412471b48add5dd2e56282f163f3f411,naverchzzk,679.0,원신,True,unknown,41.0,39.0,25.0,24.0,12.5,10.0,94.6,60.0,21-30,True,peer_T1,False
히레 hire,9be49a707d9928ef90363c211172f98a,https://chzzk.naver.com/live/9be49a707d9928ef90363c211172f98a,naverchzzk,841.0,종합 게임,True,unknown,40.0,28.0,18.0,23.0,11.0,12.0,149.7,109.0,21-30,True,peer_T1,False
암픔,503d5d5848466dd58d8af83083b73a14,https://chzzk.naver.com/live/503d5d5848466dd58d8af83083b73a14,naverchzzk,3119.0,오버워치,True,unknown,42.0,34.5,22.0,23.0,9.0,9.0,153.0,76.0,21-30,True,peer_T1,False
김태환90,9e8a6e8919730f4b06af6a4c5cca165f,https://chzzk.naver.com/live/9e8a6e8919730f4b06af6a4c5cca165f,naverchzzk,734.0,마인크래프트,True,unknown,43.0,26.5,17.0,23.0,10.5,15.0,86.2,132.0,21-30,True,peer_T1,True
평범소,7f148028d1b8b3feab3a5442badded46,https://chzzk.naver.com/live/7f148028d1b8b3feab3a5442badded46,naverchzzk,1364.0,PUBG: 배틀그라운드,True,unknown,57.0,30.0,18.0,23.0,10.0,11.0,69.8,148.0,21-30,True,peer_T1,True
루아 블루벨,adeb7ab9d551519ccfae37b3788c40f1,https://chzzk.naver.com/live/adeb7ab9d551519ccfae37b3788c40f1,naverchzzk,2025.0,디아블로 4: 증오의 군주,True,unknown,100.0,91.2,34.5,22.0,16.0,15.0,124.9,112.0,31-40,True,peer_T1,True
CASKER,d8f9cfab91b27abb7b3f7f2c1a186e29,https://chzzk.naver.com/live/d8f9cfab91b27abb7b3f7f2c1a186e29,naverchzzk,2046.0,음악/노래,True,unknown,350.0,121.0,36.0,22.0,17.0,16.0,100.2,135.0,31-40,True,peer_T1,True
체다미,f321837caa794541301464d83daa947b,https://chzzk.naver.com/live/f321837caa794541301464d83daa947b,naverchzzk,551.0,메이플스토리,True,unknown,71.0,26.8,15.0,22.0,9.0,10.0,144.4,93.0,31-40,True,peer_T1,False
스나루 SUNARU,e3f1c85f98803a8a0f4187840ec6b862,https://chzzk.naver.com/live/e3f1c85f98803a8a0f4187840ec6b862,naverchzzk,1026.0,포켓몬스터 리프그린,True,unknown,42.0,34.7,19.0,22.0,14.0,14.0,106.9,84.0,31-40,True,peer_T1,False
Lebe,8410e08fd6359ed491b5ad366994fa0d,https://chzzk.naver.com/live/8410e08fd6359ed491b5ad366994fa0d,naverchzzk,718.0,유희왕 마스터 듀얼,True,unknown,47.0,34.3,21.0,22.0,13.0,13.0,169.8,115.0,21-30,True,peer_T1,True
서애덕,3fdc985be3bad369225118e6d8dc496b,https://chzzk.naver.com/live/3fdc985be3bad369225118e6d8dc496b,naverchzzk,980.0,미나 더 할로워,True,unknown,420.0,29.7,11.0,21.0,6.0,9.0,521.1,88.0,21-30,True,peer_T1,False
코룰라,bfb0e2a105ae46284e0b9e5764248457,https://chzzk.naver.com/live/bfb0e2a105ae46284e0b9e5764248457,naverchzzk,275.0,이스케이프 프롬 타르코프,True,unknown,43.0,24.5,15.0,21.0,9.0,10.0,313.1,71.0,31-40,True,peer_T1,False
유채담,ee279ba91e254d53bce40b7a1b323bda,https://chzzk.naver.com/live/ee279ba91e254d53bce40b7a1b323bda,naverchzzk,954.0,검은사막,True,unknown,117.0,93.5,42.0,21.0,21.0,10.0,161.7,118.0,41-50,True,peer_T1,True
찬찬 ChanChan,2530f0d0a29d48d7ca342e1b6313e687,https://chzzk.naver.com/live/2530f0d0a29d48d7ca342e1b6313e687,naverchzzk,1455.0,오버워치,True,unknown,36.0,31.3,21.0,21.0,13.0,11.0,73.6,78.0,31-40,True,peer_T1,False
롱판다,eddbcea5d023e37bf205c4ed2d73ff4d,https://chzzk.naver.com/live/eddbcea5d023e37bf205c4ed2d73ff4d,naverchzzk,945.0,로스트아크,True,unknown,40.0,37.0,26.0,21.0,16.0,14.0,97.1,133.0,21-30,True,peer_T1,False
쿠라맛챠,d82829566190e566da4d8e97308d5993,https://chzzk.naver.com/live/d82829566190e566da4d8e97308d5993,naverchzzk,4203.0,발로란트,True,unknown,33.0,27.1,20.0,21.0,12.0,13.0,77.7,139.0,16-20,True,peer_T1,True
치민22,cd94f8f4b13e8c195e551bc9f42b2646,https://chzzk.naver.com/live/cd94f8f4b13e8c195e551bc9f42b2646,naverchzzk,1496.0,종합 게임,True,unknown,45.0,42.0,29.5,20.0,18.5,13.0,748.9,100.0,41-50,True,peer_T1,False
아야 AYA,ee127dbe96d87d8056348dca8798ddd5,https://chzzk.naver.com/live/ee127dbe96d87d8056348dca8798ddd5,naverchzzk,379.0,종합 게임,True,unknown,31.0,26.0,20.0,20.0,15.0,15.0,776.3,120.0,21-30,True,peer_T1,False
나은0,4a62ee4e2d30ac11709453faf4583f1a,https://chzzk.naver.com/live/4a62ee4e2d30ac11709453faf4583f1a,naverchzzk,299.0,종합 게임,True,unknown,29.0,26.0,20.0,20.0,14.0,14.0,386.9,54.0,31-40,True,peer_T1,True
초다양 CHODAYANG,5497880b21a2b50c77dc50404c1542ed,https://chzzk.naver.com/live/5497880b21a2b50c77dc50404c1542ed,naverchzzk,790.0,하츠 오브 아이언 4,True,unknown,82.0,33.3,19.0,20.0,8.0,9.0,765.4,108.0,16-20,True,peer_T1,False
유키츠네,08a4fd4c00f1e0faac6c27eaa19b20db,https://chzzk.naver.com/live/08a4fd4c00f1e0faac6c27eaa19b20db,naverchzzk,817.0,월드 오브 워크래프트: 한밤,True,unknown,55.0,32.2,17.0,20.0,11.0,12.0,326.7,136.0,21-30,True,peer_T1,False
이쿠롬,c60605305243b0234e4cd0d10a675b05,https://chzzk.naver.com/live/c60605305243b0234e4cd0d10a675b05,naverchzzk,1736.0,PUBG: 배틀그라운드,True,unknown,108.0,39.0,24.0,20.0,12.0,12.0,157.2,125.0,21-30,True,peer_T1,True
박 잔디,aca36e99198a7587de9dd1bbe324fd87,https://chzzk.naver.com/live/aca36e99198a7587de9dd1bbe324fd87,naverchzzk,698.0,리그 오브 레전드,True,unknown,51.0,35.0,25.0,20.0,13.0,12.0,111.1,139.0,21-30,True,peer_T1,True
삼사마,66630781c437e465edf43de3cfd19b3b,https://chzzk.naver.com/live/66630781c437e465edf43de3cfd19b3b,naverchzzk,557.0,라이브러리 오브 루이나,True,unknown,59.0,41.0,26.0,20.0,16.0,15.0,59.4,127.0,21-30,True,peer_T1,True
백범로,0166327ca44281daa1d35d57fa8c9bce,https://chzzk.naver.com/live/0166327ca44281daa1d35d57fa8c9bce,naverchzzk,204.0,talk,True,unknown,27.0,26.7,20.0,20.0,13.0,14.0,56.1,27.0,21-30,True,peer_T1,False
포니고라운드,aa26e59c91a22bd430ec1d5d6d965dac,https://chzzk.naver.com/live/aa26e59c91a22bd430ec1d5d6d965dac,naverchzzk,1185.0,서브노티카 2,True,unknown,65.0,44.9,26.0,20.0,18.0,15.0,43.3,123.0,31-40,True,peer_T1,True
김정폭,8d2a6539c9b0570f9d69c8539eebeb69,https://chzzk.naver.com/live/8d2a6539c9b0570f9d69c8539eebeb69,naverchzzk,732.0,talk,True,unknown,66.0,49.0,23.0,19.0,12.0,11.0,629.6,111.0,41-50,True,peer_T1,True
판 토,2a65176231abe621f2243ec200b0f229,https://chzzk.naver.com/live/2a65176231abe621f2243ec200b0f229,naverchzzk,521.0,윈드로즈,True,unknown,36.0,21.0,13.0,19.0,8.0,10.0,246.2,98.0,21-30,True,peer_T1,False
밑줄밑줄,fb74541470fbab69ac286cfb24a96e6c,https://chzzk.naver.com/live/fb74541470fbab69ac286cfb24a96e6c,naverchzzk,457.0,라이브러리안: 타이디 업 더 아케인 라이브러리!,True,unknown,53.0,28.4,16.0,19.0,10.0,10.0,217.4,57.0,21-30,True,peer_T1,False
아오토 라떼,a4c69e7f9c0fc25a018a1c3c3cf0c17f,https://chzzk.naver.com/live/a4c69e7f9c0fc25a018a1c3c3cf0c17f,naverchzzk,382.0,고전 게임,True,unknown,27.0,24.4,17.0,19.0,10.0,9.0,245.4,73.0,21-30,True,peer_T1,False
겜나나,be6b744d84caebdc8102f541b9e3861c,https://chzzk.naver.com/live/be6b744d84caebdc8102f541b9e3861c,naverchzzk,196.0,종합 게임,True,unknown,21.0,20.0,16.0,19.0,11.0,13.0,132.3,35.0,21-30,True,peer_T1,False
코코론,726b155098a80e8eba10d68f0cfc07cd,https://chzzk.naver.com/live/726b155098a80e8eba10d68f0cfc07cd,naverchzzk,217.0,데드 바이 데이라이트,True,unknown,24.0,20.3,16.0,19.0,10.0,13.0,120.7,94.0,21-30,True,peer_T1,False
에맴맨TV,7f4aaa6b0fb60cc52448e7d0c036342d,https://chzzk.naver.com/live/7f4aaa6b0fb60cc52448e7d0c036342d,naverchzzk,315.0,엘든 링,True,unknown,31.0,29.0,20.0,19.0,13.0,12.0,83.1,96.0,21-30,True,peer_T1,False
쇼새,9c9a50b58884399c69d7ee1610bc6794,https://chzzk.naver.com/live/9c9a50b58884399c69d7ee1610bc6794,naverchzzk,612.0,로스트아크,True,unknown,61.0,47.0,21.0,19.0,12.0,13.0,102.3,141.0,16-20,True,peer_T1,False
권라치,1c4cbafbd49aa741d272bea73b67aa2c,https://chzzk.naver.com/live/1c4cbafbd49aa741d272bea73b67aa2c,naverchzzk,1221.0,마인크래프트,True,unknown,97.0,30.5,19.0,19.0,13.0,12.0,91.8,126.0,21-30,True,peer_T1,True
애모모,02c3a70797e67788ade2455e175d6452,https://chzzk.naver.com/live/02c3a70797e67788ade2455e175d6452,naverchzzk,390.0,talk,True,unknown,65.0,50.4,27.0,19.0,15.0,11.0,65.4,133.0,31-40,True,peer_T1,False
헵부,86e7edf62d3eabf0684f97ca6edce9ad,https://chzzk.naver.com/live/86e7edf62d3eabf0684f97ca6edce9ad,naverchzzk,1597.0,월드 오브 워크래프트: 한밤,True,unknown,61.0,50.8,27.0,19.0,13.0,14.0,61.1,118.0,41-50,True,peer_T1,False
더스트v,acf6dd771e87a5ac8199f3850cbce994,https://chzzk.naver.com/live/acf6dd771e87a5ac8199f3850cbce994,naverchzzk,963.0,마비노기 모바일,True,unknown,85.0,38.1,18.0,19.0,11.0,11.0,93.2,119.0,21-30,True,peer_T1,True
Anotherkyo,785f274d8ad7a3b5f78622b82b84570a,https://chzzk.naver.com/live/785f274d8ad7a3b5f78622b82b84570a,naverchzzk,141.0,파이널판타지14,True,unknown,30.0,28.0,15.0,19.0,7.0,9.0,65.2,41.0,21-30,True,peer_T1,False
극악뉴,55894ddc17c453bcaf5e0b6b3e7498e0,https://chzzk.naver.com/live/55894ddc17c453bcaf5e0b6b3e7498e0,naverchzzk,1056.0,마비노기 모바일,True,unknown,50.0,34.0,18.0,19.0,12.0,12.0,63.5,120.0,31-40,True,peer_T1,False
유레이 UREI,67b99b03f73b0bc2f8fe1d2ef5c9af81,https://chzzk.naver.com/live/67b99b03f73b0bc2f8fe1d2ef5c9af81,naverchzzk,618.0,림월드,True,unknown,41.0,25.0,18.0,18.0,12.0,13.0,866.5,131.0,31-40,True,peer_T1,False
쁘눙공작,4cd76d9219e872fb80681d13308025c6,https://chzzk.naver.com/live/4cd76d9219e872fb80681d13308025c6,naverchzzk,295.0,종합 게임,True,unknown,29.0,26.3,20.0,18.0,11.0,11.0,1326.3,135.0,21-30,True,peer_T1,True
파피푸 페포,a21a5559dc3f749b483c1ecb2b5e4959,https://chzzk.naver.com/live/a21a5559dc3f749b483c1ecb2b5e4959,naverchzzk,355.0,종합 게임,True,unknown,64.0,25.4,15.0,18.0,10.0,12.0,400.0,97.0,31-40,True,peer_T1,False
은둔이,5992c0c83aaec4f64199fb265e0285ec,https://chzzk.naver.com/live/5992c0c83aaec4f64199fb265e0285ec,naverchzzk,1031.0,talk,True,unknown,30.0,25.0,16.0,18.0,8.0,10.0,487.0,149.0,21-30,True,peer_T1,True
쵸쵸우,e0d8c9d12249766c1c4b27b59b3de0a3,https://chzzk.naver.com/live/e0d8c9d12249766c1c4b27b59b3de0a3,naverchzzk,987.0,오버워치,True,unknown,35.0,29.0,19.0,18.0,12.0,10.0,503.6,132.0,16-20,True,peer_T1,False
나들희,827cf700086734c7b700e138eaf9f57e,https://chzzk.naver.com/live/827cf700086734c7b700e138eaf9f57e,naverchzzk,647.0,스플래툰 3,True,unknown,31.0,24.5,16.0,18.0,10.0,11.0,155.4,116.0,21-30,True,peer_T1,True
아하 AHA,062c2bff9cf6245da75b54a70d2d0fe9,https://chzzk.naver.com/live/062c2bff9cf6245da75b54a70d2d0fe9,naverchzzk,440.0,전략적 팀 전투 : 우주의 신들,True,unknown,98.0,39.9,19.0,18.0,10.0,8.0,105.5,123.0,21-30,True,peer_T1,False
미네르 Mineru,69996ac83db681049e110c5883f05f39,https://chzzk.naver.com/live/69996ac83db681049e110c5883f05f39,naverchzzk,849.0,talk,True,unknown,42.0,36.1,21.0,18.0,13.0,14.0,108.5,119.0,21-30,True,peer_T1,True
복슝2,c8ee3656f7d3607d3cb31d9ca58c14c9,https://chzzk.naver.com/live/c8ee3656f7d3607d3cb31d9ca58c14c9,naverchzzk,810.0,talk,True,unknown,34.0,30.0,17.0,18.0,11.0,12.0,63.6,95.0,31-40,True,peer_T1,False
유푸링,ad76cad60cf7f1c7b658433d3c2b4f75,https://chzzk.naver.com/live/ad76cad60cf7f1c7b658433d3c2b4f75,naverchzzk,968.0,리그 오브 레전드,True,unknown,34.0,30.5,21.0,18.0,15.0,14.0,63.9,131.0,21-30,True,peer_T1,False
아루다루송송,a4fd197e164bec9a925c53ac4f831d07,https://chzzk.naver.com/live/a4fd197e164bec9a925c53ac4f831d07,naverchzzk,238.0,종합 게임,True,unknown,28.0,18.0,13.0,17.0,8.0,10.0,1487.2,90.0,21-30,True,peer_T1,False
티아스 Tias,9becba80e75bd5a7ba73ef7de32d578e,https://chzzk.naver.com/live/9becba80e75bd5a7ba73ef7de32d578e,naverchzzk,253.0,종합 게임,True,unknown,51.0,34.0,19.0,17.0,13.0,12.0,1091.5,120.0,41-50,True,peer_T1,False
안로그,dba054a105477139d4e3a291dfe6fa57,https://chzzk.naver.com/live/dba054a105477139d4e3a291dfe6fa57,naverchzzk,284.0,종합 게임,True,unknown,23.0,22.0,17.0,17.0,11.0,12.0,367.6,133.0,31-40,True,peer_T1,False
세 라 핌,5115e44952e6827c6408dd979bf7ec58,https://chzzk.naver.com/live/5115e44952e6827c6408dd979bf7ec58,naverchzzk,1491.0,갓 오브 워,True,unknown,58.0,27.0,20.0,17.0,11.0,11.0,263.2,135.0,31-40,True,peer_T1,False
무스타디오,746cf36edf555daaffba15eb3d64e4d5,https://chzzk.naver.com/live/746cf36edf555daaffba15eb3d64e4d5,naverchzzk,237.0,종합 게임,True,unknown,44.0,24.0,19.0,17.0,12.0,13.0,275.0,62.0,41-50,True,peer_T1,False
밍쑨,3ea47d1b635b154d30f20ce0e6ce6b13,https://chzzk.naver.com/live/3ea47d1b635b154d30f20ce0e6ce6b13,naverchzzk,1205.0,talk,True,unknown,97.0,67.0,21.0,17.0,11.0,11.0,318.3,128.0,21-30,True,peer_T1,True
나 빵,d8c10a2e77e76677b093582ef6373e5b,https://chzzk.naver.com/live/d8c10a2e77e76677b093582ef6373e5b,naverchzzk,947.0,마인크래프트,True,unknown,33.0,26.0,18.0,17.0,11.0,12.0,251.3,143.0,16-20,True,peer_T1,False
끼즈,cf8512ab068c4a34747239de0fa478c3,https://chzzk.naver.com/live/cf8512ab068c4a34747239de0fa478c3,naverchzzk,136.0,스타크래프트 II : 공허의 유산,True,unknown,27.0,23.0,15.0,17.0,7.0,11.0,543.1,121.0,10-15,True,peer_T1,False
토봉이,04f9108aa4e96795f731c06b2e6889c1,https://chzzk.naver.com/live/04f9108aa4e96795f731c06b2e6889c1,naverchzzk,523.0,오버워치,True,unknown,40.0,30.0,17.0,17.0,9.0,9.0,261.8,143.0,21-30,True,peer_T1,False
세키오,0cfb40c68e56441c3e0ca58231e3523b,https://chzzk.naver.com/live/0cfb40c68e56441c3e0ca58231e3523b,naverchzzk,1155.0,talk,True,unknown,37.0,22.2,16.0,17.0,11.0,12.0,135.1,109.0,21-30,True,peer_T1,True
마무 Mamuu,a9e9faf32d32f089b07eb6213e9f4254,https://chzzk.naver.com/live/a9e9faf32d32f089b07eb6213e9f4254,naverchzzk,432.0,블랙 메사,True,unknown,33.0,24.0,18.0,17.0,12.0,10.0,64.4,91.0,21-30,True,peer_T1,True
유자짱,556705a020d1a80a054cba7bde333f68,https://chzzk.naver.com/live/556705a020d1a80a054cba7bde333f68,naverchzzk,365.0,종합 게임,True,unknown,37.0,25.7,17.0,17.0,10.0,10.0,76.1,87.0,21-30,True,peer_T1,False
온하얀 ONHAYAN,3793eb7c46b59693dea0b835956a8513,https://chzzk.naver.com/live/3793eb7c46b59693dea0b835956a8513,naverchzzk,295.0,종합 게임,True,unknown,38.0,26.2,17.0,16.0,10.0,9.0,463.4,117.0,21-30,True,peer_T1,False
반달곰탱이방송,4d93eaefb9387f2245e36634890d4c28,https://chzzk.naver.com/live/4d93eaefb9387f2245e36634890d4c28,naverchzzk,772.0,PUBG: 배틀그라운드,True,unknown,99.0,23.7,15.0,16.0,10.0,10.0,406.5,128.0,21-30,True,peer_T1,True
미도미도 마요,f5d97435032b33489dfdfe22d115d47b,https://chzzk.naver.com/live/f5d97435032b33489dfdfe22d115d47b,naverchzzk,509.0,리그 오브 레전드,True,unknown,30.0,25.8,15.0,16.0,8.0,9.0,453.0,123.0,21-30,True,peer_T1,False
도완 M4YD4Y,d19b09a7ae53b27342a3b504878b4bd0,https://chzzk.naver.com/live/d19b09a7ae53b27342a3b504878b4bd0,naverchzzk,872.0,패스 오브 엑자일 2,True,unknown,105.0,53.2,26.0,16.0,11.0,8.0,301.9,140.0,41-50,True,peer_T1,False
마롱 Marong,9c4d6af375e79095271e69b2b9942774,https://chzzk.naver.com/live/9c4d6af375e79095271e69b2b9942774,naverchzzk,1404.0,철권 8,True,unknown,53.0,27.0,16.0,16.0,9.0,8.0,347.1,134.0,21-30,True,peer_T1,False
공공이삼일 00231,f72fcd1b77a7ce5c4b683bea156dd83e,https://chzzk.naver.com/live/f72fcd1b77a7ce5c4b683bea156dd83e,naverchzzk,243.0,바이오하자드,True,unknown,20.0,19.0,13.0,16.0,8.0,8.0,321.2,65.0,21-30,True,peer_T1,False
턱스,bd1dcaadbc663f732577a18d949cd3f8,https://chzzk.naver.com/live/bd1dcaadbc663f732577a18d949cd3f8,naverchzzk,257.0,종합 게임,True,unknown,21.0,18.4,13.0,16.0,9.0,9.0,191.8,113.0,21-30,True,peer_T1,False
아 말 콩,6f1350c4e68bb962130a0bc27d8c4373,https://chzzk.naver.com/live/6f1350c4e68bb962130a0bc27d8c4373,naverchzzk,757.0,스플래툰 3,True,unknown,51.0,23.7,13.0,16.0,8.5,9.0,182.2,88.0,16-20,True,peer_T1,False
힉키연,4224fbb8c98e5d1b29a155731741ec67,https://chzzk.naver.com/live/4224fbb8c98e5d1b29a155731741ec67,naverchzzk,307.0,림월드,True,unknown,21.0,19.0,15.0,16.0,9.0,9.0,103.5,83.0,21-30,True,peer_T1,False
도희린,dc8c3430d8d82ed6c15a8f2750428e34,https://chzzk.naver.com/live/dc8c3430d8d82ed6c15a8f2750428e34,naverchzzk,334.0,리그 오브 레전드,True,unknown,222.0,72.6,10.0,16.0,6.0,7.0,128.8,97.0,16-20,True,peer_T1,False
백야 BY,2626f1dee4cedd89ecc8c4c313e37ecc,https://chzzk.naver.com/live/2626f1dee4cedd89ecc8c4c313e37ecc,naverchzzk,1110.0,마인크래프트,True,unknown,108.0,73.0,26.0,16.0,13.0,11.0,72.0,137.0,16-20,True,peer_T1,True
유기농솜사탕,0e0e77533c3dbd287a869a12c6afcde1,https://chzzk.naver.com/live/0e0e77533c3dbd287a869a12c6afcde1,naverchzzk,378.0,마인크래프트,True,unknown,23.0,22.0,16.0,16.0,10.0,9.0,103.7,97.0,16-20,True,peer_T1,False
딸기주스한잔,78c9480053d17ccd049a5700d3a3062a,https://chzzk.naver.com/live/78c9480053d17ccd049a5700d3a3062a,naverchzzk,1333.0,몬스터 헌터 와일즈,True,unknown,35.0,28.0,16.0,15.0,9.0,9.0,944.6,142.0,21-30,True,peer_T1,True
담익지,5eed8165e379d9201ee3177f1a3b837d,https://chzzk.naver.com/live/5eed8165e379d9201ee3177f1a3b837d,naverchzzk,356.0,철권 8,True,unknown,31.0,21.0,15.0,15.0,8.0,9.0,701.1,135.0,16-20,True,peer_T1,False
장변,3a8b3fda88cec6b17c7923b77491fedc,https://chzzk.naver.com/live/3a8b3fda88cec6b17c7923b77491fedc,naverchzzk,457.0,마인크래프트,True,unknown,148.0,53.0,17.0,15.0,10.0,10.0,452.7,115.0,16-20,True,peer_T1,False
다현띠,eb064c26cd6f84311b664be23f047ccb,https://chzzk.naver.com/live/eb064c26cd6f84311b664be23f047ccb,naverchzzk,858.0,종합 게임,True,unknown,31.0,22.0,14.5,15.0,9.5,10.0,226.7,114.0,41-50,True,peer_T1,False
파 더,2f60d4feecc16304f77abd309ae387ba,https://chzzk.naver.com/live/2f60d4feecc16304f77abd309ae387ba,naverchzzk,434.0,종합 게임,True,unknown,66.0,19.0,13.0,15.0,8.0,8.0,229.1,80.0,16-20,True,peer_T1,False
미 유,c79ccf96180a0798cd5b0f6f7a2c9cbf,https://chzzk.naver.com/live/c79ccf96180a0798cd5b0f6f7a2c9cbf,naverchzzk,577.0,붉은사막,True,unknown,35.0,30.0,18.0,15.0,11.0,10.0,123.0,96.0,21-30,True,peer_T1,False
그냥째원,e63731ca9c7b9f9e7a2964df372d2e79,https://chzzk.naver.com/live/e63731ca9c7b9f9e7a2964df372d2e79,naverchzzk,393.0,그림/아트,True,unknown,29.0,22.0,17.0,15.0,10.0,8.0,128.4,83.0,16-20,True,peer_T1,False
슥싹,0879fb44453b298787ce95e291747c5d,https://chzzk.naver.com/live/0879fb44453b298787ce95e291747c5d,naverchzzk,111.0,명조:워더링 웨이브,True,unknown,29.0,21.6,15.0,15.0,12.0,12.0,66.9,68.0,16-20,True,peer_T1,False
양먕양,58e8be339d0b5d4913ad7042c47f35f1,https://chzzk.naver.com/live/58e8be339d0b5d4913ad7042c47f35f1,naverchzzk,921.0,명조:워더링 웨이브,True,unknown,66.0,26.0,16.0,15.0,10.0,9.0,80.2,125.0,21-30,True,peer_T1,False
기뮨디,6ba619b59a6f25a6116a7f339906727a,https://chzzk.naver.com/live/6ba619b59a6f25a6116a7f339906727a,naverchzzk,173.0,더 바자르,True,unknown,32.0,24.0,13.0,15.0,7.0,9.0,290.7,128.0,10-15,True,peer_T1,False
낙화 NagHwa,e2ad4ff3044d7872279e1cdf09230094,https://chzzk.naver.com/live/e2ad4ff3044d7872279e1cdf09230094,naverchzzk,592.0,이환,True,unknown,29.0,20.8,14.0,14.0,8.0,8.0,761.1,145.0,21-30,True,peer_T1,False
지타에몽,3955111786445de5a92b4cfb685ac111,https://chzzk.naver.com/live/3955111786445de5a92b4cfb685ac111,naverchzzk,1086.0,리그 오브 레전드,True,unknown,19.0,17.0,12.0,14.0,6.0,6.0,1174.3,91.0,16-20,True,peer_T1,False
제우스93,a52c6317359cf411e7ceb90ff27c0840,https://chzzk.naver.com/live/a52c6317359cf411e7ceb90ff27c0840,naverchzzk,189.0,종합 게임,True,unknown,21.0,18.3,12.0,14.0,7.0,8.0,944.9,75.0,21-30,True,peer_T1,False
베릴20,45206d34eae5d9f26897c0022da76275,https://chzzk.naver.com/live/45206d34eae5d9f26897c0022da76275,naverchzzk,379.0,이스케이프 프롬 타르코프,True,unknown,33.0,27.0,16.0,14.0,9.0,8.0,547.6,133.0,31-40,True,peer_T1,False
져미님,2e8bf74c2f666827d87cd5603ed46e3e,https://chzzk.naver.com/live/2e8bf74c2f666827d87cd5603ed46e3e,naverchzzk,578.0,talk,True,unknown,34.0,23.0,12.0,14.0,7.0,9.0,194.5,91.0,21-30,True,peer_T1,False
지롤썬다,243ce418ca3da7b43b04da7b635ed461,https://chzzk.naver.com/live/243ce418ca3da7b43b04da7b635ed461,naverchzzk,472.0,인슈라오디드,True,unknown,24.0,20.7,15.0,14.0,9.0,9.0,214.7,108.0,16-20,True,peer_T1,False
원이지라,9da0c44b2ea2f8582b82e378a0d03d21,https://chzzk.naver.com/live/9da0c44b2ea2f8582b82e378a0d03d21,naverchzzk,1096.0,이터널 리턴,True,unknown,56.0,29.0,19.0,14.0,9.0,9.0,170.1,137.0,16-20,True,peer_T1,False
박시초,2292d27f5367c7e775b4840e27988646,https://chzzk.naver.com/live/2292d27f5367c7e775b4840e27988646,naverchzzk,282.0,로스트아크,True,unknown,25.0,20.0,15.0,14.0,7.0,8.0,127.6,134.0,31-40,True,peer_T1,False
요이자키 레일라,4a88b1bb3376523ec84edb3839dfdb0c,https://chzzk.naver.com/live/4a88b1bb3376523ec84edb3839dfdb0c,naverchzzk,275.0,엑스컴 2,True,unknown,30.0,21.2,14.0,14.0,9.0,9.0,106.8,138.0,16-20,True,peer_T1,False
씬 나라,3f62e0133e9299f82da2a9e806c8d6bf,https://chzzk.naver.com/live/3f62e0133e9299f82da2a9e806c8d6bf,naverchzzk,1206.0,원신,True,unknown,32.0,21.8,14.0,14.0,9.0,9.0,86.6,145.0,16-20,True,peer_T1,False
네므오,219d7d7bb4b21538f797bc1a757318e5,https://chzzk.naver.com/live/219d7d7bb4b21538f797bc1a757318e5,naverchzzk,753.0,리그 오브 레전드,True,unknown,23.0,20.0,15.0,14.0,8.0,8.0,90.8,65.0,16-20,True,peer_T1,False
도또 dotto,b1555a149b5bd08186dae8f00d6384d4,https://chzzk.naver.com/live/b1555a149b5bd08186dae8f00d6384d4,naverchzzk,165.0,고전 게임,True,unknown,27.0,24.4,14.0,14.0,8.0,8.0,101.2,34.0,10-15,True,peer_T1,False
도라대장,d97e078c28bb543c83942cd48dc4db93,https://chzzk.naver.com/live/d97e078c28bb543c83942cd48dc4db93,naverchzzk,354.0,이환,True,unknown,32.0,22.9,15.0,14.0,11.0,9.0,73.7,142.0,16-20,True,peer_T1,False
어화둥둥이,516719e614f5212b795f2c1abc4c7c42,https://chzzk.naver.com/live/516719e614f5212b795f2c1abc4c7c42,naverchzzk,350.0,종합 게임,True,unknown,31.0,25.1,18.0,13.0,9.0,7.0,922.5,120.0,21-30,True,peer_T1,False
그늘이야,8b8697840179cb5269bfc244b7881ea1,https://chzzk.naver.com/live/8b8697840179cb5269bfc244b7881ea1,naverchzzk,643.0,림월드,True,unknown,39.0,26.0,15.0,13.0,9.0,8.0,716.6,149.0,16-20,True,peer_T1,True
젠야타 Zenyatta,63b679395f45ff83e2e139385b6634be,https://chzzk.naver.com/live/63b679395f45ff83e2e139385b6634be,naverchzzk,1187.0,종합 게임,True,unknown,25.0,20.0,12.0,13.0,7.0,8.0,382.4,94.0,10-15,True,peer_T1,False
고뇽찌,52f24ac52111810e0b3cff635a229be7,https://chzzk.naver.com/live/52f24ac52111810e0b3cff635a229be7,naverchzzk,351.0,그림/아트,True,unknown,25.0,18.0,14.0,13.0,8.0,8.0,297.7,141.0,16-20,True,peer_T1,False
아쾅 Akuang,ad36f270c4508dd99b12ccc1a2722c78,https://chzzk.naver.com/live/ad36f270c4508dd99b12ccc1a2722c78,naverchzzk,512.0,007 퍼스트 라이트,True,unknown,24.0,17.0,10.0,13.0,6.0,6.0,293.0,102.0,16-20,True,peer_T1,False
달 루나,3e38fc0d210ae18d7fdf6a2e9a0f23f5,https://chzzk.naver.com/live/3e38fc0d210ae18d7fdf6a2e9a0f23f5,naverchzzk,562.0,몬스터 헌터 월드: 아이스본,True,unknown,39.0,28.9,17.0,13.0,9.0,7.0,234.5,64.0,21-30,True,peer_T1,False
땡 입니다,06e643a1c28c3e2cd0b0d18c4fb360be,https://chzzk.naver.com/live/06e643a1c28c3e2cd0b0d18c4fb360be,naverchzzk,215.0,종합 게임,True,unknown,101.0,66.8,12.0,13.0,9.0,9.0,218.3,104.0,16-20,True,peer_T1,False
메리 미,ac25509f6418d3ddb1b4fb2e0a7e2316,https://chzzk.naver.com/live/ac25509f6418d3ddb1b4fb2e0a7e2316,naverchzzk,1665.0,발로란트,True,unknown,26.0,23.0,14.0,13.0,5.0,4.0,224.1,50.0,21-30,True,peer_T1,False
ㄱ연호,aec7b4a6438338de7757597887b957ba,https://chzzk.naver.com/live/aec7b4a6438338de7757597887b957ba,naverchzzk,343.0,고전 게임,True,unknown,24.0,17.0,13.0,13.0,8.0,7.0,204.7,110.0,16-20,True,peer_T1,False
강등탈,e09bbe0aa3bec9df6f181efc634eb281,https://chzzk.naver.com/live/e09bbe0aa3bec9df6f181efc634eb281,naverchzzk,507.0,스플래툰 3,True,unknown,21.0,19.0,13.0,13.0,9.0,9.0,221.2,80.0,10-15,True,peer_T1,False
기막사,2fcd803a238fccd86bcb97cef73233f8,https://chzzk.naver.com/live/2fcd803a238fccd86bcb97cef73233f8,naverchzzk,1051.0,종합 게임,True,unknown,38.0,28.0,16.0,13.0,8.0,9.0,140.0,111.0,21-30,True,peer_T1,False
흰연꽃,d5ff7de28f1a2b472d69fc6fb6f47838,https://chzzk.naver.com/live/d5ff7de28f1a2b472d69fc6fb6f47838,naverchzzk,133.0,윈드로즈,True,unknown,19.0,17.6,12.5,13.0,8.0,7.0,215.8,68.0,16-20,True,peer_T1,False
혼겜돌이,c9a7a8a4006fa8ed4cefbf97b398abf2,https://chzzk.naver.com/live/c9a7a8a4006fa8ed4cefbf97b398abf2,naverchzzk,532.0,포르자 호라이즌 6,True,unknown,20.0,16.7,12.0,13.0,6.0,7.0,161.9,147.0,21-30,True,peer_T1,True
악질표고버섯,e38a3db0ecf1cf7e8a461a8364c4888c,https://chzzk.naver.com/live/e38a3db0ecf1cf7e8a461a8364c4888c,naverchzzk,941.0,talk,True,unknown,27.0,16.0,11.0,13.0,7.0,9.0,155.4,133.0,10-15,True,peer_T1,False
세이로쿠 키라,58eaedccbc58e733a233005ee04eecda,https://chzzk.naver.com/live/58eaedccbc58e733a233005ee04eecda,naverchzzk,705.0,림버스 컴퍼니,True,unknown,39.0,26.0,16.0,13.0,11.0,9.0,88.2,130.0,31-40,True,peer_T1,True
SENA 세나,1b31094bf7d83b61cf2ab110f9b91989,https://chzzk.naver.com/live/1b31094bf7d83b61cf2ab110f9b91989,naverchzzk,89.0,종합 게임,True,unknown,17.0,16.1,13.0,13.0,8.0,9.0,79.4,38.0,16-20,True,peer_T1,False
아즈마 스미,0ce04f529e8a94f4f553bec77b0bd76c,https://chzzk.naver.com/live/0ce04f529e8a94f4f553bec77b0bd76c,naverchzzk,1024.0,음악/노래,True,unknown,55.0,21.5,14.0,13.0,9.0,8.0,79.4,116.0,21-30,True,peer_T1,False
스타으앙코,d6b3c991c7b19aa02bb08232d8b877a6,https://chzzk.naver.com/live/d6b3c991c7b19aa02bb08232d8b877a6,naverchzzk,2528.0,종합 게임,True,unknown,45.0,24.0,16.0,12.0,8.0,8.0,731.7,140.0,21-30,True,peer_T1,False
석진서,1abdd12d26d0bdd140274d854165133d,https://chzzk.naver.com/live/1abdd12d26d0bdd140274d854165133d,naverchzzk,695.0,종합 게임,True,unknown,64.0,32.0,15.0,12.0,7.0,7.0,772.7,136.0,16-20,True,peer_T1,True
연미콩,5aaebd33ed301dbcaa09ebcb515a59cb,https://chzzk.naver.com/live/5aaebd33ed301dbcaa09ebcb515a59cb,naverchzzk,414.0,FC온라인,True,unknown,37.0,30.0,16.0,12.0,7.0,7.0,633.0,146.0,41-50,True,peer_T1,True
애플3203,47d609ac528898a1142f7ca1112fec65,https://chzzk.naver.com/live/47d609ac528898a1142f7ca1112fec65,naverchzzk,705.0,종합 게임,True,unknown,28.0,20.8,15.0,12.0,8.0,7.0,413.5,104.0,21-30,True,peer_T1,False
냐모이,16d1c15a2b32b5473155d2a295e38d8d,https://chzzk.naver.com/live/16d1c15a2b32b5473155d2a295e38d8d,naverchzzk,252.0,종합 게임,True,unknown,33.0,25.6,14.0,12.0,9.0,8.0,277.4,96.0,21-30,True,peer_T1,False
수행사제 시나맨,58ef687c4b5133c16b5e2e1031b1bb6c,https://chzzk.naver.com/live/58ef687c4b5133c16b5e2e1031b1bb6c,naverchzzk,565.0,이터널 리턴,True,unknown,33.0,21.0,13.0,12.0,7.0,6.0,233.6,113.0,21-30,True,peer_T1,False
어둠왕,a1e8a76d16710cae478f14924373b893,https://chzzk.naver.com/live/a1e8a76d16710cae478f14924373b893,naverchzzk,170.0,종합 게임,True,unknown,16.0,15.0,9.0,12.0,5.0,6.0,263.4,100.0,16-20,True,peer_T1,False
모혜,42762380a34c933366636bfdc4067293,https://chzzk.naver.com/live/42762380a34c933366636bfdc4067293,naverchzzk,547.0,PUBG: 배틀그라운드,True,unknown,30.0,27.0,13.0,12.0,6.0,6.0,300.4,117.0,16-20,True,peer_T1,False
유메루,be1729574be8282d009fb7a17f141487,https://chzzk.naver.com/live/be1729574be8282d009fb7a17f141487,naverchzzk,256.0,마인크래프트,True,unknown,18.0,14.5,8.0,12.0,4.0,6.0,164.2,70.0,16-20,True,peer_T1,False
오몽몽ㅇ,c61d9af7263c4d436e5a682c8da4d706,https://chzzk.naver.com/live/c61d9af7263c4d436e5a682c8da4d706,naverchzzk,1224.0,talk,True,unknown,26.0,17.0,12.0,12.0,8.0,9.0,160.0,123.0,16-20,True,peer_T1,False
바베,d61bbf21d161b6436f8993038cc1a989,https://chzzk.naver.com/live/d61bbf21d161b6436f8993038cc1a989,naverchzzk,384.0,로스트 저지먼트: 심판받지 않은 기억,True,unknown,38.0,28.0,17.0,12.0,9.0,7.0,149.0,138.0,41-50,True,peer_T1,True
순쥐,c59c85c8e77d893ef63fd381c6a6ff26,https://chzzk.naver.com/live/c59c85c8e77d893ef63fd381c6a6ff26,naverchzzk,622.0,리그 오브 레전드,True,unknown,32.0,22.7,12.0,12.0,6.0,7.0,163.5,83.0,16-20,True,peer_T1,False
송그릴,db81d10582c8fa98142f648bf7687773,https://chzzk.naver.com/live/db81d10582c8fa98142f648bf7687773,naverchzzk,562.0,젤다의 전설 브레스 오브 더 와일드,True,unknown,56.0,21.0,11.0,12.0,6.0,7.0,201.1,148.0,10-15,True,peer_T1,False
오스카 Oscar,188649a7046fe49d97b932a07d56d3d8,https://chzzk.naver.com/live/188649a7046fe49d97b932a07d56d3d8,naverchzzk,1352.0,패스 오브 엑자일 2,True,unknown,58.0,31.2,12.0,12.0,6.0,7.0,160.1,126.0,16-20,True,peer_T1,False
김달걀,a03f578cc5ceafcd0a32ed986577d2c8,https://chzzk.naver.com/live/a03f578cc5ceafcd0a32ed986577d2c8,naverchzzk,186.0,바이오하자드 RE:2,True,unknown,21.0,21.0,17.0,12.0,10.0,9.0,69.6,45.0,21-30,True,peer_T1,False
갱탑,d84166a91ce2de36514c2fe0b9f206e5,https://chzzk.naver.com/live/d84166a91ce2de36514c2fe0b9f206e5,naverchzzk,465.0,talk,True,unknown,53.0,26.0,16.0,12.0,7.5,8.0,99.8,122.0,21-30,True,peer_T1,False
뉸새,6bccdc59a0f81975d274f9f3b1102d73,https://chzzk.naver.com/live/6bccdc59a0f81975d274f9f3b1102d73,naverchzzk,340.0,오버워치,True,unknown,19.0,17.0,13.0,12.0,7.0,8.0,125.4,131.0,10-15,True,peer_T1,False
린다비,973bf833fa668636ea3709e811f5a4c2,https://chzzk.naver.com/live/973bf833fa668636ea3709e811f5a4c2,naverchzzk,235.0,메이플스토리 월드,True,unknown,19.0,15.0,9.0,12.0,4.0,4.0,187.2,72.0,21-30,True,peer_T1,False
렁 이,cf508ad755c0e3bf1a66d7649cf2cbf0,https://chzzk.naver.com/live/cf508ad755c0e3bf1a66d7649cf2cbf0,naverchzzk,205.0,유희왕 마스터 듀얼,True,unknown,17.0,13.0,5.0,12.0,3.0,5.0,202.8,95.0,10-15,True,peer_T1,False
장트러블,d676df6bcb09c553c26a2e2b92542fd6,https://chzzk.naver.com/live/d676df6bcb09c553c26a2e2b92542fd6,naverchzzk,6700.0,이환,True,unknown,589.0,280.0,88.0,126.0,52.0,78.0,56.2,136.0,41-50,False,peer_T1,True
수 바니,8da2cbae1c627fab3477abfdc9e119bc,https://chzzk.naver.com/live/8da2cbae1c627fab3477abfdc9e119bc,naverchzzk,4279.0,아이온2,True,unknown,311.0,225.0,120.0,116.0,53.0,65.0,40.2,145.0,41-50,False,peer_T1,True
맹 묘,313b45f8f5893f4b1b7b4000fa2da90b,https://chzzk.naver.com/live/313b45f8f5893f4b1b7b4000fa2da90b,naverchzzk,2133.0,음악/노래,True,unknown,307.0,132.8,77.0,61.0,32.0,44.0,43.3,142.0,31-40,False,peer_T1,True
동네개순대,474b909039b3944632e35acdfb217d3a,https://chzzk.naver.com/live/474b909039b3944632e35acdfb217d3a,naverchzzk,1181.0,이터널 리턴,True,unknown,362.0,82.9,49.0,52.0,32.0,34.0,26.1,115.0,41-50,False,peer_T1,True
꾹낑,0064f3b8baad3fe5766c1bb0b30a5088,https://chzzk.naver.com/live/0064f3b8baad3fe5766c1bb0b30a5088,naverchzzk,2059.0,사이퍼즈,True,unknown,384.0,87.4,31.0,49.0,19.0,21.0,74.7,97.0,21-30,False,peer_T1,True
윤리즈,65d845f717e3c3abb93de6158c613f0d,https://chzzk.naver.com/live/65d845f717e3c3abb93de6158c613f0d,naverchzzk,1240.0,패스 오브 엑자일 2,True,unknown,59.0,48.1,25.0,47.0,18.0,32.0,786.1,139.0,31-40,False,peer_T1,True
이로 클라우드,063fc5a0287c24c218e32e44325f385e,https://chzzk.naver.com/live/063fc5a0287c24c218e32e44325f385e,naverchzzk,376.0,종합 게임,True,unknown,21.0,14.3,9.0,11.0,4.0,6.0,3077.3,114.0,21-30,False,peer_T1,False
탐랑,f84b650e0fa192cbfd2215372732972e,https://chzzk.naver.com/live/f84b650e0fa192cbfd2215372732972e,naverchzzk,567.0,림월드,True,unknown,25.0,20.3,12.0,11.0,7.0,6.0,673.5,134.0,21-30,False,peer_T1,False
모노 monomo,3684893a6b44aa4bfb5716a8f0ae267f,https://chzzk.naver.com/live/3684893a6b44aa4bfb5716a8f0ae267f,naverchzzk,228.0,종합 게임,True,unknown,21.0,16.0,11.0,11.0,6.0,5.0,506.3,132.0,16-20,False,peer_T1,False
세 희,5b9f4c4673714b1c36d2546aa0cb0402,https://chzzk.naver.com/live/5b9f4c4673714b1c36d2546aa0cb0402,naverchzzk,103.0,종합 게임,True,unknown,18.0,13.0,8.0,11.0,5.0,6.0,477.1,82.0,16-20,False,peer_T1,False
박나나TV,13b74dfd3093e1db4d5af574e2ded812,https://chzzk.naver.com/live/13b74dfd3093e1db4d5af574e2ded812,naverchzzk,593.0,메이플스토리 월드,True,unknown,130.0,53.0,20.5,11.0,10.0,7.0,335.8,116.0,21-30,False,peer_T1,True
앙탈깜지,818daed7b43872dc63df338b7928d01b,https://chzzk.naver.com/live/818daed7b43872dc63df338b7928d01b,naverchzzk,206.0,포르자 호라이즌 6,True,unknown,33.0,17.3,10.0,11.0,5.0,5.0,422.6,136.0,16-20,False,peer_T1,False
빵뚜씨,f15cff93b4bb3246e594d944a74be016,https://chzzk.naver.com/live/f15cff93b4bb3246e594d944a74be016,naverchzzk,253.0,종합 게임,True,unknown,26.0,21.0,12.0,11.0,6.0,5.0,329.6,98.0,16-20,False,peer_T1,False
아이노 에리,acc6d26262023b08c4a4040690f0f713,https://chzzk.naver.com/live/acc6d26262023b08c4a4040690f0f713,naverchzzk,176.0,Qwilight,True,unknown,19.0,14.0,10.0,11.0,6.0,8.0,268.3,121.0,16-20,False,peer_T1,False
조민훈,fd214aa985cf2d163db79f3c881c2793,https://chzzk.naver.com/live/fd214aa985cf2d163db79f3c881c2793,naverchzzk,416.0,talk,True,unknown,68.0,19.8,9.0,11.0,6.0,6.0,276.1,104.0,10-15,False,peer_T1,False
김하린,023ecbfd298488c462289fb2632da178,https://chzzk.naver.com/live/023ecbfd298488c462289fb2632da178,naverchzzk,484.0,리그 오브 레전드,True,unknown,29.0,26.0,15.0,11.0,6.0,5.0,129.0,141.0,21-30,False,peer_T1,False
제가왜,a63dca78439598fb9f1adf80aa3a22ec,https://chzzk.naver.com/live/a63dca78439598fb9f1adf80aa3a22ec,naverchzzk,353.0,마인크래프트,True,unknown,20.0,16.1,11.0,11.0,6.0,5.0,158.3,99.0,10-15,False,peer_T1,False
레쏘 Lesso,ed49640d959b86d7937f1fc36f3b36a9,https://chzzk.naver.com/live/ed49640d959b86d7937f1fc36f3b36a9,naverchzzk,439.0,오버워치,True,unknown,20.0,14.7,9.0,11.0,4.0,5.0,199.5,105.0,16-20,False,peer_T1,False
고 두 식,1d1e2b036420fca514ec0b7747c9450b,https://chzzk.naver.com/live/1d1e2b036420fca514ec0b7747c9450b,naverchzzk,846.0,오버워치,True,unknown,54.0,19.0,11.0,11.0,6.0,7.0,114.1,114.0,21-30,False,peer_T1,False
도비두비두밥,70a6585a98d1a6b4cbf60092c3e33899,https://chzzk.naver.com/live/70a6585a98d1a6b4cbf60092c3e33899,naverchzzk,641.0,이스케이프 프롬 타르코프,True,unknown,30.0,23.0,16.0,11.0,7.0,7.0,74.6,131.0,21-30,False,peer_T1,False
까복치,20d19963026340fda85111db5fa7fb99,https://chzzk.naver.com/live/20d19963026340fda85111db5fa7fb99,naverchzzk,636.0,세븐 데이즈 투 다이,True,unknown,25.0,21.0,14.0,11.0,7.0,6.0,89.4,141.0,16-20,False,peer_T1,True
에루마린,dd4eee47b162f6dfbe64d72edd93cc83,https://chzzk.naver.com/live/dd4eee47b162f6dfbe64d72edd93cc83,naverchzzk,181.0,오버워치,True,unknown,20.0,15.6,10.0,11.0,6.0,7.0,99.7,55.0,16-20,False,peer_T1,False
Janet의 고전게임오락실,7f7b97b684180a696163bc62be7bbb93,https://chzzk.naver.com/live/7f7b97b684180a696163bc62be7bbb93,naverchzzk,141.0,로스트아크,True,unknown,23.0,19.0,14.0,11.0,8.0,6.0,95.2,120.0,16-20,False,peer_T1,False
레아나 Reana,2228ae2dad51035987c5222b6dcc2b09,https://chzzk.naver.com/live/2228ae2dad51035987c5222b6dcc2b09,naverchzzk,238.0,종합 게임,True,unknown,21.0,19.0,12.0,10.0,6.0,6.0,2550.0,131.0,21-30,False,peer_T1,False
백희 Baekhee,c980fa4fa9201bc47c89ac0ded3e0345,https://chzzk.naver.com/live/c980fa4fa9201bc47c89ac0ded3e0345,naverchzzk,334.0,종합 게임,True,unknown,27.0,21.5,13.0,10.0,6.0,5.0,1323.0,112.0,21-30,False,peer_T1,False
캐슬유,3a7ceba0ddfe34697943374899858891,https://chzzk.naver.com/live/3a7ceba0ddfe34697943374899858891,naverchzzk,250.0,PUBG: 배틀그라운드,True,unknown,14.0,12.0,8.0,10.0,4.0,6.0,1070.5,108.0,21-30,False,peer_T1,False
꿀유자,6f689ad550a705bee880f6b91aa4dc8b,https://chzzk.naver.com/live/6f689ad550a705bee880f6b91aa4dc8b,naverchzzk,362.0,고전 게임,True,unknown,30.0,19.6,10.0,10.0,5.0,6.0,634.9,129.0,21-30,False,peer_T1,False
채이 chaei,81841392d80c54d99b2d278868072566,https://chzzk.naver.com/live/81841392d80c54d99b2d278868072566,naverchzzk,198.0,종합 게임,True,unknown,28.0,12.1,8.0,10.0,4.0,5.0,699.5,140.0,10-15,False,peer_T1,False
냅도TV,7c8aa13784111d145bf9199768fe24e5,https://chzzk.naver.com/live/7c8aa13784111d145bf9199768fe24e5,naverchzzk,118.0,디지몬 슈퍼럼블,True,unknown,22.0,16.5,12.0,10.0,7.0,6.0,490.5,110.0,16-20,False,peer_T1,False
이샤 ISHA,f2835756692f9e024f0a6db60bb6e869,https://chzzk.naver.com/live/f2835756692f9e024f0a6db60bb6e869,naverchzzk,46.0,종합 게임,True,unknown,14.0,12.8,9.0,10.0,4.0,4.0,563.6,66.0,31-40,False,peer_T1,False
카페인ㅣCARfeine,0226a7f4335be41453acae12e0446f42,https://chzzk.naver.com/live/0226a7f4335be41453acae12e0446f42,naverchzzk,318.0,talk,True,unknown,24.0,17.0,9.0,10.0,5.0,5.0,556.1,119.0,16-20,False,peer_T1,False
딕션 Diction,6ed066a148aded6a24dcfdd3fc9b986e,https://chzzk.naver.com/live/6ed066a148aded6a24dcfdd3fc9b986e,naverchzzk,159.0,서브노티카 2,True,unknown,26.0,16.0,11.0,10.0,4.0,6.0,411.9,121.0,16-20,False,peer_T1,False
룽지얌,d3cab2d2fa183991df8169a584656926,https://chzzk.naver.com/live/d3cab2d2fa183991df8169a584656926,naverchzzk,354.0,오버워치,True,unknown,18.0,17.0,11.0,10.0,6.0,5.0,433.4,81.0,10-15,False,peer_T1,False
삼덕이,dd85ba41de91fe4c970fd510d4ef1114,https://chzzk.naver.com/live/dd85ba41de91fe4c970fd510d4ef1114,naverchzzk,453.0,서브노티카 2,True,unknown,43.0,21.4,11.0,10.0,5.0,6.0,518.0,113.0,16-20,False,peer_T1,False
월야화랑,a7235afd44df05dd257784f8e4db2935,https://chzzk.naver.com/live/a7235afd44df05dd257784f8e4db2935,naverchzzk,180.0,리그 오브 레전드,True,unknown,17.0,13.0,9.0,10.0,5.0,6.0,228.0,67.0,16-20,False,peer_T1,False
안찡,fde2deb9f3be7f495d72f204d8b8f41a,https://chzzk.naver.com/live/fde2deb9f3be7f495d72f204d8b8f41a,naverchzzk,95.0,로스트아크,True,unknown,20.0,16.0,12.0,10.0,6.0,6.0,266.7,134.0,10-15,False,peer_T1,False
햄루나,d35108d902dd1e445962ed2b4ad889f7,https://chzzk.naver.com/live/d35108d902dd1e445962ed2b4ad889f7,naverchzzk,2707.0,리그 오브 레전드,True,unknown,66.0,21.0,7.0,10.0,3.5,5.0,243.9,72.0,16-20,False,peer_T1,False
게임못하는보니,4db9e0f8f8639d08cebb0d1a10100dc0,https://chzzk.naver.com/live/4db9e0f8f8639d08cebb0d1a10100dc0,naverchzzk,833.0,이스케이프 프롬 타르코프,True,unknown,57.0,40.0,17.0,10.0,6.0,5.0,245.5,137.0,31-40,False,peer_T1,False
주밍JOOMING,d3beda22fdad51418f43e93bfbbf11c5,https://chzzk.naver.com/live/d3beda22fdad51418f43e93bfbbf11c5,naverchzzk,170.0,고전 게임,True,unknown,15.0,11.3,8.0,10.0,4.0,4.0,334.0,94.0,16-20,False,peer_T1,False
아카리00,0008cf3fdbb8ef0e838dee5deef1e8a9,https://chzzk.naver.com/live/0008cf3fdbb8ef0e838dee5deef1e8a9,naverchzzk,227.0,이스케이프 프롬 타르코프,True,unknown,18.0,16.0,10.0,10.0,5.0,6.0,215.1,96.0,10-15,False,peer_T1,False
잠꾸,c937ce21630daa9ab833b310c48ecd88,https://chzzk.naver.com/live/c937ce21630daa9ab833b310c48ecd88,naverchzzk,542.0,그림/아트,True,unknown,16.0,13.0,10.0,10.0,6.0,7.0,184.6,145.0,16-20,False,peer_T1,False
권루나,4da26ea7afded8cc8b8e22e1d36aacf9,https://chzzk.naver.com/live/4da26ea7afded8cc8b8e22e1d36aacf9,naverchzzk,912.0,프로젝트 좀보이드,True,unknown,19.0,16.0,11.0,10.0,6.0,6.0,189.7,131.0,16-20,False,peer_T1,False
꽃설화,6d97300ca733daf0796565d75b020e68,https://chzzk.naver.com/live/6d97300ca733daf0796565d75b020e68,naverchzzk,601.0,스텔라 블레이드,True,unknown,21.0,15.5,9.0,10.0,5.0,5.0,190.3,76.0,21-30,False,peer_T1,False
나는망구,76c635a11ab1fab572c1849d9eb60ed8,https://chzzk.naver.com/live/76c635a11ab1fab572c1849d9eb60ed8,naverchzzk,401.0,talk,True,unknown,25.0,22.5,14.0,10.0,7.0,7.0,128.6,130.0,16-20,False,peer_T1,False
라벤 LAVEN,14d322655de43fccfa0a3c77cf55b716,https://chzzk.naver.com/live/14d322655de43fccfa0a3c77cf55b716,naverchzzk,254.0,리그 오브 레전드,True,unknown,35.0,19.0,7.0,10.0,3.0,4.0,208.9,61.0,10-15,False,peer_T1,False
에드님,cacb02868bfc7317ea4ff473aa63b248,https://chzzk.naver.com/live/cacb02868bfc7317ea4ff473aa63b248,naverchzzk,2129.0,돈 스타브 투게더,True,unknown,21.0,16.0,12.0,10.0,8.0,6.0,122.1,127.0,21-30,False,peer_T1,False
이디어DEER,dafbecf1decca1e06f49916683c85e48,https://chzzk.naver.com/live/dafbecf1decca1e06f49916683c85e48,naverchzzk,194.0,종합 게임,True,unknown,30.0,16.0,10.0,10.0,7.0,7.0,127.1,66.0,10-15,False,peer_T1,False
에쏘 Esso,f3cbfed23385ad00f7a6c7cb2c8a6f96,https://chzzk.naver.com/live/f3cbfed23385ad00f7a6c7cb2c8a6f96,naverchzzk,645.0,마인크래프트,True,unknown,22.0,14.0,10.0,10.0,5.0,5.0,143.9,140.0,16-20,False,peer_T1,False
파단이,f3d334f12f38661e0190c6a97ee166c4,https://chzzk.naver.com/live/f3d334f12f38661e0190c6a97ee166c4,naverchzzk,348.0,젤다의 전설 브레스 오브 더 와일드,True,unknown,24.0,16.0,12.0,10.0,6.0,7.0,124.0,133.0,10-15,False,peer_T1,False
일루전입니다,1c9c8aebbba5f1bc0fdf5fa237a01130,https://chzzk.naver.com/live/1c9c8aebbba5f1bc0fdf5fa237a01130,naverchzzk,441.0,마인크래프트,True,unknown,25.0,20.0,12.0,10.0,8.0,7.0,81.2,122.0,21-30,False,peer_T1,False
나구지,2c2672208d143b0a26b653c75687bd01,https://chzzk.naver.com/live/2c2672208d143b0a26b653c75687bd01,naverchzzk,1258.0,종합 게임,True,unknown,19.0,15.2,9.0,9.0,6.0,6.0,1351.1,138.0,16-20,False,peer_T1,False
잉요ing,ee01af7ae3b8422f0edc49e92570f1a8,https://chzzk.naver.com/live/ee01af7ae3b8422f0edc49e92570f1a8,naverchzzk,417.0,종합 게임,True,unknown,16.0,14.0,10.0,9.0,5.0,4.0,1087.3,100.0,21-30,False,peer_T1,False
두뭉,b6ee6b02fe1625ac750fcb0adc126bce,https://chzzk.naver.com/live/b6ee6b02fe1625ac750fcb0adc126bce,naverchzzk,178.0,종합 게임,True,unknown,13.0,12.0,8.0,9.0,4.0,4.0,1080.8,66.0,10-15,False,peer_T1,False
하렌 루베오스,2844363f7dc66d5254679d4ef2fe4935,https://chzzk.naver.com/live/2844363f7dc66d5254679d4ef2fe4935,naverchzzk,246.0,종합 게임,True,unknown,16.0,12.0,9.0,9.0,5.0,5.0,719.8,70.0,16-20,False,peer_T1,False
쟌스타,104c9acbf30756945e1b387bd1c6f5b7,https://chzzk.naver.com/live/104c9acbf30756945e1b387bd1c6f5b7,naverchzzk,606.0,그림/아트,True,unknown,16.0,13.0,9.0,9.0,6.0,5.0,445.5,140.0,10-15,False,peer_T1,False
아오모리 하츠나,63d9a00e499979eb701c115cf7aa5e78,https://chzzk.naver.com/live/63d9a00e499979eb701c115cf7aa5e78,naverchzzk,46.0,종합 게임,True,unknown,18.0,17.0,11.0,9.0,5.0,5.0,644.2,44.0,16-20,False,peer_T1,False
냐뇨뇨냥,a1d5bb21b285ecfa61782324e841ac7a,https://chzzk.naver.com/live/a1d5bb21b285ecfa61782324e841ac7a,naverchzzk,270.0,talk,True,unknown,15.0,14.0,11.0,9.0,6.0,6.0,305.3,130.0,10-15,False,peer_T1,False
쥐냥,4fe4afb376bb35114d50b3fd80b9fc5c,https://chzzk.naver.com/live/4fe4afb376bb35114d50b3fd80b9fc5c,naverchzzk,363.0,더 킹 오브 파이터즈 '98,True,unknown,19.0,16.0,11.0,9.0,5.0,4.0,606.5,142.0,16-20,False,peer_T1,False
그믐Gmeum,c01198bfc9daccba47ed8aa489f8028e,https://chzzk.naver.com/live/c01198bfc9daccba47ed8aa489f8028e,naverchzzk,1071.0,이터널 리턴,True,unknown,69.0,35.0,15.0,9.0,8.0,5.0,136.8,132.0,41-50,False,peer_T1,True
솔티플럼,43da465576afdfb373c9cca32177b1bb,https://chzzk.naver.com/live/43da465576afdfb373c9cca32177b1bb,naverchzzk,1115.0,로스트아크,True,unknown,19.0,16.0,10.0,9.0,6.0,4.0,192.1,133.0,21-30,False,peer_T1,False
카신,3f0719dbbbd72f61b425caf844af8e21,https://chzzk.naver.com/live/3f0719dbbbd72f61b425caf844af8e21,naverchzzk,292.0,발로란트,True,unknown,20.0,16.0,11.0,9.0,5.0,6.0,326.4,112.0,10-15,False,peer_T1,False
리유 Re You,befab03007ccf553b9328384e84c4d93,https://chzzk.naver.com/live/befab03007ccf553b9328384e84c4d93,naverchzzk,259.0,리그 오브 레전드,True,unknown,15.0,12.8,8.0,9.0,4.0,4.0,282.1,86.0,16-20,False,peer_T1,False
새미냥,f7e62a41cfff5b33e29245e52f8431b5,https://chzzk.naver.com/live/f7e62a41cfff5b33e29245e52f8431b5,naverchzzk,263.0,종합 게임,True,unknown,15.0,15.0,11.0,9.0,5.0,5.0,247.5,128.0,10-15,False,peer_T1,False
사메모메,4a4a4656fbf3ce821d1c4776371e2f64,https://chzzk.naver.com/live/4a4a4656fbf3ce821d1c4776371e2f64,naverchzzk,306.0,오버워치,True,unknown,42.0,36.2,17.0,9.0,10.0,5.0,165.0,60.0,16-20,False,peer_T1,False
일 육,88186e7c12fa7f594a521aad47f40151,https://chzzk.naver.com/live/88186e7c12fa7f594a521aad47f40151,naverchzzk,302.0,다잉 라이트 2: 스테이 휴먼,True,unknown,24.0,18.0,10.0,9.0,6.0,5.0,130.9,78.0,16-20,False,peer_T1,False
원숭이 장관,5237431a1ceaa65d67f0e8cf17acd467,https://chzzk.naver.com/live/5237431a1ceaa65d67f0e8cf17acd467,naverchzzk,55.0,PUBG: 배틀그라운드,True,unknown,37.0,34.0,10.0,9.0,6.0,6.0,79.6,59.0,31-40,False,peer_T1,False
리리마,d776d00744d8df249e0577beb807cac7,https://chzzk.naver.com/live/d776d00744d8df249e0577beb807cac7,naverchzzk,1005.0,발로란트,True,unknown,16.0,12.0,8.0,9.0,4.0,5.0,213.6,126.0,10-15,False,peer_T1,False
데벨,05fddca96166df9877876c3efcd52a55,https://chzzk.naver.com/live/05fddca96166df9877876c3efcd52a55,naverchzzk,480.0,메이플스토리 월드,True,unknown,58.0,35.3,11.0,9.0,5.0,5.0,169.1,120.0,10-15,False,peer_T1,False
릴리나봉,ae9c183d7ff7ce6b4890cd0beb4cc192,https://chzzk.naver.com/live/ae9c183d7ff7ce6b4890cd0beb4cc192,naverchzzk,1255.0,발로란트,True,unknown,13.0,12.0,7.0,9.0,4.0,4.0,182.9,94.0,10-15,False,peer_T1,False
정덱,2089da37c6dabece496e397079a49488,https://chzzk.naver.com/live/2089da37c6dabece496e397079a49488,naverchzzk,147.0,마인크래프트,True,unknown,25.0,14.1,8.0,9.0,4.0,5.0,141.7,100.0,10-15,False,peer_T1,False
정꽁치,deb124f491c6debfbf06bcc01deef6ef,https://chzzk.naver.com/live/deb124f491c6debfbf06bcc01deef6ef,naverchzzk,243.0,종합 게임,True,unknown,21.0,12.0,9.0,8.0,6.0,5.0,1831.3,129.0,16-20,False,peer_T1,False
법아재,b9da7500aeb83523a78df6ccf8ecea53,https://chzzk.naver.com/live/b9da7500aeb83523a78df6ccf8ecea53,naverchzzk,372.0,종합 게임,True,unknown,16.0,12.0,8.0,8.0,4.0,4.0,1535.0,137.0,21-30,False,peer_T1,False
공콜리,6e1f142e5c47e2f33732ca90b73dc4c4,https://chzzk.naver.com/live/6e1f142e5c47e2f33732ca90b73dc4c4,naverchzzk,145.0,데드 바이 데이라이트,True,unknown,17.0,15.0,7.0,8.0,3.0,4.0,1190.4,127.0,16-20,False,peer_T1,False
모목,f2c74e59d7b72c1610bcbcfdeeb0cf34,https://chzzk.naver.com/live/f2c74e59d7b72c1610bcbcfdeeb0cf34,naverchzzk,316.0,종합 게임,True,unknown,46.0,23.0,9.0,8.0,4.0,4.0,595.6,101.0,21-30,False,peer_T1,False
띵진이,4b1de0a13ad02355c2813c1386ffa646,https://chzzk.naver.com/live/4b1de0a13ad02355c2813c1386ffa646,naverchzzk,186.0,종합 게임,True,unknown,25.0,22.3,10.0,8.0,6.0,3.0,413.8,74.0,21-30,False,peer_T1,False
카토kato,d54a236580af9d3d1dca84e7cb0d7a66,https://chzzk.naver.com/live/d54a236580af9d3d1dca84e7cb0d7a66,naverchzzk,68.0,종합 게임,True,unknown,16.0,13.0,10.0,8.0,6.0,5.0,378.3,116.0,10-15,False,peer_T1,False
세코코,9311d9a91a37a53d1244fccde5c2b3a3,https://chzzk.naver.com/live/9311d9a91a37a53d1244fccde5c2b3a3,naverchzzk,190.0,종합 게임,True,unknown,21.0,11.8,7.5,8.0,4.0,4.0,668.0,126.0,10-15,False,peer_T1,False
플환,a2bed589acb5ae3d24f0afd3e989d17e,https://chzzk.naver.com/live/a2bed589acb5ae3d24f0afd3e989d17e,naverchzzk,178.0,종합 게임,True,unknown,16.0,12.0,6.0,8.0,3.0,3.0,556.6,100.0,16-20,False,peer_T1,False
코모리,7aeb0136d1c23bb1ffebb9a8abdf6251,https://chzzk.naver.com/live/7aeb0136d1c23bb1ffebb9a8abdf6251,naverchzzk,156.0,마인크래프트,True,unknown,10.0,9.0,6.0,8.0,3.0,4.0,522.0,143.0,10-15,False,peer_T1,False
라낭,48be5e3e8394324a24f219bbef62a4b2,https://chzzk.naver.com/live/48be5e3e8394324a24f219bbef62a4b2,naverchzzk,82.0,종합 게임,True,unknown,18.0,12.7,8.0,8.0,5.0,4.0,364.6,88.0,16-20,False,peer_T1,False
주키니TV,7aa263d03571644d9ecd17471b1a969e,https://chzzk.naver.com/live/7aa263d03571644d9ecd17471b1a969e,naverchzzk,79.0,종합 게임,True,unknown,14.0,12.0,7.0,8.0,3.0,2.5,640.5,80.0,10-15,False,peer_T1,False
도둑꾼,50ba1b9bd1f23f988a258bfa4e306228,https://chzzk.naver.com/live/50ba1b9bd1f23f988a258bfa4e306228,naverchzzk,178.0,테트리스,True,unknown,26.0,15.0,10.0,8.0,6.0,5.0,307.7,121.0,10-15,False,peer_T1,True
유히설,260fd8766be90073abc799b7356700e2,https://chzzk.naver.com/live/260fd8766be90073abc799b7356700e2,naverchzzk,577.0,종합 게임,True,unknown,12.0,10.8,8.0,8.0,4.0,4.0,271.6,46.0,10-15,False,peer_T1,False
요나,c61969606c0a253f4bd4580d0082b788,https://chzzk.naver.com/live/c61969606c0a253f4bd4580d0082b788,naverchzzk,402.0,종합 게임,True,unknown,29.0,23.3,11.0,8.0,5.0,5.0,140.5,115.0,21-30,False,peer_T1,True
algo,d2cd4abae3b124197218c981ddd84cbb,https://chzzk.naver.com/live/d2cd4abae3b124197218c981ddd84cbb,naverchzzk,142.0,아이온2,True,unknown,21.0,14.0,8.0,8.0,4.0,4.0,312.9,142.0,16-20,False,peer_T1,False
야파토,1b676df08e0eb6526cdb2d7aa2bacb9a,https://chzzk.naver.com/live/1b676df08e0eb6526cdb2d7aa2bacb9a,naverchzzk,362.0,포켓몬 챔피언스,True,unknown,24.0,20.0,12.0,8.0,6.0,5.0,179.9,99.0,10-15,False,peer_T1,False
꼼지라쿠,730d98a3ec886cd7da752292534cebb1,https://chzzk.naver.com/live/730d98a3ec886cd7da752292534cebb1,naverchzzk,153.0,성세천하: 여제의 탄생 Ⅱ,True,unknown,17.0,11.0,7.0,8.0,3.0,4.0,245.3,102.0,10-15,False,peer_T1,False
헥사 아카이브,07cef97ebf0ac40d5630f22dd655262c,https://chzzk.naver.com/live/07cef97ebf0ac40d5630f22dd655262c,naverchzzk,184.0,리그 오브 레전드,True,unknown,10.0,9.0,5.0,8.0,2.0,4.0,246.5,90.0,10-15,False,peer_T1,False
천재수달,950686b818f516e8eaa33743bc295a85,https://chzzk.naver.com/live/950686b818f516e8eaa33743bc295a85,naverchzzk,184.0,종합 게임,True,unknown,21.0,17.0,8.0,8.0,4.0,4.0,180.7,37.0,16-20,False,peer_T1,False
밈 미,08664d465126e0e7248dbafe7818dfd5,https://chzzk.naver.com/live/08664d465126e0e7248dbafe7818dfd5,naverchzzk,97.0,종합 게임,True,unknown,52.0,13.0,7.0,8.0,4.0,5.0,167.8,100.0,10-15,False,peer_T1,False
햄빛,fe04b8166e781e88c1afb4679a758442,https://chzzk.naver.com/live/fe04b8166e781e88c1afb4679a758442,naverchzzk,384.0,VR챗,True,unknown,25.0,13.5,9.0,8.0,3.0,4.0,272.0,106.0,16-20,False,peer_T1,False
루나은하,bdf06bfc5f94837ee1ed418b775fb1b8,https://chzzk.naver.com/live/bdf06bfc5f94837ee1ed418b775fb1b8,naverchzzk,353.0,리그 오브 레전드,True,unknown,22.0,13.8,9.0,8.0,5.0,4.0,123.1,145.0,10-15,False,peer_T1,False
서몽 ILLUSION LIVE,82bb71d60ffa85b94ad3823e3c52fe69,https://chzzk.naver.com/live/82bb71d60ffa85b94ad3823e3c52fe69,naverchzzk,492.0,아레나 브레이크아웃,True,unknown,19.0,18.0,10.0,8.0,3.0,3.0,242.3,132.0,10-15,False,peer_T1,False
키마리오,9f3f4f749e287c8dff786aa686c31815,https://chzzk.naver.com/live/9f3f4f749e287c8dff786aa686c31815,naverchzzk,573.0,연운,True,unknown,23.0,18.6,9.0,8.0,6.0,5.0,114.8,115.0,16-20,False,peer_T1,False
서랑그림,9ca1d47ac69b758fce461bc1b0098d04,https://chzzk.naver.com/live/9ca1d47ac69b758fce461bc1b0098d04,naverchzzk,613.0,젤다의 전설 티어스 오브 더 킹덤,True,unknown,32.0,24.0,16.0,8.0,6.0,4.0,130.9,133.0,16-20,False,peer_T1,False
김뿌찌,b38df1827f4b7b6b3940bf37925fe916,https://chzzk.naver.com/live/b38df1827f4b7b6b3940bf37925fe916,naverchzzk,200.0,오버워치,True,unknown,17.0,12.0,7.0,8.0,4.0,4.0,133.4,118.0,10-15,False,peer_T1,False
유람 Yuram,b955e2a87eb767345d2edc921061c784,https://chzzk.naver.com/live/b955e2a87eb767345d2edc921061c784,naverchzzk,250.0,종합 게임,True,unknown,17.0,14.7,10.0,7.0,5.0,4.0,1890.7,114.0,16-20,False,peer_T1,False
유토링,c059a9caca586a9dcdd2c738ba237618,https://chzzk.naver.com/live/c059a9caca586a9dcdd2c738ba237618,naverchzzk,230.0,종합 게임,True,unknown,22.0,17.0,9.0,7.0,3.0,3.0,2311.5,131.0,10-15,False,peer_T1,False
므담,68efb421978ddd0e34d8f2a09b70f48f,https://chzzk.naver.com/live/68efb421978ddd0e34d8f2a09b70f48f,naverchzzk,399.0,종합 게임,True,unknown,14.0,12.0,8.0,7.0,3.0,3.0,1901.8,61.0,10-15,False,peer_T1,False
송하나SONGHANA,0c9cfe6471e1c3e848630bab7a041757,https://chzzk.naver.com/live/0c9cfe6471e1c3e848630bab7a041757,naverchzzk,64.0,종합 게임,True,unknown,20.0,10.0,8.0,7.0,5.0,5.0,1122.7,104.0,16-20,False,peer_T1,False
아로AURO,dd8664f9fdc4c2d8938761e738681199,https://chzzk.naver.com/live/dd8664f9fdc4c2d8938761e738681199,naverchzzk,122.0,용과 같이 극2,True,unknown,10.0,9.0,6.0,7.0,3.0,3.0,1334.4,132.0,16-20,False,peer_T1,False
오토노 소리,73b34c1d968f42bfd429eba0d1cff0b3,https://chzzk.naver.com/live/73b34c1d968f42bfd429eba0d1cff0b3,naverchzzk,459.0,패스 오브 엑자일 2,True,unknown,18.0,11.0,6.0,7.0,3.0,3.0,1273.2,132.0,10-15,False,peer_T1,False
흑현,0e2d276771046a2b67050fb479320a27,https://chzzk.naver.com/live/0e2d276771046a2b67050fb479320a27,naverchzzk,191.0,종합 게임,True,unknown,26.0,14.0,9.0,7.0,4.0,5.0,939.6,121.0,16-20,False,peer_T1,False
삐얌,9c0820288c20a1d408ece175cae62c37,https://chzzk.naver.com/live/9c0820288c20a1d408ece175cae62c37,naverchzzk,440.0,종합 게임,True,unknown,28.0,13.4,8.0,7.0,4.0,4.0,454.5,97.0,21-30,False,peer_T1,False
비화 Bihwa,5a377e6408e25dbdd46b242e1a67d05b,https://chzzk.naver.com/live/5a377e6408e25dbdd46b242e1a67d05b,naverchzzk,262.0,종합 게임,True,unknown,17.0,12.2,9.0,7.0,4.0,4.0,486.5,77.0,41-50,False,peer_T1,False
너프I,f8e92473cbd037afe883e8be6a9ee966,https://chzzk.naver.com/live/f8e92473cbd037afe883e8be6a9ee966,naverchzzk,43.0,종합 게임,True,unknown,10.0,8.4,6.0,7.0,3.0,3.0,725.5,73.0,10-15,False,peer_T1,False
하 베,fa001ef1a226a1bff047eae3ed35abe2,https://chzzk.naver.com/live/fa001ef1a226a1bff047eae3ed35abe2,naverchzzk,35.0,명조:워더링 웨이브,True,unknown,15.0,13.0,10.0,7.0,6.0,5.0,332.1,100.0,10-15,False,peer_T1,False
김삵,2840bad4e73e257aea1caf8580ae6c82,https://chzzk.naver.com/live/2840bad4e73e257aea1caf8580ae6c82,naverchzzk,45.0,종합 게임,True,unknown,17.0,10.8,7.0,7.0,4.0,4.0,415.8,65.0,10-15,False,peer_T1,False
병섭이,dda688c4743fe41322da1b7afa3976be,https://chzzk.naver.com/live/dda688c4743fe41322da1b7afa3976be,naverchzzk,166.0,종합 게임,True,unknown,25.0,17.7,10.0,7.0,4.5,4.0,389.8,128.0,16-20,False,peer_T1,False
유이솜,08825d1bc4c9035d8521826b1462b774,https://chzzk.naver.com/live/08825d1bc4c9035d8521826b1462b774,naverchzzk,123.0,종합 게임,True,unknown,17.0,13.0,7.0,7.0,3.0,4.0,589.1,130.0,10-15,False,peer_T1,False
드로즈,7b47af1f6825391a610f768c43376cb1,https://chzzk.naver.com/live/7b47af1f6825391a610f768c43376cb1,naverchzzk,195.0,쥬라기 월드 에볼루션 3,True,unknown,16.0,11.0,7.0,7.0,2.0,3.0,578.1,139.0,10-15,False,peer_T1,False
배드마우스,55f9d87ba8d92679e0caa0cb538413f2,https://chzzk.naver.com/live/55f9d87ba8d92679e0caa0cb538413f2,naverchzzk,447.0,마인크래프트,True,unknown,24.0,12.0,7.0,7.0,4.0,4.0,341.2,125.0,10-15,False,peer_T1,False
속도의신,bb08cb468fca542c6c6e084f532388d8,https://chzzk.naver.com/live/bb08cb468fca542c6c6e084f532388d8,naverchzzk,479.0,종합 게임,True,unknown,43.0,27.4,10.0,7.0,3.0,3.0,377.1,114.0,21-30,False,peer_T1,False
시라이 쿄카,e51a3fd11b3ede1138c27538925fb9ce,https://chzzk.naver.com/live/e51a3fd11b3ede1138c27538925fb9ce,naverchzzk,569.0,종합 게임,True,unknown,28.0,17.0,11.0,7.0,3.0,4.0,268.5,137.0,10-15,False,peer_T1,False
김동팡,5ae83bcf71af14d25c9df43dd9e3c6d8,https://chzzk.naver.com/live/5ae83bcf71af14d25c9df43dd9e3c6d8,naverchzzk,449.0,종합 게임,True,unknown,19.0,14.0,9.0,7.0,5.0,5.0,186.4,122.0,10-15,False,peer_T1,False
곰도우미,40a5041df66d6e4861cfc8a3bc6d5424,https://chzzk.naver.com/live/40a5041df66d6e4861cfc8a3bc6d5424,naverchzzk,251.0,마비노기 모바일,True,unknown,21.0,9.0,7.0,7.0,3.0,3.0,319.9,114.0,10-15,False,peer_T1,False
루나냥,c23e06adbafd1d80f061b74d100c1ad7,https://chzzk.naver.com/live/c23e06adbafd1d80f061b74d100c1ad7,naverchzzk,534.0,패스 오브 엑자일 2,True,unknown,215.0,28.7,9.0,7.0,2.0,2.0,127.4,127.0,21-30,False,peer_T1,False
쭉쭉이0,b69d419cd22ae14a5c3cc7ee568ec908,https://chzzk.naver.com/live/b69d419cd22ae14a5c3cc7ee568ec908,naverchzzk,212.0,종합 게임,True,unknown,14.0,11.8,6.0,7.0,2.0,3.0,290.6,103.0,10-15,False,peer_T1,False
카엘라일리,d1761b1925e28cb199b2fe70629c3ac8,https://chzzk.naver.com/live/d1761b1925e28cb199b2fe70629c3ac8,naverchzzk,289.0,종합 게임,True,unknown,18.0,11.0,7.0,7.0,4.0,4.0,234.2,127.0,10-15,False,peer_T1,False
이로은,ddbf6d23f5910d3d15938cf9516f6dee,https://chzzk.naver.com/live/ddbf6d23f5910d3d15938cf9516f6dee,naverchzzk,164.0,포켓몬 챔피언스,True,unknown,21.0,9.0,6.0,7.0,3.0,3.0,338.3,104.0,10-15,False,peer_T1,False
한지유,6ccb72c4623e7d96695b79e6441376de,https://chzzk.naver.com/live/6ccb72c4623e7d96695b79e6441376de,naverchzzk,751.0,종합 게임,True,unknown,14.0,12.0,7.0,7.0,3.0,3.0,212.7,97.0,10-15,False,peer_T1,False
주절맨,cea1c1e4b83b4852b37cd1d413421321,https://chzzk.naver.com/live/cea1c1e4b83b4852b37cd1d413421321,naverchzzk,25.0,종합 게임,True,unknown,10.0,10.0,7.0,7.0,5.0,5.0,157.8,50.0,10-15,False,peer_T1,False
미스터리박스,24ff83ceabd555220b6d8b9ddc9de15f,https://chzzk.naver.com/live/24ff83ceabd555220b6d8b9ddc9de15f,naverchzzk,59.0,종합 게임,True,unknown,9.0,8.0,6.0,6.0,4.0,4.0,1936.0,112.0,10-15,False,peer_T1,False
샘승아,a12bf9267f7f2c44097e408163057088,https://chzzk.naver.com/live/a12bf9267f7f2c44097e408163057088,naverchzzk,258.0,종합 게임,True,unknown,17.0,14.0,7.0,6.0,3.0,3.0,733.7,82.0,16-20,False,peer_T1,False
류은유,32ed1eff8d7ad6bfdd5bd92fd7aa7e95,https://chzzk.naver.com/live/32ed1eff8d7ad6bfdd5bd92fd7aa7e95,naverchzzk,401.0,종합 게임,True,unknown,13.0,12.0,9.0,6.0,3.5,3.0,830.8,118.0,16-20,False,peer_T1,False
망시,3d8eaab17286d6bceb4c750497fd1305,https://chzzk.naver.com/live/3d8eaab17286d6bceb4c750497fd1305,naverchzzk,58.0,종합 게임,True,unknown,10.0,8.0,5.0,6.0,2.0,2.0,1319.8,102.0,10-15,False,peer_T1,False
쏘입니다,2e6c9bc6ed50d50397938d6df56f88a6,https://chzzk.naver.com/live/2e6c9bc6ed50d50397938d6df56f88a6,naverchzzk,97.0,종합 게임,True,unknown,8.0,8.0,6.0,6.0,2.0,2.0,570.7,7.0,21-30,False,peer_T1,False
조말리,07c9d7b11722208b5c6350f04e70d9e2,https://chzzk.naver.com/live/07c9d7b11722208b5c6350f04e70d9e2,naverchzzk,160.0,종합 게임,True,unknown,12.0,11.0,7.0,6.0,3.0,3.0,775.3,131.0,10-15,False,peer_T1,False
꽁구마,dfbe585d196ce1227dee748df1440a2d,https://chzzk.naver.com/live/dfbe585d196ce1227dee748df1440a2d,naverchzzk,156.0,종합 게임,True,unknown,23.0,16.0,7.0,6.0,3.0,3.0,643.4,128.0,21-30,False,peer_T1,False
영붕,c1a29777d79c579dee11150857dd445a,https://chzzk.naver.com/live/c1a29777d79c579dee11150857dd445a,naverchzzk,431.0,talk,True,unknown,24.0,19.0,11.0,6.0,4.0,3.0,313.5,106.0,21-30,False,peer_T1,False
달펭구,297262e112a7d05368bacec8c8a92085,https://chzzk.naver.com/live/297262e112a7d05368bacec8c8a92085,naverchzzk,262.0,종합 게임,True,unknown,16.0,8.0,4.0,6.0,2.0,2.0,918.9,86.0,10-15,False,peer_T1,False
김 플 릭,599b42063afe3c4e8d1673796545fc25,https://chzzk.naver.com/live/599b42063afe3c4e8d1673796545fc25,naverchzzk,1663.0,카운터 스트라이크 2,True,unknown,22.0,14.0,9.0,6.0,4.0,4.0,471.2,127.0,10-15,False,peer_T1,False
비비 시카,6784f2b395dd808141bec1d2ad3ebfbe,https://chzzk.naver.com/live/6784f2b395dd808141bec1d2ad3ebfbe,naverchzzk,183.0,스트랜디드 딥,True,unknown,14.0,10.0,8.0,6.0,4.0,4.0,523.0,122.0,10-15,False,peer_T1,False
랍벤뎀,63e7689c1c11ce2f0447c5626196b749,https://chzzk.naver.com/live/63e7689c1c11ce2f0447c5626196b749,naverchzzk,157.0,종합 게임,True,unknown,10.0,7.3,5.0,6.0,2.0,3.0,719.5,115.0,16-20,False,peer_T1,False
님블뿔콩,dc704c5a7597b970b4180617e2c111a2,https://chzzk.naver.com/live/dc704c5a7597b970b4180617e2c111a2,naverchzzk,81.0,히어로즈 오브 마이트 앤 매직: 올든 에라,True,unknown,13.0,9.2,6.0,6.0,3.0,3.0,533.5,118.0,10-15,False,peer_T1,False
사과몽,88d777fded707af8c60b9526aa0f3a7b,https://chzzk.naver.com/live/88d777fded707af8c60b9526aa0f3a7b,naverchzzk,40.0,종합 게임,True,unknown,12.0,9.0,5.0,6.0,2.0,3.0,474.2,102.0,10-15,False,peer_T1,False
개순이,a087ae5d1995d2a408e6ab673bf33035,https://chzzk.naver.com/live/a087ae5d1995d2a408e6ab673bf33035,naverchzzk,283.0,발로란트,True,unknown,25.0,15.5,10.0,6.0,5.0,3.0,133.3,66.0,21-30,False,peer_T1,False
김득춘,40ede1fca56fd7141d718c116d5501dc,https://chzzk.naver.com/live/40ede1fca56fd7141d718c116d5501dc,naverchzzk,1330.0,이환,True,unknown,21.0,11.5,6.0,6.0,3.0,3.0,301.5,111.0,16-20,False,peer_T1,False
티아뇽,363564cc2af618751e1ac695e9963aa0,https://chzzk.naver.com/live/363564cc2af618751e1ac695e9963aa0,naverchzzk,507.0,talk,True,unknown,20.0,17.0,7.0,6.0,2.0,3.0,425.9,139.0,10-15,False,peer_T1,False
빠로로,d8a135113677a174a6a8c18ac674100f,https://chzzk.naver.com/live/d8a135113677a174a6a8c18ac674100f,naverchzzk,200.0,미나 더 할로워,True,unknown,10.0,8.0,5.0,6.0,2.0,3.0,403.9,104.0,10-15,False,peer_T1,False
햄또,c34fe2bbd71bb93891717f6bff5bdda5,https://chzzk.naver.com/live/c34fe2bbd71bb93891717f6bff5bdda5,naverchzzk,127.0,종합 게임,True,unknown,22.0,15.0,10.0,6.0,7.0,6.0,145.3,97.0,16-20,False,peer_T1,False
무슥,40ee04c68dd2699cfebb81f79a2571a5,https://chzzk.naver.com/live/40ee04c68dd2699cfebb81f79a2571a5,naverchzzk,42.0,종합 게임,True,unknown,15.0,11.0,7.0,6.0,4.0,4.0,212.3,100.0,10-15,False,peer_T1,False
이설렁,a1a0c2b4d85c424d381cd2f9c96a3058,https://chzzk.naver.com/live/a1a0c2b4d85c424d381cd2f9c96a3058,naverchzzk,1021.0,PUBG: 배틀그라운드,True,unknown,20.0,12.0,8.0,6.0,2.0,2.0,348.5,135.0,10-15,False,peer_T1,False
행복한코코,577506b2d214450f65587fb04adc243a,https://chzzk.naver.com/live/577506b2d214450f65587fb04adc243a,naverchzzk,380.0,다키스트 던전,True,unknown,18.0,14.0,8.0,6.0,4.0,3.0,184.6,123.0,10-15,False,peer_T1,False
김창둥,33b213d947cc5ca17cfe972e7c34aaaf,https://chzzk.naver.com/live/33b213d947cc5ca17cfe972e7c34aaaf,naverchzzk,97.0,이스케이프 프롬 타르코프,True,unknown,11.0,9.0,5.0,6.0,3.0,3.0,159.9,95.0,10-15,False,peer_T1,False
므 링,ccf42777ea2e5304c8ef23014b1ff730,https://chzzk.naver.com/live/ccf42777ea2e5304c8ef23014b1ff730,naverchzzk,297.0,talk,True,unknown,14.0,11.0,7.0,6.0,4.0,3.0,200.2,115.0,10-15,False,peer_T1,False
서벌캣 례이,5a83c455f88ae4105c2f1f8c9f464da5,https://chzzk.naver.com/live/5a83c455f88ae4105c2f1f8c9f464da5,naverchzzk,165.0,PUBG: 배틀그라운드,True,unknown,12.0,11.0,7.0,6.0,4.0,4.0,139.8,83.0,10-15,False,peer_T1,False
,c50e633dd8b6afec5d0cbd91f6e0eea7,https://chzzk.naver.com/live/c50e633dd8b6afec5d0cbd91f6e0eea7,naverchzzk,149.0,용과 같이 8,True,unknown,12.0,8.0,6.0,6.0,3.0,3.0,240.0,111.0,10-15,False,peer_T1,False
Lafa,8b97e0d12a71178dea5d5957e7ccc9b2,https://chzzk.naver.com/live/8b97e0d12a71178dea5d5957e7ccc9b2,naverchzzk,109.0,종합 게임,True,unknown,10.0,8.0,5.0,5.0,2.0,2.0,3366.4,141.0,10-15,False,peer_T1,False
매드라이프 MadLife,39111714a5ea2c857fb49c9796269a32,https://chzzk.naver.com/live/39111714a5ea2c857fb49c9796269a32,naverchzzk,59.0,종합 게임,True,unknown,13.0,12.0,7.0,5.0,3.0,2.0,3424.4,79.0,10-15,False,peer_T1,False
위즐리어카,d635766b293f29b48c861afbfbd2f26f,https://chzzk.naver.com/live/d635766b293f29b48c861afbfbd2f26f,naverchzzk,350.0,talk,True,unknown,17.0,12.0,8.0,5.0,3.0,2.0,919.1,141.0,10-15,False,peer_T1,False
도쿄하트,98f218824010d05c75b31f5e1e5b934a,https://chzzk.naver.com/live/98f218824010d05c75b31f5e1e5b934a,naverchzzk,393.0,종합 게임,True,unknown,10.0,8.0,5.0,5.0,3.0,3.0,1083.1,117.0,10-15,False,peer_T1,False
초옵,bb15649128b08c25ee062e1b3b1971ac,https://chzzk.naver.com/live/bb15649128b08c25ee062e1b3b1971ac,naverchzzk,87.0,종합 게임,True,unknown,10.0,8.0,5.0,5.0,2.0,2.0,1695.4,105.0,10-15,False,peer_T1,False
눈눈e,7f7db00b1c928138ab6dc9bea54fe6e7,https://chzzk.naver.com/live/7f7db00b1c928138ab6dc9bea54fe6e7,naverchzzk,431.0,월드 오브 워크래프트: 한밤,True,unknown,23.0,18.0,8.0,5.0,3.0,2.0,499.0,136.0,16-20,False,peer_T1,False
한량1234,e07132edf9666b26dda526d35e1a112e,https://chzzk.naver.com/live/e07132edf9666b26dda526d35e1a112e,naverchzzk,469.0,종합 게임,True,unknown,10.0,9.0,6.0,5.0,3.0,3.0,728.1,102.0,10-15,False,peer_T1,False
사자모리,4941738cb274798344dacfefd92837c9,https://chzzk.naver.com/live/4941738cb274798344dacfefd92837c9,naverchzzk,332.0,종합 게임,True,unknown,11.0,9.0,6.0,5.0,3.0,1.0,976.6,108.0,10-15,False,peer_T1,False
호미호,6c127c5accc3583f127a48b6242b5854,https://chzzk.naver.com/live/6c127c5accc3583f127a48b6242b5854,naverchzzk,88.0,단간론파: 희망의 학원과 절망의 고교생,True,unknown,8.0,7.0,4.0,5.0,2.0,2.0,674.5,69.0,10-15,False,peer_T1,False
쿠마루,2fb957ea5f98e2d5b3a95d2d861e452c,https://chzzk.naver.com/live/2fb957ea5f98e2d5b3a95d2d861e452c,naverchzzk,58.0,종합 게임,True,unknown,11.0,8.0,5.0,5.0,3.0,3.0,599.1,146.0,10-15,False,peer_T1,False
폰루루 ㅣ PON RuRu,b0de2c68613b549949fb1ab92c99995b,https://chzzk.naver.com/live/b0de2c68613b549949fb1ab92c99995b,naverchzzk,295.0,종합 게임,True,unknown,182.0,13.0,6.0,5.0,3.0,1.0,377.6,91.0,21-30,False,peer_T1,False
강사라,3957fa4509ce5677e403dd3589539cd4,https://chzzk.naver.com/live/3957fa4509ce5677e403dd3589539cd4,naverchzzk,67.0,종합 게임,True,unknown,8.0,6.0,3.0,5.0,1.0,2.0,365.5,114.0,10-15,False,peer_T1,False
쏠라쏠,918c535c7927e9b9c55888f0ce96dd22,https://chzzk.naver.com/live/918c535c7927e9b9c55888f0ce96dd22,naverchzzk,128.0,이터널 리턴,True,unknown,21.0,13.0,5.0,5.0,2.0,2.0,257.0,74.0,16-20,False,peer_T1,False
남다늘,8c775cf679c80956cfd5c59581a17379,https://chzzk.naver.com/live/8c775cf679c80956cfd5c59581a17379,naverchzzk,334.0,퍼펙트 펜슬,True,unknown,30.0,18.5,4.0,5.0,2.0,2.0,329.1,53.0,10-15,False,peer_T1,False
타 에,9dec7e73e94a2b1f98343a714a3ceec9,https://chzzk.naver.com/live/9dec7e73e94a2b1f98343a714a3ceec9,naverchzzk,70.0,종합 게임,True,unknown,12.0,8.0,5.0,5.0,1.0,1.0,514.4,110.0,10-15,False,peer_T1,False
빵태 Bbangtae,5d0f33edf74e8b0be150c1b1463b7a73,https://chzzk.naver.com/live/5d0f33edf74e8b0be150c1b1463b7a73,naverchzzk,110.0,더 롱 다크,True,unknown,12.0,8.7,4.5,5.0,1.0,1.0,581.5,89.0,16-20,False,peer_T1,False
안인성,699c3aa0748f8d6db2c33e24529a5913,https://chzzk.naver.com/live/699c3aa0748f8d6db2c33e24529a5913,naverchzzk,365.0,명조:워더링 웨이브,True,unknown,13.0,10.0,6.0,5.0,2.0,2.0,338.3,114.0,10-15,False,peer_T1,False
리핀선장,ed0aea7f5e705779effa3dd4ca29f6c8,https://chzzk.naver.com/live/ed0aea7f5e705779effa3dd4ca29f6c8,naverchzzk,334.0,에이펙스 레전드,True,unknown,8.0,6.0,3.0,5.0,2.0,2.0,170.0,94.0,10-15,False,peer_T1,False
성피아,bf6242a2b184b97aebc9142ef7ba00fd,https://chzzk.naver.com/live/bf6242a2b184b97aebc9142ef7ba00fd,naverchzzk,61.0,종합 게임,True,unknown,22.0,7.0,4.0,4.0,1.0,1.0,3956.1,119.0,31-40,False,peer_T1,False
오인용혁군,9fe1c03dc47a18c4797e05914b9e3fdc,https://chzzk.naver.com/live/9fe1c03dc47a18c4797e05914b9e3fdc,naverchzzk,720.0,리그 오브 레전드,True,unknown,43.0,20.0,7.0,4.0,2.0,2.0,2289.7,143.0,10-15,False,peer_T1,False
서시 seosi,9b33830ece658041fb6f8b95064085f1,https://chzzk.naver.com/live/9b33830ece658041fb6f8b95064085f1,naverchzzk,117.0,이환,True,unknown,10.0,7.0,4.0,4.0,2.0,1.5,1164.0,110.0,10-15,False,peer_T1,False
자몽뀨1,e6a8499d7927c251dde2dab5bb929132,https://chzzk.naver.com/live/e6a8499d7927c251dde2dab5bb929132,naverchzzk,357.0,종합 게임,True,unknown,12.0,10.0,6.0,4.0,2.0,1.0,1872.9,107.0,16-20,False,peer_T1,False
방구석매니아,5a049e2cbe2054689d64c45e11960ee4,https://chzzk.naver.com/live/5a049e2cbe2054689d64c45e11960ee4,naverchzzk,364.0,종합 게임,True,unknown,14.0,11.0,6.0,4.0,2.5,2.0,567.6,118.0,10-15,False,peer_T1,False
눈꽃,3aaea9e69f6e0386c263d7e3b7d16cb5,https://chzzk.naver.com/live/3aaea9e69f6e0386c263d7e3b7d16cb5,naverchzzk,424.0,종합 게임,True,unknown,25.0,18.5,9.0,4.0,3.0,2.0,587.9,111.0,16-20,False,peer_T1,False
달은월,9cbe916ecffef79701d8acd3ce881067,https://chzzk.naver.com/live/9cbe916ecffef79701d8acd3ce881067,naverchzzk,203.0,종합 게임,True,unknown,11.0,7.0,4.0,4.0,2.0,2.0,636.4,99.0,21-30,False,peer_T1,False
김베아123,fb617638ccce6c41b84951c4226401b2,https://chzzk.naver.com/live/fb617638ccce6c41b84951c4226401b2,naverchzzk,231.0,아이온2,True,unknown,23.0,12.6,7.0,4.0,3.0,2.0,519.9,129.0,10-15,False,peer_T1,False
windowxz,2811c205066dae97aed8066a1cd93dbc,https://chzzk.naver.com/live/2811c205066dae97aed8066a1cd93dbc,naverchzzk,33.0,종합 게임,True,unknown,7.0,5.3,3.0,4.0,1.0,2.0,656.0,55.0,10-15,False,peer_T1,False
시 네 진,e27cfcc175f0660608b84a3b6e15b532,https://chzzk.naver.com/live/e27cfcc175f0660608b84a3b6e15b532,naverchzzk,66.0,종합 게임,True,unknown,10.0,8.0,4.0,4.0,2.0,1.0,495.4,77.0,10-15,False,peer_T1,False
융 쁘,6fa642f360b30e5aeac2c64bee50a52c,https://chzzk.naver.com/live/6fa642f360b30e5aeac2c64bee50a52c,naverchzzk,19.0,종합 게임,True,unknown,11.0,6.5,4.0,4.0,3.0,1.0,645.6,71.0,10-15,False,peer_T1,False
Starboard 우현,62e770099123a26ef4cf832c16a0e41e,https://chzzk.naver.com/live/62e770099123a26ef4cf832c16a0e41e,naverchzzk,169.0,종합 게임,True,unknown,15.0,10.0,5.0,4.0,2.0,2.0,243.3,131.0,10-15,False,peer_T1,False
쵸매,543ed8455bb3adb53a21f8d2ea951fcb,https://chzzk.naver.com/live/543ed8455bb3adb53a21f8d2ea951fcb,naverchzzk,96.0,종합 게임,True,unknown,9.0,8.0,5.0,4.0,2.0,2.0,300.4,81.0,10-15,False,peer_T1,False
윤디v,4d4e97af1510827395c4e3a012ad01e4,https://chzzk.naver.com/live/4d4e97af1510827395c4e3a012ad01e4,naverchzzk,134.0,명조:워더링 웨이브,True,unknown,16.0,9.0,5.0,4.0,2.0,1.0,422.6,144.0,10-15,False,peer_T1,False
김슬리,a1846626c29ac66a9be9bd18d35802a8,https://chzzk.naver.com/live/a1846626c29ac66a9be9bd18d35802a8,naverchzzk,212.0,종합 게임,True,unknown,6.0,5.0,3.0,3.0,1.0,1.0,1838.4,131.0,10-15,False,peer_T1,False
아르멍,4338d5e732abd1a16258dcc4466396c8,https://chzzk.naver.com/live/4338d5e732abd1a16258dcc4466396c8,naverchzzk,150.0,종합 게임,True,unknown,7.0,5.0,3.0,3.0,1.0,1.0,1041.8,111.0,21-30,False,peer_T1,False
포숀,51bb4d54e9967c55e10d59cceefb256a,https://chzzk.naver.com/live/51bb4d54e9967c55e10d59cceefb256a,naverchzzk,292.0,명조:워더링 웨이브,True,unknown,10.0,8.0,5.0,3.0,1.0,1.0,591.0,140.0,10-15,False,peer_T1,False
성야 Seongya,84e05334a4e80c35d4d66057a4f8a706,https://chzzk.naver.com/live/84e05334a4e80c35d4d66057a4f8a706,naverchzzk,162.0,FC온라인,True,unknown,19.0,6.9,3.0,2.0,1.0,1.0,2429.6,143.0,21-30,False,peer_T1,False
조이냥,1323cf8f829c39cac04be825c7dc2407,https://chzzk.naver.com/live/1323cf8f829c39cac04be825c7dc2407,naverchzzk,94.0,종합 게임,True,unknown,6.0,3.1,2.0,2.0,1.0,1.0,2091.1,130.0,10-15,False,peer_T1,False
무림고수 혜미니,ffabb394ec2c97be767b753d068af47d,https://chzzk.naver.com/live/ffabb394ec2c97be767b753d068af47d,naverchzzk,76.0,종합 게임,True,unknown,8.0,5.0,3.0,2.0,1.0,1.0,737.2,80.0,16-20,False,peer_T1,False
레카Lekane,470ee4ec1badbb36b9d751840e2aec05,https://chzzk.naver.com/live/470ee4ec1badbb36b9d751840e2aec05,naverchzzk,79.0,명일방주: 엔드필드,True,unknown,12.0,6.7,3.0,2.0,1.0,1.0,553.3,129.0,10-15,False,peer_T1,False
구리리,7465c95d6faf00a798ffa8880845037c,https://chzzk.naver.com/live/7465c95d6faf00a798ffa8880845037c,chzzk,1669.0,로스트아크;승리의 여신: 니케;붉은사막,False,True,29.0,103.0,47.0,45.0,26.0,33.0,79.4,126.0,False,True,peer_T2,False
늙은어린이2,1fd54afbec396b332cf2883561f48a0e,https://chzzk.naver.com/live/1fd54afbec396b332cf2883561f48a0e,chzzk,1941.0,원신;친구모아 아일랜드 두근두근 라이프;이환,False,True,35.0,53.0,35.0,44.0,25.0,25.0,34.7,101.0,True,True,peer_T2,True
라피니아 GO66,8968e548991e09739da81e75c7dc75c0,https://chzzk.naver.com/live/8968e548991e09739da81e75c7dc75c0,chzzk,1390.0,이터널 리턴;페르소나 5 더 로열;talk,False,True,43.0,59.0,30.0,43.0,20.0,24.0,38.3,121.0,True,True,peer_T2,True
맘쥬,cbfa98548ac10dc499d489fe50f61dc3,https://chzzk.naver.com/live/cbfa98548ac10dc499d489fe50f61dc3,chzzk,1150.0,던전앤파이터;메이플스토리 월드;다잉 라이트,False,True,44.0,65.0,48.0,42.0,28.0,30.0,239.9,128.0,False,True,peer_T2,True
실피아,9882fe6092959ff9f29bd6c9e6e1c396,https://chzzk.naver.com/live/9882fe6092959ff9f29bd6c9e6e1c396,chzzk,1803.0,메이플스토리 월드;talk;서브노티카 2,False,True,36.0,52.0,35.0,41.0,23.0,27.0,169.4,119.0,True,True,peer_T2,False
고뇨,21030ee8202e8e99785651805fe97212,https://chzzk.naver.com/live/21030ee8202e8e99785651805fe97212,chzzk,3595.0,talk;음악/노래;프린세스 메이커 3: 꿈꾸는 요정,False,True,47.0,72.0,42.5,41.0,29.0,28.0,107.1,104.0,False,True,peer_T2,False
루묭Lumyon,60a7ca5191e7987432e77593a368582a,https://chzzk.naver.com/live/60a7ca5191e7987432e77593a368582a,chzzk,1496.0,talk;종합 게임;이터널 리턴,False,True,48.0,47.0,36.0,41.0,25.5,27.0,69.1,134.0,True,True,peer_T2,False
달디단레몬,3ecbcdcd5c780344d396c93c61ea2595,https://chzzk.naver.com/live/3ecbcdcd5c780344d396c93c61ea2595,chzzk,1337.0,유희왕 마스터 듀얼;포켓몬스터 하트골드;포켓몬 챔피언스,False,True,46.0,62.0,43.5,41.0,17.0,18.0,97.5,112.0,False,True,peer_T2,True
아란챠,4695513000a3ec512bd0fed52fdc6e93,https://chzzk.naver.com/live/4695513000a3ec512bd0fed52fdc6e93,chzzk,1860.0,오버워치;디제이맥스 리스펙트 V;talk,False,True,41.0,64.0,45.0,40.0,25.0,24.0,66.0,140.0,False,True,peer_T2,False
제이I,44dae7a2b81746e217082f6ef7f81779,https://chzzk.naver.com/live/44dae7a2b81746e217082f6ef7f81779,chzzk,2379.0,talk;이환;겟팅 오버 잇 위드 베넷 포디,False,True,43.0,89.0,35.0,39.0,23.0,29.0,47.1,128.0,True,True,peer_T2,False
오유리,f1aa3ce117d69ba6c850379c8b2250cf,https://chzzk.naver.com/live/f1aa3ce117d69ba6c850379c8b2250cf,chzzk,1713.0,리그 오브 레전드;포 더 킹 2;음악/노래,False,True,28.0,56.0,39.0,39.0,19.0,20.0,56.7,109.0,True,True,peer_T2,False
호주머니,1b55e07f8d3cdf58334796ed76cd9699,https://chzzk.naver.com/live/1b55e07f8d3cdf58334796ed76cd9699,chzzk,3994.0,talk;마인크래프트;이터널 리턴,False,True,48.0,74.0,46.0,38.0,31.0,32.0,97.7,126.0,False,True,peer_T2,False
설담 SULDAM,3979fdba8be365f53a3ea57a41df4b79,https://chzzk.naver.com/live/3979fdba8be365f53a3ea57a41df4b79,chzzk,3110.0,talk;스타크래프트 : 리마스터;007 퍼스트 라이트,False,True,48.0,52.0,38.5,38.0,30.0,26.0,32.9,138.0,True,True,peer_T2,False
와박문,673b7fd8643c1a6800bb67e5bdde99b6,https://chzzk.naver.com/live/673b7fd8643c1a6800bb67e5bdde99b6,chzzk,3483.0,명조:워더링 웨이브;talk;리그 오브 레전드,False,True,38.0,64.0,39.0,37.0,28.0,27.0,57.4,136.0,True,True,peer_T2,False
세오 Seo,c45f38431306650d33361c601badd441,https://chzzk.naver.com/live/c45f38431306650d33361c601badd441,chzzk,483.0,마비노기 모바일;P의 거짓;리그 오브 레전드,False,True,40.0,48.0,30.0,37.0,17.0,25.0,80.0,85.0,True,True,peer_T2,False
리채 Richae,3e058dcfbb022dfdaa1a9b7d9eefe45a,https://chzzk.naver.com/live/3e058dcfbb022dfdaa1a9b7d9eefe45a,chzzk,1210.0,던전앤파이터;종합 게임;고전 게임,False,True,41.0,68.0,34.0,37.0,24.0,27.0,49.1,121.0,True,True,peer_T2,True
hey 여나야,f83b18e17d760163fdbd6e9512d5fdfb,https://chzzk.naver.com/live/f83b18e17d760163fdbd6e9512d5fdfb,chzzk,2755.0,talk;철권 8;마인크래프트,False,True,35.0,65.0,30.0,37.0,22.0,27.0,49.9,132.0,True,True,peer_T2,False
메가재범,63d1d26a9dbf5ade38d4fb51b960064d,https://chzzk.naver.com/live/63d1d26a9dbf5ade38d4fb51b960064d,chzzk,1929.0,마인크래프트;서브노티카 2;돈 스타브 투게더,False,True,45.0,52.0,37.0,36.0,28.0,24.0,228.8,131.0,True,True,peer_T2,True
RIOORI 리우리,3d24cb2450ec17e17f79e964d32a23e3,https://chzzk.naver.com/live/3d24cb2450ec17e17f79e964d32a23e3,chzzk,638.0,던전앤파이터;메이플스토리 월드;컬트 오브 더 램,False,True,36.0,67.0,39.0,36.0,21.0,23.0,88.1,128.0,True,True,peer_T2,True
눈꽃 하임,7b630cfb6f772f91110e952c1449f1bb,https://chzzk.naver.com/live/7b630cfb6f772f91110e952c1449f1bb,chzzk,3761.0,talk;왕좌의 게임: 킹스로드;승리의 여신: 니케,False,True,35.0,45.0,30.0,36.0,22.0,26.0,54.8,127.0,True,True,peer_T2,False
흰색토깽이,36a434c26b9da377a538a6e4b2b6f2c6,https://chzzk.naver.com/live/36a434c26b9da377a538a6e4b2b6f2c6,chzzk,417.0,야구,False,True,16.0,40.0,12.0,36.0,8.0,24.0,142.3,77.0,True,True,peer_T2,False
매운소다,1e3897fe400dd8cdd5b9bb4b96e999e4,https://chzzk.naver.com/live/1e3897fe400dd8cdd5b9bb4b96e999e4,chzzk,1102.0,이터널 리턴;talk;명조:워더링 웨이브,False,True,34.0,63.0,37.0,36.0,24.0,23.0,41.8,135.0,True,True,peer_T2,False
자근순무,e43e57d18238478ab373d447b8017d36,https://chzzk.naver.com/live/e43e57d18238478ab373d447b8017d36,chzzk,2681.0,talk;이환;명조:워더링 웨이브,False,True,45.0,59.0,37.0,35.0,20.0,22.0,163.2,134.0,True,True,peer_T2,False
돼지저금통 치지직,1d19dc348fdf699e63885944b49ff60c,https://chzzk.naver.com/live/1d19dc348fdf699e63885944b49ff60c,chzzk,2449.0,talk;음악/노래;이터널 리턴,False,True,37.0,74.0,44.0,35.0,26.0,22.0,105.8,144.0,False,True,peer_T2,True
모모팡,82d0d7494afb41193fc469e57e0df5df,https://chzzk.naver.com/live/82d0d7494afb41193fc469e57e0df5df,chzzk,1438.0,이터널 리턴;림버스 컴퍼니;talk,False,True,32.0,82.0,39.0,35.0,22.0,23.0,113.9,123.0,True,True,peer_T2,False
순결한 젤리쨩,7e8004f0a82dafa26dfc619513e83d5b,https://chzzk.naver.com/live/7e8004f0a82dafa26dfc619513e83d5b,chzzk,3295.0,talk;리그 오브 레전드;세키로: 섀도우 다이 트와이스,False,True,35.0,53.0,27.0,35.0,18.5,22.0,51.5,136.0,True,True,peer_T2,False
아세비,7a847332420ea9ec8a2795d2bfd4ecaa,https://chzzk.naver.com/live/7a847332420ea9ec8a2795d2bfd4ecaa,chzzk,2226.0,림버스 컴퍼니;음악/노래;페르소나5: 더 팬텀 X,False,True,39.0,79.0,43.0,34.0,12.0,11.0,389.1,149.0,False,True,peer_T2,False
여니연어,b6a1a1b3e7bd6a8860d61c09a6b79df5,https://chzzk.naver.com/live/b6a1a1b3e7bd6a8860d61c09a6b79df5,chzzk,2104.0,이터널 리턴;로스트아크;명조:워더링 웨이브,False,True,36.0,122.0,45.0,34.0,20.0,21.0,165.0,142.0,False,True,peer_T2,True
Lv1 리릭,fa308a4adcf9d95dc35ede522a8a9aad,https://chzzk.naver.com/live/fa308a4adcf9d95dc35ede522a8a9aad,chzzk,515.0,스플래툰 3;talk;피크,False,True,28.0,47.0,32.0,34.0,23.0,26.0,173.0,131.0,True,True,peer_T2,False
이태호,ff49176260d1424dc72ac38b99a38b5f,https://chzzk.naver.com/live/ff49176260d1424dc72ac38b99a38b5f,chzzk,1788.0,카트라이더;talk;PUBG: 배틀그라운드,False,True,49.0,43.0,34.5,34.0,27.0,27.0,44.6,134.0,True,True,peer_T2,False
엘몽,27c308b12e19387d2bc9332c2df66f83,https://chzzk.naver.com/live/27c308b12e19387d2bc9332c2df66f83,chzzk,1747.0,talk;리그 오브 레전드;친구모아 아일랜드 두근두근 라이프,False,True,34.0,55.0,35.0,34.0,26.0,26.0,47.5,140.0,True,True,peer_T2,False
요조TV,8a79129b34e042fcd825fbffc3f52c99,https://chzzk.naver.com/live/8a79129b34e042fcd825fbffc3f52c99,chzzk,4677.0,명조:워더링 웨이브;talk;성세천하: 여제의 탄생 Ⅱ,False,True,43.0,143.0,44.5,34.0,23.0,23.0,52.9,128.0,False,True,peer_T2,False
대상어,1bb5d04f49dace3bad16515215a4f7ad,https://chzzk.naver.com/live/1bb5d04f49dace3bad16515215a4f7ad,chzzk,1022.0,talk;명조:워더링 웨이브;음악/노래,False,True,43.0,64.0,36.0,34.0,22.5,23.0,46.3,86.0,True,True,peer_T2,True
메아리 Meahri,57c46759986b55890b332f0a851c6f78,https://chzzk.naver.com/live/57c46759986b55890b332f0a851c6f78,chzzk,1790.0,로스트아크;오버워치;talk,False,True,34.0,55.0,39.0,34.0,26.0,23.0,45.6,123.0,True,True,peer_T2,False
공설,b89311d7376df54f5a3389e997a77007,https://chzzk.naver.com/live/b89311d7376df54f5a3389e997a77007,chzzk,3839.0,talk;종합 게임,False,True,44.0,43.0,33.0,34.0,27.0,29.0,31.8,137.0,True,True,peer_T2,False
하나노 토카,9a3ed215c3ac19a3f75159a674485921,https://chzzk.naver.com/live/9a3ed215c3ac19a3f75159a674485921,chzzk,1551.0,메이플스토리 월드;talk;이환,False,True,27.0,61.0,26.0,34.0,16.0,17.0,44.4,63.0,True,True,peer_T2,False
우소 마토,ab504d770e36bf59aaf155be434952d8,https://chzzk.naver.com/live/ab504d770e36bf59aaf155be434952d8,chzzk,480.0,스타크래프트 : 리마스터;단간론파: 희망의 학원과 절망의 고교생;talk,False,True,18.0,34.0,13.0,33.0,9.0,21.0,159.5,142.0,True,True,peer_T2,True
용룻,fb928a3051bfda0662b5ee3c116b71b9,https://chzzk.naver.com/live/fb928a3051bfda0662b5ee3c116b71b9,chzzk,1588.0,PUBG: 배틀그라운드;talk;디트로이트: 비컴 휴먼,False,True,33.0,47.0,26.0,33.0,18.0,25.0,49.0,121.0,True,True,peer_T2,False
천령여우씨,b3faaa462d5ed590e966e7ee8936fa53,https://chzzk.naver.com/live/b3faaa462d5ed590e966e7ee8936fa53,chzzk,2012.0,던전앤파이터;talk;다크 소울 2,False,True,50.0,37.0,27.0,32.0,19.0,24.0,309.3,137.0,True,True,peer_T2,False
빵지콩,ff38fdec85167efa94405c328e8e8c6e,https://chzzk.naver.com/live/ff38fdec85167efa94405c328e8e8c6e,chzzk,2425.0,리그 오브 레전드;talk;PUBG: 배틀그라운드,False,True,41.0,58.0,39.0,32.0,29.0,23.0,69.3,134.0,True,True,peer_T2,True
로디마스,7dd6f0927c18f4acc3f40b8d31a80f0f,https://chzzk.naver.com/live/7dd6f0927c18f4acc3f40b8d31a80f0f,chzzk,2378.0,talk;이환;림버스 컴퍼니,False,True,41.0,83.0,37.0,32.0,23.0,19.0,101.7,141.0,True,True,peer_T2,True
겜타,0197d1409b1aff985d6877e6c7313c55,https://chzzk.naver.com/live/0197d1409b1aff985d6877e6c7313c55,chzzk,308.0,파이널판타지14;talk;성세천하: 여제의 탄생,False,True,32.0,40.0,26.0,32.0,20.0,20.0,88.3,76.0,True,True,peer_T2,False
비나 Binah,0be8dc1c87bc63e51380f779123df6aa,https://chzzk.naver.com/live/0be8dc1c87bc63e51380f779123df6aa,chzzk,3022.0,talk;오버워치;종합 게임,False,True,44.0,51.0,36.0,32.0,26.0,24.0,47.0,113.0,True,True,peer_T2,False
연 구 대 상,2d27c050d8db708af8b54c9d128d2278,https://chzzk.naver.com/live/2d27c050d8db708af8b54c9d128d2278,chzzk,2184.0,talk;록맨 X 애니버서리 컬렉션;트릭컬 리바이브,False,True,40.0,41.0,29.0,31.0,22.0,20.0,284.0,143.0,True,True,peer_T2,False
설ㅡ하,42d9e35fdeee6c2163494eb12961e9da,https://chzzk.naver.com/live/42d9e35fdeee6c2163494eb12961e9da,chzzk,2187.0,블루 아카이브;talk;마인크래프트,False,True,49.0,88.0,44.0,31.0,24.0,21.0,104.0,119.0,False,True,peer_T2,True
유나욘,7083e83967817b39ca8e32ce8a91facc,https://chzzk.naver.com/live/7083e83967817b39ca8e32ce8a91facc,chzzk,787.0,talk;친구모아 아일랜드 두근두근 라이프;언더테일,False,True,34.0,46.0,31.0,31.0,23.0,26.0,101.6,130.0,True,True,peer_T2,False
센 카르멘,ae62ca36d3ef9891f4c1e34c6e8b3ba9,https://chzzk.naver.com/live/ae62ca36d3ef9891f4c1e34c6e8b3ba9,chzzk,1924.0,talk;마인크래프트;서브노티카 2,False,True,49.0,131.0,38.0,31.0,22.0,22.0,84.1,120.0,True,True,peer_T2,False
머란,8bf37f7164e814a1881b40f4f6305175,https://chzzk.naver.com/live/8bf37f7164e814a1881b40f4f6305175,chzzk,887.0,로스트아크;talk;마법소녀의 마녀재판,False,True,34.0,50.0,31.0,31.0,21.0,21.0,53.7,135.0,True,True,peer_T2,False
원 츄,cae8ee60856a7d0b4fe7eb75d2a8fe16,https://chzzk.naver.com/live/cae8ee60856a7d0b4fe7eb75d2a8fe16,chzzk,689.0,메이플스토리 월드;데드 바이 데이라이트,False,True,33.0,33.0,21.0,31.0,11.0,18.0,58.3,139.0,True,True,peer_T2,False
김데데1,8bca5c02ddc6c5a8ae9d0867a9ed8c50,https://chzzk.naver.com/live/8bca5c02ddc6c5a8ae9d0867a9ed8c50,chzzk,875.0,데드 바이 데이라이트;talk;바이오하자드 레퀴엠,False,True,27.0,33.0,23.0,30.0,15.0,21.0,168.6,133.0,True,True,peer_T2,False
송근봉,68daca14bebc804d56b3dc601c8e7aff,https://chzzk.naver.com/live/68daca14bebc804d56b3dc601c8e7aff,chzzk,1903.0,마인크래프트;talk;림월드,False,True,36.0,58.0,35.0,30.0,22.0,22.0,95.1,121.0,True,True,peer_T2,False
고일이,cf882ca21960c190dd6af5c8332d3876,https://chzzk.naver.com/live/cf882ca21960c190dd6af5c8332d3876,chzzk,2388.0,ASMR;마인크래프트;talk,False,True,39.0,233.0,29.0,30.0,20.0,20.0,93.9,115.0,True,True,peer_T2,True
하나해,b853cd157a4f76f5a5774b6efdf2a69a,https://chzzk.naver.com/live/b853cd157a4f76f5a5774b6efdf2a69a,chzzk,1672.0,스톰 스트라이커;서브노티카 2;talk,False,True,33.0,44.0,26.0,30.0,18.0,20.0,87.4,110.0,True,True,peer_T2,False
반 희,84085c3d1b09603389bf48dc01dd0490,https://chzzk.naver.com/live/84085c3d1b09603389bf48dc01dd0490,chzzk,1593.0,아이온2,False,True,29.0,161.0,50.0,30.0,18.0,15.0,56.2,135.0,False,True,peer_T2,False
백은하,40aca7837479ddf92dcc4c1e57f30aed,https://chzzk.naver.com/live/40aca7837479ddf92dcc4c1e57f30aed,chzzk,1488.0,talk;엘든 링 황금 나무의 그림자;마인크래프트,False,True,50.0,136.0,37.0,29.0,22.0,23.0,115.3,140.0,True,True,peer_T2,False
신짱게이밍,348542b853d10d1c6a4a5163a9977b52,https://chzzk.naver.com/live/348542b853d10d1c6a4a5163a9977b52,chzzk,992.0,talk;종합 게임;역전재판 123 나루호도 셀렉션,False,True,35.0,56.0,30.0,29.0,16.0,18.0,78.2,129.0,True,True,peer_T2,False
서 세리,17751a1b432452e451a77c2a0fc8cf76,https://chzzk.naver.com/live/17751a1b432452e451a77c2a0fc8cf76,chzzk,1511.0,림월드;디아블로 4: 증오의 군주;talk,False,True,30.0,43.0,27.0,29.0,19.0,19.0,53.9,130.0,True,True,peer_T2,False
모카형,52b2f7d78f07b3b175dbaaa3cb9abc85,https://chzzk.naver.com/live/52b2f7d78f07b3b175dbaaa3cb9abc85,chzzk,2233.0,스트리노바;이환;명일방주,False,True,47.0,34.0,24.0,28.0,17.0,20.0,604.3,146.0,True,True,peer_T2,True
쥬 지스네,1d2d2fb344a7b181d610650072ab7c3e,https://chzzk.naver.com/live/1d2d2fb344a7b181d610650072ab7c3e,chzzk,906.0,talk;활협전;사니양 연구실,False,True,32.0,33.0,25.0,28.0,19.0,21.0,140.6,121.0,True,True,peer_T2,False
페피노,924a636224c9203259af46ad7d8b70ca,https://chzzk.naver.com/live/924a636224c9203259af46ad7d8b70ca,chzzk,1728.0,talk;성세천하: 여제의 탄생 Ⅱ;마이닝 머천트,False,True,43.0,35.0,25.0,28.0,18.0,18.0,111.0,109.0,True,True,peer_T2,False
주녑 Junyeop,69c9f82ea5a6e9141ae7de1d15506d11,https://chzzk.naver.com/live/69c9f82ea5a6e9141ae7de1d15506d11,chzzk,1569.0,talk;세키로: 섀도우 다이 트와이스;마법소녀의 마녀재판,False,True,46.0,50.0,32.0,28.0,23.0,21.0,113.5,113.0,True,True,peer_T2,False
와무우TV,2f6c390e61a3bd09cafde6e75ac784e1,https://chzzk.naver.com/live/2f6c390e61a3bd09cafde6e75ac784e1,chzzk,1302.0,talk;Grand Theft Auto V;이환,False,True,34.0,35.0,27.0,28.0,21.0,21.0,90.1,142.0,True,True,peer_T2,False
미쳐버린 인노,2629ef26d6abd8cf1fa7d52e83ba3542,https://chzzk.naver.com/live/2629ef26d6abd8cf1fa7d52e83ba3542,chzzk,1972.0,마인크래프트;talk;이터널 리턴,False,True,41.0,39.0,21.0,28.0,15.0,17.0,60.5,103.0,True,True,peer_T2,False
배쨜이,8895df5b7733f26ccc6b4f54aeaa1072,https://chzzk.naver.com/live/8895df5b7733f26ccc6b4f54aeaa1072,chzzk,787.0,메이플스토리;talk;고독방송,False,True,38.0,49.0,28.0,28.0,21.0,20.0,50.3,51.0,True,True,peer_T2,True
민하룽,03057fc06e3b182b3c28adbf23f6d3f6,https://chzzk.naver.com/live/03057fc06e3b182b3c28adbf23f6d3f6,chzzk,2347.0,talk;PUBG: 배틀그라운드;마인크래프트,False,True,25.0,36.0,25.0,28.0,16.0,17.0,65.5,139.0,True,True,peer_T2,False
아울이네,aaab8f4e08ca394e4012936c8d445b6c,https://chzzk.naver.com/live/aaab8f4e08ca394e4012936c8d445b6c,chzzk,473.0,로스트아크;마비노기 모바일;마인크래프트,False,True,31.0,50.0,33.0,28.0,17.0,22.0,63.9,131.0,True,True,peer_T2,True
뭐 더 라,f9f5fda096ff44d36127036cd18b0db2,https://chzzk.naver.com/live/f9f5fda096ff44d36127036cd18b0db2,chzzk,1556.0,PUBG: 배틀그라운드;이터널 리턴;스타크래프트 : 리마스터,False,True,46.0,69.0,41.0,28.0,19.0,18.0,60.8,133.0,False,True,peer_T2,True
도둑밥 BOBDD,03bc1508b04c3fc4788af8bd0c9db08b,https://chzzk.naver.com/live/03bc1508b04c3fc4788af8bd0c9db08b,chzzk,3165.0,FC온라인;talk;축구,False,True,33.0,47.0,29.0,28.0,21.0,20.0,48.2,137.0,True,True,peer_T2,False
람비,ce932a15aba8c9704355eb3422702ab9,https://chzzk.naver.com/live/ce932a15aba8c9704355eb3422702ab9,chzzk,1643.0,마비노기 모바일;방 탈출 시뮬레이터2;종합 게임,False,True,42.0,74.0,36.0,28.0,22.0,19.0,60.2,139.0,True,True,peer_T2,False
김오니,1083715618553e192668ef69c2bee0fa,https://chzzk.naver.com/live/1083715618553e192668ef69c2bee0fa,chzzk,1357.0,talk;나인 솔즈;007 퍼스트 라이트,False,True,44.0,43.0,30.5,27.0,23.0,20.0,126.6,144.0,True,True,peer_T2,False
나힝구,652abc4f57f73627fd3b63c1acb46735,https://chzzk.naver.com/live/652abc4f57f73627fd3b63c1acb46735,chzzk,1641.0,PUBG: 배틀그라운드;리그 오브 레전드;마인크래프트,False,True,41.0,41.0,27.0,27.0,17.0,15.0,136.7,145.0,True,True,peer_T2,True
수야언니,0298122d69a9b53d2dfc4c4e84d68a09,https://chzzk.naver.com/live/0298122d69a9b53d2dfc4c4e84d68a09,chzzk,967.0,talk;종합 게임;마인크래프트,False,True,32.0,37.0,30.0,27.0,20.0,23.0,105.7,121.0,True,True,peer_T2,False
모모시로 카나,ebcf5a40a4481db4ea55fabe798db5e6,https://chzzk.naver.com/live/ebcf5a40a4481db4ea55fabe798db5e6,chzzk,825.0,talk;마인크래프트;서브노티카,False,True,38.0,50.0,29.0,27.0,16.0,17.0,135.8,151.0,True,True,peer_T2,False
단양 danyang,a86f1bab2b5f0f802c456deee0f2b547,https://chzzk.naver.com/live/a86f1bab2b5f0f802c456deee0f2b547,chzzk,1013.0,사이퍼즈;마인크래프트;talk,False,True,20.0,37.0,24.0,27.0,13.0,13.0,147.6,123.0,True,True,peer_T2,False
장요이,e1c29ad471fff4e804345cb21181efd0,https://chzzk.naver.com/live/e1c29ad471fff4e804345cb21181efd0,chzzk,1055.0,이터널 리턴;세피리아;종합 게임,False,True,40.0,52.0,27.0,27.0,17.0,16.0,77.3,116.0,True,True,peer_T2,False
백하얀,7f66725b90a90b53e60277333c8c4264,https://chzzk.naver.com/live/7f66725b90a90b53e60277333c8c4264,chzzk,1845.0,에이펙스 레전드;talk;프로젝트 좀보이드,False,True,29.0,34.0,27.0,27.0,15.0,19.0,48.8,115.0,True,True,peer_T2,False
배 린 희,6445cd09811f4bbfd22e944d4d6c4b8d,https://chzzk.naver.com/live/6445cd09811f4bbfd22e944d4d6c4b8d,chzzk,1099.0,로스트아크;talk;레이튼 교수와 이상한 마을 HD,False,True,46.0,41.0,29.0,27.0,20.0,21.0,39.4,135.0,True,True,peer_T2,False
뀨냥냥,6fdb2087d2d7d0349d0c194cfe1be0d9,https://chzzk.naver.com/live/6fdb2087d2d7d0349d0c194cfe1be0d9,chzzk,1131.0,talk;종합 게임;PUBG: 배틀그라운드,False,True,31.0,31.0,21.0,26.0,17.0,21.0,289.3,117.0,True,True,peer_T2,True
빵룽,5a5956351a81b8f52fdc1bb3fa9aaf5d,https://chzzk.naver.com/live/5a5956351a81b8f52fdc1bb3fa9aaf5d,chzzk,1194.0,리그 오브 레전드;몬스터 헌터 월드: 아이스본;헬다이버즈 2,False,True,36.0,33.0,25.0,26.0,18.0,20.0,245.2,135.0,True,True,peer_T2,False
쥐뚱,694a4e3ac4406e1989f85cdde291999c,https://chzzk.naver.com/live/694a4e3ac4406e1989f85cdde291999c,chzzk,1691.0,talk;종합 게임;성세천하: 여제의 탄생 Ⅱ,False,True,49.0,65.0,46.0,26.0,25.0,17.0,99.2,105.0,False,True,peer_T2,True
깅나리,ab2dfa50fc970fbba8fa3f253dd2093d,https://chzzk.naver.com/live/ab2dfa50fc970fbba8fa3f253dd2093d,chzzk,2078.0,리그 오브 레전드;talk;서브노티카 2,False,True,35.0,64.0,27.5,26.0,14.0,18.0,150.8,120.0,True,True,peer_T2,False
개성쿤,e675d3956f76c9b05d2628961555ef75,https://chzzk.naver.com/live/e675d3956f76c9b05d2628961555ef75,chzzk,1418.0,마인크래프트;talk;팀버본,False,True,34.0,47.0,23.0,26.0,13.0,13.0,179.1,120.0,True,True,peer_T2,False
도기태,e0f485296633184ce2048e8f0270345e,https://chzzk.naver.com/live/e0f485296633184ce2048e8f0270345e,chzzk,2039.0,talk;음악/노래,False,True,33.0,49.0,27.0,26.0,19.5,18.0,90.4,118.0,True,True,peer_T2,False
사켄,d583388dc780e7867d0e8d712cea5e8b,https://chzzk.naver.com/live/d583388dc780e7867d0e8d712cea5e8b,chzzk,1004.0,talk;종합 게임;명조:워더링 웨이브,False,True,32.0,49.0,26.0,26.0,17.0,19.0,81.5,121.0,True,True,peer_T2,False
아미하 유네,bca004bab58630f78120d53d583afa71,https://chzzk.naver.com/live/bca004bab58630f78120d53d583afa71,chzzk,1166.0,talk;활협전;종합 게임,False,True,33.0,59.0,34.0,26.0,21.0,16.0,49.2,106.0,True,True,peer_T2,False
카오스조커,8739150b36f16b83007642a53f534c10,https://chzzk.naver.com/live/8739150b36f16b83007642a53f534c10,chzzk,934.0,로스트아크;종합 게임;PUBG: 배틀그라운드,False,True,39.0,50.0,32.0,25.0,23.0,20.0,170.4,131.0,True,True,peer_T2,False
하윤찡,a27c304d628ae42afd3bd7a3808b6866,https://chzzk.naver.com/live/a27c304d628ae42afd3bd7a3808b6866,chzzk,1747.0,talk;포켓몬스터 소드 · 실드;Grand Theft Auto V,False,True,36.0,50.0,26.0,25.0,19.0,19.0,119.8,128.0,True,True,peer_T2,False
루나밍77,97f077fb9e07f03339a8158f8e4a9aa6,https://chzzk.naver.com/live/97f077fb9e07f03339a8158f8e4a9aa6,chzzk,2833.0,여행;더 롱 다크;talk,False,True,29.0,117.0,60.5,25.0,21.0,17.0,116.9,122.0,False,True,peer_T2,False
오태영,6e0cf11c9837f580d79f1c247d0166c9,https://chzzk.naver.com/live/6e0cf11c9837f580d79f1c247d0166c9,chzzk,815.0,이환;원신;talk,False,True,13.0,31.0,11.0,25.0,6.0,15.0,374.6,129.0,True,True,peer_T2,False
나솜,84a80a673091c5b12d5cd2fd9486b696,https://chzzk.naver.com/live/84a80a673091c5b12d5cd2fd9486b696,chzzk,672.0,talk;P의 거짓;종합 게임,False,True,29.0,32.0,23.0,25.0,17.0,16.0,89.1,108.0,True,True,peer_T2,False
듀 나,6e872ef76e61aee6fd9aed66077a9f4c,https://chzzk.naver.com/live/6e872ef76e61aee6fd9aed66077a9f4c,chzzk,1587.0,이스케이프 프롬 타르코프;마인크래프트;로스트아크,False,True,37.0,53.0,33.0,25.0,15.0,15.0,88.2,144.0,True,True,peer_T2,True
아도카도,0537e132c47b6d4fa46650e30ba39d4a,https://chzzk.naver.com/live/0537e132c47b6d4fa46650e30ba39d4a,chzzk,2703.0,talk;림버스 컴퍼니;서브노티카 2,False,True,30.0,36.0,23.0,25.0,17.0,17.0,78.9,115.0,True,True,peer_T2,False
노빠꾸 철권소담TV,f7e71c69f222a684ed3e323e025d1fa7,https://chzzk.naver.com/live/f7e71c69f222a684ed3e323e025d1fa7,chzzk,3669.0,talk;마인크래프트;림월드,False,True,50.0,70.0,31.0,25.0,18.0,18.0,63.8,129.0,True,True,peer_T2,False
아오하루 히카루 Wishing,4109c47454d53539ba75b26f2a6e94b5,https://chzzk.naver.com/live/4109c47454d53539ba75b26f2a6e94b5,chzzk,336.0,talk;요시와 신기한 도감;포르자 호라이즌 6,False,True,24.0,28.0,22.0,25.0,14.0,14.0,130.4,105.0,True,True,peer_T2,False
엘 카오스 라이메데,90d25b47d255d650d20312f8cc9408de,https://chzzk.naver.com/live/90d25b47d255d650d20312f8cc9408de,chzzk,3244.0,talk;라이브러리 오브 루이나;오버워치,False,True,35.0,85.0,34.0,25.0,21.5,20.0,53.5,128.0,True,True,peer_T2,False
뷔뷔엣,544a481c43a253492ecddf0a92bd86ca,https://chzzk.naver.com/live/544a481c43a253492ecddf0a92bd86ca,chzzk,794.0,talk;단간론파: 희망의 학원과 절망의 고교생;용과 같이 0: 맹세의 장소,False,True,31.0,91.0,30.0,25.0,19.0,19.0,82.1,126.0,True,True,peer_T2,False
니유,3e871ee5eeefd77fff44260a29f24071,https://chzzk.naver.com/live/3e871ee5eeefd77fff44260a29f24071,chzzk,422.0,talk;그림/아트;더 클래스룸,False,True,29.0,39.0,29.0,25.0,18.0,17.0,62.6,117.0,True,True,peer_T2,False
루린아0,37a5b413b2360b6b449e061ed4057693,https://chzzk.naver.com/live/37a5b413b2360b6b449e061ed4057693,chzzk,2648.0,talk;친구모아 아일랜드 두근두근 라이프;마인크래프트,False,True,27.0,46.0,30.0,25.0,16.0,16.0,52.1,110.0,True,True,peer_T2,True
연보민,7839037e2c05af7473df365aab79fbaa,https://chzzk.naver.com/live/7839037e2c05af7473df365aab79fbaa,chzzk,897.0,talk;검은사막;이환,False,True,44.0,59.0,30.0,24.0,21.0,20.0,264.7,132.0,True,True,peer_T2,True
버튜버를시기한재신쿤,85527008aabf2458456aab0554a81879,https://chzzk.naver.com/live/85527008aabf2458456aab0554a81879,chzzk,373.0,월드 오브 워크래프트: 한밤;종합 게임;talk,False,True,32.0,44.0,29.0,24.0,13.0,14.0,193.3,141.0,True,True,peer_T2,False
토짜미,fd7414e8428411e3b42247643b1f49fe,https://chzzk.naver.com/live/fd7414e8428411e3b42247643b1f49fe,chzzk,1139.0,던전앤파이터;승리의 여신: 니케;그레이브야드 키퍼,False,True,32.0,46.0,30.0,24.0,17.0,17.0,134.6,145.0,True,True,peer_T2,False
동준인대영tv,61acacd56ff16f2b5cd09aa8b9d5002d,https://chzzk.naver.com/live/61acacd56ff16f2b5cd09aa8b9d5002d,chzzk,2203.0,talk;리그 오브 레전드;007 퍼스트 라이트,False,True,42.0,50.0,30.0,24.0,21.0,19.0,104.0,129.0,True,True,peer_T2,False
불꽃빡빡,3c756c71b2c4a1bda8ee7a398e626f17,https://chzzk.naver.com/live/3c756c71b2c4a1bda8ee7a398e626f17,chzzk,656.0,토탈 워: 워해머 3;림월드;아노 1800,False,True,35.0,35.0,25.0,24.0,16.0,17.0,93.8,92.0,True,True,peer_T2,True
키 맨,b3f6e84450055948f1e9faea3fa6f870,https://chzzk.naver.com/live/b3f6e84450055948f1e9faea3fa6f870,chzzk,733.0,"talk;음악/노래;구구 피자 : 우주 정거장으로 피자 배달이라니? 사장님, 이건 좀 아니잖아요!",False,True,30.0,46.0,26.0,24.0,18.0,17.0,45.7,106.0,True,True,peer_T2,False
얄네,642cb40de294be8f136fc8566f4f199e,https://chzzk.naver.com/live/642cb40de294be8f136fc8566f4f199e,chzzk,708.0,PUBG: 배틀그라운드;리그 오브 레전드;talk,False,True,36.0,40.0,31.0,23.0,16.0,12.0,286.9,142.0,True,True,peer_T2,False
갱생 이고르,edca046a9e1e8fa80bc35b7fb8855b0b,https://chzzk.naver.com/live/edca046a9e1e8fa80bc35b7fb8855b0b,chzzk,1587.0,talk;마인크래프트;이환,False,True,31.0,36.0,24.0,23.0,16.0,16.0,70.8,136.0,True,True,peer_T2,False
뷰웅,470676f84e08d8a4c50f2c5288938be6,https://chzzk.naver.com/live/470676f84e08d8a4c50f2c5288938be6,chzzk,5579.0,talk;데이브 더 다이버;구스 구스 덕,False,True,35.0,33.0,25.0,23.0,19.0,18.0,52.8,127.0,True,True,peer_T2,False
모잉,07665c7c871c47714c926e1aca7164ae,https://chzzk.naver.com/live/07665c7c871c47714c926e1aca7164ae,chzzk,1386.0,메이플스토리 월드;talk;영화,False,True,28.0,91.0,27.5,23.0,13.0,13.0,78.6,132.0,True,True,peer_T2,False
김태환90,9e8a6e8919730f4b06af6a4c5cca165f,https://chzzk.naver.com/live/9e8a6e8919730f4b06af6a4c5cca165f,chzzk,734.0,마인크래프트;로스트아크;talk,False,True,22.0,26.0,17.0,23.0,10.5,15.0,86.2,132.0,True,True,peer_T2,True
득충,a46e4420d750f17b3c764bc422a6f411,https://chzzk.naver.com/live/a46e4420d750f17b3c764bc422a6f411,chzzk,862.0,몬스터 헌터 와일즈;talk;서브노티카 2,False,True,35.0,35.0,24.0,23.0,15.0,15.0,47.5,138.0,True,True,peer_T2,False
달잉o,b3e9f222e434ae3016276987bf080eb4,https://chzzk.naver.com/live/b3e9f222e434ae3016276987bf080eb4,chzzk,3814.0,음악/노래;talk;초자연 작전팀,False,True,32.0,58.0,26.0,23.0,21.0,20.0,37.8,113.0,True,True,peer_T2,False
평범소,7f148028d1b8b3feab3a5442badded46,https://chzzk.naver.com/live/7f148028d1b8b3feab3a5442badded46,chzzk,1364.0,PUBG: 배틀그라운드;발로란트;마인크래프트,False,True,21.0,30.0,18.0,23.0,10.0,11.0,69.8,148.0,True,True,peer_T2,True
l늘푸름l,85eb67daa4822df8a31f1cdbd74c34da,https://chzzk.naver.com/live/85eb67daa4822df8a31f1cdbd74c34da,chzzk,2497.0,talk;이환;종합 게임,False,True,31.0,29.0,18.0,22.0,12.0,12.0,164.3,123.0,True,True,peer_T2,False
루아 블루벨,adeb7ab9d551519ccfae37b3788c40f1,https://chzzk.naver.com/live/adeb7ab9d551519ccfae37b3788c40f1,chzzk,2025.0,디아블로 4: 증오의 군주;패스 오브 엑자일 2;세피리아,False,True,36.0,88.0,34.5,22.0,16.0,15.0,124.9,112.0,True,True,peer_T2,True
미 우,d7140e80bad5ce031524c726a5207ecf,https://chzzk.naver.com/live/d7140e80bad5ce031524c726a5207ecf,chzzk,857.0,"톰 클랜시의 더 디비전 2;킹덤언더파이어: 히어로즈;워해머 40,000: 스페이스 마린 2",False,True,30.0,33.0,25.0,22.0,19.0,15.0,125.0,135.0,True,True,peer_T2,False
CASKER,d8f9cfab91b27abb7b3f7f2c1a186e29,https://chzzk.naver.com/live/d8f9cfab91b27abb7b3f7f2c1a186e29,chzzk,2046.0,음악/노래;talk;엘든 링,False,True,36.0,121.0,36.0,22.0,17.0,16.0,100.2,135.0,True,True,peer_T2,True
Lebe,8410e08fd6359ed491b5ad366994fa0d,https://chzzk.naver.com/live/8410e08fd6359ed491b5ad366994fa0d,chzzk,718.0,유희왕 마스터 듀얼;림버스 컴퍼니;야구,False,True,28.0,34.0,21.0,22.0,13.0,13.0,169.8,115.0,True,True,peer_T2,True
달보그레,f964cca49eac931fcac2a5be7c1b349f,https://chzzk.naver.com/live/f964cca49eac931fcac2a5be7c1b349f,chzzk,1356.0,월드 오브 워크래프트: 한밤;바이오하자드 RE:2;007 퍼스트 라이트,False,True,20.0,40.0,22.0,22.0,15.0,15.0,81.0,137.0,True,True,peer_T2,False
미카 Mika,910178578a17431ecb3292b609a63bc4,https://chzzk.naver.com/live/910178578a17431ecb3292b609a63bc4,chzzk,1232.0,마인크래프트;talk;두근두근타운,False,True,38.0,38.0,26.0,21.0,15.0,15.0,251.7,118.0,True,True,peer_T2,False
꽃분홍,a3a9a476ea4dd0eef053d76403c59aa5,https://chzzk.naver.com/live/a3a9a476ea4dd0eef053d76403c59aa5,chzzk,696.0,talk;음악/노래;종합 게임,False,True,47.0,43.0,23.0,21.0,13.5,13.0,122.6,112.0,True,True,peer_T2,False
바뷰뷰,fa13aa7f06e0ab87ff5eee9935d40c98,https://chzzk.naver.com/live/fa13aa7f06e0ab87ff5eee9935d40c98,chzzk,783.0,스톰 스트라이커;talk;작혼: 리치 마작,False,True,49.0,48.0,23.0,21.0,15.0,14.0,165.0,124.0,True,True,peer_T2,False
김꼬멍,7ed88067545ffab624ab36d4e495c31e,https://chzzk.naver.com/live/7ed88067545ffab624ab36d4e495c31e,chzzk,1229.0,talk;용과 같이 7 빛과 어둠의 행방 International;종합 게임,False,True,23.0,86.0,25.0,21.0,16.0,15.0,112.4,119.0,True,True,peer_T2,False
유채담,ee279ba91e254d53bce40b7a1b323bda,https://chzzk.naver.com/live/ee279ba91e254d53bce40b7a1b323bda,chzzk,954.0,검은사막;에이펙스 레전드;워프레임,False,True,41.0,93.0,42.0,21.0,21.0,10.0,161.7,118.0,False,True,peer_T2,True
어츄,6bc69f9a1344b88409665323ea8cd925,https://chzzk.naver.com/live/6bc69f9a1344b88409665323ea8cd925,chzzk,804.0,talk;명조:워더링 웨이브;아주르 프로밀리아,False,True,21.0,32.0,21.0,21.0,10.0,11.0,116.4,134.0,True,True,peer_T2,False
김초나,f9c5767197acf2b93313d2f57d432a8d,https://chzzk.naver.com/live/f9c5767197acf2b93313d2f57d432a8d,chzzk,1133.0,talk;붉은사막;포르자 호라이즌 6,False,True,30.0,38.0,25.0,21.0,15.0,15.0,89.7,145.0,True,True,peer_T2,False
일로하,40d277bcb13fc704ed7142cc974defb8,https://chzzk.naver.com/live/40d277bcb13fc704ed7142cc974defb8,chzzk,1812.0,talk;VR챗;마인크래프트,False,True,31.0,52.0,33.0,21.0,17.0,15.0,63.2,134.0,True,True,peer_T2,False
하야세 알카드,b8c7bed625293faf610cde79ccca139d,https://chzzk.naver.com/live/b8c7bed625293faf610cde79ccca139d,chzzk,904.0,talk;마인크래프트;에이펙스 레전드,False,True,27.0,34.0,23.0,21.0,13.0,12.0,87.1,143.0,True,True,peer_T2,False
Lee노바,beae152e925e1b47c9934721733d9b1e,https://chzzk.naver.com/live/beae152e925e1b47c9934721733d9b1e,chzzk,790.0,talk;Once Human;림버스 컴퍼니,False,True,27.0,31.0,23.0,21.0,16.0,16.0,53.7,136.0,True,True,peer_T2,False
쿠라맛챠,d82829566190e566da4d8e97308d5993,https://chzzk.naver.com/live/d82829566190e566da4d8e97308d5993,chzzk,4203.0,발로란트;그라운디드 2;그라운디드,False,True,19.0,27.0,20.0,21.0,12.0,13.0,77.7,139.0,True,True,peer_T2,True
나은0,4a62ee4e2d30ac11709453faf4583f1a,https://chzzk.naver.com/live/4a62ee4e2d30ac11709453faf4583f1a,chzzk,299.0,종합 게임,False,True,32.0,26.0,20.0,20.0,14.0,14.0,386.9,54.0,True,True,peer_T2,True
이쿠롬,c60605305243b0234e4cd0d10a675b05,https://chzzk.naver.com/live/c60605305243b0234e4cd0d10a675b05,chzzk,1736.0,PUBG: 배틀그라운드;마인크래프트;스톰 스트라이커,False,True,27.0,39.0,24.0,20.0,12.0,12.0,157.2,125.0,True,True,peer_T2,True
핏코로 piccolo,881f5b83ead2350fa1f19a83ac924230,https://chzzk.naver.com/live/881f5b83ead2350fa1f19a83ac924230,chzzk,596.0,작혼: 리치 마작;talk;림버스 컴퍼니,False,True,28.0,32.0,24.0,20.0,14.0,14.0,124.6,141.0,True,True,peer_T2,False
박 잔디,aca36e99198a7587de9dd1bbe324fd87,https://chzzk.naver.com/live/aca36e99198a7587de9dd1bbe324fd87,chzzk,698.0,리그 오브 레전드;서든어택;talk,False,True,27.0,35.0,25.0,20.0,13.0,12.0,111.1,139.0,True,True,peer_T2,True
삼사마,66630781c437e465edf43de3cfd19b3b,https://chzzk.naver.com/live/66630781c437e465edf43de3cfd19b3b,chzzk,557.0,라이브러리 오브 루이나;종합 게임;성세천하: 여제의 탄생,False,True,29.0,41.0,26.0,20.0,16.0,15.0,59.4,127.0,True,True,peer_T2,True
포니고라운드,aa26e59c91a22bd430ec1d5d6d965dac,https://chzzk.naver.com/live/aa26e59c91a22bd430ec1d5d6d965dac,chzzk,1185.0,서브노티카 2;미나 더 할로워;talk,False,True,38.0,44.0,26.0,20.0,18.0,15.0,43.3,123.0,True,True,peer_T2,True
김정폭,8d2a6539c9b0570f9d69c8539eebeb69,https://chzzk.naver.com/live/8d2a6539c9b0570f9d69c8539eebeb69,chzzk,732.0,talk;서브노티카;이환,False,True,47.0,47.0,23.0,19.0,12.0,11.0,629.6,111.0,True,True,peer_T2,True
이 렌 이 렌,b9a9c0046303e93448e799900347a3d2,https://chzzk.naver.com/live/b9a9c0046303e93448e799900347a3d2,chzzk,898.0,마비노기 모바일;talk;이환,False,True,35.0,35.0,25.0,19.0,17.0,15.0,117.4,134.0,True,True,peer_T2,False
김용녀,0c4cc4f356578842d1bfa26708e08384,https://chzzk.naver.com/live/0c4cc4f356578842d1bfa26708e08384,chzzk,1107.0,talk;이터널 리턴;슬레이 더 스파이어 2,False,True,27.0,73.0,26.0,19.0,19.0,15.0,118.9,126.0,True,True,peer_T2,False
YT Alpa,c6b716b20c8cc9d992fb5ae069468de3,https://chzzk.naver.com/live/c6b716b20c8cc9d992fb5ae069468de3,chzzk,461.0,talk;슈퍼 마리오 메이커 2;마리오 카트 월드,False,True,26.0,26.0,20.0,19.0,14.0,12.0,155.1,129.0,True,True,peer_T2,False
고니시치,59b4a707b8eecdde31e921be2642223c,https://chzzk.naver.com/live/59b4a707b8eecdde31e921be2642223c,chzzk,452.0,talk;철권 8;엘든 링,False,True,20.0,26.0,20.0,19.0,13.0,14.0,117.8,143.0,True,True,peer_T2,False
권라치,1c4cbafbd49aa741d272bea73b67aa2c,https://chzzk.naver.com/live/1c4cbafbd49aa741d272bea73b67aa2c,chzzk,1221.0,마인크래프트;이환;talk,False,True,23.0,29.0,19.0,19.0,13.0,12.0,91.8,126.0,True,True,peer_T2,True
더스트v,acf6dd771e87a5ac8199f3850cbce994,https://chzzk.naver.com/live/acf6dd771e87a5ac8199f3850cbce994,chzzk,963.0,마비노기 모바일;승리의 여신: 니케;몬길: STAR DIVE,False,True,25.0,38.0,18.0,19.0,11.0,11.0,93.2,119.0,True,True,peer_T2,True
수리하,f3cf176831b673829fad548f8f66db87,https://chzzk.naver.com/live/f3cf176831b673829fad548f8f66db87,chzzk,1603.0,talk;마인크래프트;펜티먼트,False,True,27.0,40.0,24.0,19.0,12.0,13.0,57.6,143.0,True,True,peer_T2,False
찍먹별강,0d8a7b2da24e3648408b9fef32e7824d,https://chzzk.naver.com/live/0d8a7b2da24e3648408b9fef32e7824d,chzzk,643.0,talk;엘든 링;마법소녀의 마녀재판,False,True,41.0,42.0,21.0,19.0,14.0,13.0,47.2,65.0,True,True,peer_T2,False
쁘눙공작,4cd76d9219e872fb80681d13308025c6,https://chzzk.naver.com/live/4cd76d9219e872fb80681d13308025c6,chzzk,295.0,종합 게임;용과 같이 0: 맹세의 장소;talk,False,True,25.0,26.0,20.0,18.0,11.0,11.0,1326.3,135.0,True,True,peer_T2,True
은둔이,5992c0c83aaec4f64199fb265e0285ec,https://chzzk.naver.com/live/5992c0c83aaec4f64199fb265e0285ec,chzzk,1031.0,talk;마비노기;이환,False,True,25.0,25.0,16.0,18.0,8.0,10.0,487.0,149.0,True,True,peer_T2,True
유다밍,97be9cdfb3dcd0c98219dfcbffb4baab,https://chzzk.naver.com/live/97be9cdfb3dcd0c98219dfcbffb4baab,chzzk,1020.0,talk;명조:워더링 웨이브;종합 게임,False,True,29.0,33.0,20.0,18.0,13.0,11.0,137.0,147.0,True,True,peer_T2,False
나들희,827cf700086734c7b700e138eaf9f57e,https://chzzk.naver.com/live/827cf700086734c7b700e138eaf9f57e,chzzk,647.0,스플래툰 3;두근두근타운;talk,False,True,26.0,24.0,16.0,18.0,10.0,11.0,155.4,116.0,True,True,peer_T2,True
김피엔,33a1437c1164b51cb395d242ce36bd53,https://chzzk.naver.com/live/33a1437c1164b51cb395d242ce36bd53,chzzk,406.0,talk;마왕성 스토리;포켓몬 포코피아,False,True,30.0,24.0,19.0,18.0,16.0,15.0,116.3,125.0,True,True,peer_T2,False
미네르 Mineru,69996ac83db681049e110c5883f05f39,https://chzzk.naver.com/live/69996ac83db681049e110c5883f05f39,chzzk,849.0,talk;에이펙스 레전드;서브노티카: 빌로우 제로,False,True,21.0,36.0,21.0,18.0,13.0,14.0,108.5,119.0,True,True,peer_T2,True
빵 코,d4c8d01276625c7fde0c8fa648d6ac83,https://chzzk.naver.com/live/d4c8d01276625c7fde0c8fa648d6ac83,chzzk,661.0,talk;음악/노래,False,True,25.0,44.0,22.0,18.0,14.0,12.0,72.7,89.0,True,True,peer_T2,False
츄아공주,160d1e6a8d9304fd44c2810c31330d8b,https://chzzk.naver.com/live/160d1e6a8d9304fd44c2810c31330d8b,chzzk,701.0,메이플스토리 월드,False,True,25.0,61.0,28.0,18.0,14.0,12.0,52.7,126.0,True,True,peer_T2,False
서넹,74464510ad0e4fad4c855aff6d483b84,https://chzzk.naver.com/live/74464510ad0e4fad4c855aff6d483b84,chzzk,,,False,True,48.0,31.0,24.0,17.0,13.0,11.0,3013.0,124.0,True,True,peer_T2,False
밍쑨,3ea47d1b635b154d30f20ce0e6ce6b13,https://chzzk.naver.com/live/3ea47d1b635b154d30f20ce0e6ce6b13,chzzk,1205.0,talk;종합 게임;서브노티카 2,False,True,24.0,67.0,21.0,17.0,11.0,11.0,318.3,128.0,True,True,peer_T2,True
세키오,0cfb40c68e56441c3e0ca58231e3523b,https://chzzk.naver.com/live/0cfb40c68e56441c3e0ca58231e3523b,chzzk,1155.0,talk;종합 게임;이환,False,True,21.0,21.0,16.0,17.0,11.0,12.0,135.1,109.0,True,True,peer_T2,True
방장 라라,b2382c5940fe09f71f6de5a740d2de2b,https://chzzk.naver.com/live/b2382c5940fe09f71f6de5a740d2de2b,chzzk,1792.0,림버스 컴퍼니;서브노티카 2;talk,False,True,24.0,72.0,18.0,17.0,11.0,9.0,94.6,92.0,True,True,peer_T2,False
마무 Mamuu,a9e9faf32d32f089b07eb6213e9f4254,https://chzzk.naver.com/live/a9e9faf32d32f089b07eb6213e9f4254,chzzk,432.0,블랙 메사;종합 게임;하프라이프,False,True,24.0,24.0,18.0,17.0,12.0,10.0,64.4,91.0,True,True,peer_T2,True
반달곰탱이방송,4d93eaefb9387f2245e36634890d4c28,https://chzzk.naver.com/live/4d93eaefb9387f2245e36634890d4c28,chzzk,772.0,PUBG: 배틀그라운드;talk;종합 게임,False,True,27.0,23.0,15.0,16.0,10.0,10.0,406.5,128.0,True,True,peer_T2,True
꿀 지,8d3db5769db2ad8d570eeaadece62a23,https://chzzk.naver.com/live/8d3db5769db2ad8d570eeaadece62a23,chzzk,687.0,로스트아크;talk;음악/노래,False,True,15.0,34.0,19.0,16.0,10.0,9.0,146.7,120.0,True,True,peer_T2,False
HAKKA,77a81ceffdab49f687a3e39ddf04a6fe,https://chzzk.naver.com/live/77a81ceffdab49f687a3e39ddf04a6fe,chzzk,804.0,talk;성세천하: 여제의 탄생 Ⅱ;방 탈출 시뮬레이터2,False,True,20.0,21.0,15.5,16.0,11.0,11.0,79.3,144.0,True,True,peer_T2,False
백야 BY,2626f1dee4cedd89ecc8c4c313e37ecc,https://chzzk.naver.com/live/2626f1dee4cedd89ecc8c4c313e37ecc,chzzk,1110.0,마인크래프트;talk;음악/노래,False,True,20.0,73.0,26.0,16.0,13.0,11.0,72.0,137.0,True,True,peer_T2,True
힌마,afa190011447404d61d3c4f43c5c12a2,https://chzzk.naver.com/live/afa190011447404d61d3c4f43c5c12a2,chzzk,776.0,talk,False,True,23.0,25.0,16.0,16.0,12.0,13.0,78.3,109.0,True,True,peer_T2,False
꿀 뭉,cc64019fefa379cf48732a00420102b1,https://chzzk.naver.com/live/cc64019fefa379cf48732a00420102b1,chzzk,1016.0,그랜드체이스 클래식;종합 게임;테일즈런너,False,True,23.0,34.0,23.0,16.0,14.0,10.0,54.3,146.0,True,True,peer_T2,False
이북런치,a4ab594f591cf984060e2566253636d8,https://chzzk.naver.com/live/a4ab594f591cf984060e2566253636d8,chzzk,566.0,리그 오브 레전드;종합 게임;PUBG: 배틀그라운드,False,True,17.0,21.0,16.0,16.0,11.0,11.0,75.1,105.0,True,True,peer_T2,False
안드레온,833c5d419e93202a284621fcefd4f817,https://chzzk.naver.com/live/833c5d419e93202a284621fcefd4f817,chzzk,196.0,두근두근타운;림버스 컴퍼니;talk,False,True,17.0,18.0,11.0,16.0,7.0,11.0,99.8,116.0,True,True,peer_T2,False
딸기주스한잔,78c9480053d17ccd049a5700d3a3062a,https://chzzk.naver.com/live/78c9480053d17ccd049a5700d3a3062a,chzzk,1333.0,몬스터 헌터 와일즈;코어 키퍼;산소미포함,False,True,21.0,28.0,16.0,15.0,9.0,9.0,944.6,142.0,True,True,peer_T2,True
민네,8a1fcaa6cc114ca1662cdad86041bfd8,https://chzzk.naver.com/live/8a1fcaa6cc114ca1662cdad86041bfd8,chzzk,1363.0,talk;붉은사막;명조:워더링 웨이브,False,True,34.0,40.0,21.0,15.0,11.0,10.0,283.9,142.0,True,True,peer_T2,False
체리쉬 cherrysh,0dd5988f5922e65c9bfd627973ab5878,https://chzzk.naver.com/live/0dd5988f5922e65c9bfd627973ab5878,chzzk,1327.0,메이플스토리 월드;talk;리그 오브 레전드,False,True,26.0,32.0,20.0,15.0,11.0,9.0,176.9,133.0,True,True,peer_T2,False
집에갈까,5c65cfbf556340d403b28935aa84a581,https://chzzk.naver.com/live/5c65cfbf556340d403b28935aa84a581,chzzk,649.0,talk;커피 토크 도쿄;성세천하: 여제의 탄생 Ⅱ,False,True,16.0,20.0,15.0,15.0,10.0,10.0,120.2,137.0,True,True,peer_T2,False
나유안,d319cb8491dfd75979d47ca1b19fc083,https://chzzk.naver.com/live/d319cb8491dfd75979d47ca1b19fc083,chzzk,1231.0,talk;R.E.P.O.;시크릿 커리큘럼,False,True,24.0,21.0,15.0,15.0,10.0,9.0,94.0,134.0,True,True,peer_T2,False
청호랑,10896860a85c180bff0720cd59a7b33f,https://chzzk.naver.com/live/10896860a85c180bff0720cd59a7b33f,chzzk,1003.0,talk;메이플스토리 월드;던전앤파이터,False,True,33.0,29.0,17.0,15.0,12.0,9.0,50.4,135.0,True,True,peer_T2,False
오피셜 김청단,b9aa434ac6960331d9e91e84a6f22b70,https://chzzk.naver.com/live/b9aa434ac6960331d9e91e84a6f22b70,chzzk,602.0,림버스 컴퍼니;talk;TRPG,False,True,21.0,22.0,16.0,14.0,10.5,9.0,244.5,132.0,True,True,peer_T2,False
듀파,1218d91de2df4a7f6416a7c986418ba5,https://chzzk.naver.com/live/1218d91de2df4a7f6416a7c986418ba5,chzzk,671.0,talk;명조:워더링 웨이브;007 퍼스트 라이트,False,True,22.0,19.0,14.0,14.0,9.0,10.0,118.0,143.0,True,True,peer_T2,False
이치순,eaa4c99fc7b796b38d2c33b4c6ae4327,https://chzzk.naver.com/live/eaa4c99fc7b796b38d2c33b4c6ae4327,chzzk,910.0,발로란트;talk;종합 게임,False,True,14.0,17.0,11.0,14.0,6.0,9.0,217.5,137.0,True,True,peer_T2,False
시드김,bc7c2a2985adbe75fbc21d80ed984103,https://chzzk.naver.com/live/bc7c2a2985adbe75fbc21d80ed984103,chzzk,706.0,V 라이징;talk;림월드,False,True,18.0,23.0,16.0,14.0,10.0,9.0,184.5,132.0,True,True,peer_T2,False
해초분쇄기,352c8680476faff9ea52e77f9692aa4e,https://chzzk.naver.com/live/352c8680476faff9ea52e77f9692aa4e,chzzk,1095.0,발로란트;PUBG: 배틀그라운드;talk,False,True,28.0,26.0,17.0,14.0,10.0,8.0,86.4,141.0,True,True,peer_T2,False
망크빵,47696c96a78762ec9d14eaabd90c7813,https://chzzk.naver.com/live/47696c96a78762ec9d14eaabd90c7813,chzzk,791.0,리그 오브 레전드;스크릿치 스크래치;프래그마타,False,True,18.0,27.0,18.0,14.0,10.0,9.0,126.1,141.0,True,True,peer_T2,False
세페일,3a042c2719502eca2e63e060cb001bcf,https://chzzk.naver.com/live/3a042c2719502eca2e63e060cb001bcf,chzzk,505.0,talk;명조:워더링 웨이브;콜 오브 듀티 : 모던 워페어 리마스터드,False,True,18.0,18.0,12.0,14.0,9.0,10.0,90.5,128.0,True,True,peer_T2,False
무하디,5ce0d592f7692ab7653d1b9cef0c8e60,https://chzzk.naver.com/live/5ce0d592f7692ab7653d1b9cef0c8e60,chzzk,151.0,그림/아트;talk;종합 게임,False,True,23.0,18.0,13.5,14.0,7.0,7.0,134.2,88.0,True,True,peer_T2,False
루루비,c1f9442355e1577a7e3375214e6274c7,https://chzzk.naver.com/live/c1f9442355e1577a7e3375214e6274c7,chzzk,1269.0,PUBG: 배틀그라운드;마인크래프트;오버워치,False,True,23.0,50.0,19.0,14.0,10.0,9.0,78.8,137.0,True,True,peer_T2,False
영갓이,cc44d50829c2b4152ddc9c0fede33a38,https://chzzk.naver.com/live/cc44d50829c2b4152ddc9c0fede33a38,chzzk,1509.0,2026 FIFA 북중미 월드컵;명조:워더링 웨이브;패스 오브 엑자일 2,False,True,30.0,70.0,14.0,14.0,6.0,7.0,151.6,135.0,True,True,peer_T2,False
그늘이야,8b8697840179cb5269bfc244b7881ea1,https://chzzk.naver.com/live/8b8697840179cb5269bfc244b7881ea1,chzzk,643.0,림월드;이스케이프 프롬 타르코프;talk,False,True,19.0,26.0,15.0,13.0,9.0,8.0,716.6,149.0,True,True,peer_T2,True
치즈여우,9812f27abbda07386b7f47420b030572,https://chzzk.naver.com/live/9812f27abbda07386b7f47420b030572,chzzk,1174.0,블루 아카이브;talk;승리의 여신: 니케,False,True,37.0,38.0,15.0,13.0,9.0,7.0,290.8,102.0,True,True,peer_T2,False
혼겜돌이,c9a7a8a4006fa8ed4cefbf97b398abf2,https://chzzk.naver.com/live/c9a7a8a4006fa8ed4cefbf97b398abf2,chzzk,532.0,포르자 호라이즌 6;천하제일상거상;ELDEN RING 밤의 통치자,False,True,21.0,16.0,12.0,13.0,6.0,7.0,161.9,147.0,True,True,peer_T2,True
아인스 Eins,2af466ec8f1fb864ba2eff44b066abfe,https://chzzk.naver.com/live/2af466ec8f1fb864ba2eff44b066abfe,chzzk,483.0,talk;발더스 게이트 3;성세천하: 여제의 탄생 Ⅱ,False,True,23.0,28.0,18.0,13.0,9.0,8.0,181.0,123.0,True,True,peer_T2,False
세이로쿠 키라,58eaedccbc58e733a233005ee04eecda,https://chzzk.naver.com/live/58eaedccbc58e733a233005ee04eecda,chzzk,705.0,림버스 컴퍼니;VR챗;크라임 씬 클리너,False,True,40.0,26.0,16.0,13.0,11.0,9.0,88.2,130.0,True,True,peer_T2,True
루엘Ruel,6b175d027e0defdaec455de585842604,https://chzzk.naver.com/live/6b175d027e0defdaec455de585842604,chzzk,330.0,로스트아크;서브노티카 2;데드 애즈 디스코,False,True,12.0,22.0,11.0,13.0,7.0,7.0,192.4,137.0,True,True,peer_T2,False
로직백수,f9f79decdfd481801d58f21e76ffd9b3,https://chzzk.naver.com/live/f9f79decdfd481801d58f21e76ffd9b3,chzzk,934.0,talk;리그 오브 레전드;메이플스토리,False,True,32.0,57.0,20.5,13.0,10.0,8.0,83.5,120.0,True,True,peer_T2,False
기랑,45576f93954effd76e8e5d7d032bd51e,https://chzzk.naver.com/live/45576f93954effd76e8e5d7d032bd51e,chzzk,649.0,리그 오브 레전드;talk;음악/노래,False,True,30.0,43.0,17.0,13.0,9.0,8.0,81.1,133.0,True,True,peer_T2,False
석진서,1abdd12d26d0bdd140274d854165133d,https://chzzk.naver.com/live/1abdd12d26d0bdd140274d854165133d,chzzk,695.0,종합 게임;talk;PUBG: 배틀그라운드,False,True,20.0,32.0,15.0,12.0,7.0,7.0,772.7,136.0,True,True,peer_T2,True
연미콩,5aaebd33ed301dbcaa09ebcb515a59cb,https://chzzk.naver.com/live/5aaebd33ed301dbcaa09ebcb515a59cb,chzzk,414.0,FC온라인;명조:워더링 웨이브;이환,False,True,42.0,27.0,16.0,12.0,7.0,7.0,633.0,146.0,True,True,peer_T2,True
춤보,4d92ba6a52eaf1c90f83e89ebc873228,https://chzzk.naver.com/live/4d92ba6a52eaf1c90f83e89ebc873228,chzzk,734.0,카오스 제로 나이트메어;랑그릿사;명조:워더링 웨이브,False,True,26.0,76.0,40.0,12.0,9.0,8.0,478.7,141.0,True,True,peer_T2,False
RingoBiA,f60d90f276f23f4da2ae58d86efd7ec3,https://chzzk.naver.com/live/f60d90f276f23f4da2ae58d86efd7ec3,chzzk,787.0,패스 오브 엑자일 2;더 롱 다크;이스케이프 프롬 타르코프,False,True,19.0,16.0,11.0,12.0,7.0,7.0,183.3,123.0,True,True,peer_T2,False
바베,d61bbf21d161b6436f8993038cc1a989,https://chzzk.naver.com/live/d61bbf21d161b6436f8993038cc1a989,chzzk,384.0,로스트 저지먼트: 심판받지 않은 기억;진・삼국무쌍: ORIGINS;007 퍼스트 라이트,False,True,49.0,28.0,17.0,12.0,9.0,7.0,149.0,138.0,True,True,peer_T2,True
새옴,ad81381b1e957d4caba0a94246196321,https://chzzk.naver.com/live/ad81381b1e957d4caba0a94246196321,chzzk,1177.0,talk;로스트아크;PUBG: 배틀그라운드,False,True,25.0,28.0,12.0,12.0,7.0,6.0,125.0,106.0,True,True,peer_T2,False
이하람,6a15de04cb25a8d6d59f43c596fb7037,https://chzzk.naver.com/live/6a15de04cb25a8d6d59f43c596fb7037,chzzk,835.0,패스 오브 엑자일 2;talk;서브노티카 2,False,True,13.0,24.0,12.0,12.0,7.0,6.0,150.5,141.0,True,True,peer_T2,False
장트러블,d676df6bcb09c553c26a2e2b92542fd6,https://chzzk.naver.com/live/d676df6bcb09c553c26a2e2b92542fd6,chzzk,6700.0,이환;아주르 프로밀리아;명조:워더링 웨이브,False,True,48.0,279.0,88.0,126.0,52.0,78.0,56.2,136.0,False,False,peer_T2,True
수 바니,8da2cbae1c627fab3477abfdc9e119bc,https://chzzk.naver.com/live/8da2cbae1c627fab3477abfdc9e119bc,chzzk,4279.0,아이온2;명조:워더링 웨이브;이환,False,True,48.0,225.0,120.0,116.0,53.0,65.0,40.2,145.0,False,False,peer_T2,True
뒷 북,19f9ece522b9155b4e577d7b9b46103a,https://chzzk.naver.com/live/19f9ece522b9155b4e577d7b9b46103a,chzzk,2388.0,이터널 리턴;talk;성세천하: 여제의 탄생 Ⅱ,False,True,45.0,181.0,46.0,64.0,25.0,42.0,131.4,139.0,False,False,peer_T2,False
백아이,e62b2771a14fb902fba8b3b324d59e45,https://chzzk.naver.com/live/e62b2771a14fb902fba8b3b324d59e45,chzzk,3066.0,음악/노래;talk,False,True,45.0,193.0,74.0,63.0,26.0,25.0,67.9,36.0,False,False,peer_T2,False
맹 묘,313b45f8f5893f4b1b7b4000fa2da90b,https://chzzk.naver.com/live/313b45f8f5893f4b1b7b4000fa2da90b,chzzk,2133.0,음악/노래;돈 스타브 투게더;이터널 리턴,False,True,35.0,130.0,77.0,61.0,32.0,44.0,43.3,142.0,False,False,peer_T2,True
다루쥐,a0b5a7e5e5b2536f1a2e210b900d7b2a,https://chzzk.naver.com/live/a0b5a7e5e5b2536f1a2e210b900d7b2a,chzzk,3386.0,PUBG: 배틀그라운드;talk;서브노티카 2,False,True,47.0,86.0,49.0,56.0,29.0,37.0,32.4,141.0,False,False,peer_T2,False
동네개순대,474b909039b3944632e35acdfb217d3a,https://chzzk.naver.com/live/474b909039b3944632e35acdfb217d3a,chzzk,1181.0,이터널 리턴;P의 거짓;talk,False,True,45.0,82.0,49.0,52.0,32.0,34.0,26.1,115.0,False,False,peer_T2,True
안녕 Annyeong,79d0b29819d33db4b3309584b789c4d6,https://chzzk.naver.com/live/79d0b29819d33db4b3309584b789c4d6,chzzk,1157.0,몬스터 헌터 와일즈;검은 신화: 오공;talk,False,True,29.0,113.0,71.0,51.0,30.0,32.0,83.1,139.0,False,False,peer_T2,False
너나비,8f1942d6145656362a585633bc646e53,https://chzzk.naver.com/live/8f1942d6145656362a585633bc646e53,chzzk,2687.0,talk;슬레이 더 스파이어 2;서브노티카,False,True,47.0,81.0,40.0,51.0,30.0,37.0,30.4,148.0,True,False,peer_T2,False
엄지큰애,bef4ad50f587b53403bf5235d9aa7fcc,https://chzzk.naver.com/live/bef4ad50f587b53403bf5235d9aa7fcc,chzzk,1888.0,talk;음악/노래;던전 클롤러,False,True,49.0,63.0,48.0,50.0,39.0,40.0,67.7,131.0,False,False,peer_T2,False
꾹낑,0064f3b8baad3fe5766c1bb0b30a5088,https://chzzk.naver.com/live/0064f3b8baad3fe5766c1bb0b30a5088,chzzk,2059.0,사이퍼즈;talk;메이플스토리 월드,False,True,26.0,83.0,31.0,49.0,19.0,21.0,74.7,97.0,True,False,peer_T2,True
오세오,05fe6d7cecce71ac727f6b7124b05e29,https://chzzk.naver.com/live/05fe6d7cecce71ac727f6b7124b05e29,chzzk,3438.0,talk;마인크래프트;마법소녀의 마녀재판,False,True,49.0,71.0,48.0,48.0,39.0,43.0,29.2,135.0,False,False,peer_T2,False
윤리즈,65d845f717e3c3abb93de6158c613f0d,https://chzzk.naver.com/live/65d845f717e3c3abb93de6158c613f0d,chzzk,1240.0,패스 오브 엑자일 2;디아블로 4: 증오의 군주;talk,False,True,39.0,48.0,25.0,47.0,18.0,32.0,786.1,139.0,True,False,peer_T2,True
이나냐 INANYA,39fa62e81c7d74d9d18610fa6e3d5bdb,https://chzzk.naver.com/live/39fa62e81c7d74d9d18610fa6e3d5bdb,chzzk,645.0,체스 닷컴;talk;사이버펑크 2077,False,True,20.0,25.0,11.0,11.0,6.0,6.0,300.8,138.0,True,False,peer_T2,False
박나나TV,13b74dfd3093e1db4d5af574e2ded812,https://chzzk.naver.com/live/13b74dfd3093e1db4d5af574e2ded812,chzzk,593.0,메이플스토리 월드;림버스 컴퍼니;오버워치,False,True,23.0,53.0,20.5,11.0,10.0,7.0,335.8,116.0,True,False,peer_T2,True
히힛뚜,5671df52391b77b6bfd6e904e0693ec7,https://chzzk.naver.com/live/5671df52391b77b6bfd6e904e0693ec7,chzzk,413.0,talk;명조:워더링 웨이브;007 퍼스트 라이트,False,True,16.0,33.0,14.0,11.0,6.0,6.0,122.7,89.0,True,False,peer_T2,False
까복치,20d19963026340fda85111db5fa7fb99,https://chzzk.naver.com/live/20d19963026340fda85111db5fa7fb99,chzzk,636.0,세븐 데이즈 투 다이;마인크래프트;talk,False,True,16.0,21.0,14.0,11.0,7.0,6.0,89.4,141.0,True,False,peer_T2,True
그믐Gmeum,c01198bfc9daccba47ed8aa489f8028e,https://chzzk.naver.com/live/c01198bfc9daccba47ed8aa489f8028e,chzzk,1071.0,이터널 리턴;제5인격;초자연 작전팀,False,True,42.0,35.0,15.0,9.0,8.0,5.0,136.8,132.0,True,False,peer_T2,True
맬랑떡,2c0d12b9bf630b9ef1e018247a6cea98,https://chzzk.naver.com/live/2c0d12b9bf630b9ef1e018247a6cea98,chzzk,733.0,talk;성세천하: 여제의 탄생 Ⅱ;종합 게임,False,True,16.0,17.0,13.0,9.0,6.0,6.0,165.5,110.0,True,False,peer_T2,False
쫄 리,311c2a9ef8537f267eea9963c81d7532,https://chzzk.naver.com/live/311c2a9ef8537f267eea9963c81d7532,chzzk,256.0,랑그릿사;카오스 제로 나이트메어;파이어 엠블렘 풍화설월,False,True,20.0,64.0,15.0,9.0,5.0,4.0,147.2,143.0,True,False,peer_T2,False
도둑꾼,50ba1b9bd1f23f988a258bfa4e306228,https://chzzk.naver.com/live/50ba1b9bd1f23f988a258bfa4e306228,chzzk,178.0,테트리스;림버스 컴퍼니;종합 게임,False,True,15.0,15.0,10.0,8.0,6.0,5.0,307.7,121.0,True,False,peer_T2,True
요나,c61969606c0a253f4bd4580d0082b788,https://chzzk.naver.com/live/c61969606c0a253f4bd4580d0082b788,chzzk,402.0,종합 게임;talk;미제사건은 끝내야 하니까,False,True,29.0,23.0,11.0,8.0,5.0,5.0,140.5,115.0,True,False,peer_T2,True
한동숙,75cbf189b3bb8f9f687d2aca0d0a382b,https://chzzk.naver.com/live/75cbf189b3bb8f9f687d2aca0d0a382b,chzzk,404909.0,"메이플스토리 월드,2026 FIFA 북중미 월드컵,팀파이트 매니저 2",True,False,363759.0,39759.5,21659.0,16838.0,11268.0,10071.0,6249.9,131.0,50k+,True,ref_upper,False
괴물쥐,c7ded8ea6b0605d3c78e18650d2df83b,https://chzzk.naver.com/live/c7ded8ea6b0605d3c78e18650d2df83b,chzzk,350384.0,"리그 오브 레전드,메이플스토리 월드,아크 레이더스",True,False,22422.0,19734.0,9192.0,7163.0,5413.0,4990.5,5176.6,132.0,50k+,True,ref_upper,False
탬탬버린,a7e175625fdea5a7d98428302b7aa57f,https://chzzk.naver.com/live/a7e175625fdea5a7d98428302b7aa57f,chzzk,316141.0,"리그 오브 레전드,talk,마인크래프트",False,True,29490.0,17069.6,9245.0,11092.5,6304.0,6972.5,1021.6,139.0,50k+,True,ref_upper,False
아야츠노 유니,45e71a76e949e16a34764deb962f9d9f,https://chzzk.naver.com/live/45e71a76e949e16a34764deb962f9d9f,chzzk,291026.0,"talk,엘든 링 황금 나무의 그림자,엘든 링",True,True,21029.0,13453.8,5856.0,6459.0,4216.5,4261.0,824.1,114.0,50k+,True,ref_upper,False
강지,b5ed5db484d04faf4d150aedd362f34b,https://chzzk.naver.com/live/b5ed5db484d04faf4d150aedd362f34b,chzzk,277565.0,"talk,발로란트,팅커랜드: 어 쉽렉트 어드벤처",False,True,18930.0,10474.0,4880.0,3133.5,2488.0,2310.5,3941.1,125.0,50k+,True,ref_upper,False
아라하시 타비,a6c4ddb09cdb160478996007bff35296,https://chzzk.naver.com/live/a6c4ddb09cdb160478996007bff35296,chzzk,244269.0,"talk,스타크래프트 : 리마스터,마인크래프트",True,True,21633.0,11497.7,5830.5,6188.5,4450.0,4255.5,966.7,138.0,50k+,True,ref_upper,False
아카네 리제,4325b1d5bbc321fad3042306646e2e50,https://chzzk.naver.com/live/4325b1d5bbc321fad3042306646e2e50,chzzk,244215.0,"talk,오버워치,마인크래프트",False,True,12792.0,7050.7,3751.0,3474.0,2977.0,2914.5,556.7,130.0,50k+,True,ref_upper,False
텐코 시부키,64d76089fba26b180d9c9e48a32600d9,https://chzzk.naver.com/live/64d76089fba26b180d9c9e48a32600d9,chzzk,232010.0,"talk,마인크래프트,P의 거짓",False,True,34645.0,22783.0,9651.0,8568.5,6107.5,6022.5,3829.1,134.0,50k+,True,ref_upper,False
시라유키 히나,b044e3a3b9259246bc92e863e7d3f3b8,https://chzzk.naver.com/live/b044e3a3b9259246bc92e863e7d3f3b8,chzzk,229594.0,"명조:워더링 웨이브,talk,마인크래프트",False,True,47218.0,22782.6,7160.0,6160.5,4107.5,4232.0,3826.6,134.0,50k+,True,ref_upper,False
