channelId,name,tags,sumLiveViews,viewership,maxLiveViews,avgLiveViews,airTime
a7e175625fdea5a7d98428302b7aa57f,"탬탬버린",virtual;mblee,4198588,419858,29490,10141.516908212561,41.4
b044e3a3b9259246bc92e863e7d3f3b8,"시라유키 히나",virtual;stellive;mblee,2389605,238960,20607,5689.535714285715,42
a6c4ddb09cdb160478996007bff35296,"아라하시 타비",virtual;stellive;mblee,1816683,181668,17715,5205.395415472779,34.9
64d76089fba26b180d9c9e48a32600d9,"텐코 시부키",virtual;stellive;mblee,2002286,200228,12075,5081.944162436548,39.4
45e71a76e949e16a34764deb962f9d9f,"아야츠노 유니",virtual;stellive;mblee,1481926,148192,12006,4602.2546583850935,32.2
8fd39bb8de623317de90654718638b10,"유즈하 리코",virtual;stellive;mblee,1700369,170036,9685,4428.044270833333,38.4
516937b5f85cbf2249ce31b0ad046b0f,"아오쿠모 린",virtual;stellive;mblee,1212950,121295,10567,4475.830258302583,27.1
4de764d9dad3b25602284be6db3ac647,"아리사",virtual;aesther;mblee,2521579,252157,4782,3224.52557544757,78.2
4d812b586ff63f8a2946e64fa860bbf5,"하나코 나나",virtual;stellive;mblee,721607,72160,8404,4076.875706214689,17.7
eaf7b569c9992d0e57db0059eb5c0eeb,"이글콥",virtual;tbaroselena;mktalk15,1254703,125470,5381,2426.8916827853,51.7
4325b1d5bbc321fad3042306646e2e50,"아카네 리제",virtual;stellive;mblee,806871,80687,7963,3788.1267605633802,21.3
4515b179f86b67b4981e16190817c580,"네네코 마시로",virtual;stellive;mblee,877792,87779,6436,3123.814946619217,28.1
b5ed5db484d04faf4d150aedd362f34b,"강지",mblee;virtual,910053,91005,5677,2668.777126099707,34.1
a67b328bcc8eea4451ccfa754bc19ae1,"달콤레나 씨",virtual,987533,98753,3091,1895.4568138195777,52.1
36ddb9bb4f17593b60f1b63cec86611d,"사키하네 후야",virtual;stellive,707798,70779,3844,2415.692832764505,29.3
a9a343510e132ea3026ff3cf682820b5,"계춘회",virtual;tbaroselena,824067,82406,3790,1359.8465346534654,60.6
c0d9723cbb75dc223c6aa8a9d4f56002,"허니츄러스",virtual;mblee;honeyz,699012,69901,3728,1751.9097744360902,39.9
dae2de8eaa005a59163f2e4c045e1aa1,"블레어 로즈",virtual,592906,59290,3482,1171.7509881422925,50.6
bd07973b6021d72512240c01a386d5c9,"망내",virtual;honeyz,361765,36176,9138,1586.688596491228,22.8
32fb866e323242b770cdc790f991a6f6,"카린",virtual;aesther,482646,48264,2970,1163.0024096385541,41.5
1b0561f3051c10a24b9d8ec9a6cb3374,"둥그레",virtual;mblee,651076,65107,1830,1085.1266666666668,60
475313e6c26639d5763628313b4c130e,"엘리",virtual;aesther,348790,34879,6050,1166.5217391304348,29.9
5b16ddd2a88d50b746affdfaa1e50ab0,"아카캉 Akang",virtual,369391,36939,2213,1282.607638888889,28.8
8a933cb3a86c52aadb2483aa4eed72aa,"라코코 RAKOKO",virtual,386935,38693,2652,916.9075829383886,42.2
93fe884808459fb4e4a3c7d64f0eef03,"고차비",virtual;mblee,607664,60766,1367,919.3101361573374,66.1
abe8aa82baf3d3ef54ad8468ee73e7fc,"아야 AyaUke",virtual;honeyz,267066,26706,2200,1376.6288659793815,19.4
c65ca7335aaeb2ca0c985078223017c0,"뇨롱이",virtual;mktalk15,352914,35291,2182,1005.4529914529915,35.1
5fa7a876b66aca4903d1697582df124d,"램램1",mblee;virtual,484612,48461,1619,841.3402777777778,57.6
fd3b54f2ce729c7a7172ed639720632d,"방찌",virtual,387497,38749,2070,805.6070686070686,48.1
b33c957eac9335d38e4043c3dca97675,"하시요 HaSiyo",virtual,475263,47526,1432,813.806506849315,58.4
6bd0bb97d31365e7834d8113bb01d889,"모라라",virtual;tbaroselena;mblee;mktalk15,382053,38205,1679,794.2889812889813,48.1
affa78deac0b23d2046b8ed4856c1e62,"모카형",virtual;mblee,500771,50077,1116,818.2532679738562,61.2
6ccaebc2569f62344c6fc257f8f2b9ad,"엘시v",virtual,334584,33458,1603,885.1428571428571,37.8
21a0de8b586c517181d76f183272de57,"헤징",virtual,261305,26130,2163,894.8801369863014,29.2
f36320c432d9f06095ce2cfbbf681c26,"류시호 RyuSiho",virtual,460704,46070,1269,804.020942408377,57.3
5ead7124638ac4c568f2cde0224b3b6b,"카네코 파냐 Planeta",virtual,437956,43795,1409,720.3223684210526,60.8
798e100206987b59805cfb75f927e965,"디디디용",virtual;honeyz,179109,17910,2218,1252.5104895104896,14.3
d2fb83a5db130bf4d273c981b82ca41f,"이오몽",virtual;tbaroselena,264182,26418,1749,788.6029850746269,33.5
3e825479d71ead63b76de0d6f6b5dc83,"양아지",virtual;mblee,234001,23400,3249,709.0939393939394,33
941ea3807ba8b9b7dddb1670e3e7e5af,"아마네 나기 Planeta",virtual,300641,30064,1470,738.6756756756756,40.7
d5e2e0c14dcca4c4b10c7c9633022f52,"치치 Planeta",virtual,366212,36621,1290,715.2578125,51.2
219d8e65810a77d6e42c7df018d9632b,"마뫄",virtual,205707,20570,1503,918.3348214285714,22.4
c7d3b49d29be2d2b1d74ba8403f5851a,"미녕이데려오깨",virtual,224317,22431,1413,915.5795918367347,24.5
bee4b42475b5937226b8b7ccbe2eb2dc,"칸데르니아",virtual,400504,40050,1165,596.876304023845,67.1
475b273abe12e5bc1d667af5b8974381,"순당무",virtual,326039,32603,1833,504.70433436532505,64.6
17d8605fc37fb5ef49f5f67ae786fe4e,"에리스",virtual;aesther,238412,23841,1507,653.1835616438356,36.5
5f800579267362c952f76f3c6fe695b2,"금사향",virtual;mblee;leopel,235469,23546,1450,715.7112462006079,32.9
59aa824e4c4a56dd51e7a5e2e9172648,"쿠온 레이 Planeta",virtual,329374,32937,1365,570.8388214904679,57.7
ed21d36a44d1956520189a784afc27ed,"이초홍",virtual;mblee,227502,22750,1741,628.4585635359116,36.2
65a53076fe1a39636082dd6dba8b8a4b,"오화요 Ohwayo",virtual;honeyz,242587,24258,1484,620.4271099744245,39.1
0de024a1ca4a64f1a23a95ff9eeee5a5,"임나은",mblee;virtual,224680,22468,2467,501.51785714285717,44.8
e14259667937be6e561d28ab156718be,"해블린",virtual;tbaroselena;mktalk15;leopel,293622,29362,1365,554.0037735849056,53
3e3781d3bd20dadc2f6f6d5d30091195,"포포포포 POPOPOPO",virtual,292642,29264,1271,556.3536121673004,52.6
ec30975bd41d3179fe7734ddbf760acb,"이로나묭 치카",virtual,279446,27944,833,470.44781144781143,59.4
a54372e8197f6d241a43a318279860d6,"쿠레나이 나츠키",virtual;mktalk15,204949,20494,1696,416.5630081300813,49.2
e4b12ad6a22d3e8d1dd8a79522cca667,"미니멜로",virtual,202258,20225,2482,354.8385964912281,57
26253bf7ed6b95832c40f4f43f6d049d,"티뭉",virtual,161281,16128,1075,601.794776119403,26.8
a048127622edd6c3ee8e477471a1d823,"빙하유",virtual;mktalk15,144574,14457,1598,495.1164383561644,29.2
f3228c570a0b3b1f0f8306e3479ea46b,"연 리",virtual;tbaroselena;mktalk15,204009,20400,878,441.5779220779221,46.2
41d1490bd67b3818d7dc53427a4d6cea,"앵보",virtual,184540,18454,1110,425.2073732718894,43.4
4ebef1eb4194611996dc38abf1d226d1,"마레 플로스",virtual;mktalk15;leopel,154291,15429,1062,491.37261146496814,31.4
f00f6d46ecc6d735b96ecf376b9e5212,"니니아",virtual,193695,19369,1287,368.2414448669202,52.6
a3ceb9179d99be8d1e63b3e911fcd16b,"키유 Kiyuu",virtual,173542,17354,916,443.84143222506395,39.1
f3b204dd3fd6925835ca1848cd4b6d3c,"오단밍",virtual;leopel,216452,21645,819,376.4382608695652,57.5
61f73be23ed1d1d650ba24f268570036,"맹숙",virtual,227921,22792,728,366.43247588424435,62.2
b82e8bc2505e37156b2d1140ba1fc05c,"담유이",virtual;honeyz,146221,14622,889,406.1694444444444,36
0a2020b09b8cc7f2285b7ae5de2ce4d3,"테리 눈나",virtual;mktalk15,139659,13965,1046,395.63456090651556,35.3
20ef78f064ebfd8dd4f7ec8a3a222fd2,"백곰파",virtual;mktalk15,125689,12568,1587,351.08659217877096,35.8
314fd8aa23dccfedf21bcc00cd6df9ec,"성우 김가령입니다",virtual,96846,9684,1245,477.0738916256158,20.3
7792c631f74f66e92ae25949a3a11abb,"하쿠텐 후와",virtual,194909,19490,813,352.4575045207957,55.3
e9ff6a0d42f604ac57fcd53f1c3b9bc0,"늦잠",virtual,98552,9855,738,579.7176470588236,17
f2fd35b4bce38e375cd77b6a6904b4a4,"부쿠키",virtual,158561,15856,634,438.01381215469615,36.2
1e09ba347161a434e40b8245e0bf3cb3,"아오토라 유키",virtual,78994,7899,2432,422.427807486631,18.7
d9c00ea08106b660e26abcd730e7d796,"이샤 ISHA",virtual,189224,18922,731,353.02985074626866,53.6
0aea99d7015373c158d60a7d26bb743a,"루이쨘",virtual,44525,4452,2660,1391.40625,3.2
9351fb8417f73405c84e0846409e3263,"햄쿠비",virtual;leopel,178665,17866,594,360.2116935483871,49.6
361eea6eaa690bcfe8004fd6ade7dda7,"배비꼬",virtual,135954,13595,1225,327.6,41.5
fd9d35299c6816ad7c7fc6867cc7c195,"오리고기 ORIGOGI",virtual,48739,4873,1872,1160.452380952381,4.2
a96cea2d2c39cec636ba8170c66a0510,"RED레드",virtual,114947,11494,1210,344.15269461077844,33.4
9199eb6eb3dea874f47bbb35bd1dfee2,"유세라",virtual,163115,16311,698,340.5323590814196,47.9
aa66ed6da9e203c26807c0cd3579983a,"스즈 SUZU",virtual,102258,10225,1764,262.87403598971724,38.9
f3f7af23c948938651fd244014ff1204,"향아치",virtual,110150,11015,578,428.59922178988325,25.7
1567d9b28732044e1c91f6b4c19c1e0d,"통깡이",virtual,136726,13672,634,353.297157622739,38.7
ba1469a50bdc7f420d775f43f29b1414,"감군장입니다",virtual,118933,11893,1039,307.3204134366925,38.7
41e6c86cf804123cc8574b4cd118c019,"404 덩기덕",virtual,93608,9360,1463,298.11464968152865,31.4
57aeb13825bf7d402273ecfa936356e4,"카토kato",virtual,80085,8008,1054,357.52232142857144,22.4
61958008140886fe1eda9910cfef5812,"모 아",virtual,88875,8887,1359,296.25,30
4885cc52d10d534564057267b8e380be,"모치즈키 카에데",virtual,74166,7416,677,466.45283018867923,15.9
2cc562e9370970d567c1a25c5c7d0e77,"남궁혁",virtual;mktalk15,88736,8873,510,389.1929824561403,22.8
a86031fdfeb1b223ad1172cf6ba4b94e,"꽃핀",virtual;leopel,76178,7617,836,346.26363636363635,22
1ab3db7c25c6362885ff9c9e2df3ab41,"명떡",virtual,88005,8800,824,272.4613003095975,32.3
c8adce2ff4a3618931e07c327e1fa070,"포키쨩",virtual;mktalk15,168946,16894,478,217.1542416452442,77.8
5c897b3e639045ca6e314bbaff991f73,"비올레타 모네",virtual,76965,7696,725,322.02928870292885,23.9
dd6cf0d465dae40bc4a83f78abd58352,"아미하 유네",virtual,130286,13028,447,253.96881091617934,51.3
a9b2d7249243fc9edbb2dada5623cb8e,"하우카우uuu",virtual;mktalk15;leopel,100729,10072,489,251.8225,40
16267ae4675f980df5e77bafea37495f,"이보늬",virtual,80386,8038,722,256.0063694267516,31.4
8ecadcb05be3f97875b5aa3d8ced1347,"김앵고",virtual,102132,10213,458,252.8019801980198,40.4
0eba448275bccb294ceb88ddeb90f800,"아야 AYA",virtual;mktalk15,112666,11266,451,247.6175824175824,45.5
371259eaf5ec1635b4807b612272f431,"연비니",virtual,74987,7498,719,281.906015037594,26.6
0a808138cc8c96ab9756935b964c1bf7,"먀뮤뮤",virtual,130897,13089,473,197.7296072507553,66.2
68f895c59a1043bc5019b5e08c83a5c5,"라디유",virtual;mktalk15,55920,5592,763,380.40816326530614,14.7
d7c83d4ce76a835ba79e27e5e46cb3e2,"위도",virtual,78818,7881,698,248.6372239747634,31.7
95a050b9250958bec51343e5ae24b8f4,"박도나",virtual;mktalk15,92978,9297,510,227.88725490196077,40.8
f638e750b76165c23e4f1530c166df1a,"츠밍",virtual;mktalk15,119442,11944,378,227.07604562737643,52.6
a9ee9a98bf5170d4b4dfb23ef8e4676b,"후참",virtual,98322,9832,541,216.09230769230768,45.5
643d491a022eaf3991f0576c7a2a97d4,"서애덕",virtual,71942,7194,486,297.2809917355372,24.2
e87999abca4fd0c3214e05ef414ce951,"야토 Yato",virtual;leopel,91048,9104,709,187.72783505154638,48.5
4f891095bc91025428ba2e8c375ef86c,"하루토",virtual,53452,5345,562,398.8955223880597,13.4
2564aae6bb474dd58c22023afa4cbe72,"이무지",virtual,120856,12085,399,197.47712418300654,61.2
57c917f1bc650791d8ca3fec1ebcca18,"유봄냥",virtual;tbaroselena;mktalk15,84828,8482,588,216.95140664961636,39.1
c9e23f9b2d858601ac5f20f46634cce2,"조하구1",virtual,108479,10847,463,181.40301003344482,59.8
b3f0dd09666949762e0da59210c3f403,"하지유",virtual,76646,7664,441,262.486301369863,29.2
3eb9808e8ec29e79c6d54060c964b1a5,"킹설아",virtual,83404,8340,450,226.6413043478261,36.8
d6cec68f616f5926a0a5f6cea2bbe731,"애 타",virtual,65233,6523,439,334.5282051282051,19.5
d916dc846dcbe66a3482e238625b9022,"백희 Baekhee",virtual,87830,8783,406,226.3659793814433,38.8
5f44570b82fb82d4814ef9502cf6401a,"삐부",virtual;mblee,50741,5074,1158,260.2102564102564,19.5
17a4bfff01d96ffad065f641ce90bdde,"로마러",virtual,96871,9687,507,158.80491803278687,61
819204d0fc2db01ae640c2e7d599ee9b,"잭",virtual;leopel,66778,6677,548,219.66447368421052,30.4
5d68142291810fa1a2a0dfa90a688362,"유람 Yuram",virtual,61558,6155,382,271.1806167400881,22.7
9ff4bdc7aa4f3384e84db402bc128b0c,"마젯",virtual,60765,6076,532,220.16304347826087,27.6
75b643e50481d4ec373f77b58a41746f,"ㅇ연이ㅇ",virtual,53349,5334,451,298.0391061452514,17.9
6d16804cf98da47ba82bd13c0c029723,"샤메이",virtual,65802,6580,686,172.2565445026178,38.2
8272a88361c84d51adebeeba3eb0f901,"유우스즈 무무",virtual,69581,6958,409,181.20052083333334,38.4
78d950b1c85bffff10367c4735aa6cfc,"고뇽찌",virtual,65975,6597,853,143.7363834422658,45.9
f5feedab25060a675ed62f3348e625cf,"낡은창고 oldstore",virtual,90077,9007,362,151.13590604026845,59.6
a72c9f9c3d835078b97a520dded8e6d2,"최케빈님",spearforest;virtual,48927,4892,485,244.635,20
58c857c619dbc62110f025c382265abe,"콩 주",virtual,71939,7193,464,143.30478087649402,50.2
0e061c23f8d4e7b5a85ba52b7e18bd5b,"옥쓔",virtual,59784,5978,1041,142.68257756563247,41.9
faf9cdd37e2ce5e2af6944dbf42739a9,"R로제타",virtual;mktalk15;leopel,48097,4809,637,194.7246963562753,24.7
aef0c98592271de9ec4906eca2987e05,"HeavyRainy",virtual,63674,6367,361,166.25065274151436,38.3
cb0ceb32cbf6bced3bac7892cbca37e1,"쇼코코 도리",virtual,64116,6411,319,163.97953964194375,39.1
2417b47685106ec21b79c8803b7f1ecf,"새싹 Saessack",virtual;mktalk15,40487,4048,643,211.9738219895288,19.1
a9983d950a0ba4471b3d60bb9c5e0dd7,"조이냥",virtual;mktalk15,68753,6875,420,137.2315369261477,50.1
93f06c016e073c01b6bdb4098a99b1a7,"기션",virtual,45888,4588,446,210.4954128440367,21.8
44424fa93fae1f5b03a0479cac94f39c,"요루야",virtual,100686,10068,293,122.34021871202916,82.3
3a5c68e21e1de59efc438313f908dd6f,"임재천",virtual;tbaroselena;leopel,52664,5266,474,150.46857142857144,35
35382c3e4fcb9ffccb4cb97d3bddabcf,"유우양",virtual,67668,6766,303,143.061310782241,47.3
11f9a14c3439b7b1ceadd819d61624da,"하렌 루베오스",virtual;leopel,53852,5385,357,157.46198830409358,34.2
77599c8972b39e158c95e6a526272480,"람썬",virtual,64111,6411,273,157.13480392156862,40.8
98538102121a4704260eb77e088ddaf0,"서랑그림",virtual,46510,4651,293,222.5358851674641,20.9
7dc9561a4e60fb5221bdea64346672f1,"갓단미",virtual,65746,6574,324,140.48290598290598,46.8
6a09c296e5e12ad5ed67e053f8cc98d5,"순망",virtual;mktalk15;leopel,59033,5903,276,164.89664804469274,35.8
d547c7021e8eb042acf57a315bad7d35,"오르 Or",virtual,46853,4685,326,187.412,25
4f650f02bc4ab38a998d74e3abb1b68b,"유레이 UREI",virtual,64778,6477,250,154.9712918660287,41.8
ae21a2b6fd79853e78973b8825b1e3cf,"강단해",virtual;leopel,62376,6237,328,139.23214285714286,44.8
89bd1d5157cfb9eb41ceb7bf4c418db9,"융이 Yoong E",virtual,62568,6256,458,120.55491329479769,51.9
a3c5623862d0d1dda383f5efbc39c6f4,"빵룽",virtual,56824,5682,645,116.92181069958848,48.6
35bb4c281ee0dc968582fb6d1d5a11b6,"리에 RIE",virtual,21104,2110,862,639.5151515151515,3.3
98d1282009b3d0014e8457450a021f2d,"미르다요",virtual,43448,4344,399,149.30584192439864,29.1
afff6e3cc8c1487bc4135bc896811dcc,"냐 미 Nyami",virtual,56444,5644,218,152.14016172506737,37.1
57482ec9b07718076a1692bc210d5fa0,"슈향",virtual;mktalk15,41327,4132,274,175.8595744680851,23.5
d409fe40356ee1ebfacbe2dd460ad573,"한량1234",virtual,67886,6788,230,126.88971962616823,53.5
fb3220c02c64d799b31e97f432afebc0,"세노 SEN5",virtual,37905,3790,314,177.12616822429908,21.4
81bd5b50f0c0728128442daf7db626fc,"토종 아오리",virtual,35132,3513,329,177.43434343434345,19.8
390efc6c5186f85427b2d61297a9d4ed,"미치르",virtual,33571,3357,414,173.0463917525773,19.4
e2640468861f80d658873c25dc69e32b,"아 즈 AZ",virtual,58191,5819,300,123.81063829787234,47
088973112d8acc831ec20274f7ffbb99,"미하루 Miharu",virtual,26928,2692,515,244.8,11
cd0b9939c10ac951dbb5fd4cd00567a9,"쫀득찹쌀도넛",virtual,68045,6804,356,95.5688202247191,71.2
1849e43ce6247a61aef57e2e39e2f6ce,"하나츠 nacheu",virtual,28439,2843,733,168.27810650887574,16.9
b3e262a2795f17734c149afc738ad250,"양망두",virtual;leopel,55385,5538,298,123.35189309576838,44.9
24c568cc7d041b079a3ed7c735c2eab0,"뭉냥이",virtual,33384,3338,586,143.27896995708156,23.3
51420f4078ef701b03421904ad712401,"온앤온",virtual,30595,3059,384,211,14.5
42344dd53d4c5dc33e962c8913f6adc3,"청목 Chungmok",virtual,43054,4305,376,130.86322188449847,32.9
9116ce342b24d085f3afe73ccc465465,"김니디",virtual;mktalk15,49530,4953,251,135.6986301369863,36.5
010379f20da3ec9249bfe0bbdcb05762,"코무키",virtual,40746,4074,267,143.97879858657245,28.3
0c061f7f79909af482d9e66879d2225c,"반 희",virtual,30288,3028,758,142.8679245283019,21.2
1482d68b3478d2962e9d000ed6a33167,"이 늘",virtual,86435,8643,194,100.15643105446118,86.3
e234729686832d379d7da804517ac9d9,"로션욤",virtual,50914,5091,273,122.38942307692308,41.6
124ca807978c091907e26c2a5c3b307a,"공설",virtual;mktalk15,60253,6025,212,119.54960317460318,50.4
0d7600fc87a6a8621d5149d12da58ef8,"희 지",virtual,43869,4386,251,136.66355140186917,32.1
9bcfc5ce252bd85444a45ae8a80ae5e8,"몽새",virtual;mktalk15,38886,3888,340,128.33663366336634,30.3
0b0dd269c4663fc36ee1eef8a8b1bea4,"루시 Luci",virtual,44759,4475,256,121.29810298102981,36.9
e500ce8da6637e4b7ee255709ddb3ffe,"요아케노 나나시",virtual,31314,3131,340,142.986301369863,21.9
eef3f5d5d6b7fd4c7ee36b13c330fec0,"닝냉뇽",virtual,40064,4006,320,109.76438356164384,36.5
c59080612c2f5778a02b7bc680e160e9,"김렝지",virtual,43961,4396,249,114.78067885117494,38.3
e9591b517df39ffae2b9912cffa10e62,"해옥 HAEOK",virtual,66345,6634,198,89.41374663072776,74.2
733ac918d624f6034f8786efc318e433,"ㅎㄹㄹㅎㄹㄹ",virtual,39489,3948,191,132.0702341137124,29.9
88eb7dda524ca626ad3e08359b182900,"텐플라스텐 텐텐",virtual,51735,5173,199,94.75274725274726,54.6
55cad23e436b9b31f5e0fffe3d588194,"자두뇨끼",virtual,54198,5419,193,94.75174825174825,57.2
23a256033aae1c6324cec9a69458791d,"므므네 mumune",virtual,28149,2814,369,128.53424657534248,21.9
66f34bf45e8bcba4e1b486466e837733,"도로시 dorothy",virtual,40678,4067,236,105.65714285714286,38.5
962abb83cc2513309966365813fdd288,"자연2",virtual,36783,3678,256,106.61739130434782,34.5
0a07375b21a52bd69ff087fa5cc60f0d,"아무탈",virtual,39469,3946,307,95.33574879227054,41.4
943e6cdde63d2e473fe85f238633effc,"포냐",virtual,30488,3048,338,121.952,25
c2d89cbe1704ab9003f788cc0a0a208a,"불 법 스 님",virtual,26824,2682,384,135.4747474747475,19.8
5e4ef081ec96bdca5a4989554864bb05,"만디 2",virtual;mktalk15;leopel,25439,2543,296,146.20114942528735,17.4
b2854dc0735e55fa86c53bd15242d30f,"마우쥐",virtual;mktalk15;leopel,59692,5969,175,88.82738095238095,67.2
2275b35a6c555959fb4a61e18a818a59,"날먹키코",virtual,27674,2767,249,139.76767676767676,19.8
7b9c6553913c755812ef2cd9fbe1dc5c,"하네ㅣHane",virtual,32952,3295,240,118.96028880866426,27.7
e0b11eab54ad5ecf2306fdd2d7e4f5c2,"니르 Niru",virtual;leopel,56236,5623,162,92.19016393442622,61
1bba9dea7f936bdcfe06962bcf0d686a,"연 홍차",virtual,40366,4036,197,96.33890214797135,41.9
0f61ae00c2aef2b789dc009e51cbcc5a,"온 하루",virtual,25745,2574,268,142.23756906077347,18.1
376bbbc0fb98e5774e5d8a61f5de01a0,"앵츄",virtual,27309,2730,253,125.84792626728111,21.7
b5da9cbcab300065236b4309ecaf19b7,"스나랑",virtual,34072,3407,451,80.93111638954869,42.1
90695d782f44f6b7849cba7c0749e093,"마지나이 쿠로카",virtual;leopel,29990,2999,195,126.00840336134453,23.8
b1ac916d727d32cb7f472b50f6f97654,"난바다",virtual,52821,5282,150,94.66129032258064,55.8
f42e97f59c3177b8686dccfbf90792dd,"김아테 l Ate",virtual,34357,3435,187,105.06727828746178,32.7
56af48b6a7e165c24873fa29671a8d45,"다 비",virtual;leopel,48355,4835,155,93.89320388349515,51.5
6f1ae352c78027acf1bd92589fc44128,"두뭉",virtual;mktalk15;leopel,29187,2918,284,102.41052631578947,28.5
c077df8642ba944f714b5ec06cf195e4,"아오토 라떼",virtual,31901,3190,287,93.27777777777777,34.2
f380f620615fffd54451032686932f9d,"디온 Dion",virtual,30196,3019,185,118.41568627450981,25.5
8aa432a06595c4c7547574790488cf8c,"제미니님",virtual,36921,3692,161,95.40310077519379,38.7
cffac6a96b6a2f625db9e6085c40d1c1,"이 선",virtual;mktalk15;leopel,26360,2636,251,115.10917030567686,22.9
539ddad723de57dcbff8b11f27877a90,"도롱챠",virtual,22458,2245,227,151.74324324324326,14.8
63368ec9081dc85e61d0e4310b7e1602,"이 리 온",virtual;mktalk15;leopel,22406,2240,319,132.57988165680473,16.9
416d86cee659cca1320eac67f0e6fc22,"바뀐",virtual;mktalk15,33778,3377,245,86.61025641025641,39
659dcc02fa42de17387db4c8d722f55c,"해득이",virtual,51480,5148,153,83.57142857142857,61.6
206afc6829e734e662ed0bf24dcbac0e,"이치카 히비",virtual,29098,2909,315,88.98470948012232,32.7
0136d146dc33ee6abc656509ba0c4a65,"쿠미네",virtual,18690,1869,350,162.52173913043478,11.5
06d4c49768cb633feeef590fce65bfab,"코코론",virtual,31047,3104,182,102.80463576158941,30.2
2fe88ab2b731edd48b7b11feaedbf294,"기령",virtual,43310,4331,176,80.65176908752328,53.7
52dd0f8efdfaed33c881b3da9c74788a,"해은해은",virtual,33569,3356,322,75.94796380090497,44.2
6ec2829475b485474e7bd1df449cb160,"쵸쵸우",virtual,22871,2287,225,136.13690476190476,16.8
28087efd3897d10dc58de6c6334f8110,"솔 아",virtual,60313,6031,181,69.48502304147465,86.8
4a3cab967a74a5020258195fc9004145,"아로AURO",virtual;mktalk15;leopel,35209,3520,152,90.74484536082474,38.8
e9dbe302080c01d76fcd4aa6c8a05a64,"미 랑",virtual,44517,4451,153,79.77956989247312,55.8
d00a4bc1598e3b18ebfdff13a321ff6f,"에렌디라 erendira",virtual,26896,2689,169,114.45106382978723,23.5
d61f69f7ff143364ed19314837262ea2,"김꼬멍",virtual,26927,2692,277,89.45847176079734,30.1
619813d839c6b7ae427298bd299db9fc,"토코Tokomon",virtual,34446,3444,315,72.3655462184874,47.6
d7b5e8a2bd0bb3202201fa707a726f80,"도화령",virtual,22246,2224,390,101.57990867579909,21.9
d58ace43901fd369f1b4efa4ed175103,"미 유",virtual;mktalk15,47291,4729,164,75.06507936507937,63
79bc9b927d5c187f9d8fa5a56b194c37,"하 쁘",virtual;mktalk15,35826,3582,196,76.55128205128206,46.8
23a96c7728efd75092e69befd8d3630d,"유히히",mktalk15;virtual,33282,3328,479,65.38703339882122,50.9
46d2e17ad675cb9c22546e11e9010ff2,"리미 VLUP",virtual,37991,3799,145,81.7010752688172,46.5
f63f66f701a9af347c668f3056cdaa9a,"세이로쿠 키라",virtual,26557,2655,158,104.55511811023622,25.4
e0ccb72f0412d306b20847c94a2824d3,"나는 만타",virtual,18455,1845,290,129.05594405594405,14.3
f0088e81766cba82348838db1e14b61d,"판 토",virtual,28870,2887,152,94.34640522875817,30.6
5b1edd3b95c1513cb502ca2cdd391670,"망징이",virtual,22295,2229,253,96.51515151515152,23.1
eef5c2238f1667a915855c644ac4f975,"이 아니",virtual;leopel,33463,3346,139,88.06052631578947,38
b8b36da0d46acde123539f53daa23f7d,"연하늘 HaneuI",virtual,19031,1903,300,101.22872340425532,18.8
6bcc1c4b89128eac7bc7a7d698ef7aa2,"아마시로 메이",virtual,21340,2134,169,118.55555555555556,18
ddba126063cfa770d867aebfe37c318d,"딸기 DDALGI",virtual,31355,3135,159,77.22906403940887,40.6
3ef2872698aee4e944d808f27abca3a9,"냐루비카페",virtual,33256,3325,145,77.51981351981352,42.9
85fa9f08b940d363395f6b3f29b91c4c,"버찌 BUZZI",virtual,31979,3197,127,86.6639566395664,36.9
29573c033c726c2e8aeda78e3a8882a6,"R아렌",virtual,32987,3298,132,79.10551558752998,41.7
902744ac298720925b661711d76f7133,"마무 Mamuu",virtual,23293,2329,188,85.01094890510949,27.4
2e6e7ab6e1aac3f0e2105af44eb59630,"라꼬미",virtual;mktalk15,18784,1878,192,113.84242424242424,16.5
0ac23ae6672e2067492161839e29230e,"사사44",virtual,19934,1993,175,104.36649214659685,19.1
dcfd3c7cf3c05b41306a4cc249ad5c9f,"끠월마녀",virtual;mktalk15;leopel,50915,5091,127,66.4686684073107,76.6
be059789e19ac3e46198e15911a80122,"모이 M0I",virtual,23040,2304,243,78.9041095890411,29.2
79e2928a3fad4b8200f33c3dee6799dc,"솔씨 solssi",virtual,24582,2458,237,75.40490797546012,32.6
d98f5b684efeed1b27ddac078e9634fb,"그리움 Rium",virtual,26158,2615,198,74.52421652421653,35.1
6090bbd23b8dab8ffd1844ba71219104,"지새기",virtual,22754,2275,292,76.61279461279462,29.7
ff182197eed405b1130d22aa3a4fefa0,"아일라 Iyla",virtual,23161,2316,166,88.06463878326996,26.3
10a7cea4de6c87033741fb821d6a3b18,"김 제 오",virtual,17472,1747,196,119.67123287671232,14.6
d676df6bcb09c553c26a2e2b92542fd6,"도도리코 dodorico",virtual;mktalk15,40919,4091,127,69.94700854700855,58.5
051f034c064edd60d48dee2a47bc0790,"미도미도 마요",virtual;leopel,25064,2506,134,91.47445255474453,27.4
3a2d2f4e9132d822423f6aa879e598c5,"반님l",virtual;mktalk15,18698,1869,212,95.39795918367346,19.6
e6df84b539791aba763f533f87ce3342,"쿠마루",virtual,26116,2611,138,85.06840390879479,30.7
05e32aae896c6067fb36157149053de2,"밈줌",virtual,36897,3689,116,74.09036144578313,49.8
546376ebd956528b9d6250da63512f29,"서겜",virtual,27097,2709,137,79,34.3
343c202c69ba6d11b7ec51741f9591ac,"이 소 에",virtual,24780,2478,135,87.56183745583039,28.3
cf0962f3589219c7dca8addf13008fcc,"방장 라라",virtual,18902,1890,185,94.03980099502488,20.1
79ef1f5274b48fcb2de41b8ac8ea7ca1,"냐오 NYAO",virtual,23772,2377,254,68.90434782608696,34.5
b0f277dafb98965cd97391cae0755efe,"주누피",virtual,19598,1959,185,83.39574468085107,23.5
16fc49ff5ba7ec5d25a5a978cee3bdda,"밑줄밑줄",virtual;mktalk15,22625,2262,161,77.7491408934708,29.1
291b98d4a26536116f5117b943dac524,"눈트끼",virtual,35314,3531,107,71.1975806451613,49.6
c62ac389ebfc8942302298df5e9cd71b,"매화린 Maehwarin",virtual,27025,2702,136,74.04109589041096,36.5
e984779fd445e71bfd8c99106e432bf1,"이루네 IRUNE",virtual,28058,2805,103,82.28152492668622,34.1
e886895bafc3e32f446246f8d1f25ba6,"리니링",virtual,33709,3370,157,58.82897033158813,57.3
58bb93cf187737941c1a84cace6a86c4,"묭 이",virtual,23551,2355,118,87.55018587360595,26.9
f11fe3d49f587cffed1fefdde44fe041,"노랑새k",virtual;mktalk15;leopel,23292,2329,163,73.47634069400631,31.7
19f9ece522b9155b4e577d7b9b46103a,"고순해",virtual,29440,2944,235,57.16504854368932,51.5
99b6020d619b9aac132920604cee8ca1,"루루카 RURUKA",virtual,17827,1782,165,90.49238578680203,19.7
bbac9a27249735abaa90692f1d67e021,"이와",virtual,12304,1230,309,159.7922077922078,7.7
981f18d74bceeb1972197209b7400fc4,"숀쟝",mktalk15;virtual;leopel,24366,2436,213,62.47692307692308,39
0feaf00a7322954b2da161d401e09dc8,"한 유 월",virtual,17514,1751,178,86.27586206896552,20.3
29a1ed5c0829fa620fab900dba7e011b,"유리리",virtual,19800,1980,176,74.71698113207547,26.5
f2e993b9dcfb2ad3e62214a8cf534903,"미에에 메에",virtual,24599,2459,110,79.6084142394822,30.9
7ca6c5f45a9b16f75970f54c309623c0,"하나빈 HANAVIN",virtual,31430,3143,124,63.11244979919679,49.8
60761dc68dca3092c55c4371710ce848,"엄히로",virtual;mktalk15;leopel,17520,1752,175,78.91891891891892,22.2
82ece76b683398c8d8d5e2add3360f02,"포모나",virtual,32298,3229,147,56.36649214659686,57.3
bbe12c4cd654528048568aca4e5e6166,"레비얀 Leviyan",virtual,22991,2299,145,69.66969696969697,33
9858262504d05971ee57b44f708ab57e,"오피셜 김청단",virtual,32356,3235,100,66.43942505133471,48.7
52f13f0fde6421312164730f1332a5f1,"유키츠네",virtual,23248,2324,186,59.91752577319588,38.8
5aa661567c8c14713a164759d21c036d,"앵차루",virtual,20406,2040,155,70.12371134020619,29.1
6086f17b054010b0657af00aff6e6d05,"뵤 오",virtual;leopel,36344,3634,115,54.488755622188904,66.7
08d62f3e1de7ab06e8d3ad89aa7ca985,"성피아",leopel;virtual,20923,2092,123,76.08363636363636,27.5
44dae7a2b81746e217082f6ef7f81779,"유미호 MiHo",virtual,32712,3271,107,59.47636363636364,55
78cc61cc55bb3fad7f027d717ce61630,"아쿠루",virtual;spearforest,16679,1667,142,83.8140703517588,19.9
8f3661d67e49f0b84736059952d59f06,"티아나 스이",virtual,18889,1888,148,70.48134328358209,26.8
1f509891909fafb5e0ba38cc73515359,"애기용니블",virtual,16373,1637,129,89.46994535519126,18.3
ee17c0d0dda365119d32768e645caf3e,"옥 희",virtual,25036,2503,119,63.06297229219144,39.7
934945011c0ed0da3ed719a349d3ba66,"도라대장",virtual,17606,1760,236,63.10394265232975,27.9
1686a04d1a643498d39f2fb50459c0ac,"모푸",virtual,23414,2341,99,73.62893081761007,31.8
c9392bfbbb1e52a3d022ed9b71c4a60f,"깅나리",virtual,23547,2354,111,66.32957746478873,35.5
6a972320db5b67b982bfef2780dd9194,"구차뉴",virtual,19468,1946,145,65.77027027027027,29.6
c4878eb1447abb88829430d16791aa94,"옙히",virtual;mktalk15,26176,2617,111,60.87441860465116,43
9f7467f5f3dfa4ea3dcef2962187d6a2,"미사키 하루",virtual,23591,2359,130,60.48974358974359,39
ca76c17a026bb41e6ff9e3fc5641de63,"새 담",virtual,31165,3116,99,59.588910133843214,52.3
8775b3047a658f3f637797c244ba4b34,"이 신",virtual,17204,1720,150,72.28571428571429,23.8
cfc5f779ee9d5c6c75bc3b3e821019a4,"feviknight 페비나이트",virtual,18884,1888,168,61.11326860841424,30.9
8da2cbae1c627fab3477abfdc9e119bc,"금결초",virtual,40762,4076,110,47.67485380116959,85.5
d906aed58ea1c8e82fbf6ab4c6110649,"여 링",virtual,19018,1901,238,55.77126099706745,34.1
f67b66f4051fd2744ba9366571565771,"아카이로 류",virtual;leopel,19525,1952,137,64.22697368421052,30.4
1d333ff175b4db5bd06f87a88579ec1e,"모잉",virtual,8167,816,774,544.4666666666667,1.5
c57ab4efaf2548f27214834daeb5c901,"별 연",virtual;mktalk15,21411,2141,179,52.99752475247525,40.4
a8b44e07ea2e2a583aab4804f92ae0ba,"니야",virtual,14104,1410,282,69.82178217821782,20.2
7f5ce470dbc71195d99704422a02992b,"마지텐 시아 Sia",virtual,24882,2488,135,53.625,46.4
521b37e8cd74b933501d3d1ad4d5031c,"비화 Bihwa",virtual,25666,2566,89,65.14213197969544,39.4
b228271d41131108f4873dbf77bca0f7,"채이 chaei",virtual,27026,2702,130,49.77163904235727,54.3
7fc38b0da9a6280356c4e01dcb965c07,"HaruNuna",virtual,17092,1709,122,70.62809917355372,24.2
5a9a50c3d7c5f5720b050e230d3306dc,"시이야",mktalk15;virtual,29651,2965,133,45.47699386503067,65.2
9cc4bda5d0387d211f9b2123895db58b,"사다새",virtual,14581,1458,132,77.97326203208556,18.7
2f1107218a8e549f7b9ec5a53c488d33,"R리노아",virtual,16671,1667,119,71.54935622317596,23.3
d7fcdd7413c90d58e81f4720273795b2,"로쥬마리",virtual;mktalk15,22876,2287,151,48.56900212314225,47.1
51211b5f8f3fe094f3740780aea32db0,"플레디 PLEDDY",virtual;leopel,12989,1298,175,75.08092485549133,17.3
147592553d18fd240ed2b132f9f3be57,"쿠미르",virtual,24572,2457,94,58.78468899521531,41.8
2dccdac2998bce6a95ab428179e9db48,"루나냥",virtual;mktalk15,21216,2121,121,56.576,37.5
474b909039b3944632e35acdfb217d3a,"하루야 치에",virtual,27502,2750,116,47.25429553264605,58.2
74e041007660d7195b1d784839716cb8,"초다양 CHODAYANG",virtual,20509,2050,100,61.40419161676647,33.4
93e2d40bc923bbd76fe36ca49eb5ab08,"잉요ing",virtual,24221,2422,87,60.5525,40
460dce236c318610e114204b1292adc0,"밍율이",virtual,26048,2604,130,45.53846153846154,57.2
4ea75a0d255c7b40f5cbb2a350ea01b8,"레리리 RIRI",virtual,28384,2838,89,53.05420560747663,53.5
dcf8337aa57ed257b1c76bafbdb5c054,"레아나 Reana",virtual;mktalk15;leopel,15356,1535,165,61.179282868525895,25.1
f61107c04a4ae129873da5a5a25e2527,"쵸꾸미",virtual,15999,1599,192,56.33450704225352,28.4
2cf1367e97d68909b024b368d2c4683c,"푸후",virtual;mktalk15;leopel,22276,2227,88,62.397759103641455,35.7
9c320c077fa641b7643f40b1a3500023,"히나아루",virtual,19189,1918,278,44.41898148148148,43.2
6fb7f73dcb20077d77e6e053d0362228,"윤리즈",virtual;mktalk15,31543,3154,82,52.65943238731219,59.9
67b160c97b4b04aecfdee08958ca2c34,"유네 Yune",virtual,10241,1024,188,110.11827956989248,9.3
e008490d3464797704feac3b9ad8fe67,"쵸요링",virtual;mktalk15,25747,2574,110,46.81272727272727,55
053101af87b327b3e636353a7c4c4905,"김띠모",virtual,35131,3513,76,49.831205673758866,70.5
6b2e39072f3af6e84ee04d34aa164e57,"뮬 MYULEE",virtual;leopel,34778,3477,85,45.88126649076517,75.8
d74c1153ae31557d9065303a08d6f5cf,"냐코냥",virtual,17589,1758,110,59.826530612244895,29.4
7f6f495a3fb26181bf4b00316a607871,"율무율무",virtual,14772,1477,138,65.36283185840708,22.6
5a63308e001dd3b2b4b8410e3933bff5,"레뮤 LeMyu",virtual,11731,1173,168,77.6887417218543,15.1
f5c058c445257fa60fc75f91d52712fc,"이로은",virtual,15939,1593,125,62.01945525291829,25.7
0791ae0a49927a2a6719addcedfdac4f,"먀 리린",virtual,16709,1670,90,70.80084745762711,23.6
727dc37279f22918f1291a9deecd57a3,"두부잼 Doobu",virtual,15191,1519,107,70.00460829493088,21.7
faf14a6390ed00ef73aa5bc06db32c5d,"어스레",virtual,13611,1361,122,72.78609625668449,18.7
4052512f2144699acc25cabaa6780b1e,"청예솔",virtual;leopel,23973,2397,98,48.72560975609756,49.2
437789ebfd9ac58804f1d38281bf03b2,"호하리 Hohari",virtual,21505,2150,93,54.859693877551024,39.2
e45c8f27eccca950b62aa7c17bc35a0d,"안케",virtual,10032,1003,164,107.87096774193549,9.3
096a2050c7a15d9899b67ac9a77b883b,"쏘야지",virtual,22009,2200,197,39.4426523297491,55.8
07b9e4102fb92e546a3aff932babea08,"김네네1",virtual,20914,2091,148,44.59275053304904,46.9
182d27a710b9dd25fa20172999184ec8,"나나링 Nanaring",virtual,16322,1632,99,65.02788844621514,25.1
f49ebb4cc978594951f227badeb5a12c,"옌룡 Yenryong",virtual;haecho,23361,2336,90,51.56953642384106,45.3
575b8dd00630a025c9ad3729df908abf,"유논 YUNON",virtual,10759,1075,162,87.47154471544715,12.3
f1869f490ddd660c420b2f57c649e6bb,"양메이",virtual;mktalk15;leopel,21964,2196,84,56.31794871794872,39
acb6aedb439d58a73480f01f4b2456c7,"서논",virtual,15037,1503,111,64.8146551724138,23.2
0bd59e5f864251961191315e9efecaf1,"루루엘 아스트리온",virtual,21812,2181,99,49.91304347826087,43.7
c0c5a89fb63a7b973fe1142d7b3d1751,"대지킹",virtual,15633,1563,97,69.17256637168141,22.6
09918cdeb675f93b76ab35ca5e1633af,"세잠",virtual,17188,1718,128,51.61561561561562,33.3
c18e4d94b364804232f017f85e66299e,"호앵 메로롱",virtual,12829,1282,194,57.788288288288285,22.2
d6cd7a188322ab140704593e591013ae,"시롤 SYROLL",virtual,19071,1907,101,51.128686327077745,37.3
227b431ef15d1085ba29f54b8a7048fd,"홍서월",virtual;leopel,16005,1600,139,53.35,30
eeed421f9cb067c68f5a256313f5b80b,"헛소리0403",virtual,15493,1549,124,57.594795539033456,26.9
12fc43dba1a6cd1504fd9c0a7941bbda,"오 뉴",virtual,14497,1449,129,58.22088353413655,24.9
bfb62548021602bfa600e91a55adee2a,"이나로 NARO",virtual,17375,1737,92,58.5016835016835,29.7
a1e084f0c69d53fa135688f4911a04db,"카 일 리",virtual,20407,2040,99,47.9037558685446,42.6
53ed9aee7fc9f8d45f649f7ba6e63eb7,"블링이1",virtual,9582,958,151,106.46666666666667,9
b5b18dc043cbf37ee67e4615687b8f77,"므엥이",virtual;spearforest,17086,1708,102,53.89905362776025,31.7
105c19a2df33594abc805087f483eb1f,"유토링",virtual,19460,1946,145,41.492537313432834,46.9
70e8f28f83e71a72a62c55e33da19211,"단비콩",virtual,14106,1410,146,54.04597701149425,26.1
d4fc89f1bd230269df6fd8871902c750,"와타나베 치히로",virtual,16635,1663,154,44.95945945945946,37
a5f86897b76b56aa6c94b3511a6205b4,"피아노캣 PianoCat",virtual,11636,1163,148,67.65116279069767,17.2
b03f799de762c83b0d96ca392136ac24,"미나ㅣMeeNa",virtual,24584,2458,113,39.022222222222226,63
10b7410e52f8040ec86ec36c90f8b508,"마리모O",virtual;mktalk15;spearforest,23522,2352,80,46.9500998003992,50.1
e0274a3a59f75085945727217968968d,"쟈미쨩",virtual,17498,1749,88,54.85266457680251,31.9
54cf8e05daaaa9577ad0f211d495dc95,"고다요",virtual,14417,1441,144,50.764084507042256,28.4
91caa53fc6cf5ee3cdbc802bd23bf155,"온하얀 ONHAYAN",virtual,17489,1748,94,51.896142433234424,33.7
33d58e8eb2014d6e6c5eb74dcc587ebd,"키미도리 메로",virtual,10769,1076,168,65.66463414634147,16.4
d83adb241f93618891f71e852bf9c541,"한 서 린",virtual,17059,1705,78,57.827118644067795,29.5
79d0b29819d33db4b3309584b789c4d6,"10송",virtual,17048,1704,101,47.4874651810585,35.9
a9ce5b5e9afd1dfdf99df0ef228b7d1c,"서다흰",virtual,18824,1882,113,41.4625550660793,45.4
6ddd2ff1d43ae1e23e04e72409e40d84,"이 렌",virtual,32385,3238,76,38.59952324195471,83.9
491e397278e313b59c62b4526c1b4200,"따람지",virtual,18444,1844,107,42.30275229357798,43.6
5528b971123df85b8334bb17d799c268,"진유연",virtual,11303,1130,94,76.89115646258503,14.7
fb5a19da147bddf120d1c04bfb605ec2,"미먀모 MIMYAMO",virtual,22129,2212,98,39.58676207513417,55.9
2a785e0fceded1ebe9211d0c2060710e,"우유니 쨘",virtual,10254,1025,144,71.20833333333333,14.4
b28d617a1d981cfff65d163f116cab7d,"디또띠",virtual,12406,1240,140,53.93913043478261,23
04915630b88e200dc8f404831a12ab37,"앙 쥬",virtual,11750,1175,100,69.11764705882354,17
f795b445d35db5ece3d1d614c1355def,"모로이 모나 같이보기",virtual,15848,1584,97,49.99369085173502,31.7
c8ce4df6e6cf691f05df554739ad05ed,"뿌요 PPUYO",virtual,15663,1566,108,47.3202416918429,33.1
05ed3d1a39842c054856aa9b3b29ef18,"감쏘야",virtual,16313,1631,88,50.19384615384615,32.5
8088ba35af7d2a4776590fbcc1d5a462,"가도아",virtual,11474,1147,113,63.392265193370164,18.1
7efc4ef99cec0b3d2cb5cd844903d282,"고동백",virtual,21685,2168,87,41.54214559386973,52.2
a035fc7c8bdd74d644aa134c38619513,"너나비",virtual,18221,1822,97,43.280285035629454,42.1
bd8ea6e410898451b78bf9445a7642c8,"케이사구",virtual,12747,1274,82,66.73821989528795,19.1
d0c1e0c1fee95ce6c30633365ff14851,"흑영랑",virtual,14259,1425,79,59.66108786610879,23.9
74a2d3bb7aa1b0503e21bf58e61bfcc1,"이큐 EQue",virtual,17229,1722,78,48.260504201680675,35.7
dd3f969930648997b95c222776e38172,"민네",virtual;leopel,9008,900,239,71.4920634920635,12.6
3d11f301d71cce5bcd1e96bbaec314be,"하루나엘",virtual,12074,1207,130,54.143497757847534,22.3
baba7db944bf727c82747e3fc2fa3c4d,"이비 EB",virtual,17916,1791,77,47.14736842105263,38
b54e6349785f789d10edc822c0ef4b89,"호로라 Horora",virtual,14597,1459,94,50.50865051903114,28.9
963d93f0e33be26b837171331b567b7e,"금진영",virtual,18971,1897,76,45.38516746411483,41.8
b7274c0f22d28001a882b950d5a18404,"뽀야치",virtual,25890,2589,90,36.05849582172702,71.8
73d006ad5ed12000547433ed33a68247,"옥우",virtual,15709,1570,100,45.01146131805157,34.9
baf2109352261c8dd091feae895f3a11,"센 카르멘",virtual;leopel,10205,1020,106,75.03676470588235,13.6
dd0c8399708b2a4f183ecca14e7175c1,"리유 Re You",virtual;leopel,14055,1405,85,54.688715953307394,25.7
0c177930bc3f79b69dd43b820ff606b8,"박로드 LOOOOD",virtual,9228,922,136,77.54621848739495,11.9
be3d3c52d16ccb8ce8e5e33dca7f09a0,"문서희",virtual,15996,1599,106,42.88471849865952,37.3
897a1ed91293eb9517b4620c07879153,"김하루ㅡ",virtual,8735,873,133,88.23232323232324,9.9
a872c0594e60f943748d76c565dd3a07,"믕비MeongBi",virtual,12127,1212,99,56.4046511627907,21.5
5786141997728cc2fcd660a15ef5f3af,"호시에 제로",virtual,14216,1421,99,46.006472491909385,30.9
67e3903479d8025e9df3e743e348de1d,"모리 Mori",virtual,17741,1774,89,40.59725400457666,43.7
97bf6a96e19616aba1a5f95e5dc0a901,"일오 채널",virtual,21851,2185,77,39.089445438282645,55.9
d6ca483312eb96b9323c3283eaec6516,"코리수",virtual,10938,1093,103,61.10614525139665,17.9
aa6e91dc838cdf50996ffdb86f5854be,"미네르 Mineru",virtual;leopel,16019,1601,80,44.62116991643454,35.9
3001c37f75cbf22525da511c05172c5e,"아사미야 나오",virtual,15854,1585,86,44.16155988857939,35.9
2c7bd68315677b7d67314235e136d058,"안제이",virtual,13178,1317,104,44.82312925170068,29.4
1b72f1d611d7567b000ebb868cdd112b,"딸 라",virtual,18691,1869,102,35.19962335216572,53.1
bb09c3d77aedaee9c38144d106dd48dd,"이플린",virtual,12187,1218,95,52.98695652173913,23
76f35e115d44da8d23d4369ee606dbaf,"뉴정",virtual;mktalk15;leopel,19227,1922,72,39.15885947046843,49.1
8b827c26630c78a3103f7edace82e66a,"치쿠사마",virtual,16151,1615,101,37.214285714285715,43.4
b20c3fe90315b3b88964dbe9dea7f27a,"족제비와토끼",virtual,11907,1190,125,45.10227272727273,26.4
6083cd428f4fe0a2c3c806917827e310,"유 식혜",virtual,15741,1574,76,44.71875,35.2
6c60ddcd83b2543a4a339a79fbdbb949,"콘야 유메이",virtual,21244,2124,68,38.69581056466302,54.9
6636ac6dcac9c0b1e93b8259b8aced8d,"시노 레이",virtual,16205,1620,74,44.155313351498634,36.7
9e95bfd2c9295ffa6f60dcb1e227af62,"쿠크리 KUKRI",virtual,9944,994,106,60.266666666666666,16.5
dc132ee274a3c2034db4e6e188aa4bed,"아리스마나",virtual,13376,1337,127,37.78531073446328,35.4
992d8915427e9f8fe7feb08742f95f1e,"안뉴이 네리",virtual,16307,1630,77,40.264197530864195,40.5
aa37bbdad4f5f9097bbee2faa3e511f7,"댕 키",virtual,13609,1360,93,41.74539877300614,32.6
56ac0735c277454426872c361c3fe54e,"유콘",virtual;mktalk15,7653,765,227,75.02941176470588,10.2
2caa0a02ae68cd012c2a89e0191403c7,"강사라",virtual,17217,1721,83,36.86723768736617,46.7
216f493f2e25392dd67a7cbf79f263bb,"로카 EroTiKa",virtual,13272,1327,88,44.093023255813954,30.1
92bfebace004726ea337b3b911f579fe,"뮤리벨렌",virtual,15586,1558,83,39.76020408163265,39.2
b770b78c6187e716e6b4530597e09522,"스바루 Subaru",virtual,16954,1695,69,40.853012048192774,41.5
8714050e915c2e7cd5d551756fd3dbb5,"슬히찡",virtual,18484,1848,85,34.549532710280374,53.5
51d2b920e94da2731db5803d01b3c821,"바니반희진",virtual,9122,912,107,63.79020979020979,14.3
354a21d5de27d11b47be0ec8008a89ce,"꽃분홍",virtual,14911,1491,74,42.00281690140845,35.5
f8c781ada0626bd8d2d3ed4e403cc375,"여주 YLIF",virtual,13282,1328,106,37.84045584045584,35.1
e1c29ad471fff4e804345cb21181efd0,"고으리",virtual,10768,1076,151,41.41538461538462,26
270b1c629013679b7341b0e764c0fc0a,"다정현",virtual;mktalk15;leopel,12452,1245,114,38.9125,32
a57df5bebba78db17189b24b54d5a2e4,"모다해",virtual,9274,927,156,49.329787234042556,18.8
93e5e28013a8ab45c1a09fc5ae6135d1,"시아 이르엘린",virtual,12478,1247,79,45.70695970695971,27.3
2d4aa2f79b0a397d032c479ef1b37a67,"후추",mblee;mktalk15;virtual,17714,1771,145,29.13486842105263,60.8
8f1942d6145656362a585633bc646e53,"카루메",virtual,12680,1268,126,36.967930029154516,34.3
0983cf5bb08f0068cd884affb4c01616,"다린 Darin",virtual,9858,985,110,52.716577540106954,18.7
6270b80533a0d60976d9cd5619024980,"김아이",virtual,9477,947,104,56.74850299401198,16.7
7e18f0af4b6bdb8d8629a89ade81acba,"토다기",virtual;leopel,8256,825,134,66.58064516129032,12.4
b8413baca31cd4540d400c4fab1e7a29,"비 영",virtual,10538,1053,90,50.908212560386474,20.7
424db00719df9531e9e0534851725c6d,"드얌",virtual,18280,1828,59,39.481641468682504,46.3
2f838d7918af82397837de6ea7b9715b,"꾸야에오",virtual,13042,1304,78,42.20711974110032,30.9
6d19acd7aee6783ede66bbb1261381a5,"꿀멩이",virtual,12127,1212,75,47.55686274509804,25.5
72540e0952096b201da89e667b70398b,"라빈 라비린스",virtual,11299,1129,112,41.38827838827839,27.3
5c92903d370e18878dd4f38bbddc929c,"어화둥둥이",virtual;mktalk15,11411,1141,84,46.76639344262295,24.4
897fa2922e9ecb01471ffd2acf57d66e,"민지b",virtual;mktalk15,11095,1109,90,46.03734439834025,24.1
d3feaaee7b98d56475dad56e9ab73827,"류채경",virtual;mktalk15,12239,1223,83,43.09507042253521,28.4
40132b11317951dafff8c1a770b34b63,"산 SAN",virtual,7688,768,152,68.03539823008849,11.3
2971340b547cf76dad2876252f2204f7,"마나세 냐쿠",virtual,13850,1385,71,40.6158357771261,34.1
1162f959f6cc26814d16f5d364d43a06,"이토 제로",virtual,16270,1627,77,34.98924731182796,46.5
2f6568e8e8952b5e51a40f1ef0660ecd,"아키타 AKITA",virtual,6289,628,223,98.265625,6.4
cdedd10b0a6c0c007a028a4f15c82ad1,"삿땅 Sattan",virtual,9194,919,98,54.726190476190474,16.8
aa847cbd6e13b50434daaa279238e260,"동이리오너라",virtual,14436,1443,76,37.11053984575835,38.9
9a3ed215c3ac19a3f75159a674485921,"베 뉴",virtual,16683,1668,77,33.432865731462925,49.9
97c69a12835bba786fb82f2c849f2ba8,"챠이로 쿠냐",virtual,13016,1301,122,32.37810945273632,40.2
cc111c664f8e6a2ce297fd9a52db5636,"하라페코 모모모 Wishing",virtual,8357,835,119,58.852112676056336,14.2
0be2463dd64b33d112655a76cf6be7ea,"얀즈",virtual;mktalk15;leopel,12070,1207,88,39.834983498349835,30.3
852d27f701a047c7dba8ca41cd88e319,"카나프 Kanaph",virtual;mktalk15,7396,739,151,68.48148148148148,10.8
79fbb3f5195aad2d11f76c6b5535dc02,"히라뀽",virtual,14848,1484,74,36.303178484107576,40.9
48a7287b7387803823c221f02558b325,"꼴리면자러감",virtual,16898,1689,71,34.20647773279352,49.4
ecc04d89c41debfdcf44a127498877c7,"전홀리",virtual,12748,1274,92,36.737752161383284,34.7
4a1eb484a0e13d256944e9fe5d8b4f67,"루태",mblee;virtual,10511,1051,156,35.51013513513514,29.6
36a434c26b9da377a538a6e4b2b6f2c6,"꼼지라쿠",virtual,10349,1034,81,46.828054298642535,22.1
d26a325a00b23047a06b1cd1e50d76b4,"뵤리애",virtual,8521,852,124,52.92546583850932,16.1
955918278967f073ca7b11f922e65c3e,"미즈히로 슈우",virtual,10912,1091,96,39.97069597069597,27.3
3c2e52138d5b7fd1c1b750df807b8fc0,"미 츠",virtual,13154,1315,95,33.55612244897959,39.2
90052ce3203b1a6edfddbaf88b759e66,"새우 새우",virtual,10271,1027,91,44.46320346320346,23.1
07d0b756965acfb5fee4042f7ec180d0,"플로라 코튼",virtual,12709,1270,82,36.94476744186046,34.4
6e976999fb675988d907b59cec1fe9fe,"기 찬",virtual,12069,1206,77,40.23,30
05fe6d7cecce71ac727f6b7124b05e29,"나팔뿝뿌",virtual;mktalk15,8891,889,167,41.74178403755869,21.3
fc1141b66bf941e151e467ceef713acc,"김토키",virtual,12096,1209,75,40.32,30
c0736848f7449f5aff412c6a875b2c95,"시소가영어였어",virtual,16901,1690,94,29.393043478260868,57.5
9525240500f8efc14d615cd7dc0e537c,"상여자루다",virtual,19390,1939,97,27.739628040057223,69.9
1b40bbae0ca59f99cd21cf6a1061699f,"어짤",virtual,12155,1215,81,37.05792682926829,32.8
57eb303deca7f8f89072929e3543171b,"서뚜비",virtual,16306,1630,75,31.29750479846449,52.1
4821f1d1d8359bd740d8d73d7bc284f8,"리베 Ribe",virtual,9132,913,164,38.2092050209205,23.9
40aaacd9eed9de2c511f23070f70c9d1,"빛나람 starnaram",virtual;mktalk15,14493,1449,78,32.35044642857143,44.8
0620b50934f58b684d7aa06a813ccb48,"카논제이",virtual,12357,1235,101,32.43307086614173,38.1
4e784e3a590ae48ecf6385d9a6065f83,"아오세이 준",virtual,9751,975,77,47.56585365853658,20.5
fcb753fcb6007b1fd8a1275562a31b11,"온유 ONUU",virtual,14572,1457,75,32.526785714285715,44.8
4a33d0caaecfe788df26c9d1e5abdaaf,"별빛스즈",virtual,11023,1102,65,45.36213991769547,24.3
f9efec5bd77dd0ea0a9c307057038348,"백 도 아",virtual,13194,1319,108,30.261467889908257,43.6
e0148650aafbdd530cec9b97251db8c5,"유 리앙",virtual;mktalk15,14857,1485,79,31.212184873949578,47.6
85dba554217ae20be2e5ab924b2f6e9a,"므 어",virtual,14388,1438,90,30.354430379746834,47.4
2f15b1272b730b79a43a0bddf3b5d1dd,"온유 OnU",virtual,11415,1141,86,36.94174757281554,30.9
4695513000a3ec512bd0fed52fdc6e93,"하예솜",virtual,16036,1603,64,32.65987780040733,49.1
931a442763cbc01cc2d88af283b9781d,"에린 ERYN",virtual,8491,849,101,49.08092485549133,17.3
b6a1a1b3e7bd6a8860d61c09a6b79df5,"밍두",virtual,16012,1601,122,26.775919732441473,59.8
dac66ac2fc9b0d075ca026b136341570,"우사미 미유",virtual;mktalk15,10437,1043,125,33.45192307692308,31.2
ab756bd312f988fa13e2d5c8744c91b0,"김 달래",virtual,12561,1256,64,36.944117647058825,34
de8e83d0c236c3f4d47db5c6714428d6,"한도이 Doi",virtual,12831,1283,76,32.81585677749361,39.1
1167f646012d19167d57243cb1d7d938,"와조킨치",virtual,11548,1154,87,34.26706231454006,33.7
593ade4b57e4999a9051496db7d0f9ff,"숨끼",virtual,12324,1232,89,31.844961240310077,38.7
518166cdeb0ac9bb7119a381be5df7f4,"덴 카시우스",virtual,12778,1277,77,32.431472081218274,39.4
c84df61388f2c2bb8afac273bfd4d90b,"루아 블루벨",virtual,11945,1194,98,31.517150395778366,37.9
5fb53f10e2fe2dfe77cb2cc007d63c42,"이운비",virtual,12808,1280,78,31.62469135802469,40.5
6dfc01cbc7a7180f95311efa63481369,"난지 NANJY",virtual,13638,1363,89,29.712418300653596,45.9
531a13d0f6e13972eb37775768d1410d,"차니0110",virtual,14779,1477,58,33.665148063781324,43.9
60cc882aeddeef86f0bb738fd9e079f3,"SHIN 희범",virtual,9984,998,80,39.936,25
78f1fccfc5bcf0c27b525f57675ea5d2,"치즈냥 ZuNyang",virtual,11207,1120,72,37.23255813953488,30.1
d20f164fe5946abe0bce2e5a43052923,"모코 파르페",virtual,10189,1018,66,44.108225108225106,23.1
da098b7b6def60b21ba450c110bf5239,"연하온",virtual,9941,994,87,37.65530303030303,26.4
d218cfd63f788565fccee5483e74bb1f,"한 이오",virtual,10520,1052,80,36.15120274914089,29.1
35950f5be185ea41d70dd3096fef17f2,"코 코 님",virtual,10934,1093,68,37.703448275862065,29
1ddbc0a60a6a3289c2873ed6b43b20af,"임 설",virtual,13456,1345,56,34.770025839793284,38.7
a0184ab51a6d2b3d00c828dab6ae3d61,"윰 또",virtual,5747,574,156,84.51470588235294,6.8
f199ce331a0e2869f1257ae70ea9241f,"오렌 Oren",virtual,6778,677,181,49.838235294117645,13.6
af51552244c8bdc6d3a8202303554377,"테 테",virtual,11280,1128,80,33.27433628318584,33.9
d4a790246202e97cfd90a193e17ebcb1,"겜나나",virtual,14178,1417,65,30.55603448275862,46.4
e62b2771a14fb902fba8b3b324d59e45,"이소 2SO",virtual,5717,571,140,84.07352941176471,6.8
69de50280ca6e99d48eff5f1d383fce6,"밍쑨",virtual;mktalk15;leopel,10522,1052,69,36.4083044982699,28.9
8729b4ac10b8fb5b95f489f4c243b181,"지요시",virtual,12056,1205,59,35.45882352941177,34
ba171336221a7fc1ac069b2fc7e7edaf,"쨈하니",virtual,10453,1045,60,39.296992481203006,26.6
ff8a77860f5a1da0bd6991c5041525f5,"모야지",virtual;mktalk15,4572,457,461,147.48387096774192,3.1
2e9602da2a4897bcfd8e08015e2c65a5,"도진 YLIF",virtual,7690,769,131,40.473684210526315,19
a1c82f5477f4c1c96ef409fc115a3e19,"김더미",virtual,10233,1023,65,37.21090909090909,27.5
e1d7c110f8d2dd8e8752c97c9d9dc63b,"리연 L",virtual,33471,3347,109,19.935080405002978,167.9
b361878b4700f18112f833bc5090fb73,"리 쯔",virtual;mktalk15,9703,970,67,38.657370517928285,25.1
31a0a1894d38f12111186e43c5f5fde8,"라코유달",virtual,12974,1297,53,32.6801007556675,39.7
1578d4999bb78f6c886c4c7b09e48ac4,"피아노츄는 김츄츄",virtual,13939,1393,53,31.1834451901566,44.7
54bdb327ed6039db869d15b0e5eec394,"린시",virtual,8268,826,99,38.27777777777778,21.6
76ec1d49712f829dc5f1e485127a08fd,"정레나",virtual,11455,1145,53,36.59744408945687,31.3
174eee103bda87d4005db7b9bca0e98e,"김카키 KIMKHAKI",virtual,6451,645,107,59.18348623853211,10.9
b164ebbfdc276d3d77505d6912b5843b,"셀레스",virtual,10562,1056,69,33.3186119873817,31.7
1222205011fdd76b663d7b082effcc38,"차차엘",virtual,18021,1802,47,29.25487012987013,61.6
fefedccfe6a4803803a1f1c71ffdbc65,"로미미",virtual,11462,1146,72,30.242744063324537,37.9
5f7890a846ee8f4648dbb35f98dbe41c,"남궁루리 NGRULI",virtual,7518,751,69,55.279411764705884,13.6
7a54f99072535a6976b2a43cf5a4d26a,"서몽 ILLUSION LIVE",virtual,11162,1116,61,32.82941176470588,34
319363f7de8e9533e9424c222561604c,"르케Leuke",virtual,15737,1573,47,30.43907156673114,51.7
3553849193a26f157ba0b83d6ea1857d,"월야화랑",virtual;mktalk15,8518,851,69,41.551219512195125,20.5
568c1f0a86448b075ac7ff597c407b88,"어츄",virtual,9837,983,98,30.08256880733945,32.7
acbd664b89beaa522b1c65d1625e7340,"망크빵",virtual,11275,1127,52,35.124610591900314,32.1
2044b293380de23e5df1bb2b4b9407b1,"나빈이양",virtual,9488,948,65,36.775193798449614,25.8
cf882ca21960c190dd6af5c8332d3876,"미엘 스윗하트 HAVEN",virtual,7223,722,236,34.39523809523809,21
b192cb11dec2630c8e01102daef7b76f,"나츄",virtual,6496,649,79,62.46153846153846,10.4
313b45f8f5893f4b1b7b4000fa2da90b,"무하디",virtual,12428,1242,101,24.955823293172692,49.8
aa6fd11803339726bad71855f8c8aee9,"달빛머무는밤",virtual,12464,1246,110,24.108317214700193,51.7
df167369aa606bc2ced92ffbb580fbb1,"알렌비",virtual,16572,1657,63,24.9203007518797,66.5
2337bb8d3378cdc433fd89d376bbe687,"제피zephyr",virtual,6335,633,137,45.57553956834533,13.9
d463ef5f5803dc8bf47036bcf8099e62,"권화련",virtual,13141,1314,48,30.56046511627907,43
bbd2d3a7abc36bc1d71fab75c35fa0e7,"송쿤",virtual,10311,1031,163,24.667464114832537,41.8
48d54fc26fecb87b2f6125a08f484322,"냐류98",virtual,14383,1438,46,30.153039832285117,47.7
f62e2d67324308ec59e009134d9f8a42,"아마노 미오",virtual,21381,2138,74,22.01956745623069,97.1
3e4cec21aa539da475b12e6f294ee766,"시로우미 미루루",virtual,6255,625,117,48.48837209302326,12.9
072250c1145db5796b7e40f787e81bb0,"박진혁3",virtual,11483,1148,67,28.7075,40
371dd31eb93b6c1ca4b7c75cd746c52d,"온하",virtual,8093,809,71,39.67156862745098,20.4
9a71adf8e4e761833f5173f4477acfe9,"미시코",virtual,14385,1438,54,27.66346153846154,52
7c740cb6bc6351e01bce31375175a38d,"어써미",virtual,13606,1360,87,23.87017543859649,57
3e058dcfbb022dfdaa1a9b7d9eefe45a,"귀털",virtual,11383,1138,50,32.155367231638415,35.4
7edea32c0c19842f07c6a1e323a5b15a,"아루네 arune",virtual,7669,766,76,39.942708333333336,19.2
7b7285626b4ca493d0f8c03fa6e05693,"팟 지",virtual,10085,1008,90,27.78236914600551,36.3
0bdd2da7d5dd4c68b00fb6471ab36809,"쏭이",virtual,10338,1033,62,30.316715542521994,34.1
b3faaa462d5ed590e966e7ee8936fa53,"담익지",virtual,11047,1104,66,28.545219638242894,38.7
6b0ff94648d69467df7af3bc2c8ba413,"지 효 닝",virtual,16509,1650,52,25.051593323216995,65.9
5be438fbbd4fa52c27fbf4fcdb21eb5d,"키케미치",virtual,4859,485,147,79.65573770491804,6.1
3068044d6087f8c98143f18c06516b63,"우주링",virtual,12238,1223,60,27.62528216704289,44.3
49233fb6a81a4e54d49dfb28336e1778,"달유아",virtual,5954,595,138,45.45038167938932,13.1
f9fc311fe02dc12836623fef9ca0ccc3,"황금동꽃순이",virtual,17063,1706,58,23.731571627260085,71.9
033f8d082555a8f1ba7bc449e1d4f67d,"네루 쿠로밍",virtual,8583,858,56,37.97787610619469,22.6
ca5e1b3de1da047ac547a29619fb7e1d,"정 시니",virtual,12074,1207,140,22.317929759704253,54.1
d06d354816380d071a3ea98411c60bfb,"박시러",virtual,11096,1109,52,30.316939890710383,36.6
d56bc5b907556633e6499b3e3f5a2b08,"연 구 대 상",virtual,7101,710,82,39.89325842696629,17.8
60a7ca5191e7987432e77593a368582a,"대충1",virtual,13819,1381,42,29.846652267818573,46.3
e0488306bfb284fc5d43f84af4a59ce4,"헤일라 미러",virtual,7325,732,67,43.088235294117645,17
4719905f955b76f5a7e741fa81f6ae1a,"세레나 Serena",virtual,7978,797,109,30.21969696969697,26.4
1963bb156cd9a572916827d4fef7516e,"쇼 카",virtual,6319,631,96,44.815602836879435,14.1
3d08f17e7ec1e2fb258f76c35d992160,"진짜루비",virtual,9312,931,114,25.723756906077348,36.2
c96c49c253eb4122842679c2a3b9ebc6,"유니코 YUNICO",virtual,11658,1165,54,28.296116504854368,41.2
3979fdba8be365f53a3ea57a41df4b79,"하 해",virtual,12072,1207,48,29.159420289855074,41.4
be242dede50d12910ae8d382f55b0ff7,"망시",virtual,7451,745,97,33.86818181818182,22
63711cf14c28eecbd30eb07b469bb196,"단양 danyang",virtual,6933,693,65,44.729032258064514,15.5
65d845f717e3c3abb93de6158c613f0d,"츄이닝",virtual,10159,1015,56,30.14540059347181,33.7
ef876c49d8386f76193f8f1db47eb4d7,"괴양이",virtual,5506,550,93,61.86516853932584,8.9
3878fc3da3ddcda1fad68457ab9e6783,"세리얀",virtual,13919,1391,72,23.006611570247934,60.5
cc0a2ad99af54e3d49c3bcfa2ed7066c,"베르체 Verce",virtual,7755,775,60,38.582089552238806,20.1
1d19dc348fdf699e63885944b49ff60c,"코기사와 코코로",virtual,11548,1154,47,29.534526854219948,39.1
76734a0a4d469bb00304d4018cda896a,"콩루나",virtual,17284,1728,64,21.934010152284262,78.8
d81d59f432489a1f9e2af897bf8eab7a,"이도나",virtual,19404,1940,47,23.406513872135104,82.9
0f1e2588bec80521d573092ec2601aad,"호주머니",virtual,6337,633,133,36.630057803468205,17.3
bc56405400dbae2b1c9072f122c00d1a,"담백컨",virtual,15699,1569,63,22.78519593613933,68.9
515ebb908a3ccae1a12cdf5d60c6b2af,"깅어름",virtual,12755,1275,51,26.46265560165975,48.2
e5e29bda5e2a4a997d40d15c220ff248,"설 몽",virtual,18560,1856,55,22.227544910179642,83.5
1a84e42602fb493fef2ae998947a8782,"에이챙",virtual,7383,738,91,32.95982142857143,22.4
e7dd05e9358afe9aa4749b68f1221776,"먀 루",virtual,12294,1229,58,24.98780487804878,49.2
57609599a4cb3bb0e65325235f276e42,"포요",virtual,4951,495,98,75.01515151515152,6.6
dae4a29e9dfc67fabd1ac509a024afcb,"미 슈",virtual,8527,852,136,25.37797619047619,33.6
f36366e55da4225c6e1512e5cffffb28,"반팽",virtual,7174,717,77,35.87,20
fdc0e45b50ccabb34133a97e8be1894b,"삐쭉v",virtual,8748,874,74,28.966887417218544,30.2
8efc3862292897d542f8cb238cf7d367,"김한라",virtual,9709,970,52,30.058823529411764,32.3
82502a15d0293caab3d8f90fb1713530,"오츠 글라디우스",virtual,9320,932,48,32.13793103448276,29
7dd6f0927c18f4acc3f40b8d31a80f0f,"블루파랑",virtual,10745,1074,56,27.20253164556962,39.5
920708a571b8b9d89e5956963662c08e,"재울게",virtual,8004,800,65,32.016,25
939efd46507c177fb35f803777602c5b,"JiNiE 지니 I 에델리안",virtual,5151,515,140,51,10.1
0ba28040a5feb90e706d643ad662930e,"모지오 Mozio",virtual,9411,941,57,29.13622291021672,32.3
afd12ea904a658d888db3a8353d6a160,"시공보이",virtual,7158,715,64,37.28125,19.2
075118b6fd7f16a5703e85e86102fd68,"은왕",virtual,8983,898,50,31.519298245614035,28.5
03bc1508b04c3fc4788af8bd0c9db08b,"김재이",virtual,11060,1106,57,25.36697247706422,43.6
691e659eb962f340b42b2a145d196b0b,"렌야 베레타",virtual,7914,791,72,30.555984555984555,25.9
a0df4874e1d6cdb2b7ee2ac4ef36aad4,"후유 에드문드",virtual,6507,650,64,42.80921052631579,15.2
2b643e1b0cb736763965e0830179a297,"루 랑",virtual,8535,853,57,30.701438848920862,27.8
21e45f2d67f33b783e58a0823ac43d2b,"양담비",virtual,6425,642,100,34.543010752688176,18.6
1296a4df3696511c2239cf641cfd0fd0,"하야시 이로",virtual,8471,847,56,31.25830258302583,27.1
746201a013be741f2d751e63c8d317ae,"하랑히",virtual,6931,693,96,31.22072072072072,22.2
55ae73f181013c3337e6a6f14e4e0d53,"오소라",virtual,9520,952,52,28.93617021276596,32.9
92e5c7f8a6bd79920a1c930e6f011623,"쿠키 Cooki",virtual,6032,603,74,44.35294117647059,13.6
13bb5ec9983591905304b93f54eb94db,"겜비 게임하는도비",virtual,12977,1297,50,23.898710865561693,54.3
8968e548991e09739da81e75c7dc75c0,"테루미 다루",virtual,13867,1386,47,23.867469879518072,58.1
14a414f8fee245c88ebc02de2ec2d2bf,"싱압둘",virtual,8965,896,53,29.883333333333333,30
37ac1f698a0c99c9341f8dc27e84b4f9,"좋은나날",virtual,7815,781,144,24.968051118210862,31.3
c02efcf40df6fcdc0c0a7f611a0937fb,"오스카 Oscar",virtual,9685,968,44,31.041666666666668,31.2
cde9b4c389b36d38c8b2693a95de7385,"나다n가막",virtual,9379,937,45,31.263333333333332,30
cd032bc69d4f683e3c645a8d3fc20d42,"김 츄",virtual,5651,565,75,47.889830508474574,11.8
960e31e711e3cc40c506e4ad8208620a,"카야 KAYA777",virtual,8515,851,47,33.3921568627451,25.5
34dd8435552bd6739e7158f7762705b8,"나을 Naeul",virtual,7736,773,64,31.193548387096776,24.8
fa13aa7f06e0ab87ff5eee9935d40c98,"아쾅 Akuang",virtual,16805,1680,38,24.71323529411765,68
425366ceabbd175f051db2e87c3db139,"멜삐",virtual,9687,968,54,27.5982905982906,35.1
7c3c0cb8f3a5498b7a2956ef42e0b414,"김 열 정",virtual,10696,1069,71,23.252173913043478,46
0412ef0033fc1101403a770737fbc0de,"랜박",virtual,13104,1310,52,23.11111111111111,56.7
82d0d7494afb41193fc469e57e0df5df,"제철게",virtual,7371,737,61,32.90625,22.4
d6e680f5b17eba0b078f978dd722c0f3,"야시로 YASIRO",virtual,9581,958,46,29.48,32.5
6bd4b2733abdca309ec4b2b6c9c0148a,"로기",virtual,7739,773,76,28.769516728624534,26.9
98d01e25e79820a55d261f3baf19f2eb,"루이 Luii",virtual,6228,622,103,32.60732984293194,19.1
fa308a4adcf9d95dc35ede522a8a9aad,"우주 주",virtual,8967,896,46,30.814432989690722,29.1
4e3533fbf8dba3d3ab7eec1dfca763d6,"참 다 래",virtual,12375,1237,55,22.83210332103321,54.2
13add72a9cf1e296eaff035e9fe8b300,"에우아",virtual,11287,1128,53,23.81223628691983,47.4
4314d5bc878a410965548f360a6a6630,"이 리니",virtual,13424,1342,65,20.557427258805514,65.3
fd1ba01789a218cf3500bdcf1d0d55bb,"푸뽀",virtual,12776,1277,41,25.19921104536489,50.7
92bb09339abcf26246d5c7508fb6aff1,"해 죠",virtual,5184,518,87,49.84615384615385,10.4
4af958b5fe302ad3f9a01e3426ba1f6f,"이비나",virtual,4904,490,95,54.48888888888889,9
8739150b36f16b83007642a53f534c10,"아치치2",virtual,10257,1025,48,26.232736572890026,39.1
3ab5d2f7a10442389c660ab0e4451622,"하카세 유우",virtual,4880,488,83,59.51219512195122,8.2
6c144288aea90dbb1f4d9f60da6e8acf,"우쯰쯰좌쯰쯰가리개",virtual,5864,586,118,33.12994350282486,17.7
a46e4420d750f17b3c764bc422a6f411,"젠드로 Jendro",virtual,15365,1536,51,21.369958275382476,71.9
7620bd58fe8202201943b50669a68764,"타나베 하루",virtual,6556,655,130,28.38095238095238,23.1
bef4ad50f587b53403bf5235d9aa7fcc,"라망 Lamant",virtual,5962,596,61,43.518248175182485,13.7
6e0cf11c9837f580d79f1c247d0166c9,"햄루나",virtual,9793,979,59,24.360696517412936,40.2
aacb6131c12f38adb9c22943c15ac761,"김 데쿠",virtual,11248,1124,54,23.384615384615383,48.1
00b3e3351b84827c73d78caba23fa238,"퀸슈아",virtual,6547,654,59,36.98870056497175,17.7
27b38f9ce948643d639f6abfc2788b15,"꾸이링",virtual;mktalk15;leopel,5976,597,82,36,16.6
9b5afc87bb2fcb1773bcd9c434f0fdd6,"다 랑",virtual,11085,1108,42,26.840193704600484,41.3
f4c2ff0be58895c211652674f2f19ffa,"그나로",virtual,7119,711,59,32.35909090909091,22
19e50acc081bbbe156c836dde6becb65,"치카게 사쿠야",virtual,9167,916,50,27.61144578313253,33.2
fad981710a240c690f46d635231a3e78,"유 리 구 두",virtual,8263,826,63,27.36092715231788,30.2
adeb7ab9d551519ccfae37b3788c40f1,"대가울",virtual,12482,1248,56,21.63258232235702,57.7
9d749360ce1c6c4bc0d59f0e6237e065,"명칠",virtual,5650,565,61,44.84126984126984,12.6
b14e49789bae3c00b6b4c98d60ff036d,"HERA 헤라",virtual,9152,915,44,28.962025316455698,31.6
efdab1b9a95b483eb66472bf79603006,"뀨 미 호",virtual,9614,961,63,23.679802955665025,40.6
e35f7c5f089c0b94da7540f08852be44,"솜 SOM",virtual;mktalk15,7465,746,64,29.16015625,25.6
3fefbab86746791039760a3ce516f1da,"슨아",virtual,6247,624,69,34.705555555555556,18
eab61479d66b760507248cdb12c928db,"토우 루체르나",virtual,7555,755,50,31.610878661087867,23.9
d9bea55de83dd6e9083df921480ef1d5,"김염록",virtual,5213,521,77,45.728070175438596,11.4
673b7fd8643c1a6800bb67e5bdde99b6,"연치호",virtual,12661,1266,40,24.162213740458014,52.4
0786a044e6c8eeda0119338e434a4de1,"시 희",virtual,4236,423,114,59.66197183098591,7.1
7b630cfb6f772f91110e952c1449f1bb,"한서이 SEOI",virtual,8911,891,50,27.250764525993883,32.7
dc5a830020254936843b8afeed98949f,"사이네코 코나타 Wishing",virtual,7173,717,49,33.67605633802817,21.3
58fbc220638009db28385db1112d22df,"초깨비",virtual,8825,882,44,29.31893687707641,30.1
9c5288d14ce819f6cf8ef48c521d6506,"아카즈네 카츠키",virtual,5465,546,88,37.689655172413794,14.5
b2f0f7800cb24fad311ae6be70b14975,"안녕나는두벼리",virtual,5555,555,64,44.08730158730159,12.6
a9dad182f11740c035c7c0685f7250cc,"마리owo",virtual,9479,947,42,28.211309523809526,33.6
e630c27b3c51307c1a064213a4a000bd,"유다히",virtual,6567,656,47,39.32335329341317,16.7
f2d1a3685b4b5567caf754dfaf714e35,"실론티 우유",virtual,5623,562,167,29.43979057591623,19.1
2b777f88980e1eda075a9de9928e54cc,"아마네루 피요",virtual,11976,1197,46,23.16441005802708,51.7
8b7b1812ff48c2e63a04ad31237cafd8,"아슈 Asu",virtual,6586,658,112,26.991803278688526,24.4
32d7a9db5ac0a8951a255c63519bb261,"제트블랙 ZettBlack",virtual,12601,1260,66,19.75078369905956,63.8
7e8004f0a82dafa26dfc619513e83d5b,"리쥬 Lizuu",virtual,8494,849,73,23.92676056338028,35.5
2dbd0a9dee4c5ba9f7c0c34ac6724ff4,"레옹 신부",virtual,4628,462,77,57.85,8
714f93d84638d012387ea0924690963a,"큐피짱",virtual,10351,1035,42,25.81296758104738,40.1
c29e893346300b5e778320c11820ab42,"김뀰빵",virtual;mktalk15,8653,865,50,27.21069182389937,31.8
1b55e07f8d3cdf58334796ed76cd9699,"묘현",virtual;mktalk15,9400,940,45,27.089337175792508,34.7
9a3de109da119b34dc6596c11468470c,"웨히히",virtual,10413,1041,48,23.773972602739725,43.8
552b6fe655627fc014fccf800175791c,"잠만영",virtual,11035,1103,45,23.93709327548807,46.1
f966fa6decfa7bbb5c60accf817dd9bf,"윤소야",virtual,7931,793,57,27.538194444444443,28.8
3fa34ebd5cc96ded3941b5b588d25362,"김칠칠",virtual,9023,902,45,27.763076923076923,32.5
1fd54afbec396b332cf2883561f48a0e,"유기농솜사탕",virtual,7585,758,63,27.886029411764707,27.2
6d705e771d02e31473b84b3eb9988ec6,"쎄랑",virtual,7697,769,70,25.828859060402685,29.8
27c308b12e19387d2bc9332c2df66f83,"시 네 진",virtual,10125,1012,44,25.186567164179106,40.2
5891784ca4e2320cfa25668f1f247579,"선아린",virtual,7053,705,60,29.3875,24
4028770e384f396fe3318baad907cff5,"송찐빵",virtual,7915,791,51,28.369175627240143,27.9
7adaadec7096df91b56900f999d69016,"다들 좋은 일만 생기자",virtual,8381,838,62,24.722713864306783,33.9
5d6a0908bb4eac47f3d839cbffe60961,"냐페르",virtual,6869,686,57,30.12719298245614,22.8
4f8439f250042ac377b903cda29b150f,"갈 구 리",virtual,6102,610,53,37.207317073170735,16.4
642cb40de294be8f136fc8566f4f199e,"순두둥",virtual,12959,1295,48,20.935379644588046,61.9
54723d54738fd66730c420e4c17a224d,"김헬레나 helena",virtual,6603,660,64,30.013636363636362,22
50f557a43a5c19517243a2271882c249,"미나토 히토리",virtual,6773,677,64,29.068669527896997,23.3
7b7cfb8f773d30f44fe2803607e66ec8,"소미밍밍",virtual,7377,737,55,28.704280155642024,25.7
93a593a785478071493e9a9932a9a489,"안어이",virtual,8108,810,73,23.707602339181285,34.2
77633b9a2d19389ceb85068b1adcf271,"티알",virtual,8569,856,46,27.46474358974359,31.2
fd8516eb8d31a8a5147e94c281ae3f07,"은초이 Choy",virtual,8031,803,55,25.906451612903226,31
6f3d81da787c852f27bf4c8a36261c1e,"Oo시안oO",virtual,9280,928,48,24.293193717277486,38.2
f53081b9a3ceaea1742f413a83258b38,"청둥찌덕",virtual,6527,652,49,34.53439153439153,18.9
e2910a72427d1976d30a1796f8e39111,"밴냥이",virtual,27028,2702,60,16.22328931572629,166.6
7083e83967817b39ca8e32ce8a91facc,"나 빵",virtual,11293,1129,41,23.576200417536533,47.9
76001571b34d5d8a7451536c7facc309,"아가원숭이비",virtual,3642,364,142,71.41176470588235,5.1
5edfc4deea955ae0bf15b7ab4401c398,"재온 JAEON",virtual,8826,882,46,25.582608695652173,34.5
4d3c8106e0f529e2fb44276c6aeee994,"파오니",virtual,9117,911,44,25.537815126050422,35.7
2745955e38c737ddad72c2faa4803069,"츄 밍",virtual,11885,1188,46,21.60909090909091,55
74b996fd959c56cc5421d887b6d772ae,"준버드",virtual;spearforest,6932,693,46,31.36651583710407,22.1
da7d07e4132e4608de980f50f347ad5c,"모몬 헤닐",virtual,7359,735,48,28.97244094488189,25.4
6e872ef76e61aee6fd9aed66077a9f4c,"게임못하는보니",virtual,22893,2289,54,16.66157205240175,137.4
8e21a4713ba6372e6c5a98c3f7160824,"당근카렌",virtual;mktalk15,7949,794,49,26.148026315789473,30.4
522359c96788ba8e9823799b58e099a0,"해든 YLIF",virtual,6222,622,61,30.351219512195122,20.5
e43e57d18238478ab373d447b8017d36,"위즐리어카",virtual;mktalk15,10003,1000,41,23.93062200956938,41.8
55afeade4c2e1a3107d87f48056b1a00,"느에누리",virtual;leopel,12797,1279,37,22.569664902998237,56.7
3cc92ec03a85885d2d86fc80bb9b6073,"윤해서",virtual,8497,849,41,27.498381877022652,30.9
0388feef7e67393cfc02369b40b22189,"새롬이 Saeromi",virtual,7683,768,51,25.95608108108108,29.6
8746f51a23aad61a7cac34ddb1c1d05b,"흑 주",virtual,5912,591,49,36.26993865030675,16.3
cb23c90f33e6fb59276a787be3e372b8,"딴비딴비",virtual,5380,538,83,31.461988304093566,17.1
8f8dd50690143b06110c93ff9b1a6fd8,"해아 HAEA",virtual,7532,753,75,23.391304347826086,32.2
73d464c3df620ebf7bbf28108ed605a4,"사에 플로시아",virtual,4870,487,80,38.046875,12.8
6445cd09811f4bbfd22e944d4d6c4b8d,"렁 이",virtual,7868,786,71,22.739884393063583,34.6
61acacd56ff16f2b5cd09aa8b9d5002d,"흑지로",virtual,6720,672,84,24,28
d8f9cfab91b27abb7b3f7f2c1a186e29,"달은월",virtual,10084,1008,43,22.76297968397291,44.3
3aa0be9618364797f3532806ecc4e38b,"42곰탕",virtual,10468,1046,48,20.852589641434264,50.2
4a372ebe1371e867cf160dcd4deeaf2c,"사야 세리카",virtual,6288,628,65,27.82300884955752,22.6
c4355058a6bae351ca229b38c0db4a2c,"아탕 Ahtang",virtual;leopel,6104,610,58,29.631067961165048,20.6
45d0e65f8c9f98557a595b9d12736f70,"가을솔",virtual,10831,1083,44,21.40513833992095,50.6
b134c6981709fdb7c9e8c52f42c48d4b,"건망고",virtual;mktalk15,11130,1113,40,22.171314741035857,50.2
cc3e3251abaf1466434849bc0955cb4e,"츄키 CHUKi",virtual,8910,891,37,26.676646706586826,33.4
20e1a712e2b47f1e709fecae3c746f32,"지쓰링",virtual,13377,1337,36,21.4032,62.5
fb928a3051bfda0662b5ee3c116b71b9,"꿀 뭉",virtual,9062,906,41,24.03713527851459,37.7
3708a2e65c1a964d60367612c0e0f69b,"쪄 니",virtual;mktalk15;leopel,6819,681,66,24.617328519855597,27.7
65e49b4f2591867014403f2599f0b493,"배토Baeto",virtual,5889,588,78,27.64788732394366,21.3
dbc5906d632b15ff5f226285eb68866d,"이리나쨩",virtual,6631,663,50,28.337606837606838,23.4
0396b500c152c7dfaee6641e7da9ceb4,"샤커레또",virtual,7677,767,41,27.916363636363638,27.5
f88e567b0914272ce7afcb427cff322b,"마카 MACA",virtual,5921,592,49,32.17934782608695,18.4
08be8a24e3faa50e86a4c7928df8a2f0,"유히설",virtual,6347,634,61,27.00851063829787,23.5
50bc69419921ed333fee0a0c854076e5,"디아푸",virtual,6707,670,48,28.180672268907564,23.8
038a80933dc75a1373a45c1974972abf,"후쿠미",virtual,8080,808,60,22.07650273224044,36.6
7ef206fc7c057132698b31b3b1c3acdf,"담아 DamA",virtual;spearforest,10313,1031,38,22.766004415011036,45.3
11d8198a35373468ccbc5c669d371080,"세 라 핌",virtual,10438,1043,40,22.0210970464135,47.4
a18287837288ef8b99d302fc67552eae,"뽀소리",virtual,15882,1588,38,19.181159420289855,82.8
bc24f9b896286457f101be5874eb4ceb,"모찌유키 MochiYuki",virtual,13362,1336,55,17.3984375,76.8
68daca14bebc804d56b3dc601c8e7aff,"리 이",virtual,7155,715,56,24.336734693877553,29.4
afe7bad3f54d9542cd3d0a30e38aa8ed,"온치",virtual,7906,790,71,21.3099730458221,37.1
2229be25fd4122083a8f93daf2a55d26,"무라사키 치즈루",virtual,8742,874,40,24.016483516483518,36.4
96be3d27abcfe176659dbabb18464d0a,"아자엘",virtual;mktalk15,8469,846,41,24.476878612716764,34.6
e7b11b2af4a27928e5715420ec9166af,"야코코 Yacoco",virtual,3445,344,90,73.29787234042553,4.7
8866fdb14dc75ee85397c81e0125e969,"아라드 영업사원",virtual,7166,716,49,25.32155477031802,28.3
3ac33ab776f03e1142d47e5b3c639566,"곰곰2Q",virtual,10880,1088,37,22.295081967213115,48.8
341e9802f482e3645de371b5b788893c,"카 알",virtual,13468,1346,37,19.923076923076923,67.6
5736d20e3e18afc5408e9b54190e6c16,"쥬리JURI",virtual,7574,757,58,23.02127659574468,32.9
a84af7f8c35b72723e1908452b276cb8,"리츄쨩",virtual,5343,534,114,26.191176470588236,20.4
33aaff0f55d86efa0f9ad90a9f605c7f,"화이트휘핑",virtual,5642,564,112,24.424242424242426,23.1
ed6874f498ce8559a4118f2f87270a6f,"델 쥬",virtual,7518,751,43,26.659574468085108,28.2
e04181c4169fad7d62d1b81d78ea11b6,"톱밥입니다",virtual,8861,886,90,18.422037422037423,48.1
3435724ab5b1e597b456ed545541410f,"이장댕",virtual,12463,1246,49,18.194160583941606,68.5
5d7f8a961cecff7b7e071f71eaa93593,"휘운",virtual,9152,915,55,20.114285714285714,45.5
76bef7b01fd974591d9c2ffc05d9291d,"이 채린",virtual,13720,1372,42,18.59078590785908,73.8
d4d88e83059537eacfc2be65b129f8f2,"양쿵",virtual,4503,450,141,30.221476510067113,14.9
6e4f4648a22d2ec746b50ca6bdf75a41,"판도라야",virtual,4941,494,61,35.292857142857144,14
17b2791ab1d2e0cd8726870d9931243a,"예 잉",virtual,6677,667,44,28.29237288135593,23.6
7aacd71743fa6e5a1963fd9703be7e5e,"태쁘 taeppeu",virtual,11746,1174,42,19.511627906976745,60.2
3b761f97fcf007834dd6503ecb44f804,"엉토리",virtual,7641,764,52,23.015060240963855,33.2
c4ea3191d51343a47b379b5af69705c4,"해요1",virtual,7584,758,57,22.371681415929203,33.9
b4e6d2d04f7dc0603143afb1d5f23dfd,"달 짱",virtual,8688,868,41,22.984126984126984,37.8
fc62be23517b28eb8c554370aa1eca56,"탐랑",virtual,6600,660,38,30.4147465437788,21.7
0be8dc1c87bc63e51380f779123df6aa,"히레 hire",virtual,6609,660,47,26.542168674698797,24.9
f794bcbf2cbab8f252b8e47d3c6e7fdf,"유우희 Uuhee",virtual,5340,534,48,34.23076923076923,15.6
051a3090c9566bdfd6af01cb1f463c16,"폰루루 ㅣ PON RuRu",virtual,5376,537,60,29.866666666666667,18
a29716533a107b033caf5f16c8d032cc,"카코이 유이",virtual;leopel,6577,657,53,24.725563909774436,26.6
fc034eecd019fd7f35222b50e183ca74,"노래하는러쉬",virtual,6508,650,47,26.892561983471076,24.2
1ff8a41e610bf88e4adca4e1d6d7aa34,"스오suo",virtual,3108,310,100,75.8048780487805,4.1
edd8e04e375fb80edd928f174c23c303,"아마이 로비",virtual,4849,484,82,29.932098765432098,16.2
9e8c51db79db1ffd67c99c3cb6118c1f,"한 여 울",virtual,6451,645,67,23.121863799283155,27.9
823c9105464f637d8a208d11d2bbfd93,"한상한상",virtual,7690,769,40,24.49044585987261,31.4
a36acea87a1cf3d1132140786b1813ed,"권수페",virtual,6038,603,48,28.08372093023256,21.5
300da7a4c97373e6c872fbd85ee842e6,"혜나낭",virtual,7179,717,37,27.93385214007782,25.7
8d3db5769db2ad8d570eeaadece62a23,"꽃이피",virtual,7460,746,74,20.21680216802168,36.9
5d5d3982878e17575a3be74db6d74a09,"유키하 아메",virtual,9633,963,42,20.365750528541227,47.3
f0ee2575fedffbe8405aa9e5a7e87904,"김 츠나",virtual,7286,728,44,24.046204620462046,30.3
2f6c390e61a3bd09cafde6e75ac784e1,"아춘향",virtual,10610,1061,35,21.13545816733068,50.2
a1da758b9398213fde65177b4a33fc4a,"꽃단야",virtual;mktalk15,5292,529,60,28.918032786885245,18.3
5d584809d1945736f4d5503bd95fed8d,"미강찡",virtual,8999,899,38,22.056372549019606,40.8
35eb4ded033312b81de370f365e28ad6,"양지랖",virtual,5887,588,60,24.944915254237287,23.6
540369f6aea657761b250a6ee383a406,"시라이 쿄카",virtual,5229,522,73,27.521052631578947,19
8e3c91ed959b6caf1b4a330bcfb28d71,"풍선고래",virtual,6914,691,43,24.692857142857143,28
eb509a24d92170db1ba9bafb58696be0,"양거북",virtual,9916,991,39,20.278118609406953,48.9
4385ebf9aa154e1bdd55fd12b0039912,"이삼둥",virtual;leopel,3606,360,73,53.82089552238806,6.7
b8c177e5c274f3005936e6594fdb1de5,"타니TANII",virtual,8276,827,41,22.187667560321717,37.3
ebba663909ecfe3ddd8221a77551ecb7,"베르 Beru",virtual,5749,574,46,28.889447236180903,19.9
cbfa98548ac10dc499d489fe50f61dc3,"롤랜드고릴라김수향",virtual,8111,811,40,22.719887955182074,35.7
ebac6407ebc57b06014ba7fb24a70d99,"청아하게",virtual,11291,1129,75,15.813725490196079,71.4
117a2373a4908717ddba745d6391978d,"히 요",virtual;mktalk15;leopel,3809,380,66,46.451219512195124,8.2
979a6c1f85f09bdfa9faf6ddd0647da1,"콩순짱",virtual,5265,526,47,31.339285714285715,16.8
b2382c5940fe09f71f6de5a740d2de2b,"도화비",virtual,4001,400,72,38.47115384615385,10.4
2de1b46d4bc0a8ee5143888e4d306e63,"루 아 냥",virtual,6667,666,93,19.608823529411765,34
4b4245daaab435e9e484bf4f809b810c,"미스터리박스",virtual,8249,824,38,22.787292817679557,36.2
a04c0da91309c8e7334b4ceab8dd0dc8,"아 이 미",virtual,6431,643,56,23.050179211469533,27.9
a0c6cc73a1ad694f70deb952fa915321,"후냐냐냥",virtual,8523,852,40,21.522727272727273,39.6
dc98d46f115a4922d438204afd824642,"딩딩e",virtual,8666,866,42,20.486997635933808,42.3
1e3897fe400dd8cdd5b9bb4b96e999e4,"애모모",virtual,7495,749,51,21.23229461756374,35.3
f67d51b43d3c43a8f2e4e091521d961d,"서벌캣 례이",virtual;mktalk15,5860,586,59,24.214876033057852,24.2
69c9f82ea5a6e9141ae7de1d15506d11,"아이나 모모",virtual,9883,988,32,21.865044247787612,45.2
253d1fb5227796cd5a2bea39a38fe30d,"찌 밤",virtual,7973,797,36,23.381231671554254,34.1
57c46759986b55890b332f0a851c6f78,"솔솔퀸",virtual,5030,503,50,30.484848484848484,16.5
8e5e48f6aff1f698c53309c4ba582553,"김 동 백",virtual,5729,572,45,27.946341463414633,20.5
63d1d26a9dbf5ade38d4fb51b960064d,"캐니 canny",virtual,6915,691,39,24.348591549295776,28.4
3fa2a9006e38ec012535bf50efb217b0,"서 안",virtual,9137,913,42,19.39915074309979,47.1
1d2d2fb344a7b181d610650072ab7c3e,"붠버니",virtual,8115,811,37,22.417127071823206,36.2
7954e98ff81b6e4b85d9321aa6286c46,"수잔 헌트",virtual,6205,620,83,20.34426229508197,30.5
8206293210e24c28cf4896ebac01fb19,"아마모 요이",virtual,5255,525,57,26.6751269035533,19.7
5b78a2610119f246785e67761edf2125,"토꽁",virtual;mktalk15,9317,931,35,20.61283185840708,45.2
8b6ddefc6d8df5a5c6bc2e00aa0999f2,"코롯",virtual,6560,656,62,20.825396825396826,31.5
42ea0f7df99c77dd9b2d57be68602297,"이민하",virtual,13810,1381,31,18.512064343163537,74.6
779de60981afd5a95a827962f796da2b,"서누리",virtual,6330,633,44,23.977272727272727,26.4
49b29986be8ae251cd98397afac2e91b,"천네아",virtual,6745,674,57,20.316265060240966,33.2
56cc621abf7a4eb9a63acd94e319fb14,"숨나",virtual;mktalk15,5776,577,42,27.245283018867923,21.2
4d70bbad33c36e9481f11c9b1f30f741,"짜구 JJAGU",virtual,5090,509,72,24.829268292682926,20.5
8f99eb06d95ad8723673d8081a350417,"머피 벨로",virtual,8545,854,36,21.04679802955665,40.6
1083715618553e192668ef69c2bee0fa,"세피람",virtual,7732,773,35,22.94362017804154,33.7
c43bc58378e0f9f747e2e69db74495b6,"짱빵이",virtual,4300,430,65,30.06993006993007,14.3
288f7aafe3877bb18a4aacced0467667,"소히 SOHEE",virtual,4651,465,50,30.801324503311257,15.1
a80a95f91626493613a7b1093002b26d,"디아 나",virtual;leopel,4516,451,46,34.21212121212121,13.2
348542b853d10d1c6a4a5163a9977b52,"쿠챠밍",virtual,7651,765,40,21.37150837988827,35.8
8bca5c02ddc6c5a8ae9d0867a9ed8c50,"페피노",virtual,8425,842,39,19.96445497630332,42.2
d8f33b9d6b8879f3c2e2ae94ed0dfca1,"레드레비",virtual,5199,519,46,28.565934065934066,18.2
16d228f025613a0091a9d9f685485dc8,"실디아 Sildia",virtual,8107,810,40,20.216957605985037,40.1
30ab42ca28a98141173ab5f65636458c,"호 댕",virtual,4843,484,46,30.459119496855347,15.9
1e4bd7bf6e5f0b8e66614b5b9888c51d,"므크르스 므나",virtual,2548,254,122,79.625,3.2
3ed9232281eb3c1fe3b111b48fc15e3e,"밤시안",virtual,9147,914,46,17.726744186046513,51.6
0f1f0c0fe364b645ba99d8498160c87f,"추봉이 Chub",virtual,4840,484,49,29.156626506024097,16.6
12b5a1a9d67d0a5c9f4e5bb1ed3d8d57,"백도화님",virtual,6215,621,39,24.95983935742972,24.9
35e78c45979f8032ec66d36b144e1871,"짜장 과 짬뽕",virtual,12271,1227,32,18.04558823529412,68
3e382b890b7848a3508a979cb55dd02b,"맹니",virtual,13857,1385,32,17.278054862842893,80.2
4ae9592363b5817433142a807b172bb6,"흐융",virtual,7004,700,39,22.376996805111823,31.3
798cb0d9b70f1589654e64422386f9e9,"돈쵸아",virtual,8164,816,40,19.672289156626505,41.5
bbd1afc23a8a9f68a48e2f13b28c1bdd,"비 은",virtual,9979,997,41,17.415357766143106,57.3
af957f7db8ea0ad9a7bd006a5055514b,"킹레오",virtual;mktalk15;spearforest,3866,386,60,35.46788990825688,10.9
07bba51bf0a233f3f44b54431704b190,"두간",virtual,3348,334,82,39.38823529411765,8.5
864d0e63fdae150763be620468255798,"린나따",virtual,9726,972,53,16.21,60
7800f6f77b65e03d4cfe19c5d189a887,"차원랑",virtual,9328,932,47,16.929219600725954,55.1
ad56369d215c12693a57f2e258452076,"옆집사는헤이헤이",virtual,7260,726,44,20.22284122562674,35.9
b660e71f66b97e2b162fab93e0cd0ba7,"제이양JEI",virtual,7360,736,36,22.37082066869301,32.9
0429ce3f9ce2144f45f54331a3eadebc,"럿질그저",virtual,6493,649,38,23.61090909090909,27.5
2d9f8e70cdc009df2e01c74b92f04130,"콩그라미",virtual,4432,443,56,28.77922077922078,15.4
c46f09e0047c2f3779ca1f93d15a1358,"미토키",virtual,6107,610,52,21.278745644599304,28.7
3fb205fd7b4816c7e9eebf5c7502130a,"밍아 MingA",virtual;mktalk15,7932,793,34,21.380053908355794,37.1
5117020045d403eed8f15c965223c491,"김오니",virtual,5829,582,37,26.495454545454546,22
a7a58a9f4ea484429d6ca06fd1bc3b7b,"하코챤",virtual,6172,617,46,22.201438848920862,27.8
14fd4427ab76277bee9567d27dcbf0e8,"뇽자",virtual,10627,1062,28,19.90074906367041,53.4
58d8c965f644e7e1732460fd968daab1,"모모네코 나비RPHZ",virtual,3712,371,64,35.0188679245283,10.6
c1fff7c09364995853a887468cace330,"이웃집펭긴",virtual,10285,1028,38,17.256711409395972,59.6
2ad80fa7eeea71459da4fa79063ee46e,"아키 STAVE",virtual,7094,709,38,21.43202416918429,33.1
b4339e3ee83852126d58ea55b6a248b9,"포 프",virtual;spearforest,3284,328,153,30.9811320754717,10.6
b89311d7376df54f5a3389e997a77007,"니유",virtual,4055,405,46,35.88495575221239,11.3
4152d4882dee686b05288769bbdb6769,"이프이프 ifif",virtual,7609,760,42,19.410714285714285,39.2
75c30c411b840b8eeaa12ce3401e6d5f,"져미님",virtual,4673,467,41,30.74342105263158,15.2
7839037e2c05af7473df365aab79fbaa,"푸르내 PURUNE",virtual,5312,531,49,23.820627802690584,22.3
35af289529fad221cc2013d02ef1dfda,"엔마 Enma",virtual,3850,385,54,34.68468468468468,11.1
7ba1b27a28e1b9ba6afe80de0baa892b,"힐리아 Healia",virtual,2128,212,163,141.86666666666667,1.5
900d761fd519764075fd7ee8195a80b1,"감치치",virtual,8017,801,35,19.992518703241895,40.1
374eb60afe2276c834bb0a8005a1e390,"아세비",virtual,3585,358,57,37.73684210526316,9.5
9882fe6092959ff9f29bd6c9e6e1c396,"세 희",virtual,5207,520,47,24.795238095238094,21
bee55f2cbeea57d3ec290e0eff90b5bf,"요이 YOE",virtual,6835,683,35,22.48355263157895,30.4
abc1e389bd769b52034052c4a5e78dc4,"차령",virtual,9813,981,32,18.620493358633777,52.7
c45f38431306650d33361c601badd441,"물랑임",virtual,6334,633,51,19.67080745341615,32.2
ff49176260d1424dc72ac38b99a38b5f,"기막사",virtual,4987,498,41,28.175141242937855,17.7
37569f91da7035d9f33c2f73d23d7255,"판자집강아지",virtual,2703,270,112,49.14545454545455,5.5
5a5956351a81b8f52fdc1bb3fa9aaf5d,"단앙쥐",virtual,8475,847,35,19.261363636363637,44
bd435a37373e596d583ed6fd2f17d2f3,"하안 HAAN",virtual;mktalk15;sumiland,5579,557,37,25.70967741935484,21.7
36456402c5de56290706cab427698f85,"서사유",virtual,7469,746,39,19.655263157894737,38
3348a3296feca81788780a5dbbd4c13c,"계화 Gyehwa",virtual,2406,240,93,77.61290322580645,3.1
ebcf5a40a4481db4ea55fabe798db5e6,"반금아",virtual,10504,1050,32,17.653781512605043,59.5
73fc52c403eb3485524c02e1a0f2e623,"쿠뽀미",virtual,4034,403,68,27.4421768707483,14.7
85527008aabf2458456aab0554a81879,"띵진이",virtual,9909,990,33,17.854054054054053,55.5
d06d0f8f764dc783743dab1ee41bde12,"헤 쿠",virtual,4790,479,40,28.85542168674699,16.6
084b4da1b8e782ad1cad3601a3f3eba5,"서린냥",virtual,8246,824,48,16.692307692307693,49.4
2d27c050d8db708af8b54c9d128d2278,"스타으앙코",mktalk15;virtual,7596,759,33,20.697547683923705,36.7
8d2a6539c9b0570f9d69c8539eebeb69,"해 다",virtual,6188,618,47,19.961290322580645,31
cae8ee60856a7d0b4fe7eb75d2a8fe16,"메두싸",virtual,10455,1045,37,16.43867924528302,63.6
aeb7f6cf0d7f8af56797430b5a74f9cd,"B DAWN 비던",virtual,3991,399,57,28.712230215827336,13.9
8bf37f7164e814a1881b40f4f6305175,"짱짱걸안나",virtual,8391,839,38,17.891257995735607,46.9
9d315119cf0beb3f7e09464d7fcba267,"정마리야",virtual,4196,419,61,25.901234567901234,16.2
f6563be189d5ccda981690be5c38c7fc,"서씨가문의수치",virtual,10200,1020,34,17.114093959731544,59.6
5106504560c0b735612769d6d6d21f15,"달꼼",virtual;mktalk15,8161,816,30,20.4025,40
17751a1b432452e451a77c2a0fc8cf76,"하 옥",virtual,7719,771,32,20.25984251968504,38.1
95c52a393d3bd023200005106b15300a,"메디 MediBael",virtual,8960,896,40,16.81050656660413,53.3
aff1b08438a99c1c80fcf03da1884c0d,"하소리",virtual,8459,845,34,18.46943231441048,45.8
257c32dbdc7fb5290a41064729da1568,"아마네 라네",virtual,5325,532,45,22.854077253218883,23.3
50f649cf08f289626bc40c6deb72a58a,"두부조앙",virtual,6791,679,41,19.183615819209038,35.4
2468c1fe1c2844da02a52dfb133494a2,"연떠",virtual,5977,597,41,21.120141342756185,28.3
17466937fcddc5345b2fdfafc9a55147,"천서단",virtual,5847,584,39,22.31679389312977,26.2
1eecd0e2598e45936aa8511a783f8ad2,"라움 볼렌트",virtual,4958,495,67,21.008474576271187,23.6
0b23327c58addf447f0bd931498a59de,"만낙",virtual,5820,582,36,23.373493975903614,24.9
cfe8affb2d6f47e3014bad20c57a4779,"으닝이",virtual,7035,703,43,18.3203125,38.4
88e0c8e14dd95355d663e608fb96931d,"조홍단",virtual,5817,581,35,23.646341463414632,24.6
6c6aa3d67649574c1d553ed2cd7fa162,"성우 한신",virtual,3342,334,57,35.935483870967744,9.3
112677e72fc763fa4bd7a15a21cbc6c2,"이브린",virtual,15060,1506,39,14.061624649859944,107.1
d2d0f52ae58ba9dd9cdf1a2b0007802d,"KONyang",virtual,4061,406,52,27.625850340136054,14.7
e24d8a6e6f04c4f113f50f38028405c7,"강해온",virtual;mktalk15,7804,780,66,15.182879377431906,51.4
d6ea339bbdde8708184e732b6c60bf61,"화련 HwaRyeon",virtual,7047,704,49,17.229828850855746,40.9
16bd6cdfb96c89ff41c6baa60b0ac556,"백팽돌",virtual,11926,1192,37,15.02015113350126,79.4
627069f4be70477d068791adf73d8f69,"선 행",virtual,7813,781,32,19.387096774193548,40.3
eeda20327df27e5c6f88054d3071ccfe,"은서 Eun Seo",virtual,5122,512,64,20.24505928853755,25.3
5fbfe6e67fbd44b49778f9398446c2cc,"Go항상",virtual;spearforest,5693,569,36,23.23673469387755,24.5
961788b44b8bea389168b5bdcec3dc8a,"리쥬 Lizyu",virtual,2597,259,78,54.104166666666664,4.8
beae152e925e1b47c9934721733d9b1e,"라블베리",virtual,7891,789,31,19.629353233830845,40.2
ff2ce361010fd1840bcb2a58b0b52d04,"알유",virtual,4772,477,40,25.934782608695652,18.4
0f8dd536173906358d479d641bc3bca3,"리마파트로나",virtual;mktalk15,10098,1009,35,16.26086956521739,62.1
310181f562cafae105ae73a1b54ecf39,"엘제뉴비",virtual,7641,764,55,15.951983298538622,47.9
a3a9a476ea4dd0eef053d76403c59aa5,"쿠로나 네로",virtual,5625,562,48,19.806338028169016,28.4
8130c3d98b5701a5ca5500b0a8aa4b35,"쁘 허",virtual;mktalk15,2088,208,148,80.3076923076923,2.6
b8a490db52d4a263def87d2fa9b9864a,"포푸 POPU",virtual,6625,662,45,18.05177111716621,36.7
bcf03700c8b1034217de08323e4a7ae2,"콩난이",virtual,7549,754,33,19.30690537084399,39.1
41a1ae4d44647340bd2be35d5ee434d2,"백호범이",virtual,6413,641,33,21.52013422818792,29.8
f9f5fda096ff44d36127036cd18b0db2,"실키아",virtual;mktalk15,4778,477,69,20.418803418803417,23.4
8a79129b34e042fcd825fbffc3f52c99,"볼빵소",virtual;leopel,6106,610,43,19.445859872611464,31.4
3d24cb2450ec17e17f79e964d32a23e3,"펭구리월드",virtual,5886,588,40,20.79858657243816,28.3
9a10498e7e984d9a4d3de557fd9af200,"호링 Horing",virtual,4463,446,65,21.985221674876847,20.3
e1acdaf981a068dedb3edfdd9c0ad452,"김모야moya",virtual,6288,628,33,21.833333333333332,28.8
aaeef066de9c7ccf3693297a45ab9d9d,"야튀",virtual,2956,295,71,37.41772151898734,7.9
fc0357a91c252bb64fb3b3c8b0f95729,"유토 STAVE",virtual,8262,826,35,17.46723044397463,47.3
42cb8a68db58b3f6c4fdbb99bfd8c7d2,"김늉스",virtual;mktalk15,7258,725,38,18.19047619047619,39.9
3b511b986d32f1821aca90b10eb15a0b,"하츠미 HATSUMI",virtual,5911,591,35,22.138576779026216,26.7
9e9495c138266c1ecc16616ec3c31a2c,"별린",virtual,7599,759,33,18.902985074626866,40.2
c4087bcd61fe94e584b7a6f16f4e8c05,"하주야",virtual,5269,526,44,21.772727272727273,24.2
f7904e4a98a7bd557708411fad3a6981,"이우린",virtual,5100,510,46,22.07792207792208,23.1
f55fe79c18a40e8a9a735c5588f8ffe5,"하윤찡",virtual,4960,496,38,24.43349753694581,20.3
42956fe0a0af5cea4fce3fa5721fe2f9,"빗 시",virtual,5690,569,36,22.313725490196077,25.5
1df62f491dc553158c5dade74f64abfe,"배서린",virtual,9418,941,35,16.265975820379964,57.9
785aa10b6341f56919ce32a57ad025bc,"꽁룡1",virtual,5983,598,42,19.552287581699346,30.6
e3b1c8a6af2882052ceda4b225a422c0,"쑤니12",virtual,5987,598,34,21.93040293040293,27.3
c84a64182c888aea021aa689a75f9d1e,"하밍이",virtual,8009,800,41,16.513402061855672,48.5
13146b286a730297d7938bcbc1999a3d,"한다소",virtual,9022,902,49,14.528180354267311,62.1
e613f09589340e95284ec220d90c4470,"지원이어서오고",virtual,4159,415,47,25.832298136645964,16.1
bb7184e008e0429545c151032edec627,"선우현",virtual,3708,370,43,32.243478260869566,11.5
14d38d8fe34cd5f4d253214e3c62e7d9,"앞투원",virtual,9040,904,38,15.97173144876325,56.6
8ddd15c286be9c809054664debbf2626,"도하하로",virtual,5426,542,50,19.588447653429604,27.7
f1aa3ce117d69ba6c850379c8b2250cf,"랑티순",virtual,6013,601,37,20.452380952380953,29.4
746c8b5620110859dd5bc37509f2048c,"제황",mktalk15;spearforest;virtual,2945,294,95,31.329787234042552,9.4
e84904b2acdd8768fed92f506cdbff15,"푼다",virtual,5123,512,37,23.827906976744185,21.5
3d74925cb9c9b0db1fd213da16db6289,"쑥쑥바질",virtual,7216,721,38,17.72972972972973,40.7
1291519620598120c1179ef597684c70,"릴루 Leeloo",virtual,2363,236,76,60.58974358974359,3.9
ce932a15aba8c9704355eb3422702ab9,"순결한 젤리쨩",virtual,6386,638,33,20.402555910543132,31.3
7465c95d6faf00a798ffa8880845037c,"째깐이",virtual,5492,549,44,20.191176470588236,27.2
a0ace7a38f3f4e7a4fe85ea2c1c5a8dc,"쉐 린",virtual,4687,468,66,19.860169491525422,23.6
3f435c8e11264d80695bcf9f9d4bcbe9,"연 푸",virtual,1929,192,150,107.16666666666667,1.8
ac4aae0b01122ae5aad87e81099af414,"히은",virtual,7671,767,50,15.280876494023904,50.2
997a7e213c2e956cf6dbb4077a73d8ba,"르 하",virtual,9567,956,31,16.46643717728055,58.1
82e55f09f2235ac3d23c155bf20877de,"레율님",virtual,6295,629,31,20.983333333333334,30
08cbcf6f38129e27612712d7207664a2,"냐코",virtual,2709,270,61,41.676923076923075,6.5
630a264afababbbf64417e1702d8f71b,"춘랑아",virtual,1889,188,175,94.45,2
0e0b56ad2b567e80a4d2352d6a4bd4be,"윤비나",virtual,6005,600,47,17.66176470588235,34
892766d15996c98280bf5767458488ef,"에이스에이스",virtual,5849,584,38,19.62751677852349,29.8
f37f77a4351c0c05ba3caf765ebe8206,"멀티팩터",virtual,3612,361,54,27.572519083969464,13.1
a44aede0c0be478c73c27dd079e59335,"데스퍼",virtual,4481,448,40,23.962566844919785,18.7
51ff180169bc95b29800c5e8a0b37374,"파루나 falunaflora",virtual,10472,1047,38,14.306010928961749,73.2
b39dcf5d597f48bb23bd975d89b8d35d,"키테라",virtual,2250,225,74,66.17647058823529,3.4
6ff435514692971c23ce8923799097c9,"밀키 milki",virtual,3585,358,50,28.228346456692915,12.7
40aca7837479ddf92dcc4c1e57f30aed,"시라타마 토리",virtual,6527,652,31,19.838905775075986,32.9
4abe83465c0398fd9e2ba96686306fd0,"이현님",virtual,3100,310,47,36.470588235294116,8.5
ff38fdec85167efa94405c328e8e8c6e,"달 루나",virtual,5398,539,33,22.491666666666667,24
a0b5a7e5e5b2536f1a2e210b900d7b2a,"메아리 Meahri",virtual,6329,632,30,20.81907894736842,30.4
1c6fada938b302c8b19784c5ddb5c3d7,"백아란 Aran",virtual,3547,354,46,29.558333333333334,12
21e59fe5c4cdc0211dda82c2b11d0553,"참똥",virtual,6900,690,32,18.498659517426272,37.3
3e871ee5eeefd77fff44260a29f24071,"라두스",virtual,5157,515,39,21.398340248962654,24.1
cd92bff8bd1af1aac48e2e0a11250b2f,"눈잔비",virtual;spearforest,7959,795,29,17.966139954853272,44.3
ed3f2b9e1f3df94090cc0e21bce64519,"판구리",virtual,5507,550,35,21.18076923076923,26
f3d2eadda7186863a891c87f6ad4b573,"반햐다",virtual,5759,575,36,19.858620689655172,29
df611e80a67667f3bfb39e4f5af9914e,"욤미 Yommi",virtual,7548,754,44,15.562886597938144,48.5
dc96def1f0610ce19aa30ec1016054c4,"감은장",virtual,5900,590,424,13.470319634703197,43.8
6229b9a7012dbd6fce7d48cd30c0f437,"쿠시쿠리",virtual,5970,597,38,18.598130841121495,32.1
c315a311746200a9f689b4377b751c0b,"하나네노 츄츄",virtual,6220,622,32,19.68354430379747,31.6
7d26ed2a72f2faa89cc65f1ad4588574,"티아짱",virtual,10578,1057,48,12.852976913730256,82.3
c55f080ab12aaf586646f4d19c982c28,"크리덕",virtual,8261,826,34,16.16634050880626,51.1
d0c40f444065f6a4799883e2f461489c,"호야 YLIF",virtual,4312,431,40,23.692307692307693,18.2
9a1c3da3ada3e13e2fbad6da69225334,"생이 saeng e",virtual,6087,608,56,16.103174603174605,37.8
a27c304d628ae42afd3bd7a3808b6866,"쿠라미",virtual,5617,561,42,18.476973684210527,30.4
ba85331e00fa7a489186cdfc5e365a8a,"에테 아스티아",virtual,4130,413,45,23.46590909090909,17.6
4cc2031a4597b6dd2d75c13fd375e433,"우덩",virtual,6948,694,33,17.6793893129771,39.3
6d92312348f17de35aa222ca3e159256,"꾸웅앗",virtual,11242,1124,28,15.233062330623307,73.8
d900241426189613a90310e93ea09869,"소핀",virtual,3156,315,47,31.56,10
15e35c57757dfa3315eee6d13191d13c,"미네이션 미미",virtual,3310,331,44,30.934579439252335,10.7
00efcb50946db2a58834fcce35186994,"납작한 은하루 Eun Haru",virtual,4002,400,62,21.063157894736843,19
d583388dc780e7867d0e8d712cea5e8b,"김초나",virtual,6674,667,36,17.335064935064935,38.5
4951bc4b943f1ba1de57945198d0a7c5,"히츠키",virtual,5675,567,43,17.78996865203762,31.9
ef4f0b562376c1565f69b52e97804c98,"엔와 ENWA",virtual,8588,858,27,17.244979919678716,49.8
21d119029ab682cd4356b52bc270f953,"님님잉",virtual,12536,1253,30,14.148984198645598,88.6
6f377acaaaacc0b5e9bebc70e45eef4f,"배쨜이",virtual,3145,314,58,28.333333333333332,11.1
43341c5abdd1fb6b3645d195977a1c10,"푸콩이",virtual,3622,362,50,24.979310344827585,14.5
9fa62ce0399664ff3bd565144364451a,"펭양",virtual,9086,908,30,15.884615384615385,57.2
517b17395cf6e8c8741e7df568d4e005,"도괜괜",virtual,8875,887,32,15.354671280276817,57.8
4630315af2bd54510a56e4b131516b13,"행 덕",virtual,4501,450,35,23.689473684210526,19
a227225ef1238641ee95472cbdf392c2,"시로네 하루",virtual,5417,541,32,20.996124031007753,25.8
f3cf176831b673829fad548f8f66db87,"묘리아",virtual,8114,811,32,15.972440944881889,50.8
96e7f7df22670b394e07d1cd4cae1ee4,"먕먕몽",virtual,6970,697,31,17.425,40
8072bbfbad1d04b3ae3f0dd00246ff11,"소희르",virtual,5146,514,35,20.91869918699187,24.6
5e4533b7452d6b9ed7ccfd6d2aa628c6,"루멘시",virtual,6245,624,45,16.22077922077922,38.5
52b2f7d78f07b3b175dbaaa3cb9abc85,"이쥐",virtual,7137,713,29,17.9321608040201,39.8
642eb742fd576d67b13b25805b0f182d,"따 스 히",virtual,2514,251,72,35.91428571428571,7
13a8588a3d892e639b955ebbb39b02c4,"하디 HADl",virtual,4425,442,46,20.298165137614678,21.8
95e771a3e1538cbf48fa34fb4beb203d,"체리아씨",virtual,6609,660,33,17.346456692913385,38.1
79694dfaca6ea013130ab724f4b8a01b,"나누",virtual,1922,192,138,62,3.1
27903270a24831fe43d4e096163142a2,"치사이 키토",virtual,4077,407,36,24.859756097560975,16.4
8c022c8573f112e50687bd3aa437be7e,"먀우 myau",virtual,6791,679,35,16.644607843137255,40.8
3a1a8fad9cc4df8dbd2b12e5664b391d,"쀙쀙줴",virtual,4442,444,37,22.548223350253807,19.7
a86f1bab2b5f0f802c456deee0f2b547,"엘몽",virtual,5292,529,59,16.5375,32
2508d44c2d460b16a4d9c74d81350f2a,"치요 CHiYoo",virtual,2287,228,173,31.76388888888889,7.2
24489c429b281fc5af1f1ab719c43d00,"또네가",virtual,4802,480,42,19.6,24.5
7dab11f569b26f69e759883909f9bb4c,"유 타 리",virtual,5157,515,33,20.963414634146343,24.6
8fce6f18426d3b89b67955e41facf87e,"어캐",virtual,5749,574,42,16.958702064896755,33.9
4228105c1b603ffe19bb84ac362b88b4,"청유라",virtual,6586,658,28,18.763532763532762,35.1
d288cb4e5f9bc93986b7afdb00aae46c,"서여은",virtual,5242,524,37,19.414814814814815,27
3858779015b5ee1de20e16424d181196,"구마 Guma",virtual,8562,856,31,15.262032085561497,56.1
a7cc31004825bda8e5b1743828a74f2c,"축복진영",virtual,8678,867,161,11.299479166666666,76.8
c6f50911c7a5b5bf6a06435fd0dceeda,"하 공",virtual,8216,821,38,14.363636363636363,57.2
78117f089820a016a0c8f48b094aab8f,"김래니",virtual,2158,215,68,53.95,4
fb2d6d9dcf892d06999102cc2fab670a,"도다린",virtual,3657,365,41,25.573426573426573,14.3
947ed33cc008b86f7f0e8796ea388961,"엘 카오스 라이메데",virtual,5508,550,28,21.6,25.5
a63d77c588c72b4d09f203e1bd06edaa,"냐루 NYARU",virtual,3995,399,39,23.5,17
30b7a4f1abda452281f6054f3d2b17d1,"즌다몬",virtual,2827,282,49,31.41111111111111,9
ce21b231a57a49fdab2c114583cfed67,"웆ㅜ",virtual,9263,926,54,12.33422103861518,75.1
c024c1e9cb114ae83989949117d61809,"나그린",virtual,9748,974,43,12.79265091863517,76.2
7340387668327f7da29f0b7308fa76f6,"사사에",virtual,5414,541,42,17.408360128617364,31.1
7bbc7b3b941d51a767f134911a558932,"하루츄",virtual,4350,435,55,18.58974358974359,23.4
6baf8d21940686f50a64f63a9d96e0da,"금이요",virtual,5300,530,34,19.55719557195572,27.1
4e3ca32e65dba189a040bb273f9c1c16,"숙 이",virtual,4381,438,44,20.09633027522936,21.8
c7da7cb81073ab148e664170be2ac9f3,"케미쨩",virtual,1920,192,98,66.20689655172414,2.9
76363b659a74107b5739092e8f65a179,"이묘양",virtual,3936,393,52,20.39378238341969,19.3
afbc7f1c433a0d5a1dd97bc548caca94,"감뀰소녀",virtual,7826,782,59,12.808510638297872,61.1
c0178e31be471fbbf2b7282a8c0d7f0c,"화실 Hwashil",virtual,5815,581,31,18.69774919614148,31.1
e2cdf1ef1d669989359295ef755e8743,"아닌겨",virtual,6588,658,43,14.904977375565611,44.2
fcc7e0d728225d9c1946abd279312aa8,"박잉여",virtual,8662,866,28,15.607207207207207,55.5
8c38df766972984102f61e86c89a73ab,"별로우 Starglow",virtual,6331,633,59,14.10022271714922,44.9
113708096ebf2f057b9b20ae2486295b,"쿠 콩",virtual,4692,469,38,19.79746835443038,23.7
2317be5bb2e826d237ee5b6bea943d84,"후지하나 네즈미",virtual;mktalk15,3761,376,72,19.487046632124354,19.3
4a0493dd6f3542b99943c39848ad1045,"리모 RIMO",virtual,4544,454,57,17.409961685823756,26.1
cf6ea0f828183640a513960ea49c7151,"에숙이",virtual,9646,964,43,12.576271186440678,76.7
b63d860df7124c7c87399670d1359105,"여나 YEONA",virtual,6095,609,34,17.120786516853933,35.6
f323f6d0c4308b33a49e985b91cc321e,"꿀유자",virtual;mktalk15,6709,670,27,17.93850267379679,37.4
2e7284e76328aa98622eaa8ddba433e0,"홍달기",virtual,3697,369,42,23.39873417721519,15.8
75bd70055c7fc28e4c09e477f27989fa,"하마봉",virtual,5045,504,37,18.966165413533833,26.6
a43e3866ad5805003e7e9a68302f70c0,"하젠 HAZEN",virtual,3439,343,61,21.765822784810126,15.8
b37a890307cac6cd30e3ee9aae5f83c1,"연이브",virtual,5133,513,31,20.288537549407113,25.3
7e4e05f9b6fd0862d2c9cc0d01a51ee3,"찌이콩",virtual,5070,507,52,16.568627450980394,30.6
0f4b2c8313c813a863f4c202c8dff57b,"예나츄",virtual,9960,996,24,15.68503937007874,63.5
8f52a7daca1c72330f80b92babd2f560,"렌카즈",virtual,8610,861,32,14.3261231281198,60.1
aaab8f4e08ca394e4012936c8d445b6c,"삼 백",virtual,9202,920,29,14.491338582677166,63.5
e6c1912127a136be2cbce1db7ef0a816,"루비 포르테스",virtual,2392,239,110,28.476190476190474,8.4
950d3a146bc83a8d978df75f5f76ca20,"김덕복",virtual,7664,766,31,15.358717434869739,49.9
0687ff5a3bbaad574fbaa92e5abd1025,"야몽1",virtual,7283,728,30,16.184444444444445,45
f04a7656b5703c08903db8ecc38fd389,"슈콩",virtual,7353,735,28,16.598194130925506,44.3
42d9e35fdeee6c2163494eb12961e9da,"이해찌",virtual,3173,317,54,23.857142857142858,13.3
cc44d50829c2b4152ddc9c0fede33a38,"린다비",virtual,7728,772,367,11.008547008547009,70.2
d8c3a1ffb0706d6c283752dda2f3c737,"이루코 니아",virtual,5348,534,34,18.378006872852232,29.1
875d2d6b168ffda1ea062313de2bb8dc,"쏘야 ssoya",virtual,8757,875,31,14.308823529411764,61.2
b60167c1c2fe92479705996f385e7e2a,"깨미는뚠뚠",virtual,4389,438,53,17.697580645161292,24.8
830d3552c7d6acea5b77cb688e58ba68,"햄부기쟝",virtual,5226,522,40,17.362126245847175,30.1
345e150051f66de22bdc2566a5604b00,"별하시안",virtual,4627,462,38,19.279166666666665,24
153962d5846f35dc607ff8d7b98edfcb,"모모세 세츠",virtual,2305,230,52,41.90909090909091,5.5
ea852f54a083225ae86ec5df85bdceb5,"시라하 마노",virtual,4356,435,37,20.35514018691589,21.4
f1788ecebeeb3384d87c9bdbac9517e3,"하루나 코이",virtual,4663,466,52,16.894927536231883,27.6
d7140e80bad5ce031524c726a5207ecf,"세이난",virtual,4455,445,40,19.20258620689655,23.2
e785798f1e776d12110be5e68daf9873,"시엘 캣츠아이",virtual,4602,460,31,21.6056338028169,21.3
3cd51d9cb1dde566c5629b1dcebdf57b,"타마고 아치",virtual,6676,667,32,15.895238095238096,42
285d198535841d4f85ad8e69c6c75060,"모꾸리",virtual,6098,609,29,17.67536231884058,34.5
ceee602058dfc1cc216e2e832b27d9fc,"종이paper",virtual,3880,388,33,23.803680981595093,16.3
bda7676a8ca63a4acc64167610b5bf53,"토로리 코코",virtual,4805,480,32,19.855371900826448,24.2
df0e20ff2e2b966a2e4032054741c2e4,"자빈123",virtual,5886,588,40,15.612732095490717,37.7
b853cd157a4f76f5a5774b6efdf2a69a,"보리미당",virtual,5228,522,31,19.15018315018315,27.3
14b4cb340aa308996356da1540cf5be5,"유하얀",virtual,4435,443,41,18.634453781512605,23.8
a230dd1720acfac3f401436509ab00c8,"아라타 키야",virtual,4732,473,35,19.314285714285713,24.5
520546ce9c0092b0a8aa7feb9a9779be,"포도네",virtual;mktalk15,4414,441,57,16.71969696969697,26.4
b5a6c1c02b3e09193076b04ff027d6eb,"유뚜비",virtual,5254,525,102,13.646753246753248,38.5
937dbaf38df21d2b2be9359493ce4774,"히스이 렌야 HAVEN",virtual,5267,526,33,18.03767123287671,29.2
77d7bf56142e3a259d2c740d14e1b6a5,"늉냥이 Newng",virtual,4734,473,31,20.23076923076923,23.4
cb3538e09508e4a21ba4b23b170ca8b7,"옆집 사는 토나리",virtual,5134,513,31,19.15671641791045,26.8
9136a84b6629c79e3a94055fc54e54db,"코코유",virtual,7920,792,31,14.452554744525548,54.8
2f050f29c9924122356ac91765f17e56,"냐땅이",virtual;mktalk15,3166,316,154,18.195402298850574,17.4
f470552444c85072cfdfb233d96c0ad2,"구름스무디",virtual;mktalk15,7781,778,29,14.934740882917467,52.1
e0943eed63dbef392640f083daf13e49,"킹지",virtual,7767,776,37,13.626315789473685,57
3e29f8b51cdd0f7566d3840e1a1a4f8e,"렛 삐",virtual,5919,591,33,16.533519553072626,35.8
2eed456b26210e8ea67149dd5ce56398,"루카 SUNBLAZER",virtual,5942,594,29,17.425219941348974,34.1
15558be4cb5d45e6f6c0d2ee9967b8b4,"김뽁분",virtual,6653,665,98,12.030741410488245,55.3
e0f485296633184ce2048e8f0270345e,"얀제리",virtual;mktalk15,4771,477,33,19.237903225806452,24.8
40d277bcb13fc704ed7142cc974defb8,"레 보",virtual,5201,520,33,17.93448275862069,29
5f698948f91fb985ec5342148e82e80f,"은 호리",virtual,4413,441,37,19.18695652173913,23
a424a1b43f42b59755eded7d4a26d957,"킴루시",virtual,8419,841,51,12.044349070100143,69.9
9e8a6e8919730f4b06af6a4c5cca165f,"하엘양",virtual,8567,856,26,14.847487001733102,57.7
29f24bd0a7908aa81ed740dbadbc6b4b,"은설또",virtual,9113,911,33,13.112230215827338,69.5
b20fad17d33c93c5d458f3d7182df995,"곱창등갈비",virtual,3933,393,32,22.86627906976744,17.2
52a6444eb010054c147b8f8ca37fec64,"아 송",virtual,5239,523,34,17.52173913043478,29.9
5f5304f4c55a04e7bd064c3ccfee02f4,"펜덤",virtual,3309,330,37,25.259541984732824,13.1
7cc8a2b0c19cbccb781db5165dec7c9c,"릴리냐",virtual,5802,580,44,14.688607594936709,39.5
8840e6587106713e56f3267a193ae6b8,"소우선",virtual,2646,264,50,28.76086956521739,9.2
43c0d0f534e9caf7713da151da591bfe,"만두집 아들",virtual,3088,308,40,25.949579831932773,11.9
94eac6fe5c79969435a564108cb9ad14,"푸름별",virtual,5991,599,70,12.967532467532468,46.2
d2b7116e5555aea520bd3866b1aebbdd,"뒹굴님",virtual,6886,688,31,15.034934497816593,45.8
0c3b6dece9bf8fead6f4917ba749214c,"킴쿼카",virtual,5577,557,30,17.64873417721519,31.6
1dbe6170fb2911b0410dcc5bbb668a88,"한소밍",virtual,4802,480,49,16.006666666666668,30
4d102ecb54892e3bb9b32e2cdd91e9d6,"푸하PooHa",virtual,5813,581,36,15.71081081081081,37
51805d52143ea5b21ec551868bb1847a,"티오형",virtual,3877,387,53,18.032558139534885,21.5
f0be4ff62bf741a843ca6de9bb269504,"샤 나",virtual,4919,491,38,17.139372822299652,28.7
9e6cde120682c66278782df967d931ab,"우연한 정원",virtual,7046,704,31,14.771488469601676,47.7
5cd51d3c832c0fd8b133d1e6ae08349c,"고보미",virtual,5298,529,35,16.81904761904762,31.5
4d7ec74331f8f3878a113fe3629f4757,"쪼로퀸",virtual,5068,506,31,18.42909090909091,27.5
edca046a9e1e8fa80bc35b7fb8855b0b,"헤냥",virtual,6794,679,28,15.8,43
10262937dbcaa8be1dbfb56e4ee065af,"시춘",virtual,6035,603,30,16.39945652173913,36.8
62306f94bf18e0495f7f34c62dade93c,"펭삼",virtual,6694,669,31,14.908685968819599,44.9
f9c5767197acf2b93313d2f57d432a8d,"린세 이데",virtual,5625,562,32,16.49560117302053,34.1
48d1f6c3fb214ca13afacd0ab1f639dc,"키텔",virtual;spearforest,3484,348,38,22.623376623376622,15.4
1295f0e76d2090192a32ef5b45466315,"백유진 BAEK YUJIN",virtual,3326,332,33,25.584615384615386,13
6be6d8ad44eeb0b710e159349beac896,"루넬LucyNell",virtual,4117,411,61,16.272727272727273,25.3
3d0a92839e13cdb6c87e6a1b8234200c,"바박수",virtual,4767,476,31,18.76771653543307,25.4
325aee7d0bb35ff33ef8713f75289253,"퀸냐옹",virtual,3640,364,39,21.28654970760234,17.1
269edc95873a1ec9fc534851c0783d1f,"구비바",virtual,6021,602,27,16.96056338028169,35.5
03057fc06e3b182b3c28adbf23f6d3f6,"꽃설화",virtual;mktalk15,8408,840,28,14.013333333333334,60
0aa1a483b07d684580025e628b09f1c6,"만나몽",virtual,6863,686,31,14.478902953586498,47.4
3890376d0234bdc59e7ef984ef6cbb64,"조이 JOY",virtual,3312,331,32,25.674418604651162,12.9
83200deed0451059a56775faf689c27e,"아롱 ouo",virtual,4725,472,31,18.675889328063242,25.3
d69f2140e8cfabd8f934e4b360ed0c87,"고 결",virtual,4792,479,30,18.866141732283463,25.4
16348a49d9ed088d9fb214cff6c4debc,"호떡다람쥐",virtual,5281,528,31,17.146103896103895,30.8
1bb5d04f49dace3bad16515215a4f7ad,"요이자키 레일라",virtual,3874,387,39,19.467336683417084,19.9
e78c3cb24db21996f5da3bd33731b1dd,"히카리 히엘",virtual,6507,650,30,15.097447795823665,43.1
b2332a97ce27b190dbeb59a6ec5715ed,"세이그",virtual,4978,497,60,14.222857142857142,35
0385e1a232e51078bad18aef8479ab22,"교환학생 LIVE",virtual,2124,212,77,30.782608695652176,6.9
34dc474cc540a35ee71625eee3c07224,"에르 Ereu",virtual,3729,372,68,16.7972972972973,22.2
70d4c17a7420222f5a249b9e943e2ea8,"청백월",virtual,6032,603,29,16.128342245989305,37.4
e8ff504bacb0216638849e6a7932615a,"비야무",virtual,3536,353,39,21.17365269461078,16.7
7878f3427cfa21c033dfcc1bffdc1597,"멩쥐",virtual,5584,558,30,16.56973293768546,33.7
491b9e277f1cf6c4e27ddea9dffd137e,"조 윤 Yun",virtual,9173,917,28,13.179597701149426,69.6
4f9963668012f5b4d4c2647eb77820e6,"유우챠",virtual,3845,384,32,21.60112359550562,17.8
b4404637ad1effb360c24f507ea9bd77,"천수천수",virtual,5044,504,29,18.209386281588447,27.7
b3e68edfaae473811818628fdcca4502,"헬레나 비 아스테리아",virtual,2322,232,86,25.23913043478261,9.2
eac18c60e22e93d476d9a1e36c9a9aae,"용신 류미르",virtual,5180,518,29,17.73972602739726,29.2
f1252a712a81d6d2ead3ba6c1976d447,"이치노세 유아",virtual,2785,278,54,22.827868852459016,12.2
8d5ed2dcfde122205a547a5dc6f0671d,"귤탱이몽",virtual,7576,757,30,13.926470588235293,54.4
25792176adae309691afcc7fe84e7944,"즐거운 새벽 659985",virtual,7980,798,27,14.098939929328623,56.6
476dcb10a7a17a0d848cfcfcd0c25f6e,"김목화 mokhwa",virtual,6109,610,35,14.30679156908665,42.7
910178578a17431ecb3292b609a63bc4,"손기현2",mktalk15;virtual,4460,446,33,17.91164658634538,24.9
3b369787f543b32d4dccd0143edf263a,"도백",virtual,2244,224,45,35.0625,6.4
41bb3c0d8601b085337900ef18f4f695,"양 치기",virtual,6393,639,28,15.221428571428572,42
80431a7540076a4d6d2c29fa68709136,"또맹이",virtual,6309,630,37,13.715217391304348,46
eb2df69dbb5954174eb1e62e2f3a0671,"셀린 Celene",virtual,4874,487,37,16.19269102990033,30.1
4534f5ab5e44ab77613ab20c27bcb8bd,"쭈망이",virtual,5335,533,30,16.61993769470405,32.1
e5cc68e9f656cd8c00a4dec289191b62,"이써연",virtual,6837,683,26,15.092715231788079,45.3
cd39eb1fd30b5b53672512871f81c3e3,"권총빌런",virtual,4394,439,40,16.581132075471697,26.5
4380da65b41d0b3d0de7ef5ec4e9a102,"호 구 야",virtual,4614,461,34,17.21641791044776,26.8
fd7414e8428411e3b42247643b1f49fe,"플환",virtual,5655,565,28,16.391304347826086,34.5
3750ddc158e88d8971bb19a3581c0028,"루가루가룽",virtual,8249,824,28,13.369529983792544,61.7
07665c7c871c47714c926e1aca7164ae,"빛나비",virtual,3880,388,35,19.303482587064675,20.1
ae2e38949bb60c7e47d0c88c9cf270a8,"베타 시스테인",virtual,5580,558,37,14.455958549222798,38.6
0e5f6262d94a9d4fd2e8abc9e771ede0,"미토미 로하",virtual,4619,461,31,17.765384615384615,26
ee279ba91e254d53bce40b7a1b323bda,"모모팡",virtual,5104,510,45,14.377464788732395,35.5
7aedf346b5af380d8db368ad25377768,"김오브디토",virtual,5530,553,27,16.706948640483382,33.1
90d25b47d255d650d20312f8cc9408de,"권루나",virtual,3560,356,35,20.697674418604652,17.2
5706f0676d2769f81db1b3f31a53ff80,"쿠메핑",virtual,5535,553,54,12.902097902097902,42.9
bf96ae020fb172fbc423a26c46c0d390,"자영이",virtual,5781,578,28,15.881868131868131,36.4
48cbe6b7ab29b43e61ed75b4beaacaf5,"모모시로 카나",virtual;mktalk15;spearforest,4738,473,29,17.81203007518797,26.6
d1b348c0c0fb472d1f57d829e46129fd,"루민 Lumin",virtual;spearforest,6087,608,59,12.101391650099403,50.3
cbbed4b9f547f2811a4cb79e10f4552f,"밍시",virtual,5374,537,26,17.169329073482427,31.3
c95d476610949334065e94d04dd2aee9,"김쿠엔",virtual,7744,774,33,12.551053484602917,61.7
c74e12f274bd25a2a27bd9a848d646e7,"외계우무무너",virtual,5388,538,50,13.205882352941176,40.8
520707ca325f88e232932cf638223f00,"텐치비 TenChibi",virtual,3624,362,60,16.54794520547945,21.9
6e0b5861e51a1a86d7e0093f78965709,"쏘 코",virtual,3563,356,34,20.477011494252874,17.4
16f9b7edec8c98b17d0606e9c716173e,"오르렛",virtual,4662,466,29,17.793893129770993,26.2
6e3e3763144c74fb68aa904ac2fd04c5,"다음날의 다이어리",virtual,5050,505,30,16.666666666666668,30.3
a5f999e06ae065a8bcc80226e8645711,"즐거운 딸기 696355",virtual,6931,693,28,14.08739837398374,49.2
97f077fb9e07f03339a8158f8e4a9aa6,"모혜",virtual;mktalk15,1783,178,70,44.575,4
3c3fed0f28a0e80d5e91829ab9e22037,"고로께",virtual,4695,469,42,14.904761904761905,31.5
7f894159ac4d94eb5e0b774433c9d1ea,"노솔링",virtual,5110,511,35,15.253731343283581,33.5
71a3d031b8583db2e70398222c5a2393,"세랑 Serang",virtual,3050,305,43,20.89041095890411,14.6
0db880f522ee665fa7459d46ec9aeb6e,"준단",virtual,8631,863,24,13.635071090047393,63.3
6fdb2087d2d7d0349d0c194cfe1be0d9,"코메코",virtual,3039,303,32,24.312,12.5
131647952446cbcf467e27313ae6b263,"상흘",virtual,7110,711,32,12.950819672131148,54.9
d93bbde42df2fb18ca4916336598f1d6,"아야나미 코이",virtual,5096,509,39,14.477272727272727,35.2
5b9cb948cc2ed68f92f569f1b1838e89,"유담온 Eudaimon",virtual,4285,428,32,17.20883534136546,24.9
31b26b75870c8a37f6899fdfd69b5e2c,"김시쥬",virtual,5305,530,26,16.68238993710692,31.8
47696c96a78762ec9d14eaabd90c7813,"바다YOON",virtual,6230,623,28,14.387990762124712,43.3
aa26e59c91a22bd430ec1d5d6d965dac,"진다람",virtual,6050,605,26,15.087281795511222,40.1
84085c3d1b09603389bf48dc01dd0490,"엉탐남",virtual,6410,641,47,11.981308411214954,53.5
67f9c47016fe6308b8c4bbdbc695142c,"이깡지",virtual,4024,402,35,17.123404255319148,23.5
d81bf028fb03ae5998831b60c5bc9fd1,"아로니아 스우 HAVEN",virtual,4417,441,33,16.42007434944238,26.9
9558bef30ab3ab17374d2ddc99c04ef9,"김도프",virtual,5475,547,30,14.83739837398374,36.9
652abc4f57f73627fd3b63c1acb46735,"유나욘",virtual,8759,875,23,13.291350531107739,65.9
d85289d53423d800777bebc2320f40ca,"유화 유화",virtual,1963,196,49,35.05357142857143,5.6
cf963020ce85c8b8e57c27bfc78ae114,"뚜둔지",virtual,4684,468,31,16.151724137931033,29
b193b307641fc6d5111234883110db60,"요 뜨",virtual,4597,459,42,14.365625,32
aca36e99198a7587de9dd1bbe324fd87,"토드황",virtual,5380,538,28,15.240793201133144,35.3
c787165bb582747dca8f0e6f83063177,"별소금3",virtual,3433,343,39,18.068421052631578,19
3af24acd7d2a6d24cfb7c28ffe23b052,"해씽",virtual,3139,313,46,18.25,17.2
001fa0b0a6b869d0c1912d2715d14d08,"포뭉S2",virtual,4938,493,36,14.43859649122807,34.2
0298122d69a9b53d2dfc4c4e84d68a09,"로아로앜",virtual,3691,369,27,20.505555555555556,18
b9a9c0046303e93448e799900347a3d2,"빱찌",virtual,4244,424,30,17.112903225806452,24.8
00c75dc74c0bf00a1b4651053e593df7,"2 92",virtual,2858,285,38,21.328358208955223,13.4
fc9354afdae8660c20181740dd41fadb,"햇밤식",virtual,2551,255,41,23.62037037037037,10.8
da2cb92251e061723388e179e220ac4d,"여하준",virtual,2102,210,48,28.794520547945204,7.3
05c6daaae355aeae2f1843b9edc426b3,"루디님",mktalk15;virtual,3704,370,31,18.707070707070706,19.8
e675d3956f76c9b05d2628961555ef75,"백모리",virtual,6281,628,30,13.363829787234042,47
d56a53aa845aeb65d3e32b2cd8be6c62,"마르부",virtual,7189,718,26,13.288354898336413,54.1
03853324b208c0ab35d7cd4f996c6154,"김나큐",virtual,5489,548,28,14.835135135135134,37
f2a9973e36680c32467a266d4e9d90c1,"션 누",virtual,6458,645,28,13.482254697286013,47.9
b4e79ea1f88c1df5bd24c45bd120fdd3,"마 악",virtual,3946,394,42,15.4140625,25.6
965266f4ef45fdbad170a304bea8cd83,"설 룽",virtual,5218,521,38,13.483204134366925,38.7
df6659823ef826712589946135b0ec49,"한재아 HANJXAH",virtual,5551,555,26,15.166666666666666,36.6
d695ff6ef5f86fda14d7951d4e02609a,"차 세린",virtual,3343,334,38,18.07027027027027,18.5
de59aa8cca4cab79be467383a4d52b3f,"뮤로나",virtual,3670,367,36,17.393364928909953,21.1
df0f1ea25a23e05cf2ef031c2d807067,"키쿄 KIKYO",virtual,4239,423,32,16.24137931034483,26.1
bc741dc64aa44a5da5339bae12544782,"남시우",virtual,2221,222,47,25.825581395348838,8.6
be7cd48ab13e7cd514b7d23c110acb94,"모 모찌",virtual,7294,729,28,12.663194444444445,57.6
532c25459da766618aaa9ddd1716da1e,"벨로리아",virtual,1386,138,127,57.75,2.4
8895df5b7733f26ccc6b4f54aeaa1072,"뮤유 Myuyu",virtual,2483,248,43,22.99074074074074,10.8
e0cca5dfd7d1e15513272bc63222d6c6,"프록 prock",virtual,3642,364,30,19.06806282722513,19.1
1fe72956a93536dde7aa15b032d099ce,"여아랑",virtual,3761,376,30,18.436274509803923,20.4
b0ad4b78805f7eb11ac7a9fe0b686242,"엠쓔",virtual,3232,323,48,16.833333333333332,19.2
9d04682bfb43e37a4c058e7e5c1386e3,"모이로 냐아",virtual,3150,315,38,18.75,16.8
ee82e3edded2caa145683f90ef5f833d,"나카노 유카",virtual,3298,329,33,19.28654970760234,17.1
962983077f3bae82480b1d4eb2607b76,"블랑 KRONOS",virtual,3759,375,32,17.40277777777778,21.6
5c027e16c7a1e5a1b5be6ab783f451b6,"웅 철",virtual,5580,558,24,15.287671232876713,36.5
5a907d9b9bb311fbfba1fa8ed3facefc,"설이엔",virtual,3464,346,31,18.92896174863388,18.3
ae62ca36d3ef9891f4c1e34c6e8b3ba9,"나들희",virtual,3897,389,27,18.382075471698112,21.2
573aba785831e27446c5d765ced4de7b,"시노농 XINO",virtual,3370,337,29,19.823529411764707,17
11ac97ff4ba6f995d8cc8e9eaa3fe413,"오댜댜",virtual;mktalk15,3782,378,28,18.44878048780488,20.5
160d1e6a8d9304fd44c2810c31330d8b,"백소얀",virtual,2654,265,34,23.280701754385966,11.4
470676f84e08d8a4c50f2c5288938be6,"레쏘 Lesso",virtual,2618,261,35,23.168141592920353,11.3
6687ef385743cb1d13136c96353b3882,"백근우 I 에델리안",virtual,2690,269,54,18.424657534246574,14.6
0ec2ecf95f0512d7af38c5d630ff6a20,"펠리르",virtual,2735,273,39,20.41044776119403,13.4
5db63960dac94feed33443b2e4c6d488,"니코냥",virtual,10022,1002,22,12.251833740831296,81.8
21030ee8202e8e99785651805fe97212,"마롱 Marong",virtual,2742,274,32,22.85,12
ff5c50ee96f6871112f776679ea2c4ee,"묘링 Myoring",virtual,4249,424,25,17.630705394190873,24.1
391a98b72bdf62e7003f6fe8fb00840a,"온차의 일상",virtual,3531,353,38,16.577464788732396,21.3
ed6bb8d6008d858d1b2378e49a856a81,"서리찌",virtual,4521,452,38,13.910769230769231,32.5
b3e9f222e434ae3016276987bf080eb4,"소봄",virtual,2621,262,47,19.559701492537314,13.4
cc0a71dad2ffcfc969b283531d926986,"탄교",virtual,3947,394,40,14.511029411764707,27.2
b00048724556bf2d9cea583e7725a571,"블루비틀",virtual,6629,662,24,13.36491935483871,49.6
d0f684396a0ad3d42a2d32fec1611fff,"힠카리",virtual,3898,389,29,16.874458874458874,23.1
a976a50b310701ac13ed2c5391064168,"쏠라미",virtual,3991,399,53,13.347826086956522,29.9
acf6dd771e87a5ac8199f3850cbce994,"최애뽀",virtual,5158,515,39,12.673218673218674,40.7
c281020db47f6b1e1d1e3d3114f108d5,"라붕",virtual,3837,383,31,16.61038961038961,23.1
a8b57b9ee1309ccb1eb1f3a984a0aac9,"별 나래",virtual,4909,490,33,13.712290502793296,35.8
e45889602eaaa40e396b7230d4935e8a,"유 우 기",virtual,3039,303,35,18.75925925925926,16.2
c5e3fff32832fdd9c82e6b0d5bf57da4,"쿠린짱",virtual,2467,246,38,22.225225225225227,11.1
5a3635024d638003515c9f2be9236ded,"쀼 쀼",virtual,4450,445,36,14.037854889589905,31.7
20ed50a69faeb69a6f81d95f05fda35e,"미스정",virtual,5523,552,26,14.12531969309463,39.1
c376622f765901eb5cc983ecd16f511f,"김맞는",virtual,3450,345,30,18.06282722513089,19.1
94dd8b3da0e6dce6b0ddba95b224fdef,"이나비1",virtual,2717,271,41,19.133802816901408,14.2
b3f6e84450055948f1e9faea3fa6f870,"설담 SULDAM",virtual,4654,465,26,15.67003367003367,29.7
9ae6c9253f82bd40ea1ddec9266fe3b8,"초앵",virtual,2689,268,47,18.292517006802722,14.7
3ecbcdcd5c780344d396c93c61ea2595,"듀얼킹이될남자",virtual,1782,178,47,34.26923076923077,5.2
6c957d4bc3b3c11fe3aa54cc476620b2,"자연일",virtual,3018,301,38,17.857988165680474,16.9
4fc8f7148a2a8cdf884dec48276c09fe,"Rei CoH",virtual,4237,423,31,14.919014084507042,28.4
d82829566190e566da4d8e97308d5993,"참외몬",virtual,6288,628,26,12.991735537190083,48.4
4f21a8f9657b8b0c35e8c7636f9809dc,"별도림",virtual,6817,681,33,11.495784148397977,59.3
4285efe6e821ac60640d0d042f565885,"정복자v",virtual,8917,891,25,11.535575679172057,77.3
ca95416cb7a1f59e3fc390d5907533f7,"라레서",virtual,2492,249,35,22.45045045045045,11.1
8cfb2bdebc91dabb9d54ac44714a9b48,"아리랑털기",virtual,4214,421,27,16.1455938697318,26.1
f8acbd3934d616b54c3ae1b85556049c,"진짜 루안",virtual,3269,326,29,19.00581395348837,17.2
694a4e3ac4406e1989f85cdde291999c,"꾸니찡",virtual,3887,388,26,17.352678571428573,22.4
75293eddfa6275b8653e20ef9edddee9,"나유타Nayuta",virtual,3172,317,42,16.266666666666666,19.5
74464510ad0e4fad4c855aff6d483b84,"게임은관짜마",virtual,6143,614,24,13.471491228070175,45.6
019c5a85c3492756e22ae1e61c7340f2,"령 아",virtual,4404,440,28,15.1340206185567,29.1
10f093aaae8b3a73abeb38a71f2fbf93,"키츠네 청야",virtual,4576,457,41,12.817927170868348,35.7
949ae8645613f060665ab4439ff9d8d4,"샤켓",virtual,3303,330,28,18.874285714285715,17.5
5f26d0323ca586a4561e6dc30391a2b2,"하야부시 시시",virtual,6750,675,23,13.106796116504855,51.5
3fe7d0f86a4a734d3281250fc538ea44,"개덕필",virtual,3347,334,50,14.48917748917749,23.1
a6a438cf973313314226a25997bcab5f,"쭈꾸냐",virtual,3810,381,29,16.565217391304348,23
e999d11761cdce088d9af3fcd2f42a86,"밀로 Millo",virtual,2566,256,38,20.20472440944882,12.7
6f634f5899c7ec11455cdfcb1131e4f1,"숏다",virtual,2081,208,40,25.691358024691358,8.1
48fe019053b07342d26c5f06129688cb,"류건",virtual,7680,768,57,9.64824120603015,79.6
e11eb90cdeaead6cc22fd03779373c5a,"땽땽",virtual,7938,793,28,11.259574468085106,70.5
8b14aeaab59c1896ff9350a4a03515d3,"후츄후츄",virtual,3265,326,37,16.48989898989899,19.8
6b9f55312d9459b4b5a5cc67a639676b,"고망지",virtual,4713,471,30,13.985163204747774,33.7
0dd0dca7f163955600668f5e5bf74b72,"김류다",virtual,5275,527,29,13.220551378446116,39.9
98c7e0df39f2882e3ce0445e58772d44,"포얌 Poyam",virtual,3794,379,26,17.167420814479637,22.1
c4a867051fca980c13961bb6d88b1b2d,"레피돌",virtual,3828,382,31,15.497975708502024,24.7
e7104b41f018bb2db3dca526d9f00e53,"하야부사 츠바사",virtual,2872,287,32,18.894736842105264,15.2
0e0fbee493aba6660d50a0ca215ebe10,"호시아",mktalk15;virtual,2373,237,31,23.73,10
ab7a507ab042beb7d3f9bd07963fcf20,"샌드박스 SANDBOX",virtual,1366,136,93,41.39393939393939,3.3
37e3f69018afd2b9d07b5a104fbb311f,"뻥머이",virtual,1643,164,46,36.51111111111111,4.5
1e4d7f710394ad05310f6439fa9d25e1,"헤 로",virtual,3467,346,34,15.903669724770642,21.8
ea4f4915f741d6ce7a35c67ad837a43c,"김시끄",virtual,3466,346,38,14.939655172413794,23.2
adf68c2bd7c04319157dabaea95c6b63,"넁둉챰치",virtual,7788,778,27,11.28695652173913,69
e758f13487fd986b83ebf1d568c6f8ff,"유룽그",virtual,3259,325,47,14.549107142857142,22.4
04458c0a6a8d7fa3ac9b07f858722a46,"옥네",virtual,6724,672,23,12.615384615384615,53.3
47dad440b5ec9f2082aea82529bfb065,"쿠로바",virtual,2198,219,39,22.895833333333332,9.6
6e6c35eb3b491ea3d08e12199d176edf,"안녕루비",virtual,9644,964,24,10.984054669703873,87.8
2c544d88a7bde49eca78a1bd1756e1cc,"벨라레타",virtual,4920,492,29,13.369565217391305,36.8
1a7e31c679bb6eae4dd6b63e6427247f,"복연",virtual,5737,573,26,12.834451901565995,44.7
f2f4b7162a1a5497b15e683bd7a856c4,"배덕식",virtual,3003,300,32,17.875,16.8
be5a6639bbe6886288d26ac8be73469f,"유메노 모코",virtual,5500,550,36,11.827956989247312,46.5
dac1bdbce8076f71ecb4a1f750cba2b7,"림무",virtual,4001,400,30,14.763837638376383,27.1
7a847332420ea9ec8a2795d2bfd4ecaa,"드라미양",virtual,7600,760,30,10.951008645533141,69.4
1bada6ecc5843a3554b48ec404ed8c01,"서말랑",virtual,3353,335,28,17.283505154639176,19.4
e3ca0cef3df86716909b42cac3f3444c,"민지림",virtual,9974,997,21,11.424971363115693,87.3
09b06674491130028b61a2651dbaed2b,"데 데",virtual,3184,318,30,17.304347826086957,18.4
df9bc3df26d34c076f29afae5b97e6ee,"문지안",virtual,7337,733,32,10.664244186046512,68.8
2ccdaee4954f50670dce254d76f5308f,"라레몽",virtual;mktalk15,5441,544,25,13.238442822384428,41.1
d6ca9c32f3f2f4d3a671d8559a072d92,"포블린",virtual,5294,529,26,13.16915422885572,40.2
ff7099c82e23867a8a4b67d5bbcea466,"모노 monomo",virtual,2646,264,32,19.6,13.5
a85477449b4719026fb20dcb15735424,"셀데아 Seldea",virtual,1834,183,45,27.37313432835821,6.7
0dd4fede65bfebc039005f63c4d4e6d6,"배유니",virtual,9055,905,22,11.375628140703517,79.6
3a58156553d0c7c30e59197345d7f7b3,"모아이 속상",virtual,6622,662,26,11.825,56
5c627f663fde248f23c137bce2c9c209,"유초린",virtual;mktalk15,1324,132,81,44.13333333333333,3
002f85d929a4d6473f2b9a9a86682e68,"미도아",virtual,6447,644,26,11.938888888888888,54
3c3be774c4d3f0bf34a344397d75226e,"해피마마",virtual,3586,358,26,16.835680751173708,21.3
f83b18e17d760163fdbd6e9512d5fdfb,"정베르 JEONG BER",virtual,1885,188,39,28.134328358208954,6.7
acdc25d7cd92ae7539fa9adcc7c6b4c6,"유해지",virtual,4426,442,54,11.466321243523316,38.6
2b981938a97e5ec827cb66cfe5208759,"필통님",virtual,7930,793,26,11.044568245125348,71.8
c7d3ac49a0d9df9bb9ff476c4a986a6d,"박 대굴",virtual,3673,367,28,15.9004329004329,23.1
7d5531a59329821f97a9a32b47defc7d,"권새벽",virtual,6598,659,27,11.657243816254416,56.6
5dd33d192799b2292333c77eadca08ea,"현찌당",virtual,4060,406,25,15.49618320610687,26.2
7867d6ae0b65fd2db0158d030d320404,"하모시달",virtual,5451,545,23,13.559701492537313,40.2
b5cd97e6e0bcfea885bf758f5eaf3465,"담담비",virtual,6827,682,24,11.914485165794066,57.3
b25122841da554d372c93e1c62573d42,"밥풀 떼기",virtual,3500,350,30,15.83710407239819,22.1
4aee05bc501a6e50c5aec035c063f5f0,"옘지",virtual,3056,305,30,17.363636363636363,17.6
c9bf18c54cc3d8505eb80d61db0cae30,"이츠모 야호",virtual,4111,411,36,13.09235668789809,31.4
becb61783294ef895dba0c612ad9fc42,"이 림 Erim",virtual,3808,380,29,14.933333333333334,25.5
e46cea323438412a97ed8d9311571ac6,"호냥 Honyan",virtual,2732,273,28,19.797101449275363,13.8
b411c762ef6a69108dff11b265219613,"후유노",virtual,1871,187,40,27.115942028985508,6.9
5aaebd33ed301dbcaa09ebcb515a59cb,"캐슬유",virtual,5523,552,37,11.271428571428572,49
49f1cdf83201609b21741ae75664320a,"혜 나",virtual,5883,588,74,9.72396694214876,60.5
d7e25374701c64ebcb983cd9f31101ae,"윤우 YunWoo",virtual,3874,387,30,14.455223880597014,26.8
c9e99d7384961f06f26a12165a85a522,"타리v",virtual,3144,314,28,17.370165745856355,18.1
42424af0cbb0ac88344691fec14c7159,"애밍이",virtual,5139,513,65,10.381818181818181,49.5
3e948667805e7627459a599018d05853,"아홀로 루파",virtual,1269,126,69,50.76,2.5
565d031e396d5b470a00325803563b29,"찬울 Chanwool",virtual,1702,170,47,28.366666666666667,6
869474ef6644ddc45c81a65b03975dce,"유아링 Aring",virtual,3047,304,32,16.559782608695652,18.4
69e3069269d89df8f73d488ef933557a,"츄나",virtual,3574,357,26,16.47004608294931,21.7
cf83a6b1cf3168d8bbd653e2873f060a,"실피아",virtual,2205,220,33,22.7319587628866,9.7
7d920284b56a6325429f16f5c6a1f900,"해분1",virtual,3061,306,46,14.370892018779342,21.3
2434c8e01c4582b37b1ab925af938cde,"머렝 Mureng",virtual,2998,299,39,15.374358974358975,19.5
7a750f9a86b7a2e44f5e6001ba8f226f,"몽 비",virtual,4998,499,25,13.399463806970509,37.3
c4b4485b3c78d42c0850d97ffe8505de,"김스틴",virtual,2777,277,30,18.269736842105264,15.2
cc64019fefa379cf48732a00420102b1,"개씨유",virtual,5958,595,26,11.987927565392354,49.7
dd77e835b6fb8190a7dde91013adec6d,"히미츠 미로",virtual;spearforest,7032,703,23,11.798657718120806,59.6
8c627607e27d65bd775fb28ce540f378,"루 엘리야",virtual,5388,538,22,13.606060606060606,39.6
7833604b4b64368ffd42eb15eb95c1ff,"소브루",virtual,4007,400,51,11.785294117647059,34
bca503686f5e38d7effbd258ad01fa78,"머웅",virtual,3859,385,47,12.212025316455696,31.6
544a481c43a253492ecddf0a92bd86ca,"싼체스 SSANCHEZ",virtual,2684,268,29,19.0354609929078,14.1
2e2e18cf967bf4a9390090a785cdf3ba,"와일리12",virtual,4045,404,25,14.602888086642599,27.7
062998d6f1dabd0ae5cf4899e4891c5c,"사랑캔디",virtual,5769,576,37,10.683333333333334,54
6ffac31b4991e52676b971cfcdb3878d,"도와죠헬프",virtual,2979,297,26,18.054545454545455,16.5
c9fdfb7448458bb4ab9c058da38a3469,"쿠카 Quka",virtual,4207,420,34,12.520833333333334,33.6
a976dce6128ec38e518bb3707ba7171f,"생강콜라",virtual,5357,535,27,12.147392290249433,44.1
3bd0ebe04d173a7f5abfabbe793c1fbf,"이비핑",virtual,4685,468,25,13.385714285714286,35
7135cd113a2ef43bfb8d44bb2a64a582,"도그홀",virtual,5107,510,24,13.12853470437018,38.9
3a305dd35dc549abce9ffff9ed53844e,"떼굴 TTEGUL",virtual,2661,266,29,18.739436619718308,14.2
d777edf28d4e27ee8449bf465d36a693,"도엔 Doen",virtual,3671,367,30,14.284046692607005,25.7
b8abb1e55b8d8ab27297b8192f9d9033,"꾸꾸안안",virtual,9708,970,25,10.008247422680412,97
4cd76d9219e872fb80681d13308025c6,"탄 얀다",virtual,5904,590,20,13.327313769751694,44.3
c296bd19b3543707c7337b528a4efc2d,"끼 위",virtual,6963,696,23,11.414754098360655,61
c0087678584dde072491be66f0662e40,"리피 Leafy",virtual,4332,433,22,14.73469387755102,29.4
e9d86bb58fbf32b5c4cccf9b26c29781,"미우먀우",virtual,3107,310,28,16.352631578947367,19
d573af14266087517e2fee32ef6fb70d,"CASKER",virtual,4414,441,25,13.498470948012232,32.7
e82548a0fc17a23294f5925d04e19718,"타치 Tachi",virtual,4578,457,23,13.872727272727273,33
408db2e74f9a3d66c57fac2e7b37f77e,"루냐잉",virtual,4974,497,26,12.466165413533835,39.9
a6edb860c8527ec3e68839e59f554c99,"감주하",virtual,5942,594,32,10.68705035971223,55.6
9739d266e5fc66e1e7708b311a0cb6db,"츄파카 Chupaka",virtual,4260,426,37,11.866295264623956,35.9
332252c897ee72e03b9854a6a15d1a56,"모시야",virtual,6369,636,21,12.271676300578035,51.9
5c503150c62c3fb8bbf73f589b6b37b8,"유다밍",virtual,9256,925,22,10.482446206115515,88.3
a8b0fc63ad05a3f2522ac0ba1a708855,"하루나비 Harunabi",virtual;leopel,2729,272,31,16.84567901234568,16.2
02204f7cc552c79579eb3283b611a2de,"사루코",virtual;mktalk15,8296,829,22,10.872870249017039,76.3
63af19e6ff100ba0ae55b353642c0c45,"얌상츄",virtual,4197,419,23,14.373287671232877,29.2
e90cf133df88bbeefac0d741a37ee5d8,"냥금이",virtual,4554,455,34,11.797927461139896,38.6
a74b18c39e149fc456e6194beada6c0f,"밍슈 Miingshu",virtual,3639,363,27,14.49800796812749,25.1
397e59c1ccf42635980ca1988c5b8e96,"DorothyS2",virtual,3286,328,31,14.475770925110131,22.7
375c23aef993b26218562a2a38e91312,"퓨어워터",virtual,6534,653,30,10.3879173290938,62.9
325de82082f5e336e1afb5eee0c86e2a,"이자삼",virtual,4765,476,23,13.23611111111111,36
0c429b42183c09adfe6567915eb275b9,"시미즈 카나메",virtual,1796,179,48,21.902439024390244,8.2
2b8f1ada8541a956154c6e0b313916c6,"썸머에요",virtual,2160,216,36,19.45945945945946,11.1
7f148028d1b8b3feab3a5442badded46,"넬다",virtual,8389,838,24,10.193195625759417,82.3
852d72dc2f3bcd8baf50ff43f946aaf7,"김 빵댕",virtual,1694,169,41,24.91176470588235,6.8
d95118d58cf993ba7d2628a5f646077d,"마신멜로우",virtual,3902,390,25,14.035971223021583,27.8
311c2a9ef8537f267eea9963c81d7532,"Anotherkyo",virtual,3190,319,46,12.658730158730158,25.2
b2d5af771e2ace887c86e514e953b4f2,"코멧o3o",virtual,2659,265,32,16.41358024691358,16.2
5450d267334adc25ad19325aea0cbe97,"방어태세",virtual,2452,245,32,17.267605633802816,14.2
f00043b3fab57ba3edab5c35262cae00,"라누Ranu",virtual,4118,411,28,12.709876543209877,32.4
a63cef971e42a3dac2d38ea512483c76,"김누보",virtual,1590,159,37,29.444444444444443,5.4
881f5b83ead2350fa1f19a83ac924230,"세키오",virtual,2717,271,28,16.875776397515526,16.1
de23b2f174cf0bd5adca06513f84b8a9,"맹총가리",virtual,2447,244,31,17.478571428571428,14
1c4cbafbd49aa741d272bea73b67aa2c,"도비애오",virtual,4204,420,28,12.549253731343283,33.5
d5dca9ea32224d5a8fcf625c92750861,"고래요 Goraeyo",virtual,4955,495,24,12.3875,40
3c756c71b2c4a1bda8ee7a398e626f17,"티아뇽",virtual,2487,248,28,18.28676470588235,13.6
e928f766a8092022962675ad7505c186,"카츠 STAVE",virtual,4066,406,24,13.69023569023569,29.7
7c412d36985d7bada872487ff6c358b5,"누후잉",virtual,5611,561,26,11.289738430583501,49.7
a6ec6f750a6685335670017f4d379fe2,"이폭스",virtual,3126,312,26,15.708542713567839,19.9
e434844b6a6c366be98dee2b59a67936,"츠키요 후카",virtual,4910,491,23,12.654639175257731,38.8
420728e601f2f4bbcb9cad159f071cec,"페르마 Fermat",virtual,4599,459,25,12.53133514986376,36.7
4698c456176e3b68d56edb55f338c4a2,"드알",virtual,3025,302,27,15.837696335078535,19.1
8a1fcaa6cc114ca1662cdad86041bfd8,"유메사키 유즈",virtual,5580,558,20,12.768878718535468,43.7
a5973a462984913ca14d2ba268218bfd,"돗짱",virtual,9502,950,27,9.234207968901847,102.9
7b0f4857f53e95ea72c20f7e9c8d7d7c,"피피 pp",virtual,4344,434,24,13.08433734939759,33.2
b93b46d912f60bc4879632d39c070872,"마우웅",virtual,3275,327,30,14.177489177489177,23.1
fe2db10cfcd1480aa9dde4ee8df07c73,"달달한 피치쨩",virtual,3636,363,22,15.74025974025974,23.1
6b8f7b0a4796f87cf0a25df651ead470,"루모리",virtual,5396,539,23,11.991111111111111,45
ad76ff80ba1ff8ff44389bfc63b4748f,"꿀 덕",virtual,4648,464,26,12.167539267015707,38.2
c6883e9be221c06615447b8792d9d8ba,"노엘 Noel",virtual;mktalk15,1739,173,34,25.202898550724637,6.9
f4f383888c5c4793337e24622834cc54,"호이뉴",virtual,2717,271,42,14.005154639175258,19.4
5002b52dd57feeede1efa3cee27daa97,"골드가된나영",virtual,2382,238,48,14.524390243902438,16.4
33b49cdf98af3327f34fd017b6b7e853,"코냥냥",virtual,3673,367,30,12.887719298245614,28.5
cc7426546f3874aaf670012e04e6daa1,"란코 Ranko",virtual,3354,335,25,14.710526315789474,22.8
f3e5cc407d610a4616a0d13d9d4c654f,"문금북",virtual,8708,870,23,9.861834654586637,88.3
e00bd4ec1efb5a7c8d540a891974eb17,"솜 달",virtual,5159,515,22,12.312649164677804,41.9
0ca4527714b7bee3220d9de23b6d63dd,"소원아",virtual,1759,175,37,23.144736842105264,7.6
352c8680476faff9ea52e77f9692aa4e,"리퐁뚜",virtual,3862,386,27,12.95973154362416,29.8
5fb0b40bc619e217c0445efb084e90c7,"진짜진진",virtual,5502,550,30,10.580769230769231,52
eb152ef44173f30044667f56ea4d9f11,"니코테인",virtual,2707,270,29,16.01775147928994,16.9
f964cca49eac931fcac2a5be7c1b349f,"강감자",virtual,4166,416,25,12.740061162079511,32.7
37a1acfaa35d56311bf428dc96142e9f,"유진 알파",virtual,2788,278,25,16.694610778443113,16.7
b06e054498181126106ae75e8f7cb6cc,"에브브",virtual,2889,288,41,13.131818181818181,22
37f098f35c0327d1873f84a489356e03,"장유이",virtual,3283,328,25,14.788288288288289,22.2
c811ac20bfaa7140e8bf94b5843c3039,"애 리",virtual,1243,124,78,29.595238095238095,4.2
2626f1dee4cedd89ecc8c4c313e37ecc,"유엘 Yuel",virtual,4622,462,24,12.292553191489361,37.6
7bd8e11e9d58d8b93747b2f7903b2371,"에아 입니다",virtual,2316,231,29,18.236220472440944,12.7
c6b31548a6b82ce27273d691802ff7cd,"모아루루루",virtual,3662,366,23,14.417322834645669,25.4
5833633de490a73da5d25801584b2ae6,"채의",virtual,3043,304,31,14.087962962962964,21.6
f24220f2657b56f2bea3392c98da02c5,"유보리",virtual,3484,348,33,12.577617328519855,27.7
2a50498a502e93d7966c4210df5fd378,"홍쿤",virtual,1050,105,69,55.26315789473684,1.9
561f31686e6e5aa15468a61bcffd5b29,"연화서",virtual,5538,553,23,11.513513513513514,48.1
85928a2b5f4f1daf249284140f65d088,"미야오 미우",virtual,1336,133,59,28.425531914893618,4.7
521773e099f57be9404b932fa76677de,"또 양",virtual,3443,344,26,14.053061224489795,24.5
242bb575412a700177801054a8f8ec6b,"유우파다",virtual,1842,184,45,19.1875,9.6
2e64626093fbf9777311b5602a94af82,"천용이",virtual,2573,257,35,14.959302325581396,17.2
0af29f89624f3f3680f3787c59c9da9d,"삐모",virtual,5430,543,21,12.14765100671141,44.7
03ec0c3aebe61478b93880b95a6afbb6,"매 곡",virtual,3018,301,26,15.165829145728644,19.9
24d290945e380b7da71548ba0cdd9626,"마 웨",virtual,4247,424,21,13.7,31
1309200594b756a46edaab8a8c7bdc21,"록시 스윗랜드",virtual,3335,333,28,13.612244897959183,24.5
296769ebe91448cd647432a1b2bc47d3,"히구히구",virtual,5154,515,21,12.359712230215827,41.7
74e79142b1db379dce32040c7ba3316e,"나송진",virtual,3646,364,22,14.584,25
bb8b8ed32e1da10a232835f3c7e9ffd6,"에르뮤",virtual,4007,400,24,12.925806451612903,31
38fa6d4aefba06c19399eb12423c36e5,"음왕이",virtual,3880,388,36,11.44542772861357,33.9
faa844921bf9ee3042435d25c8e87fda,"상캐이",virtual,4876,487,24,11.83495145631068,41.2
22fb7889225b5bc7f695398085f792b1,"모사 mosa",virtual,6069,606,31,9.804523424878838,61.9
ab2dfa50fc970fbba8fa3f253dd2093d,"빵지콩",virtual,3315,331,26,14.046610169491526,23.6
dae430e3653d95fac069ee496aa58055,"릴리ㄴ",virtual,6252,625,21,11.264864864864865,55.5
1e8b3471109dc03be526cb83de2b3e57,"낯가리는 나다꼬",virtual,5338,533,22,11.809734513274336,45.2
625c363bc29084dda44544a66b8f1d77,"굽신",mktalk15;virtual,5092,509,25,11.366071428571429,44.8
7b9d241a3236174d6731c9530d757b93,"서치 Seochi",virtual,1747,174,35,22.397435897435898,7.8
d646e99797f0edae4d1e2e2085949f95,"데끼",virtual,3051,305,29,13.995412844036696,21.8
5992c0c83aaec4f64199fb265e0285ec,"갑춘이형",virtual,9222,922,22,9.586278586278587,96.2
6d395c84c99777272f872171b4dfc122,"유아루",virtual;mktalk15,5114,511,28,10.857749469214438,47.1
bbf61f60517b59b49076c89a1b67899a,"룬설",virtual,3217,321,28,13.573839662447257,23.7
73734613d23b30997c4ea879a085280c,"고롱롱",virtual,3803,380,27,12.468852459016393,30.5
b71c5062ebbae53045da8ac56bdc5cee,"김듀딩",virtual,1681,168,37,22.716216216216218,7.4
060a0084a0e234d34121360bcfc9ce93,"동 아",virtual,1468,146,37,28.23076923076923,5.2
c55085778e35bb35c9d3a0ab472177f3,"오별콩",virtual,2926,292,24,15.647058823529411,18.7
e31722eb428b21a3e2186fcc923f94ed,"밤운이",virtual,2400,240,26,17.391304347826086,13.8
03135a7cb00d32055a179f98951220c7,"잠나기",virtual,3171,317,26,14.093333333333334,22.5
1fdffbe6d12dd9bc15b2809c94c3f55c,"후 랑",virtual;mktalk15,2810,281,24,15.965909090909092,17.6
b3a37808768b364fbcf5a5a42421124a,"카야jamkaya",virtual,5049,504,25,11.244988864142538,44.9
7f66725b90a90b53e60277333c8c4264,"도라리 Dorari",virtual;mktalk15,2593,259,25,16.729032258064517,15.5
8258938ce8070864e5018e43fdbcef2c,"무개냥",virtual,6225,622,34,9.277198211624441,67.1
40e026e7a020eb628cfeca543893a6a9,"무림고수 혜미니",virtual,2069,206,31,18.473214285714285,11.2
f7e71c69f222a684ed3e323e025d1fa7,"네오 나루",virtual;spearforest,3186,318,25,14.223214285714286,22.4
e6f2d0b717b27e22cd0a1dae7cc7c7fd,"심심채채",virtual,4486,448,21,12.744318181818182,35.2
5d2d579e1c5ddf327e10b024c0e7caaf,"비비챰",virtual,2752,275,26,15.28888888888889,18
2bbd33069fe3bf11fdeb3f1c58f49d26,"오랑쥬",virtual,2956,295,25,14.85427135678392,19.9
7bf59e9906e5d9dc63a6a80457d60b18,"로냐 Ronya",virtual,3760,376,22,13.823529411764707,27.2
7fc14ed1de10d05f6510aed0bf888bda,"츠키시로 시로하",virtual,1990,199,36,17.767857142857142,11.2
2608ba701d5b0114b509e13228a0e027,"레 빛",virtual,2371,237,46,13.705202312138729,17.3
d7c02ded9a67788f4dd6f337b5024842,"먀코",virtual;mktalk15,1706,170,36,21.871794871794872,7.8
834e0ee8d52c52bc8129e5a19305870e,"규진이",virtual,8736,873,20,9.984,87.5
ddd8e6c3607c0aa9c30f9d498927f004,"라봉이야",virtual,4547,454,21,12.560773480662984,36.2
32ab7e9ec759debe68563d01992a69e7,"반희월",virtual,3927,392,25,12.349056603773585,31.8
151b23f9005e4ad21a398d8a4fc4a526,"시혜",virtual,1105,110,55,40.925925925925924,2.7
13b74dfd3093e1db4d5af574e2ded812,"현 수 아",virtual,4706,470,23,11.824120603015075,39.8
4ad4a0f5afa3f99308666c9934789681,"포 근",virtual,2048,204,34,17.655172413793103,11.6
4d92ba6a52eaf1c90f83e89ebc873228,"젠야타 Zenyatta",virtual,4088,408,31,11.2,36.5
1c1d3cabb664491a531a725c30c4478b,"드또 DeuDDo",virtual,4226,422,26,11.738888888888889,36
1ee938824beea7f545a3f857deced889,"뚜랑",virtual,3764,376,28,12.141935483870968,31
d13f016b1b2efd5fb527bca9ed989b7d,"응과장",virtual,1126,112,55,37.53333333333333,3
833c5d419e93202a284621fcefd4f817,"갸넴",virtual,3947,394,24,12.451104100946372,31.7
b84ac4ca8070cf45c263f9fbdcb926d1,"잇쇼 니요",virtual,2344,234,32,15.626666666666667,15
dbdbd1e4b4d6e776ab92f03f2283150c,"김가재",virtual,1867,186,48,16.81981981981982,11.1
259537727ab7dc413929428fe4b66c88,"정따따",virtual,3479,347,23,13.860557768924302,25.1
52329a7e5fcdc24382aafde3c15dbf8c,"도해니",virtual,4126,412,23,12.353293413173652,33.4
610ceb0f9ed50a803a656dc44ea3573c,"김띵띵띵",virtual,8842,884,27,8.72852912142152,101.3
71c22f544782791a135ba9d14f1c9e3d,"로비아히나 HINA",virtual,1261,126,41,33.18421052631579,3.8
e4bb773b8165f73b311c6e7fe9ede0eb,"케이나 Keina",virtual,4297,429,46,9.832951945080092,43.7
c61969606c0a253f4bd4580d0082b788,"아하 AHA",virtual,2791,279,24,15.41988950276243,18.1
aa2714a5a33d67884eb95c616ad9e676,"쿠미 KUMI",virtual,5282,528,27,10.418145956607495,50.7
2ec15ebae15c6fff39ec24ce8a8828de,"원사비",virtual,2765,276,29,14.179487179487179,19.5
87ab79cf66adbbba8dc854ff8a030636,"쿠로카미 아우 Wishing",virtual,2249,224,30,16.659259259259258,13.5
115935aaec3cb38f39e29b82d5b04524,"만두니우 Manduniu",virtual,5658,565,20,11.45344129554656,49.4
7aff3b4288d45b95d8c0a561b0cced86,"김어제",virtual,4177,417,24,12.037463976945245,34.7
e204108e86006a3415756baf086f5c7a,"비세 Visce",virtual,3808,380,28,11.9,32
d6d5fb60e2f4e8aedd4b46c6fdcf020c,"코 네 코",virtual,2868,286,25,14.63265306122449,19.6
ff9fbebc8ca5f1d8d6799028a142d38d,"지엘님",virtual,2025,202,29,18.75,10.8
077157772e894f36319c4c8f86bc0111,"도 옌",virtual,3326,332,22,14.336206896551724,23.2
7df16b7a2ee3774280f3a7b39c1d978b,"루나LuNaㅣ나름아이",virtual,1914,191,32,18.95049504950495,10.1
2facfb3b6efc956d8d0bea1fe2d36437,"루나 Tsukimi LUNA",virtual,4094,409,24,12.041176470588235,34
eaa4c99fc7b796b38d2c33b4c6ae4327,"눈꽃 하임",virtual,5568,556,38,9.112929623567922,61.1
be745b77d16bc2e9cfad5d04bcf8dabb,"찌아에용",virtual,2230,223,27,17.421875,12.8
8d24390e20d0c6ee6efe8f7639c81cb5,"해이솜",virtual,3750,375,22,13.250883392226148,28.3
7b0ea930034f5fb5ad2a0e22b5486fae,"새미냥",virtual,1048,104,58,41.92,2.5
4109c47454d53539ba75b26f2a6e94b5,"빅댕",virtual,3088,308,25,13.972850678733032,22.1
85eb67daa4822df8a31f1cdbd74c34da,"백은하",virtual,3642,364,23,13.148014440433213,27.7
b980cbfbec06c9fb7011f0a9d1e65dfb,"작키",virtual,4728,472,23,11.447941888619855,41.3
997f79211ebbe0ae36b2fb58795c4f23,"세 세",virtual,1317,131,52,24.849056603773583,5.3
480b68ce14032a572f8bb6b0f0cb2f66,"수이 Sui",virtual,3695,369,22,13.243727598566307,27.9
97be9cdfb3dcd0c98219dfcbffb4baab,"유앵화",virtual,3789,378,22,13.065517241379311,29
f2f87c0c3980c505b4ebb725bb4390a3,"챠 루 Charu",virtual,2243,224,94,12.190217391304348,18.4
a810a66092def1949468369f8bbdb697,"해모찌",virtual,3063,306,26,13.43421052631579,22.8
58d3590b98bda4d8db8770116b4058e4,"케장",virtual,2794,279,30,13.368421052631579,20.9
b8c7bed625293faf610cde79ccca139d,"케초",virtual,3827,382,32,11.092753623188406,34.5
73166fe04cc5f9e782a3de5e9812e613,"불쥐",virtual,4118,411,24,11.833333333333334,34.8
1547a6855601125eee769544897b3f32,"채니 Chaeni",virtual,3862,386,23,12.458064516129033,31
c3a155c03bfa2d7af647783aadc1d392,"서망",virtual,2025,202,32,17.161016949152543,11.8
4ee4b9c7a36005cf8ee5e273771d1407,"흑월 Heukwol",virtual,4031,403,21,12.75632911392405,31.6
3081b4db8cb8b6c1de194b66a5b81a67,"강혜니",virtual,3282,328,21,14.52212389380531,22.6
f9f79decdfd481801d58f21e76ffd9b3,"쵸매",virtual,4987,498,43,9.133699633699633,54.6
5aef68fc08aa0f140f4de828cadf9a0c,"듈리쥬웃",virtual,4143,414,24,11.769886363636363,35.2
2d56a90737dc6a5680624814c7ac4671,"김후인",virtual,4012,401,28,11.206703910614525,35.8
0705cccb17685517b84c631b070d6bee,"휴아",virtual,3552,355,21,13.875,25.6
134c94afb07dcf6c090fe9b07fd1ecad,"희 디",virtual,1317,131,48,24.38888888888889,5.4
40dfd526d3a36099a0ad7080883d5c3d,"나로양",virtual,3437,343,24,12.776951672862454,26.9
d3ee746aebe57605e8f35fb5d411bfd2,"베이디",virtual,1930,193,34,17.232142857142858,11.2
1659201d9fabaf57a5089ccb9ee469d2,"김홀리",virtual,2684,268,30,13.487437185929648,19.9
6f69ab5cb5aa4bbf9a2d205a57cd3772,"레이하",virtual,2871,287,24,14.283582089552239,20.1
b82d11570546c384d7ded6ce19c8fff9,"백서빈 I 에델리안",virtual,1648,164,31,21.973333333333333,7.5
e1ea706dfbca163b2f1fb83d53c1d56d,"파 벨",virtual,2976,297,48,11.104477611940299,26.8
0537e132c47b6d4fa46650e30ba39d4a,"쁘밍",virtual;mktalk15,1905,190,40,16.28205128205128,11.7
44293d748d1b9a264823b0abce615f76,"레우기",virtual,2263,226,42,13.470238095238095,16.8
e9928d3a437ff53a88c9d62f44ce7a43,"KaitoPistol",virtual,3258,325,26,12.627906976744185,25.8
e21791a3d0777ec78a2f6b98bfe77d75,"아라츄",virtual,3669,366,20,13.639405204460967,26.9
9a7a3c0277c0732aa6a4a81bb4be1f19,"아마네 메이",virtual,1236,123,38,30.9,4
26957114ae96093a6c58f3ecf9a47aae,"유쟝이",virtual,1705,170,33,19.825581395348838,8.6
9bd3ef73263e65019d9b48de8400c5f2,"스티포",virtual,2664,266,26,14.32258064516129,18.6
ecd43744d4377e904f086503393459da,"반해유",virtual,5578,557,25,9.907637655417407,56.3
37a5b413b2360b6b449e061ed4057693,"유수분",virtual,3626,362,24,12.291525423728814,29.5
ebbb25b1d119c0f12970993931638f7a,"콘한",virtual,1941,194,34,16.732758620689655,11.6
46ba350bb54c9881b18fa5fe8ff6585b,"조랭이01",virtual,3656,365,31,11.112462006079028,32.9
c21373316247091b1dfe344e878d0e41,"쿠미 란케",virtual,3611,361,23,12.494809688581315,28.9
1912cad755fa0e649986780ef1e352a3,"몽찡",virtual,3019,301,22,14.308056872037914,21.1
59b4a707b8eecdde31e921be2642223c,"비나 Binah",virtual,3345,334,22,13.273809523809524,25.2
24723a31dbb1a89364e1526003afd481,"독학님",virtual,2955,295,23,14.071428571428571,21
815b9a1770f1476877634f643d92a501,"요삐이잉",virtual,2052,205,29,16.81967213114754,12.2
e6a2a7e035a302760c5afe08a0df5961,"준박스",virtual,11180,1118,48,6.89272503082614,162.2
7c33d951456e0b831378fa2d07aa64eb,"딸 바 초",virtual,5066,506,22,10.871244635193133,46.6
cfc90d1919b37bb97309691243166ade,"다쿤",virtual,2355,235,66,11.775,20
bc64d1142877738a7d31f584ae13ea79,"ㄴ모서리ㄱ",virtual,2609,260,27,14.102702702702702,18.5
fedb21a1e1d5f9862eb47b15c69beadd,"윤키키",virtual,1722,172,31,19.79310344827586,8.7
9a8e3fe3e3da69899c9c1cfb1fba10e0,"영도씨",virtual,3386,338,20,13.991735537190083,24.2
b8400684165a98effafda3a74cf58a4c,"참빼미",virtual,6225,622,23,9.681181959564542,64.3
a1a148a62040fa35e609eb9c4e9c5804,"K나그네",virtual,2171,217,28,16.081481481481482,13.5
47db8163b14c3ae19c8f9b88237b4ba3,"1호선 김쯰찌빌런",virtual,2833,283,23,14.165,20
84a80a673091c5b12d5cd2fd9486b696,"개순이",virtual,2204,220,25,16.696969696969695,13.2
51785179608d22757373c9d4fb6bf04a,"모라아",virtual,5391,539,18,11.51923076923077,46.8
a17e46898dad1d5a10e0cd25469c0ba7,"틈히",virtual,5503,550,25,9.809269162210338,56.1
8ad309cbdd3bb2d24b3d5b1f0d16f01c,"록시더유피테르",virtual,2273,227,28,15.153333333333334,15
8ff4765904dd8249e76906e7c7908432,"우이22",virtual,2381,238,23,16.197278911564627,14.7
170033804ad3bf4727999fbb2dfff931,"다미네캔따개 미요Miyo",virtual,3664,366,24,11.857605177993527,30.9
3714abaad373bd2d9123ffee31dab350,"맴마",virtual,2102,210,27,16.551181102362204,12.7
99c45f06474ec38ab41d0a8f1fed3fa0,"남지오",virtual,3778,377,22,12.187096774193549,31
924a636224c9203259af46ad7d8b70ca,"강아이",virtual,1992,199,28,17.025641025641026,11.7
c6db9951bd9166d0c6810754276cd14c,"헤잇즐",virtual,3163,316,22,13.345991561181435,23.7
a00399c92d1749b93f27da5bf1588a79,"미우 MiWoo",virtual,2757,275,31,12.36322869955157,22.3
9dae12aba137c65ba5c5f5158be2bbcb,"별으잉",virtual,2671,267,29,13.029268292682927,20.5
a7f9e9cd3fedf60171bfbb2fa88c6164,"모모닝",virtual,1796,179,30,18.515463917525775,9.7
1f4796e2d5189d12bfb1eb7b5f18dabf,"니츈",virtual,4023,402,22,11.694767441860465,34.4
ad81381b1e957d4caba0a94246196321,"커피묭",virtual,4909,490,64,8.264309764309765,59.4
bfd8d25138cdd5c8a34b67f26243ad97,"비요 BIYO",virtual,4746,474,22,10.860411899313501,43.7
af4d6e6da23bb4503c8955a3da18ca14,"냐이츄",virtual,3898,389,21,12.143302180685358,32.1
50b06adf5722e0fee796e4ff6f76f784,"티노야",virtual,3317,331,27,11.804270462633452,28.1
3c41025e31a94000bbc223721d779bf0,"성화린",virtual,2452,245,27,14.091954022988507,17.4
bb9134e0cc7da2492782fa2dd2daa227,"쿠나로",virtual,3204,320,27,11.955223880597014,26.8
78fa776c1b762b62ee3f72fda8f1b3c2,"루시나 Lucina",virtual,1847,184,29,17.932038834951456,10.3
a145e40ade94d26e189fc99c26fd1d6a,"니무 NIMU",virtual,2174,217,29,14.993103448275862,14.5
908d67271e6f751e12c7f9ad6e6c2ace,"뽀시루",virtual,5099,509,21,10.71218487394958,47.6
45576f93954effd76e8e5d7d032bd51e,"최얀미",virtual,3303,330,36,10.689320388349515,30.9
7d109891fe56dcfe97aedcc8d7ce0bed,"멍몽실",virtual,6753,675,20,9.730547550432277,69.4
7f051fc2b67d350d5c38ba3b2f936fee,"아슬리",virtual,1960,196,50,13.517241379310345,14.5
1b7263344f2fb5f0713832e670fb9c39,"노아 Noa",virtual,2942,294,21,14.21256038647343,20.7
f8e509c0c904c28913e1bd74a71dcb1f,"버터구이",virtual,4475,447,27,10.07882882882883,44.4
5c48399f264d9906f9ebf4e5eaf17283,"몽 브",virtual,2635,263,33,12.255813953488373,21.5
013a83076662e07b44660c295073fb63,"장 봉 남",virtual,4436,443,35,9.338947368421053,47.5
9bc267908127176ea958a7557347e0d3,"쿠콰",virtual,3270,327,22,12.7734375,25.6
d262229dd6b1649a637142fd9c27c373,"찌나롱",virtual,1893,189,34,16.04237288135593,11.8
47d8de3444b30e1922f92fdea5e6eb7b,"호랭피디",virtual,3349,334,19,13.725409836065573,24.4
c6b716b20c8cc9d992fb5ae069468de3,"뒷다마",virtual,2593,259,25,13.866310160427808,18.7
4f33fd189614dfe4d619987119021d36,"밤이 Bami",virtual,2471,247,23,14.621301775147929,16.9
908a64058b303fbb6142a4e3e5a6c85d,"여니언",virtual,3408,340,21,12.575645756457565,27.1
e0c5647a2e5eb0486bc1d87e5c7445ff,"해 닝",virtual,3916,391,20,12.012269938650308,32.6
0c4cc4f356578842d1bfa26708e08384,"룽지얌",virtual,2415,241,23,14.725609756097562,16.4
66bf2e1b7bc336c6353cd24b421f761c,"코마리 네무",virtual,4156,415,20,11.674157303370787,35.6
a93901cfd6813947bd499a395e5fbca8,"Seira 세이라",virtual;mktalk15,1034,103,52,29.542857142857144,3.5
ad76ab77691e327fb512bd8ef88dc5e3,"망쵸",virtual,1768,176,31,17.16504854368932,10.3
6a33bd277c8b9a676f47a187a00e6a68,"라임냥",virtual,3907,390,20,11.875379939209726,32.9
9d6a009cebb1b5e609e3efab742a4f1b,"왕오북이",virtual,2348,234,27,13.893491124260356,16.9
b40f3edf0f8d3cfa5b8adfa95d08b16b,"차유원",virtual,2106,210,41,12.841463414634147,16.4
1719cd70a390172a286f31eeea644272,"므메 muemei",virtual,1771,177,34,16.39814814814815,10.8
fc3c60de72edc375060d9e02fd64eee9,"나 견",virtual,4196,419,27,10.062350119904076,41.7
6bc69f9a1344b88409665323ea8cd925,"스나루 SUNARU",virtual,5642,564,17,10.934108527131784,51.6
cec29effc1b43d4f9040ff860f4289a5,"01142",virtual,2367,236,25,14.173652694610778,16.7
26c26c30fdac3e4c56143513181ae632,"시로카미 레이",virtual,2729,272,35,11.323651452282158,24.1
98d0aec2b32b89288cdadaf0c13d14d7,"이깡빈",virtual,3089,308,32,10.8006993006993,28.6
e67b5ef352e58e599104418122f83207,"테 치",virtual,4392,439,23,10.261682242990654,42.8
6b90a502ce8975b3da5b3709669c16b1,"율리콩",virtual,2790,279,21,13.54368932038835,20.6
a30520fdfc5d52aeebd1fcbd0e933624,"린네 Linne",virtual,1377,137,30,22.95,6
7b14b8186433531e7fca59164dca8b7e,"리네양",virtual,4199,419,43,8.693581780538302,48.3
228635ece8aa1e416b854f4124239462,"차홍시",virtual,2497,249,25,13.211640211640212,18.9
110ebda2e4062897b8bbad783b3d8232,"릴리 Lily Lue",virtual,2988,298,21,12.935064935064934,23.1
e16284046830aa219b3dd77004c2e13f,"지화에요",virtual,2132,213,40,12.395348837209303,17.2
8d324a575c5e9f317f50802cb1f4310e,"츄르Chure",virtual,3569,356,22,11.512903225806452,31
74ef5cf32251b60ae4ca94808a130aaa,"한애정",virtual,2519,251,29,12.28780487804878,20.5
040e32de53015ca72112ce9331c1bdc5,"브이레코드",virtual,851,85,55,44.78947368421053,1.9
1c5b7b93a413fcc83151996b362cd1bb,"마욧치",virtual,2296,229,23,14.624203821656051,15.7
bc7c2a2985adbe75fbc21d80ed984103,"최하루s",virtual,5257,525,19,10.368836291913215,50.7
8b8697840179cb5269bfc244b7881ea1,"천령여우씨",virtual,6228,622,18,9.870047543581617,63.1
cdbed60a728efe5b031b5e49311be9ef,"미러시",virtual,1311,131,36,21.85,6
aae98340f4dece88fb42a6e05520bc69,"뽀시라기",virtual,5597,559,18,10.288602941176471,54.4
ee2d75e01aeaac998017817f7b263c09,"루리 아야카",virtual,2664,266,27,12.164383561643836,21.9
54198e7d549f568f1377b332e46722c8,"쿠로네 언니",virtual,2561,256,23,13.338541666666666,19.2
2a033613a9049b3cb002ded1ec80ac60,"차로또",virtual,2727,272,30,11.50632911392405,23.7
d2bc4b7eaa9d270057dc3a31b12360f6,"흑곰파 레룽",virtual,3912,391,32,9.44927536231884,41.4
b0674e36c549ac66f17e64e91d72e1e0,"지안 ZIXAN",virtual,2559,255,26,12.544117647058824,20.4
97258346ef627c2a78cca93fab886cd3,"해도밍",virtual,4144,414,21,10.735751295336788,38.6
ba604d373beea1c5db8b73bab20c2a33,"윤설은",virtual,4734,473,21,10.180645161290322,46.5
dbc51971ce88640bf9a9515cb31dfc88,"초순이",virtual,2786,278,38,10.513207547169811,26.5
d589a489bb5e79673a229bb2c5da0778,"차므",mktalk15;virtual,2586,258,26,12.432692307692308,20.8
b9a30811fc4ed51dfb9b50236cc5ef28,"그루잠",virtual,2349,234,24,13.81764705882353,17
4909255d0328279ebf8aff48a16ff55a,"하롱이 HaRong E",virtual,3241,324,20,12.465384615384615,26
a0ba9d6ea84b7a42d6e17a27a1b1302b,"라무S2",virtual,3307,330,22,11.768683274021353,28.1
f10c7036bb6ecf96260b438a4252941d,"콘스푸",virtual,1974,197,26,15.30232558139535,12.9
b9aa434ac6960331d9e91e84a6f22b70,"어스름밤",virtual,4566,456,21,10.330316742081449,44.2
10896860a85c180bff0720cd59a7b33f,"기랑",virtual,2845,284,28,11.334661354581673,25.1
0529e420ace8ad95cc47dc50904c7abb,"에이레아",virtual,2151,215,30,13.277777777777779,16.2
641e16c48ccc527c3758c1d359cf51ba,"야쿠삼",virtual,1519,151,41,16.333333333333332,9.3
455c0cfeef8e71f00db19f5f21229376,"로잉2",virtual,3179,317,21,12.18007662835249,26.1
a0f8a019054e7b93b5f5568edb822fa3,"얄긔",virtual,3740,374,49,8.717948717948717,42.9
cbbe3b870447db6139d1a0b1dff0c640,"강이누",virtual,3074,307,24,11.556390977443609,26.6
e640dae5b7a1ee65482349508212fc40,"하뉴엘 리 잔느",virtual,2248,224,36,12.086021505376344,18.6
91d5d40c58b523422cc36cc9131ac636,"아이 쿠먀먀",virtual;mktalk15,2999,299,22,12.191056910569106,24.6
39fa62e81c7d74d9d18610fa6e3d5bdb,"알로애 Aloe",virtual,3182,318,22,11.82899628252788,26.9
58eaedccbc58e733a233005ee04eecda,"라피니아 GO66",virtual,2372,237,26,12.821621621621622,18.5
807c61c258afed1e1d6c497be30f7277,"이 다음",virtual,809,80,53,47.588235294117645,1.7
cd709637e79c615f643716c66d774524,"이배일",virtual,1099,109,48,23.382978723404257,4.7
4fa22bdd5b624c11fd70295437228828,"마루한v",virtual,3429,342,22,11.316831683168317,30.3
24ae64a221b32de36a7ba21dce4337dd,"키묘선",virtual,2719,271,24,12.192825112107624,22.3
18b36c0a39ad72275ba739534560ffec,"아하나 AHANA",virtual,3110,311,21,12.101167315175097,25.7
3ea47d1b635b154d30f20ce0e6ce6b13,"꽁구마",virtual,4076,407,19,11.106267029972752,36.7
9b7d8e27ab77f85763c0e9302b69c0db,"락사샤",virtual,4309,430,20,10.509756097560976,41
b2d325aa737035c84677138b81de5ce9,"초덴파",virtual,2696,269,23,12.36697247706422,21.8
dadb0a61ec6a6e6eee09613fc3b350c7,"첼로 vtuber",virtual,4405,440,21,10.173210161662817,43.3
e5ebcbd89a085b4a821b3a192ac2410d,"키츠네 DisToPia",virtual,4275,427,17,11.43048128342246,37.4
605a709309e4a586d9fc165c9b7be0e9,"귀욤가은",virtual,3110,311,20,12.292490118577074,25.3
78c9480053d17ccd049a5700d3a3062a,"유리꽃향기",virtual,5081,508,25,8.961199294532628,56.7
9812f27abbda07386b7f47420b030572,"냐뇨뇨냥",virtual,2714,271,35,10.64313725490196,25.5
08d50d8b580de6b3c53e93224765a706,"킹코도",virtual;mktalk15,2263,226,26,13.080924855491329,17.3
622239e26af5d179d1d662bd0cadc847,"비웬",virtual,2304,230,26,12.871508379888269,17.9
68ab427590ea28f308ac992602399c06,"윤슬비",virtual,2763,276,32,10.709302325581396,25.8
37965aa8c73eef583d0185296b970c39,"카우리3",virtual,4262,426,23,9.775229357798166,43.6
51cdbbc29b5047032a24c39b2c5da7ea,"유 다이",virtual,3336,333,26,10.425,32
b41d0c5c107a68c4811a0b4671994fae,"백몽이",virtual,4053,405,18,11.289693593314762,35.9
6b175d027e0defdaec455de585842604,"네므오",virtual,2909,290,26,11.188461538461539,26
827cf700086734c7b700e138eaf9f57e,"모니 MONY",virtual,3142,314,21,11.856603773584906,26.5
aefca423a77ac17399e2bf5f479f9af8,"진도기 Jindoggi",virtual,3465,346,23,10.794392523364486,32.1
6ba998e27648c31b3ff580fcdbabfe6c,"후와리 리요",virtual,3921,392,20,10.861495844875346,36.1
80ac8c97393870964bd311485314f43d,"이르딘 leeruedin",virtual,5579,557,24,8.66304347826087,64.4
0064f3b8baad3fe5766c1bb0b30a5088,"흰색토깽이",virtual,1766,176,28,15.767857142857142,11.2
70499eda676ce87a07b604bd15e2028e,"얌미 Yammy",virtual,2585,258,22,12.860696517412935,20.1
27d18b7608c9b12b32d15dd45453e2cf,"아진 Azin",virtual,2738,273,21,12.675925925925926,21.6
eafc6d70fe9edd4ce560882917c88f1b,"고로롱 냥아찌",virtual,1626,162,26,17.67391304347826,9.2
562958e2539ea1e44b93ae2adb51d1a1,"아샤 누아르",virtual,2353,235,24,12.928571428571429,18.2
4a92debd85469caf3fc0dd27117e388f,"이지풀",virtual,3356,335,25,10.454828660436137,32.1
fed3ebd80b2d2eb54334dd6abc392913,"행복한희야야",virtual,1873,187,25,15.608333333333333,12
2aaf43243684c55bd14d93a2ca840d83,"0루루벨0",virtual,2315,231,24,13.07909604519774,17.7
23c6c2947be330954efabed50a02d3f6,"민트아가씨",virtual,3787,378,33,9.0381861575179,41.9
d236b8b83b1d8c65a9d05e39e6537352,"먀이구미",virtual,1076,107,38,25.023255813953487,4.3
70893e346537bd0bb06b3ecb7a161790,"유어리2",virtual,2367,236,23,13.005494505494505,18.2
7b55c9c81d652146c9e069b8eca2bcaf,"은매",virtual,1889,188,25,15.233870967741936,12.4
bca004bab58630f78120d53d583afa71,"해로해롱",virtual,1766,176,26,16.054545454545455,11
d52a1590fe8cb87e4afc3714e453864f,"아모크 amock82",virtual,3302,330,45,8.924324324324324,37
840292d57bcbff98546931b564560714,"영원 선생님",virtual,1431,143,33,17.666666666666668,8.1
44d12b2b64bd042aa3811539c430a6f3,"일하는 누렁소",virtual,6381,638,23,8.244186046511627,77.4
c585573cd1ce8ae9cd7fb43a76309bf2,"월야 worya",virtual,4101,410,23,9.695035460992909,42.3
7d82cfea7545107e3dd0379c885cb0e0,"정묘린",virtual,4880,488,32,8.229342327150084,59.3
f7c9055fd23f21d1e8af3a1305982366,"토카미 키나",virtual,2681,268,28,11.078512396694215,24.2
52f25b1ce79a76961c1be1bf8d72289a,"핑크 래빗",virtual,5974,597,21,8.708454810495628,68.6
4883d46ca695d181d4ff4786e410e182,"루짱v",virtual,1993,199,23,14.762962962962963,13.5
2cdfeb1a977e0b0f695214aefd601615,"판댜츄잉",virtual,3153,315,23,10.947916666666666,28.8
43e3c57feed0478ff9812109a40f9fe8,"꽃게대장",virtual,3553,355,23,10.358600583090379,34.3
9003f75b08bffef568dabb444d46eb75,"스노하라 스나",virtual,2708,270,23,11.825327510917031,22.9
8c341b627588590585f269e69778ec93,"시스터 서애",virtual,2668,266,23,11.910714285714286,22.4
3a70243a4e996355ae7b541df76aa0e9,"루디아 Rudia",virtual,2138,213,29,12.430232558139535,17.2
176afc71ef81b0424696e74f6cc091d6,"짤통이",virtual,4317,431,20,9.993055555555555,43.2
cd9d9d5947e1f3ffa6fe76ed4367e39e,"해몽해몽",virtual,4018,401,19,10.463541666666666,38.4
472d8a425bbaaa8a8e837fbdd7b72c09,"루스티카나",virtual,2375,237,22,12.768817204301076,18.6
361a16155650f5ae0fe38704de805a3d,"묘아링",virtual,5652,565,19,9.07223113964687,62.3
a4ab594f591cf984060e2566253636d8,"끝향",virtual,2299,229,25,12.294117647058824,18.7
72827bbec4187a10829703330c6149bc,"쿠로사와 쿄코",virtual,2187,218,26,12.497142857142856,17.5
167c85d17bc16bb92d3cb6f36ef454b1,"김봄륭",virtual,3302,330,18,11.835125448028673,27.9
af4142f7ac522404bb646658825a12dc,"시냐",virtual,1476,147,27,17.783132530120483,8.3
31fb31089ec6bd4f655b9040e8cf9415,"자하진",virtual,2765,276,21,11.918103448275861,23.2
d7bc93c9e6d1e51e2356e7cca64814f7,"믕이믕이",virtual,1905,190,23,14.8828125,12.8
ed113386c05c134bdacaab3912fce23d,"달자매",virtual,3872,387,23,9.704260651629072,39.9
8527d2b16d1b86e983a1f8edae36b537,"펜리르405",virtual,2634,263,20,12.602870813397129,20.9
4b6d75792dfaca8831fef412b055d4bb,"게임하는애옹이",virtual,3107,310,38,9.111436950146627,34.1
5c65cfbf556340d403b28935aa84a581,"포 숑",virtual,3447,344,20,10.942857142857143,31.5
2589896226ea56ac81886a7b46103975,"초슈야",virtual,1041,104,40,23.133333333333333,4.5
28cbc9a7f252b4bccf6fc479caca686e,"규비 KYUBI",virtual,3358,335,23,10.206686930091186,32.9
1fc8f7b8e8718dcb764de34745711f36,"카멜그레인",virtual,5575,557,21,8.68380062305296,64.2
d4c8d01276625c7fde0c8fa648d6ac83,"귤짱잉",virtual,2132,213,29,12.045197740112995,17.7
8e14c2cfd4737a9341d5256300f1101c,"서늘비",virtual,2467,246,24,11.803827751196172,20.9
6a15de04cb25a8d6d59f43c596fb7037,"릴리나봉",virtual,4233,423,25,8.91157894736842,47.5
dc9404701d6041ea1776f23f689e75dd,"오하밍",virtual,3660,366,23,9.838709677419354,37.2
8fe52a88d3d847d6fe21df3b3784f276,"하복",virtual,5939,593,27,7.723016905071521,76.9
a5270eab0fc592c92f9d2ff54f8480c7,"꾹순당",virtual,4013,401,20,10.007481296758105,40.1
a51753ea1f937dbce486309e181454ef,"메론일락",virtual,5084,508,23,8.558922558922559,59.4
b4864700cde8074907dd0f6f3183713c,"닥터매드",virtual,1331,133,27,19.573529411764707,6.8
b37a910c61247a060038d8c70b769711,"Minpe",virtual,1058,105,31,25.19047619047619,4.2
6b841271dddefc2a8f732dbee2bbc627,"육식하는 토끼",virtual,2099,209,20,14.475862068965517,14.5
b48485e5e917f5f5896fdf89b1f48c9f,"이새난",virtual;mktalk15,1129,112,33,21.71153846153846,5.2
3dfc0d7fde4b44b89b897958956c4c77,"밍먕이야",virtual,4883,488,20,9.144194756554308,53.4
4225f60e0d9890a5dbbffd67ee3642dd,"설설냥갱",virtual,2193,219,20,14.057692307692308,15.6
2ec7d13580781b4cfba4b8c933457d80,"희연 heeyeon",virtual,1414,141,26,18.363636363636363,7.7
016e9a8b19018ef5c83246a0343fe32e,"뜌 미",virtual,1396,139,38,15.340659340659341,9.1
0982b0a6aadbbde5f727cc00f47d3363,"다 밍",virtual;mktalk15,2231,223,21,13.279761904761905,16.8
f44a14716f255c1473a92776d1d54cdf,"에이플 Aple",virtual,2693,269,25,10.858870967741936,24.8
fe2d48bd5b07570f2a6599da7a0ff941,"최링",virtual,3782,378,23,9.55050505050505,39.6
0a609d68e0b5609a0e99455d0dee2dba,"치치얌",virtual,6572,657,17,8.774365821094793,74.9
a32cfbf5b21bffec0dd110859b474af9,"백샤이",virtual,7903,790,16,8.525350593311758,92.7
7e893cb62e09e50802fba8c5b17ae0d7,"새윤",virtual,3493,349,38,8.478155339805825,41.2
e96976f73300a8b4e1c60d3dc2754006,"유라잇 YouLight",virtual,3858,385,19,10.343163538873995,37.3
7e3c5a5f405318b2648b2a9f820694b7,"키츠네 시로",virtual,1658,165,25,15.495327102803738,10.7
3836532f2e6705e30e6280a9bebf5382,"초키ChoKey",virtual,3891,389,21,9.7275,40
19008cc648cb3fc8ebbdc0df3d5a05de,"뀨쨩",virtual,2767,276,20,11.774468085106383,23.5
122cf6d32d872ff4423b3a6254908e0f,"으 응",virtual;mktalk15,1729,172,25,14.652542372881356,11.8
d38ce1b7f5ce1cc386c69dcb63d5827c,"뇽맹",virtual,2796,279,26,10.241758241758241,27.3
dfb1832b679e29a7fef7508637967591,"햄치쯔",virtual,1553,155,24,16.698924731182796,9.3
7d141ec776b6daf9f4f15dead7188b2f,"Red rose 로즈양",virtual,2509,250,23,11.404545454545454,22
7ed88067545ffab624ab36d4e495c31e,"코코 낫츠",virtual,1935,193,21,14.659090909090908,13.2
bbbcc4a89ad406826a1d0e4a74ad19cd,"스즈네 Suzune",virtual,1845,184,68,10.60344827586207,17.4
d6a4f460224cdc9b4bcc7d49c2d89cc0,"슈토o",virtual,2492,249,23,11.431192660550458,21.8
b3e3e73ea0921d3d30bdd632cfafc5d2,"동동 DONG",virtual,1988,198,21,14.302158273381295,13.9
f567b3aabd502aa8bad0d1b5d0741708,"네몽네몽",virtual,2220,222,20,13.373493975903614,16.6
451758d2f5fdf831c7650d717e379560,"효굴효굴",virtual,1807,180,26,13.793893129770993,13.1
913bd6fb344cf4d562d4b7909196eec3,"유시에로 유나",virtual,1529,152,37,13.774774774774775,11.1
0529e92ebfb81152c50a7ec4ec6a706f,"승 안",virtual,1977,197,23,13.358108108108109,14.8
4652f762d3f46aaac438c64754707c7c,"카메하이키 해해",virtual,1110,111,41,18.8135593220339,5.9
0e71d78bcf9f67c1c0e0b23b65d52ee3,"타고나1",virtual,3998,399,18,10.147208121827411,39.4
11781be8effc81b0c4e2e63161c23df1,"키미유",virtual,1696,169,23,15.418181818181818,11
574c8a7b9d45510075279cb38efcfa92,"김지복",virtual,2761,276,21,11.223577235772357,24.6
b07d5fab7b903866ba3eb5917527d924,"시스 SYS",virtual,823,82,38,31.653846153846153,2.6
00c9e9ac6f2234f17a7075b1865dc51a,"김꿀비",virtual,6826,682,25,7.192834562697576,94.9
d96340e98e2d1a1b74fe58dbb6243fd1,"미묘한미묘한",virtual,865,86,51,24.02777777777778,3.6
c60605305243b0234e4cd0d10a675b05,"앙탈깜지",virtual;mktalk15,3570,357,19,10.347826086956522,34.5
ecf489fb67472a4a3d71909942132a9c,"이토리",virtual,1939,193,22,13.75177304964539,14.1
6dd1e21513fdf43b36b91b38e205dbed,"우유총각",virtual,2468,246,23,11.218181818181819,22
7cef15773a60d5815e563d93f305c16c,"HUKA후카",virtual,1568,156,23,16.333333333333332,9.6
ec1ea72f238ffa4d6de7f1c7f9edc050,"채다미",virtual,3272,327,18,11.016835016835017,29.7
76fd7201ae8624d56738ed716925e6c3,"래비래비",virtual,4813,481,18,9.185114503816793,52.4
5e803ded49a31036a0980a417e1e5781,"짱모띠",virtual,5519,551,22,8.056934306569342,68.5
7a7726e1c6eb40c7ef2f215718f24a95,"집배원 도리",virtual,2177,217,21,12.730994152046783,17.1
2be524db50fa87707d68dc494c9126b3,"오델렛 odelette",virtual,2829,282,26,9.857142857142858,28.7
7ac2f46274142f97e852ec34beceff82,"푸카 PUKA",virtual,987,98,50,19.352941176470587,5.1
c720906ed53c65b3c31fa8dd42dcd55d,"조이제",virtual,1395,139,46,13.413461538461538,10.4
305279e37054c0ada92738795904e982,"파란 BLUE",virtual,3268,326,24,9.555555555555555,34.2
1ad719a9085a811f8a35ae24c2e95640,"을 동",virtual,3022,302,20,10.71631205673759,28.2
ce133f07dfc8dabb29ed8a05d2334fb4,"솜세킈",virtual,4261,426,18,9.596846846846846,44.4
48e5feb0e35749b750965c559b6590dd,"슬묘",virtual,1899,189,24,13.096551724137932,14.5
109f16c3c048d712c8bad309d635c511,"최모나",virtual,1626,162,22,15.941176470588236,10.2
01019087f12d3244000ba0f794dd999c,"설히히",virtual,4258,425,22,8.725409836065573,48.8
1b8fadbb141d246c88a8a722ef3bb06f,"코우세이 우키",virtual,2092,209,29,11.24731182795699,18.6
4a08704e0c809f0e3017c3b4aacc17f3,"아이노 에리",virtual,2060,206,22,12.716049382716049,16.2
76c636c25d5029c1958a509182fee98f,"김여우님",virtual,1764,176,21,15.076923076923077,11.7
ccb91b85de87e73b0545372d77fda897,"Lrys",virtual,2658,265,24,10.423529411764706,25.5
01239a69c5df36278eb37707ed629d54,"하늘뇽",virtual,1999,199,23,12.572327044025156,15.9
368ffdf78df1b98c7b4380c9e1a12c61,"엄유진",virtual,2056,205,22,12.691358024691358,16.2
25dfbb6078c86985dde1a85eed2c967a,"카요리",virtual,2063,206,23,12.279761904761905,16.8
799098818bd33141bf4f3c239691417a,"미 뮤",virtual,2582,258,19,11.844036697247706,21.8
d319cb8491dfd75979d47ca1b19fc083,"헵부",virtual,2554,255,24,10.553719008264462,24.2
72f84bc5fc463f1f34db111a03465faf,"봄 비",virtual,1646,164,30,13.063492063492063,12.6
5a59d4dd7262de34b353041befd4678d,"다로로다",virtual,1006,100,29,23.952380952380953,4.2
75793bb2e3a48586ba3043e4f7f9ba1a,"이단홍",virtual,2605,260,21,11.132478632478632,23.4
3a51450db11744d2b94d55e188dad4fe,"킴탱코",virtual,4272,427,18,9.368421052631579,45.6
1218d91de2df4a7f6416a7c986418ba5,"남다늘",virtual,4000,400,16,10.282776349614396,38.9
aefd638ca3248f3ed1795197b5fa241e,"코오리 라비나",virtual,1852,185,27,12.346666666666666,15
2af466ec8f1fb864ba2eff44b066abfe,"빵 봉 투",virtual,3560,356,22,9.295039164490861,38.3
92c5e8ed5e4f935931ee2cfa7e721251,"머라냥 I Meolanyang",virtual,2115,211,22,12.22543352601156,17.3
507db9dc039d7e9161ef2969bb2e0d87,"릴쓰",virtual,2472,247,22,11.035714285714286,22.4
11ff6a1e680bdb9e79e0327bc611ac31,"소쿠리 SOKURI",virtual,3741,374,18,9.976,37.5
1e011f25c2902527decb8ee3341155ba,"몽하별",virtual,1215,121,28,18.40909090909091,6.6
77a81ceffdab49f687a3e39ddf04a6fe,"박검복",virtual,2751,275,21,10.621621621621621,25.9
3ac01e3a228c2b4c1699b533d1f0f02a,"꼬맹ing",virtual,5244,524,19,8.458064516129033,62
95ef23acfc4873eb0908b9cb8c775a62,"오새벽",virtual;mktalk15,1584,158,27,13.894736842105264,11.4
fde66e266136cea72f06a13b7c8f484a,"코메",virtual;mktalk15;leopel,2784,278,19,11.047619047619047,25.2
b0d3c3acc298df3afd2e52eba1c9f9f7,"카르덴 카오스",virtual,2973,297,47,8.12295081967213,36.6
6125f7ac629318df499f3b98bee2ee59,"레오노라",virtual,3881,388,20,9.174940898345154,42.3
66d9b111b4e8449a91b5bfd26ccc9f8c,"레나찌",virtual,2881,288,19,10.830827067669173,26.6
8818dabe7e7882dadb905813f326bc85,"유메카와 토아",virtual,3635,363,18,10.013774104683195,36.3
b81413bfb3b30483f73db13559a0e03d,"귤문지",virtual,2313,231,20,11.984455958549223,19.3
216a737ed7dc9cb829669d48b0fe4246,"호시노 리나",virtual,1202,120,25,19.704918032786885,6.1
85ce2199d9dc3afaf2c0f6cffa49e091,"김하란",virtual,4265,426,18,9.191810344827585,46.4
bab835be742ebb0488e0d37f17bf2002,"취냥냥",virtual,1949,194,21,13.16891891891892,14.8
a6a65c9b236f79c5a2494fa9e74a5d04,"로즈헬",virtual,3110,311,18,10.650684931506849,29.2
a572177378319a765b429f998cf88e3d,"루마린 RUMARINE",virtual,1131,113,29,19.16949152542373,5.9
e5e1a6e85244f8339f58f7be818658a7,"김 카 토",virtual,1617,161,23,14.4375,11.2
4e18e31953abee5be8e6d014aa4621ea,"쿠르에",virtual,1324,132,32,14.876404494382022,8.9
b989851b025dbd1a8dce1a31880f301a,"미숙이",virtual,3154,315,18,10.478405315614618,30.1
07e0de57edd07350c8fca9c944513271,"비올레티",virtual,3012,301,23,9.561904761904762,31.5
23bf77359d688742889c336e38c9e22b,"솜야몽",virtual,2608,260,22,10.473895582329318,24.9
749a0e6bbc227a7a69206650415c2299,"김멩뚜",virtual,4199,419,22,8.431726907630521,49.8
0197d1409b1aff985d6877e6c7313c55,"김삵",virtual,1867,186,21,13.431654676258994,13.9
0b0c81c578b793a35fb9c451b3694af0,"김선남",virtual,3204,320,31,8.43157894736842,38
529eb943b6f91f6e6395859456804a86,"카라 KARA",virtual,3164,316,19,10.17363344051447,31.1
de5c3eee67bcb6ba96ab0e7e384536dd,"예춘이",virtual,2200,220,22,11.518324607329843,19.1
d08f39dfcded88ce721a8cd03cb5e6d9,"노랑이에용",virtual,3826,382,18,9.588972431077694,39.9
df4eb2d62da0a45ef8b37b5948126fcb,"수녕",virtual,2173,217,20,12.207865168539326,17.8
7ee79f5a3f70e3bf8eb6bca91b8ab2bb,"토 치",virtual,1765,176,25,12.697841726618705,13.9
33a1437c1164b51cb395d242ce36bd53,"공경민",virtual,1836,183,21,13.5,13.6
b71e9d8ec063e5a2874e78790f8d688f,"정시루",virtual,1964,196,20,13.181208053691275,14.9
15dcc8fb81d1d706b12ad1b411770a69,"김인영",virtual,3568,356,19,9.643243243243242,37
baffda4fdae84dfd59e5e59b4524f2a1,"아일씨",virtual,2385,238,20,11.357142857142858,21
4cefed5d05e0bd4a683f5115722d5cb3,"유세화 USeHwa",virtual;mktalk15,3293,329,27,8.597911227154047,38.3
bc84f23a9bc2e72ba0608f0f6fc7d5f8,"하령08",virtual,1615,161,23,14.166666666666666,11.4
b4a361de2b3575c09b92cc2ef358925f,"이츠미 세요",virtual,1433,143,23,16.10112359550562,8.9
14c0dd7b3a8948e92d330839351cab48,"DDuDDu뚜뚜",virtual,5255,525,16,8.7876254180602,59.8
206311513574a80237c320731bb26a7d,"히아늘",virtual,2345,234,32,9.532520325203253,24.6
e053891bdf1accf385f1fb15046541f7,"뿅뿅호랑이",virtual,3975,397,16,9.79064039408867,40.6
07ac7aff66b81360c1551a58e9c69f72,"청여운",virtual,3078,307,22,9.441717791411042,32.6
ba2fe2766d20e7be5106038a39fb7ed4,"체리카",virtual,2178,217,21,11.709677419354838,18.6
2629ef26d6abd8cf1fa7d52e83ba3542,"아이텔 시즈 Aitel Siz",virtual,1875,187,20,13.392857142857142,14
23d9860c8f557f213f3b752114b86ab0,"김은홍",virtual,1941,194,20,13.026845637583893,14.9
ecd98901685d8f613ee8db55e49df8e9,"코몬 Co Mon",virtual,5637,563,23,7.273548387096774,77.5
f0e19f5bd25c4fed67b8a33eb8c4954a,"블루메 욘",virtual,1630,163,22,14.173913043478262,11.5
6afa289000df2e822f6086c2223af6b9,"귀련",virtual,2303,230,26,10.190265486725664,22.6
599b8088177d8425efcb91e53a3a3007,"쿄시",virtual,626,62,52,36.8235294117647,1.7
a242701c91ae3c4d47bfad996c557dc6,"쿠아 Qua",virtual,2438,243,18,11.665071770334928,20.9
f5fd71d4fe1c71a83f438d5dfcc89ccd,"잉푸",virtual,4655,465,17,8.866666666666667,52.5
120f80c0f6880da21bd566e5dfca6e02,"서 루 안",virtual,4136,413,23,8.12573673870334,50.9
743e3a42d53177f6ba18c2b649391459,"조이삼",virtual,3791,379,17,9.670918367346939,39.2
aa13e8ba014dcaf68fd0649f9847cf7b,"초로기나무",virtual,2873,287,68,7.481770833333333,38.4
cebf261da75ec44c8b916ce94535b838,"세나펜슬",virtual,2250,225,23,10.76555023923445,20.9
808920d55c9991d1480aef7145cb81f7,"청저띠",virtual,2970,297,18,10.45774647887324,28.4
5b91eb17cb5f839bb6df200fa31f82dd,"쩡슈",virtual,3959,395,22,8.38771186440678,47.2
2bbfd7fcc291238d97e31d77739b7a84,"쿨커피",virtual,1927,192,25,11.538922155688622,16.7
bd8a063e410bf8a5815ee998c9c00837,"스 링",virtual,2021,202,21,12.10179640718563,16.7
cb13d29a338a41ec6bab81375651a0a3,"새하냥",virtual,2425,242,20,10.972850678733032,22.1
c01198bfc9daccba47ed8aa489f8028e,"이베르",virtual,2782,278,43,8.063768115942029,34.5
e3871606d93b2dc66583a05c5865aae0,"피큐큐",virtual,1099,109,30,18.016393442622952,6.1
b241d7aed1eb16e127517597d2b681d6,"비나 비구름",virtual,1825,182,25,12.006578947368421,15.2
66142317eaac3f3d36a4e1ee3d433df9,"삥아리뺙",virtual,4207,420,19,8.692148760330578,48.4
4977d00a136833f431fbb735ed51387f,"베베양",virtual,2916,291,16,11.172413793103448,26.1
0dd5988f5922e65c9bfd627973ab5878,"토봉이",virtual,3690,369,23,8.463302752293577,43.6
655b94d18ffebccdf52b81848a334a3d,"나는야꼬등어",virtual,792,79,36,27.310344827586206,2.9
0ab786637b16c2970a939dd1431f8448,"AliceMariA",virtual,1895,189,22,12.305194805194805,15.4
1e2555cbdf56ff1add40e5c9a5b59851,"미우 ME W",virtual,2110,211,19,12.267441860465116,17.2
b83b97e4b40af8ba7ba986e05085b383,"미요네 유뮤",virtual,1541,154,24,13.882882882882884,11.1
b7e301827daaed893ec76a0cb9a7d1f3,"망고고망",virtual,2717,271,26,9.11744966442953,29.8
97ca7e8c93219221a8d9440ad4067c47,"스누피",virtual,3883,388,22,8.368534482758621,46.4
6ed2c9d456307a6ce4eaf23d32a44fce,"연하영",virtual,3451,345,18,9.612813370473537,35.9
ff0d03544ecb56a25095643ef311f0a5,"신 S1N",virtual,2400,240,21,10.619469026548673,22.6
dd586db451c8c0e1723f5293dd4afc77,"낙원 exe",virtual,3503,350,26,8.24235294117647,42.5
ede2b7224c597a471139720c9313fcc2,"에스땅",virtual,2952,295,22,9.371428571428572,31.5
e953e45c0300bf36c1f4db19a11b6d78,"차 메",virtual,3470,347,17,9.857954545454545,35.2
1c0e434ae3dc6d941232c70fceace8c5,"체리또끼",virtual,1854,185,25,11.734177215189874,15.8
35ac4156f36d910599a13f6d205cca69,"김봉칠",virtual,1953,195,23,11.694610778443113,16.7
0a6f520c24810f226796cf29f2f54ae8,"오순이 osoon",virtual,1692,169,20,14.218487394957982,11.9
ce614dfe7f8a59daee3177cf8752e4a6,"소소담",virtual,1711,171,22,13.161538461538461,13
c2a1d7e80e6f96ea0bb0f18e9b78fe1b,"박복이",virtual,1865,186,23,12.03225806451613,15.5
89a48758d5be0e32d3c17e68b3ed26bf,"티아 Celestia",virtual,4216,421,16,9.20524017467249,45.8
87c2ab086be6533eacc9498f6a3275a2,"한꺽",virtual,4847,484,27,7.180740740740741,67.5
1abdd12d26d0bdd140274d854165133d,"요나일",virtual,5349,534,15,8.725938009787928,61.3
0987f5f54ccca4945d9322e757901611,"류늘봄",virtual,2769,276,24,9.23,30
baec59bbe7190469f13a2915399b7d9f,"비빔나물",virtual,3964,396,21,8.416135881104035,47.1
ef2401ac4f6ebcb7cc0692e9f3d17a9a,"세리스 비야",virtual,2296,229,18,11.835051546391753,19.4
3c124403d62ce79729d79c9bb4fa1c98,"그리얌",virtual,1791,179,30,11.19375,16
97d98a2cf6e49e7c4d56db1c0fba31e8,"버튜버 김목사",virtual,2228,222,20,11.36734693877551,19.6
4d45f0daa870765260bcb1dee9612db6,"박용준06",virtual,3229,322,21,9.121468926553673,35.4
0de56206fc9b68c3c744489efb1e171a,"으니브",virtual,3676,367,17,9.548051948051947,38.5
9645e9217034fbb2a32c9e38d1061d6c,"싯소하",virtual,758,75,36,28.074074074074073,2.7
fb734b643fa0b691195c8bbdc8e643cd,"우리야 wooriya",virtual,3949,394,19,8.717439293598234,45.3
9880bb5d2344cea31fdb707b91531564,"쿠운님",virtual,2112,211,25,10.507462686567164,20.1
85c8393903d36e694eee9c43e783beda,"정라봉",virtual,2888,288,20,9.756756756756756,29.6
6b39816b3135c6f7ee8ceb7eedd62d8b,"은초Euncho",virtual,4129,412,21,8.225099601593625,50.2
ed6ef4b5ea14642e267f3d6f5436bf95,"자두땅",virtual,1449,144,24,14.205882352941176,10.2
4d93eaefb9387f2245e36634890d4c28,"이아 Yia",virtual,3083,308,19,9.725552050473187,31.7
4da70c83ce6cf1db4203447daf73b3f7,"아훈이",virtual,743,74,93,19.55263157894737,3.8
5671df52391b77b6bfd6e904e0693ec7,"알바 화이트 트러플",virtual,4895,489,24,7.273402674591382,67.3
c1f9442355e1577a7e3375214e6274c7,"도비두비두밥",virtual,2409,240,25,9.597609561752988,25.1
ee3eeb4a48ec873a9692734c58438df7,"차람지",virtual,1726,172,22,12.598540145985401,13.7
d61bbf21d161b6436f8993038cc1a989,"인휘",virtual,2986,298,17,10.332179930795848,28.9
eb2ea5635765aa33c74374be1b361c62,"김화수",virtual,2583,258,23,9.566666666666666,27
c92ad0808021c65614b65df326f342d6,"탄포포 유메",virtual,3101,310,18,9.782334384858045,31.7
426ab2a2f7c9ff7b7cacfdf7a50a902b,"보름 borum",virtual,2161,216,19,11.618279569892474,18.6
62000c0bd0af97248e68632a02cefbb9,"0칠빵0",virtual,2687,268,18,10.455252918287938,25.7
20d19963026340fda85111db5fa7fb99,"얌무우",virtual,4210,421,18,8.522267206477732,49.4
196b5a72d5635df40998eea4aa8f257f,"윤나브",virtual,2840,284,19,9.86111111111111,28.8
223e56c9659ae718cbb741a98bef467c,"츄복복",virtual,982,98,40,16.64406779661017,5.9
92f007c08582c16ab9df2ca704720dc6,"공까",virtual,1908,190,19,12.635761589403973,15.1
bdf9acd842331730bc7f07a65f86dbab,"새벽오야뿡",virtual,1217,121,24,16.671232876712327,7.3
a818433a61531831a9a459863b29c857,"벤자딘",virtual,2866,286,19,9.781569965870307,29.3
c842035a59111b1585583c4fbc044eef,"태루히",virtual,2261,226,20,10.870192307692308,20.8
8e679d29234577e142f4c6af769d6a14,"달해나",virtual,3050,305,18,9.744408945686901,31.3
09849ec517134f7c6c7ac749c82213e1,"함지슬",virtual,2152,215,27,9.826484018264841,21.9
24d530f7bf73c744c35d73ec36c1f8b9,"별 하랑",virtual;spearforest,1677,167,24,12.152173913043478,13.8
521213ab6afb56440c9a713f9457c3de,"가븰",virtual,4219,421,22,7.784132841328414,54.2
6f215c405bf5500797940b82e8101969,"박온행",virtual,2188,218,35,9.004115226337449,24.3
61aece85539678ba9c182708b60fa160,"동금지",virtual,2326,232,23,9.897872340425533,23.5
38ce6201af07883350d3fe004aa24316,"김밤비",virtual,2007,200,20,11.736842105263158,17.1
6ee1c7dd9823d9fdb0416eaa75483208,"파나",virtual,3389,338,18,9.209239130434783,36.8
474d44948d12497407c989df0a9740a1,"블 란",virtual,2654,265,19,10.168582375478927,26.1
66630781c437e465edf43de3cfd19b3b,"다루쥐",virtual,1828,182,20,12.520547945205479,14.6
5ce0d592f7692ab7653d1b9cef0c8e60,"세페일",virtual,2218,221,23,10.174311926605505,21.8
fb4d2c35c8d52e22147126411e11d3a6,"도이또이",virtual,2802,280,22,9.097402597402597,30.8
bf5e76c3ac238347e598c253f2320ba3,"김 시 소",virtual,3420,342,16,9.743589743589743,35.1
2c0d12b9bf630b9ef1e018247a6cea98,"서 세리",virtual,5181,518,17,8.057542768273716,64.3
8dca7255caf42d56edffccf62afe5fab,"초 이연",virtual,1542,154,22,13.408695652173913,11.5
cccbb46dc713d793a747c00ea15129c1,"연 하젤콩",virtual,1995,199,26,10.336787564766839,19.3
572f901f9a63a4525ff0187b8b2ffd4f,"나나뽀",virtual,4341,434,17,8.478515625,51.2
257bbda36485f11e419c25d8fcfa66cc,"유덕심",virtual,3965,396,21,8.04259634888438,49.3
02a7a7199fb0bf1c87d989474528599b,"양레아",virtual,2792,279,22,9.035598705501618,30.9
7845e5da52bca97cd46fceb24ee729ea,"한 세라",virtual,4568,456,17,8.335766423357665,54.8
91fe26bcdff4c0d6fb4ae973668889e4,"무겐mugen",virtual,3877,387,32,7.074817518248175,54.8
6bcc176b0fa71673540159febcd97cd4,"유이리 YUERI",virtual;mktalk15,2116,211,18,11.755555555555556,18
f2c791ccbdcf5f263a1a74649f476b6a,"오리 꽥",virtual,2026,202,24,10.38974358974359,19.5
f02e7e73d35cc611110b47a18ab1aa34,"밍츄 Chu",virtual,2828,282,29,8.220930232558139,34.4
2ebb3b02b4c7b6b50f93d9ddb63c6b11,"적류",virtual,4280,428,21,7.739602169981917,55.3
e667863ad57a1aa086c50459e4abe642,"흐먀레아",virtual;mktalk15,2770,277,23,8.849840255591054,31.3
be7db546b3de12f3e1658a68f4949251,"IM 한결",virtual,1567,156,20,13.867256637168142,11.3
88a3cc93da8b998e0958811fcd509b77,"베비야 Bebiya",virtual,1919,191,19,12.145569620253164,15.8
6305eba3ca2dcc72e430149911121019,"뽀둡뽀둡",virtual,2605,260,17,10.589430894308943,24.6
1e1d596d167adeae3fcc5afd8ad47dd9,"망극",virtual,2516,251,27,8.766550522648084,28.7
dd0e7786f3918d5ac7c920d32a8b8ddb,"지몽지",virtual,2262,226,21,10.281818181818181,22
98c0e1edc3c578a933695b87fb592893,"미에링",virtual,2080,208,21,10.833333333333334,19.2
1a5d9c9d6b8d0fb9a7b4819b9366d4d6,"김달소",virtual,2056,205,23,10.383838383838384,19.8
721b1c00548673d1b96b206b498b4893,"니은 Neeun",virtual;leopel,828,82,28,23.65714285714286,3.5
f0ee2cbdd32aa82bfb8c7262503755d5,"시반 SHHVAN",virtual,2390,239,17,10.963302752293577,21.8
6833c245297f782437805f185a24ac85,"곰다람쥐",virtual,2089,208,19,11.291891891891892,18.5
dfb6711cf947fe82ba341ebcb3d9d878,"복 동숙이",virtual,2236,223,18,11.069306930693068,20.2
3460d98a6fcb078bde389b13245072ce,"반달냐",virtual,2508,250,17,10.627118644067796,23.6
69996ac83db681049e110c5883f05f39,"송 아",virtual,2186,218,17,11.566137566137566,18.9
f4022e7c7403c765dda995b30369577c,"마냐나",virtual,2427,242,38,8.06312292358804,30.1
c2e56cb368b287b32f656470fa9fee3b,"연너",virtual,2130,213,20,10.757575757575758,19.8
0d8a7b2da24e3648408b9fef32e7824d,"하나노 토카",virtual,2370,237,19,10.34934497816594,22.9
a4963521040ce0f38dc24ff1eb3bdeaa,"고라니는 똥손",virtual,2859,285,19,9.343137254901961,30.6
b73f518cdb8faf951efd99244739c70a,"왱이",virtual,4264,426,23,7.301369863013699,58.4
83c4f1e40ef5a477d7d909577c5b3428,"히로앜히",virtual,3701,370,19,8.430523917995444,43.9
9e4ca45f17c48ff95313eb4bfb6a3c2a,"모하 MOHA",virtual,1455,145,21,13.990384615384615,10.4
a103ecc4ea4efd11addefd33bc6a1747,"묵무키",virtual,2107,210,19,11.089473684210526,19
3a042c2719502eca2e63e060cb001bcf,"유온uon",virtual,2582,258,16,10.71369294605809,24.1
8fc0f6e93501c61c9ec64a6d4c7e22e1,"0유이린0",virtual,1349,134,21,14.824175824175825,9.1
8683b0eba193a5818a33bd38dfc16bcb,"해령임둥",virtual,2546,254,27,8.572390572390573,29.7
e4ef6f799366157ed10108c604b97990,"포미 ForMe",virtual,2371,237,27,8.814126394052044,26.9
47e532648057e24eafaba90f182585d0,"뚜뚜뭉",virtual,2368,236,18,10.47787610619469,22.6
f60d90f276f23f4da2ae58d86efd7ec3,"드로즈",virtual,3784,378,17,8.698850574712644,43.5
be93863e15a36ecd250d6ff863b98fe9,"안 냐",virtual,3007,300,16,9.859016393442623,30.5
eba2a7b99318378a98c5f7c380b0ae5d,"답지",virtual,2330,233,19,10.355555555555556,22.5
e54fb667c2edae6a168c6708b17720a9,"누먕",virtual,2655,265,25,8.592233009708737,30.9
6b45e3918a3eb66939b49ebbdb7c8686,"유 하 연",virtual,1716,171,24,11.289473684210526,15.2
c8e4ce63448ba7d76e4803d84af4efb9,"니루NIRU",virtual,1080,108,25,16.875,6.4
da0eb3b7f9e60f8a8db2ecdd9b2e47a3,"엘핀 Elfin",virtual,2923,292,22,8.571847507331379,34.1
f97248b71db3d9a038ad3d1aefbbcf64,"여왕S2",virtual,1063,106,29,15.865671641791044,6.7
afa190011447404d61d3c4f43c5c12a2,"멍히멍히싱멍개",virtual,1339,133,24,13.525252525252526,9.9
37c1599bb9c72f3d09488c922f69f63a,"행시 HANGSI",virtual,2857,285,22,8.605421686746988,33.2
2fbcc99a2def03a177ba186835f0d49d,"뮤 인",virtual,2599,259,16,10.522267206477732,24.7
e683cc77c5a8cf798a638596d04f40f9,"아스티 Asti",virtual,1988,198,21,10.745945945945946,18.5
9ff94a646547d8a714ec196d3cbf9f87,"김지이",virtual,2965,296,20,8.850746268656716,33.5
f69904ca85930840aa6dccb99389dc8e,"열오리",virtual,2767,276,17,9.846975088967971,28.1
bcabff23f436bb6df9d248a004b55f37,"방금달",virtual,2253,225,21,9.92511013215859,22.7
22c0133ac17098833ed737a6ada7d575,"말리히니",virtual,1236,123,21,16.051948051948052,7.7
a0e4a69f9bf6db68c739dbf4e422c95d,"경융",virtual,983,98,31,16.383333333333333,6
e8599b8b61622bbf6253edb3ced30b54,"빈빈 BinBin",virtual,2352,235,21,9.6,24.5
6c292c5eb6f35c4eb21d30fdc064e638,"굳셈요",virtual,2017,201,19,11.082417582417582,18.2
9cb7107b940997f62227d4b1bdbdb5f1,"은하린 Harin",virtual,1332,133,21,14.478260869565217,9.2
45cc8d5327217119fcfcd595e227b370,"쭈닝owo",virtual,2237,223,24,9.282157676348548,24.1
ee51720e2dd7bf30bf21f8a2fc7adf06,"아쿠마 레이",virtual,2276,227,26,8.925490196078432,25.5
43f75bba1b8b94c00d7e07453d6cada4,"도깨비 느루",virtual,2126,212,18,10.958762886597938,19.4
ab504d770e36bf59aaf155be434952d8,"밈 미",virtual,3865,386,17,8.420479302832245,45.9
6eba17eec76cc4d8c538eadb269c9c82,"마밈뭄",virtual,4043,404,17,8.251020408163265,49
03da5f1d509908f8aa5e5aae1c8c06a8,"아 이쿠",virtual,1220,122,27,13.707865168539326,8.9
86d55efa49847acbb401ea14caa0536b,"백하얀",virtual,444,44,63,49.333333333333336,0.9
8822551135e036a677d9506706d91201,"최화분",virtual,4602,460,18,7.67,60
21c76e5449f2f652ff36e0fcd6c1e593,"퐈호리",virtual,2693,269,19,9.286206896551723,29
50ba1b9bd1f23f988a258bfa4e306228,"지롤썬다",virtual,2851,285,17,9.535117056856187,29.9
807c708535f33728fd3bd27914e82b65,"굥시아",virtual,2770,277,19,9.111842105263158,30.4
3b9aa1ea2394359ab8b291ea25525225,"언와이즈",virtual,3486,348,16,8.938461538461539,39
9a2e0d87f99658caee45a877712b40e2,"오늘이올시다",virtual,718,71,34,23.161290322580644,3.1
603c12c76c5b487c0a620a4781602755,"콜라희",virtual,4191,419,17,8.09073359073359,51.8
fd904f547aff8ca763c41fe57e10324a,"달츄츄",virtual,1827,182,26,10.15,18
14ecc41502024fb6403943d15845ee1f,"타카라모노 호세키",virtual,2653,265,19,9.341549295774648,28.4
a3c901d07e059f9dc7eb2b44ab143371,"유진나",virtual,3822,382,15,8.847222222222221,43.2
56bba50a0f6295935920863b5f4ccb9c,"김루아 KimLuA",virtual,1814,181,22,10.927710843373495,16.6
81d9bc84602a8450fc304039d8e2bca9,"조또아",virtual,3252,325,29,7.324324324324325,44.4
99ceb1346fcd7dff51eb4354ef5f13cd,"치히 Chihy",virtual,1808,180,31,9.617021276595745,18.8
fa03c6332b8c5bb37c776fdc5a65fcb3,"온울",virtual,2049,204,24,9.619718309859154,21.3
64699fa33e0c5dd6289c301fb277c0b8,"윤상순",virtual,3026,302,16,9.397515527950311,32.2
5cc9ded930b7d4258f01b6204874f2f3,"응시z",virtual,6757,675,23,6.0709793351302785,111.3
42b493baab6591b6ebec6062f096ecba,"이세향",virtual,1482,148,22,12.35,12
51033bb58c78333f039a859c310ffadd,"김종이 PaperKim",virtual,3123,312,25,7.692118226600985,40.6
96323616ff7dda48c2b1f9a9f940bc39,"제미르 ZEMIR",virtual,2146,214,18,10.623762376237623,20.2
156cc9e3278f075c6e9be394b6a9b8d9,"아차찹쌀책",virtual,1974,197,22,10.123076923076923,19.5
3dd3bbe964376bc69bd28e0958dbe273,"희노아",virtual,3655,365,16,8.661137440758294,42.2
a60a100f92b18c63eb7d238aec8d29a0,"데메트루",virtual,1965,196,20,10.621621621621621,18.5
16e749d331185778ce2301e04597c81b,"시브",virtual,5632,563,19,6.8019323671497585,82.8
4e0908da84e6d23c4b145d90a6a193ec,"서 링",virtual;mktalk15;leopel,2649,264,19,9.103092783505154,29.1
954fb6b61e165af2aea29d3f52109d47,"아요띵",virtual,1542,154,20,12.435483870967742,12.4
a9e9faf32d32f089b07eb6213e9f4254,"김앙대",virtual,1424,142,20,13.30841121495327,10.7
70c1eb04da6173ab9afc1f7a4856a3a9,"에이제로 루아 A zer0 LUA",virtual,1517,151,22,11.94488188976378,12.7
4a62ee4e2d30ac11709453faf4583f1a,"다크테일",virtual,933,93,24,18.66,5
ae37bcedca60ca7b2563565341935e67,"프리에르넬",virtual,1762,176,18,11.986394557823129,14.7
b419e394870a9f87f6181d5b1edea8d1,"DoKiii",virtual,3932,393,19,7.6796875,51.2
944b6eabe666d957d90581b412ba5fa0,"찌부엉",virtual,3658,365,16,8.506976744186046,43
3be69ef4cfabc8e5e701635f5ed62d0b,"갱치리",virtual,1443,144,28,11.186046511627907,12.9
314a6ecd1e700ebcef0a9bd37dda29fb,"홈런볼트",virtual,815,81,27,20.375,4
767f9cfb72885ff1c2979e5b2a1b6066,"마이 Mai",virtual,2284,228,21,9.284552845528456,24.6
8410e08fd6359ed491b5ad366994fa0d,"쏠라쏠",virtual,2122,212,25,8.991525423728813,23.6
69899f26e65d89addeb6f9d7d6668116,"쟌JYAN",virtual,636,63,33,26.5,2.4
795ff81188663f540f8d0a27716a2baf,"백토끼",virtual,1876,187,19,11.035294117647059,17
0cfb40c68e56441c3e0ca58231e3523b,"유메루",virtual,1514,151,21,12.112,12.5
c9a7a8a4006fa8ed4cefbf97b398abf2,"촉수마왕",virtual,3777,377,16,8.356194690265486,45.2
f8f7ede2c9fc97f8cad0898362250311,"쬬하나",virtual,1649,164,29,9.993939393939394,16.5
ad7534d94d264703c0af8cd33e9dd5fa,"호시아메",virtual,1839,183,19,11.145454545454545,16.5
80e549dca8b37bab0d0a8a8ea0089608,"오 찌",virtual,2081,208,19,10.200980392156863,20.4
999853fabc8fba728882cd4e885aa882,"서희양",virtual,1707,170,32,9.430939226519337,18.1
90497fc9ba635fd31fa8f17043618a24,"귀량",virtual,2660,266,17,9.366197183098592,28.4
d12d2b4321e2a1b0de5f0a3d49e45a57,"예시니랑",virtual,1947,194,20,10.356382978723405,18.8
516937b5f85cbf2249ce31b0ad046b0f,"아오쿠모 린",virtual;stellive;mblee,1212950,121295,10567,4475.830258302583,27.1
475313e6c26639d5763628313b4c130e,"엘리",virtual;aesther,348790,34879,6050,1166.5217391304348,29.9
0de024a1ca4a64f1a23a95ff9eeee5a5,"임나은",mblee;virtual,224680,22468,2467,501.51785714285717,44.8
41d1490bd67b3818d7dc53427a4d6cea,"앵보",virtual,184540,18454,1110,425.2073732718894,43.4
f3f7af23c948938651fd244014ff1204,"향아치",virtual,110150,11015,578,428.59922178988325,25.7
68f895c59a1043bc5019b5e08c83a5c5,"라디유",virtual;mktalk15,55920,5592,763,380.40816326530614,14.7
d916dc846dcbe66a3482e238625b9022,"백희 Baekhee",virtual,87830,8783,406,226.3659793814433,38.8
98538102121a4704260eb77e088ddaf0,"서랑그림",virtual,46510,4651,293,222.5358851674641,20.9
9116ce342b24d085f3afe73ccc465465,"김니디",virtual;mktalk15,49530,4953,251,135.6986301369863,36.5
90695d782f44f6b7849cba7c0749e093,"마지나이 쿠로카",virtual;leopel,29990,2999,195,126.00840336134453,23.8
cffac6a96b6a2f625db9e6085c40d1c1,"이 선",virtual;mktalk15;leopel,26360,2636,251,115.10917030567686,22.9
659dcc02fa42de17387db4c8d722f55c,"해득이",virtual,51480,5148,153,83.57142857142857,61.6
0136d146dc33ee6abc656509ba0c4a65,"쿠미네",virtual,18690,1869,350,162.52173913043478,11.5
2fe88ab2b731edd48b7b11feaedbf294,"기령",virtual,43310,4331,176,80.65176908752328,53.7
f0088e81766cba82348838db1e14b61d,"판 토",virtual,28870,2887,152,94.34640522875817,30.6
6bcc1c4b89128eac7bc7a7d698ef7aa2,"아마시로 메이",virtual,21340,2134,169,118.55555555555556,18
be059789e19ac3e46198e15911a80122,"모이 M0I",virtual,23040,2304,243,78.9041095890411,29.2
343c202c69ba6d11b7ec51741f9591ac,"이 소 에",virtual,24780,2478,135,87.56183745583039,28.3
19f9ece522b9155b4e577d7b9b46103a,"고순해",virtual,29440,2944,235,57.16504854368932,51.5
29a1ed5c0829fa620fab900dba7e011b,"유리리",virtual,19800,1980,176,74.71698113207547,26.5
7ca6c5f45a9b16f75970f54c309623c0,"하나빈 HANAVIN",virtual,31430,3143,124,63.11244979919679,49.8
60761dc68dca3092c55c4371710ce848,"엄히로",virtual;mktalk15;leopel,17520,1752,175,78.91891891891892,22.2
105c19a2df33594abc805087f483eb1f,"유토링",virtual,19460,1946,145,41.492537313432834,46.9
04915630b88e200dc8f404831a12ab37,"앙 쥬",virtual,11750,1175,100,69.11764705882354,17
b7274c0f22d28001a882b950d5a18404,"뽀야치",virtual,25890,2589,90,36.05849582172702,71.8
8f1942d6145656362a585633bc646e53,"카루메",virtual,12680,1268,126,36.967930029154516,34.3
424db00719df9531e9e0534851725c6d,"드얌",virtual,18280,1828,59,39.481641468682504,46.3
2971340b547cf76dad2876252f2204f7,"마나세 냐쿠",virtual,13850,1385,71,40.6158357771261,34.1
1162f959f6cc26814d16f5d364d43a06,"이토 제로",virtual,16270,1627,77,34.98924731182796,46.5
0be2463dd64b33d112655a76cf6be7ea,"얀즈",virtual;mktalk15;leopel,12070,1207,88,39.834983498349835,30.3
9525240500f8efc14d615cd7dc0e537c,"상여자루다",virtual,19390,1939,97,27.739628040057223,69.9
d218cfd63f788565fccee5483e74bb1f,"한 이오",virtual,10520,1052,80,36.15120274914089,29.1
af51552244c8bdc6d3a8202303554377,"테 테",virtual,11280,1128,80,33.27433628318584,33.9
2e9602da2a4897bcfd8e08015e2c65a5,"도진 YLIF",virtual,7690,769,131,40.473684210526315,19
e5e29bda5e2a4a997d40d15c220ff248,"설 몽",virtual,18560,1856,55,22.227544910179642,83.5
82502a15d0293caab3d8f90fb1713530,"오츠 글라디우스",virtual,9320,932,48,32.13793103448276,29
03bc1508b04c3fc4788af8bd0c9db08b,"김재이",virtual,11060,1106,57,25.36697247706422,43.6
55ae73f181013c3337e6a6f14e4e0d53,"오소라",virtual,9520,952,52,28.93617021276596,32.9
3ab5d2f7a10442389c660ab0e4451622,"하카세 유우",virtual,4880,488,83,59.51219512195122,8.2
9d749360ce1c6c4bc0d59f0e6237e065,"명칠",virtual,5650,565,61,44.84126984126984,12.6
1b55e07f8d3cdf58334796ed76cd9699,"묘현",virtual;mktalk15,9400,940,45,27.089337175792508,34.7
6f3d81da787c852f27bf4c8a36261c1e,"Oo시안oO",virtual,9280,928,48,24.293193717277486,38.2
cb23c90f33e6fb59276a787be3e372b8,"딴비딴비",virtual,5380,538,83,31.461988304093566,17.1
73d464c3df620ebf7bbf28108ed605a4,"사에 플로시아",virtual,4870,487,80,38.046875,12.8
61acacd56ff16f2b5cd09aa8b9d5002d,"흑지로",virtual,6720,672,84,24,28
b134c6981709fdb7c9e8c52f42c48d4b,"건망고",virtual;mktalk15,11130,1113,40,22.171314741035857,50.2
cc3e3251abaf1466434849bc0955cb4e,"츄키 CHUKi",virtual,8910,891,37,26.676646706586826,33.4
038a80933dc75a1373a45c1974972abf,"후쿠미",virtual,8080,808,60,22.07650273224044,36.6
3ac33ab776f03e1142d47e5b3c639566,"곰곰2Q",virtual,10880,1088,37,22.295081967213115,48.8
76bef7b01fd974591d9c2ffc05d9291d,"이 채린",virtual,13720,1372,42,18.59078590785908,73.8
fc62be23517b28eb8c554370aa1eca56,"탐랑",virtual,6600,660,38,30.4147465437788,21.7
f794bcbf2cbab8f252b8e47d3c6e7fdf,"유우희 Uuhee",virtual,5340,534,48,34.23076923076923,15.6
823c9105464f637d8a208d11d2bbfd93,"한상한상",virtual,7690,769,40,24.49044585987261,31.4
8d3db5769db2ad8d570eeaadece62a23,"꽃이피",virtual,7460,746,74,20.21680216802168,36.9
2f6c390e61a3bd09cafde6e75ac784e1,"아춘향",virtual,10610,1061,35,21.13545816733068,50.2
f67d51b43d3c43a8f2e4e091521d961d,"서벌캣 례이",virtual;mktalk15,5860,586,59,24.214876033057852,24.2
57c46759986b55890b332f0a851c6f78,"솔솔퀸",virtual,5030,503,50,30.484848484848484,16.5
8b6ddefc6d8df5a5c6bc2e00aa0999f2,"코롯",virtual,6560,656,62,20.825396825396826,31.5
42ea0f7df99c77dd9b2d57be68602297,"이민하",virtual,13810,1381,31,18.512064343163537,74.6
779de60981afd5a95a827962f796da2b,"서누리",virtual,6330,633,44,23.977272727272727,26.4
4d70bbad33c36e9481f11c9b1f30f741,"짜구 JJAGU",virtual,5090,509,72,24.829268292682926,20.5
c43bc58378e0f9f747e2e69db74495b6,"짱빵이",virtual,4300,430,65,30.06993006993007,14.3
0f1f0c0fe364b645ba99d8498160c87f,"추봉이 Chub",virtual,4840,484,49,29.156626506024097,16.6
ad56369d215c12693a57f2e258452076,"옆집사는헤이헤이",virtual,7260,726,44,20.22284122562674,35.9
b660e71f66b97e2b162fab93e0cd0ba7,"제이양JEI",virtual,7360,736,36,22.37082066869301,32.9
35af289529fad221cc2013d02ef1dfda,"엔마 Enma",virtual,3850,385,54,34.68468468468468,11.1
d06d0f8f764dc783743dab1ee41bde12,"헤 쿠",virtual,4790,479,40,28.85542168674699,16.6
f6563be189d5ccda981690be5c38c7fc,"서씨가문의수치",virtual,10200,1020,34,17.114093959731544,59.6
95c52a393d3bd023200005106b15300a,"메디 MediBael",virtual,8960,896,40,16.81050656660413,53.3
0b23327c58addf447f0bd931498a59de,"만낙",virtual,5820,582,36,23.373493975903614,24.9
112677e72fc763fa4bd7a15a21cbc6c2,"이브린",virtual,15060,1506,39,14.061624649859944,107.1
f7904e4a98a7bd557708411fad3a6981,"이우린",virtual,5100,510,46,22.07792207792208,23.1
f55fe79c18a40e8a9a735c5588f8ffe5,"하윤찡",virtual,4960,496,38,24.43349753694581,20.3
42956fe0a0af5cea4fce3fa5721fe2f9,"빗 시",virtual,5690,569,36,22.313725490196077,25.5
14d38d8fe34cd5f4d253214e3c62e7d9,"앞투원",virtual,9040,904,38,15.97173144876325,56.6
b39dcf5d597f48bb23bd975d89b8d35d,"키테라",virtual,2250,225,74,66.17647058823529,3.4
4abe83465c0398fd9e2ba96686306fd0,"이현님",virtual,3100,310,47,36.470588235294116,8.5
21e59fe5c4cdc0211dda82c2b11d0553,"참똥",virtual,6900,690,32,18.498659517426272,37.3
dc96def1f0610ce19aa30ec1016054c4,"감은장",virtual,5900,590,424,13.470319634703197,43.8
6229b9a7012dbd6fce7d48cd30c0f437,"쿠시쿠리",virtual,5970,597,38,18.598130841121495,32.1
c315a311746200a9f689b4377b751c0b,"하나네노 츄츄",virtual,6220,622,32,19.68354430379747,31.6
ba85331e00fa7a489186cdfc5e365a8a,"에테 아스티아",virtual,4130,413,45,23.46590909090909,17.6
15e35c57757dfa3315eee6d13191d13c,"미네이션 미미",virtual,3310,331,44,30.934579439252335,10.7
96e7f7df22670b394e07d1cd4cae1ee4,"먕먕몽",virtual,6970,697,31,17.425,40
7bbc7b3b941d51a767f134911a558932,"하루츄",virtual,4350,435,55,18.58974358974359,23.4
6baf8d21940686f50a64f63a9d96e0da,"금이요",virtual,5300,530,34,19.55719557195572,27.1
c7da7cb81073ab148e664170be2ac9f3,"케미쨩",virtual,1920,192,98,66.20689655172414,2.9
7e4e05f9b6fd0862d2c9cc0d01a51ee3,"찌이콩",virtual,5070,507,52,16.568627450980394,30.6
0f4b2c8313c813a863f4c202c8dff57b,"예나츄",virtual,9960,996,24,15.68503937007874,63.5
8f52a7daca1c72330f80b92babd2f560,"렌카즈",virtual,8610,861,32,14.3261231281198,60.1
ceee602058dfc1cc216e2e832b27d9fc,"종이paper",virtual,3880,388,33,23.803680981595093,16.3
9136a84b6629c79e3a94055fc54e54db,"코코유",virtual,7920,792,31,14.452554744525548,54.8
325aee7d0bb35ff33ef8713f75289253,"퀸냐옹",virtual,3640,364,39,21.28654970760234,17.1
eac18c60e22e93d476d9a1e36c9a9aae,"용신 류미르",virtual,5180,518,29,17.73972602739726,29.2
25792176adae309691afcc7fe84e7944,"즐거운 새벽 659985",virtual,7980,798,27,14.098939929328623,56.6
910178578a17431ecb3292b609a63bc4,"손기현2",mktalk15;virtual,4460,446,33,17.91164658634538,24.9
07665c7c871c47714c926e1aca7164ae,"빛나비",virtual,3880,388,35,19.303482587064675,20.1
ae2e38949bb60c7e47d0c88c9cf270a8,"베타 시스테인",virtual,5580,558,37,14.455958549222798,38.6
7aedf346b5af380d8db368ad25377768,"김오브디토",virtual,5530,553,27,16.706948640483382,33.1
90d25b47d255d650d20312f8cc9408de,"권루나",virtual,3560,356,35,20.697674418604652,17.2
6e3e3763144c74fb68aa904ac2fd04c5,"다음날의 다이어리",virtual,5050,505,30,16.666666666666668,30.3
7f894159ac4d94eb5e0b774433c9d1ea,"노솔링",virtual,5110,511,35,15.253731343283581,33.5
71a3d031b8583db2e70398222c5a2393,"세랑 Serang",virtual,3050,305,43,20.89041095890411,14.6
131647952446cbcf467e27313ae6b263,"상흘",virtual,7110,711,32,12.950819672131148,54.9
47696c96a78762ec9d14eaabd90c7813,"바다YOON",virtual,6230,623,28,14.387990762124712,43.3
aa26e59c91a22bd430ec1d5d6d965dac,"진다람",virtual,6050,605,26,15.087281795511222,40.1
84085c3d1b09603389bf48dc01dd0490,"엉탐남",virtual,6410,641,47,11.981308411214954,53.5
aca36e99198a7587de9dd1bbe324fd87,"토드황",virtual,5380,538,28,15.240793201133144,35.3
de59aa8cca4cab79be467383a4d52b3f,"뮤로나",virtual,3670,367,36,17.393364928909953,21.1
9d04682bfb43e37a4c058e7e5c1386e3,"모이로 냐아",virtual,3150,315,38,18.75,16.8
5c027e16c7a1e5a1b5be6ab783f451b6,"웅 철",virtual,5580,558,24,15.287671232876713,36.5
573aba785831e27446c5d765ced4de7b,"시노농 XINO",virtual,3370,337,29,19.823529411764707,17
6687ef385743cb1d13136c96353b3882,"백근우 I 에델리안",virtual,2690,269,54,18.424657534246574,14.6
5a3635024d638003515c9f2be9236ded,"쀼 쀼",virtual,4450,445,36,14.037854889589905,31.7
c376622f765901eb5cc983ecd16f511f,"김맞는",virtual,3450,345,30,18.06282722513089,19.1
5f26d0323ca586a4561e6dc30391a2b2,"하야부시 시시",virtual,6750,675,23,13.106796116504855,51.5
a6a438cf973313314226a25997bcab5f,"쭈꾸냐",virtual,3810,381,29,16.565217391304348,23
48fe019053b07342d26c5f06129688cb,"류건",virtual,7680,768,57,9.64824120603015,79.6
2c544d88a7bde49eca78a1bd1756e1cc,"벨라레타",virtual,4920,492,29,13.369565217391305,36.8
be5a6639bbe6886288d26ac8be73469f,"유메노 모코",virtual,5500,550,36,11.827956989247312,46.5
7a847332420ea9ec8a2795d2bfd4ecaa,"드라미양",virtual,7600,760,30,10.951008645533141,69.4
2b981938a97e5ec827cb66cfe5208759,"필통님",virtual,7930,793,26,11.044568245125348,71.8
5dd33d192799b2292333c77eadca08ea,"현찌당",virtual,4060,406,25,15.49618320610687,26.2
b25122841da554d372c93e1c62573d42,"밥풀 떼기",virtual,3500,350,30,15.83710407239819,22.1
9739d266e5fc66e1e7708b311a0cb6db,"츄파카 Chupaka",virtual,4260,426,37,11.866295264623956,35.9
2b8f1ada8541a956154c6e0b313916c6,"썸머에요",virtual,2160,216,36,19.45945945945946,11.1
311c2a9ef8537f267eea9963c81d7532,"Anotherkyo",virtual,3190,319,46,12.658730158730158,25.2
a63cef971e42a3dac2d38ea512483c76,"김누보",virtual,1590,159,37,29.444444444444443,5.4
e434844b6a6c366be98dee2b59a67936,"츠키요 후카",virtual,4910,491,23,12.654639175257731,38.8
8a1fcaa6cc114ca1662cdad86041bfd8,"유메사키 유즈",virtual,5580,558,20,12.768878718535468,43.7
2a50498a502e93d7966c4210df5fd378,"홍쿤",virtual,1050,105,69,55.26315789473684,1.9
0af29f89624f3f3680f3787c59c9da9d,"삐모",virtual,5430,543,21,12.14765100671141,44.7
38fa6d4aefba06c19399eb12423c36e5,"음왕이",virtual,3880,388,36,11.44542772861357,33.9
e31722eb428b21a3e2186fcc923f94ed,"밤운이",virtual,2400,240,26,17.391304347826086,13.8
1fdffbe6d12dd9bc15b2809c94c3f55c,"후 랑",virtual;mktalk15,2810,281,24,15.965909090909092,17.6
7bf59e9906e5d9dc63a6a80457d60b18,"로냐 Ronya",virtual,3760,376,22,13.823529411764707,27.2
7fc14ed1de10d05f6510aed0bf888bda,"츠키시로 시로하",virtual,1990,199,36,17.767857142857142,11.2
be745b77d16bc2e9cfad5d04bcf8dabb,"찌아에용",virtual,2230,223,27,17.421875,12.8
8d24390e20d0c6ee6efe8f7639c81cb5,"해이솜",virtual,3750,375,22,13.250883392226148,28.3
d3ee746aebe57605e8f35fb5d411bfd2,"베이디",virtual,1930,193,34,17.232142857142858,11.2
e6a2a7e035a302760c5afe08a0df5961,"준박스",virtual,11180,1118,48,6.89272503082614,162.2
7f051fc2b67d350d5c38ba3b2f936fee,"아슬리",virtual,1960,196,50,13.517241379310345,14.5
9bc267908127176ea958a7557347e0d3,"쿠콰",virtual,3270,327,22,12.7734375,25.6
6b90a502ce8975b3da5b3709669c16b1,"율리콩",virtual,2790,279,21,13.54368932038835,20.6
a0f8a019054e7b93b5f5568edb822fa3,"얄긔",virtual,3740,374,49,8.717948717948717,42.9
18b36c0a39ad72275ba739534560ffec,"아하나 AHANA",virtual,3110,311,21,12.101167315175097,25.7
605a709309e4a586d9fc165c9b7be0e9,"귀욤가은",virtual,3110,311,20,12.292490118577074,25.3
7d82cfea7545107e3dd0379c885cb0e0,"정묘린",virtual,4880,488,32,8.229342327150084,59.3
dc9404701d6041ea1776f23f689e75dd,"오하밍",virtual,3660,366,23,9.838709677419354,37.2
f567b3aabd502aa8bad0d1b5d0741708,"네몽네몽",virtual,2220,222,20,13.373493975903614,16.6
4652f762d3f46aaac438c64754707c7c,"카메하이키 해해",virtual,1110,111,41,18.8135593220339,5.9
c60605305243b0234e4cd0d10a675b05,"앙탈깜지",virtual;mktalk15,3570,357,19,10.347826086956522,34.5
4a08704e0c809f0e3017c3b4aacc17f3,"아이노 에리",virtual,2060,206,22,12.716049382716049,16.2
1218d91de2df4a7f6416a7c986418ba5,"남다늘",virtual,4000,400,16,10.282776349614396,38.9
2af466ec8f1fb864ba2eff44b066abfe,"빵 봉 투",virtual,3560,356,22,9.295039164490861,38.3
a6a65c9b236f79c5a2494fa9e74a5d04,"로즈헬",virtual,3110,311,18,10.650684931506849,29.2
de5c3eee67bcb6ba96ab0e7e384536dd,"예춘이",virtual,2200,220,22,11.518324607329843,19.1
f0e19f5bd25c4fed67b8a33eb8c4954a,"블루메 욘",virtual,1630,163,22,14.173913043478262,11.5
cebf261da75ec44c8b916ce94535b838,"세나펜슬",virtual,2250,225,23,10.76555023923445,20.9
808920d55c9991d1480aef7145cb81f7,"청저띠",virtual,2970,297,18,10.45774647887324,28.4
0dd5988f5922e65c9bfd627973ab5878,"토봉이",virtual,3690,369,23,8.463302752293577,43.6
1e2555cbdf56ff1add40e5c9a5b59851,"미우 ME W",virtual,2110,211,19,12.267441860465116,17.2
ff0d03544ecb56a25095643ef311f0a5,"신 S1N",virtual,2400,240,21,10.619469026548673,22.6
e953e45c0300bf36c1f4db19a11b6d78,"차 메",virtual,3470,347,17,9.857954545454545,35.2
20d19963026340fda85111db5fa7fb99,"얌무우",virtual,4210,421,18,8.522267206477732,49.4
196b5a72d5635df40998eea4aa8f257f,"윤나브",virtual,2840,284,19,9.86111111111111,28.8
8e679d29234577e142f4c6af769d6a14,"달해나",virtual,3050,305,18,9.744408945686901,31.3
bf5e76c3ac238347e598c253f2320ba3,"김 시 소",virtual,3420,342,16,9.743589743589743,35.1
2ebb3b02b4c7b6b50f93d9ddb63c6b11,"적류",virtual,4280,428,21,7.739602169981917,55.3
e667863ad57a1aa086c50459e4abe642,"흐먀레아",virtual;mktalk15,2770,277,23,8.849840255591054,31.3
98c0e1edc3c578a933695b87fb592893,"미에링",virtual,2080,208,21,10.833333333333334,19.2
f0ee2cbdd32aa82bfb8c7262503755d5,"시반 SHHVAN",virtual,2390,239,17,10.963302752293577,21.8
c2e56cb368b287b32f656470fa9fee3b,"연너",virtual,2130,213,20,10.757575757575758,19.8
0d8a7b2da24e3648408b9fef32e7824d,"하나노 토카",virtual,2370,237,19,10.34934497816594,22.9
eba2a7b99318378a98c5f7c380b0ae5d,"답지",virtual,2330,233,19,10.355555555555556,22.5
c8e4ce63448ba7d76e4803d84af4efb9,"니루NIRU",virtual,1080,108,25,16.875,6.4
03da5f1d509908f8aa5e5aae1c8c06a8,"아 이쿠",virtual,1220,122,27,13.707865168539326,8.9
807c708535f33728fd3bd27914e82b65,"굥시아",virtual,2770,277,19,9.111842105263158,30.4
90497fc9ba635fd31fa8f17043618a24,"귀량",virtual,2660,266,17,9.366197183098592,28.4