tier,channel_name,channel_id,follower_count,follower_rank,lol_rank,avg_viewers,peak_viewers,viewership,stream_hours,retention_rate,efficiency,primary_category,in_legacy
A_lol_top100,LCK,9381e7d6816e6d915a44a13c0195b202,385596,2,1,125274,289990,2117125,16.9,0.432,5.4905,리그 오브 레전드,False
A_lol_top100,랄로,3497a9a7221cc3ee5d3f95991d9f95e9,378160,3,6,8679,13332,219589,25.3,0.651,0.5807,리그 오브 레전드,False
A_lol_top100,울프,0b33823ac81de48d5b78a38cdbc0ab94,367166,4,2,64775,193981,1016975,15.7,0.3339,2.7698,리그 오브 레전드,False
A_lol_top100,괴물쥐,c7ded8ea6b0605d3c78e18650d2df83b,350384,5,12,4203,9151,124835,29.7,0.4593,0.3563,리그 오브 레전드,False
A_lol_top100,침착맨,bb382c2c0cc9fa7c86ab3b037fb5799c,316404,6,7,4724,11699,235727,49.9,0.4038,0.745,리그 오브 레전드,False
A_lol_top100,탬탬버린,a7e175625fdea5a7d98428302b7aa57f,316141,7,5,14506,29490,172617,11.9,0.4919,0.546,리그 오브 레전드,False
A_lol_top100,강지,b5ed5db484d04faf4d150aedd362f34b,277690,9,30,3533,4498,9891,2.8,0.7855,0.0356,리그 오브 레전드,False
A_lol_top100,파카,42597020c1a79fb151bd9b9beaa9779b,260643,10,26,3595,4924,20132,5.6,0.7301,0.0772,리그 오브 레전드,False
A_lol_top100,풍월량,7ce8032370ac5121dcabce7bad375ced,248219,11,17,6452,8206,43873,6.8,0.7863,0.1768,리그 오브 레전드,False
A_lol_top100,아카네 리제,4325b1d5bbc321fad3042306646e2e50,244215,13,28,3938,5934,7876,2.0,0.6636,0.0323,리그 오브 레전드,False
A_lol_top100,네네코 마시로,4515b179f86b67b4981e16190817c580,202615,18,37,2642,3634,15323,5.8,0.727,0.0756,리그 오브 레전드,False
A_lol_top100,하나코 나나,4d812b586ff63f8a2946e64fa860bbf5,198960,19,40,3101,3333,7442,2.4,0.9304,0.0374,리그 오브 레전드,False
A_lol_top100,서새봄냥 SEBOM,458f6ec20b034f49e0fc6d03921646d2,190916,21,15,3173,9266,134527,42.4,0.3424,0.7046,리그 오브 레전드,False
A_lol_top100,윤가놈,1ad5aa0f6c6741b072528fad5e5e76b1,185084,22,16,3171,13204,83726,26.4,0.2402,0.4524,리그 오브 레전드,False
A_lol_top100,삼식,1c231568d0b13de5703b3f6a5e86dc47,184905,23,24,2708,6662,36022,13.3,0.4065,0.1948,리그 오브 레전드,False
A_lol_top100,룩삼,8803cee946a9e610a76fbdee98d98c61,181736,24,20,2578,9620,92535,35.9,0.268,0.5092,리그 오브 레전드,False
A_lol_top100,도파,c847a58a1599988f6154446c75366523,163309,26,29,1812,4160,40038,22.1,0.4356,0.2452,리그 오브 레전드,False
A_lol_top100,피닉스박,c100f81959d1c17044be0541eed56f5b,154237,29,27,3454,5585,15890,4.6,0.6184,0.103,리그 오브 레전드,False
A_lol_top100,따효니,0dad8baf12a436f722faa8e5001c5011,152902,30,11,5228,9089,130168,24.9,0.5752,0.8513,리그 오브 레전드,False
A_lol_top100,앰비션,8a59b34b46271960c1bf172bb0fac758,136965,39,19,2660,5110,152940,57.5,0.5205,1.1166,리그 오브 레전드,False
A_lol_top100,허니츄러스,c0d9723cbb75dc223c6aa8a9d4f56002,132018,42,41,2539,2868,8124,3.2,0.8853,0.0615,리그 오브 레전드,False
A_lol_top100,나나양,80b36a0ae8e887e893ce0014dbfece4a,126900,46,56,1052,1250,3999,3.8,0.8416,0.0315,리그 오브 레전드,False
A_lol_top100,강소연,dc7fb0d085cfbbe90e11836e3b85b784,123192,47,33,1580,3504,56716,35.9,0.4509,0.4604,리그 오브 레전드,False
A_lol_top100,플레임,8b3e8e3a13201cff0836c69cfab62f45,120838,50,21,2193,8537,92761,42.3,0.2569,0.7676,리그 오브 레전드,False
A_lol_top100,러너,19e3b97ca1bca954d1ac84cf6862e0dc,115542,52,38,1030,2927,56149,54.5,0.3519,0.486,리그 오브 레전드,False
A_lol_top100,실프,d6fc3283fe0938bca8d65093e4c2bb94,111628,54,69,634,713,2474,3.9,0.8892,0.0222,리그 오브 레전드,False
A_lol_top100,강퀴88,1a1dd9ce56fb61a37ffb6f69f6d5b978,109717,56,3,14394,30204,261979,18.2,0.4766,2.3878,리그 오브 레전드,False
A_lol_top100,운타라,aedecd121e2cf471fd8510f980cac8b1,109003,57,8,3946,19205,225328,57.1,0.2055,2.0672,리그 오브 레전드,False
A_lol_top100,쌍베,dcd75ef0f2c664e3270de18696ad43bf,106690,61,51,1414,1678,4100,2.9,0.8427,0.0384,리그 오브 레전드,False
A_lol_top100,소니쇼,cd04c50c6ff488ac96f8900e26e5b993,104759,63,85,601,930,842,1.4,0.6462,0.008,리그 오브 레전드,False
A_lol_top100,뱅,9d4f299325b38f9183bdb90b8849d912,102634,64,32,1078,3951,68245,63.3,0.2728,0.6649,리그 오브 레전드,False
A_lol_top100,설백,b1099827eb54bab6771bae5c85e887b7,99359,67,65,410,925,5457,13.3,0.4432,0.0549,리그 오브 레전드,False
A_lol_top100,달콤레나 씨,a67b328bcc8eea4451ccfa754bc19ae1,94730,71,46,2031,2706,4875,2.4,0.7506,0.0515,리그 오브 레전드,False
A_lol_top100,왈도쿤,912b559dcdd9c9ea1fe97864925738bf,89311,79,47,1099,1808,10224,9.3,0.6079,0.1145,리그 오브 레전드,False
A_lol_top100,ENCHANT,22bd842599735ae19e454983280f611e,89102,80,13,15503,23322,41859,2.7,0.6647,0.4698,리그 오브 레전드,False
A_lol_top100,푸린,75bd327f6ba6f57106c79fe3f2c3d19f,88625,81,62,349,738,21002,60.2,0.4729,0.237,리그 오브 레전드,False
A_lol_top100,샘웨,feb20a676694b1163fed010da0848303,87817,82,31,1414,2648,69442,49.1,0.534,0.7908,리그 오브 레전드,False
A_lol_top100,둥그레,1b0561f3051c10a24b9d8ec9a6cb3374,87339,83,35,1229,2717,58875,47.9,0.4523,0.6741,리그 오브 레전드,False
A_lol_top100,인간젤리,034449b176b163a705b9c0e81f7a51c2,80622,88,23,1892,4954,97604,51.6,0.3819,1.2106,리그 오브 레전드,False
A_lol_top100,고수달,1343a0e30ff0acb09f2477a698d070a4,74375,94,34,1304,3036,58272,44.7,0.4295,0.7835,리그 오브 레전드,False
A_lol_top100,철면수심,c892177b4d613127d8c587e9da11d384,73663,95,74,375,825,2737,7.3,0.4545,0.0372,리그 오브 레전드,False
A_lol_top100,헤징,21a0de8b586c517181d76f183272de57,68371,109,43,893,2163,26687,29.9,0.4129,0.3903,리그 오브 레전드,False
A_lol_top100,소우릎,fc00d47a77ed2d1156cd5997eba30310,68313,110,25,1743,3644,103173,59.2,0.4783,1.5103,리그 오브 레전드,False
A_lol_top100,캡틴잭,74f9f433dd8866bf69f6c930a64d06a8,68281,111,87,146,682,3682,25.3,0.2141,0.0539,리그 오브 레전드,False
A_lol_top100,네클릿,dff5fc9706f8260682ce6eb93acaad64,63206,123,53,445,1760,22198,49.9,0.2528,0.3512,리그 오브 레전드,False
A_lol_top100,0영듀0,732f6f16d20991243ec3f2d7afed8821,63194,124,48,904,1306,21521,23.8,0.6922,0.3406,리그 오브 레전드,False
A_lol_top100,김나성,a9ab391cdd3faef4ca2ee782e96e5c59,62449,125,49,826,1238,23539,28.5,0.6672,0.3769,리그 오브 레전드,False
A_lol_top100,큐베 CuVee,26ae7850ad5b6b09ca864d482dc7fa50,59288,133,9,3751,10173,256591,68.4,0.3687,4.3279,리그 오브 레전드,False
A_lol_top100,박홍시1,fbdae0fabcf5e7f2bab4449e4aafae15,58893,135,75,407,625,3216,7.9,0.6512,0.0546,리그 오브 레전드,False
A_lol_top100,계춘회,a9a343510e132ea3026ff3cf682820b5,55412,141,67,1057,1109,1586,1.5,0.9531,0.0286,리그 오브 레전드,False
A_lol_top100,치지직 게임,04b9076004dfe8cb119835eb28dcc747,54286,145,4,17623,26069,214995,12.2,0.676,3.9604,리그 오브 레전드,False
A_lol_top100,캬하하 이석현,a0e26a105c3b5ac212d5e0ca40c5c747,52567,154,22,2118,4935,103793,49.0,0.4292,1.9745,리그 오브 레전드,False
A_lol_top100,인섹,47c49bff55111a6cfd30bb299e9d2e5d,51145,157,36,1869,3178,25232,13.5,0.5881,0.4933,리그 오브 레전드,False
A_lol_top100,팔차선8,484d1909f202b582e7a02fc80176127f,50291,159,95,508,689,660,1.3,0.7373,0.0131,리그 오브 레전드,False
A_lol_top100,아야 AyaUke,abe8aa82baf3d3ef54ad8468ee73e7fc,50212,160,57,1004,1151,4015,4.0,0.8723,0.08,리그 오브 레전드,False
A_lol_top100,오킹TV,0f9a3b4fbb0e7137d1f0b4d70563031c,49441,163,92,442,501,796,1.8,0.8822,0.0161,리그 오브 레전드,False
A_lol_top100,똘똘똘이,1906dd57f578c255feca54700bcccfc9,48204,167,60,565,895,4748,8.4,0.6313,0.0985,리그 오브 레전드,False
A_lol_top100,순당무,475b273abe12e5bc1d667af5b8974381,46157,176,50,501,1587,31543,63.0,0.3157,0.6834,리그 오브 레전드,False
A_lol_top100,꼴랑이,effe648202c8f7fba081c2f2aeea1979,45067,181,45,1644,2338,7561,4.6,0.7032,0.1678,리그 오브 레전드,False
A_lol_top100,던,dc740d5bb5680666b6bf2ebc58a8203f,44453,184,84,126,616,6641,52.5,0.2045,0.1494,리그 오브 레전드,False
A_lol_top100,담유이,b82e8bc2505e37156b2d1140ba1fc05c,43528,193,79,447,518,2413,5.4,0.8629,0.0554,리그 오브 레전드,False
A_lol_top100,스즈 SUZU,aa66ed6da9e203c26807c0cd3579983a,42762,197,100,146,261,1357,9.3,0.5594,0.0317,리그 오브 레전드,True
A_lol_top100,니니아,f00f6d46ecc6d735b96ecf376b9e5212,41645,200,72,356,693,5555,15.6,0.5137,0.1334,리그 오브 레전드,False
A_lol_top100,크캣,b628d1039a84ecc703804e17acee2eb3,41563,201,44,561,2346,48000,85.5,0.2391,1.1549,리그 오브 레전드,False
A_lol_top100,날카로운 도적 선바,7b6be23ce92b40382a12420ac78f0e6d,40183,205,77,377,931,2264,6.0,0.4049,0.0563,리그 오브 레전드,False
A_lol_top100,HLE Gumayusi,7c802d1b0c9c2872952fe1b8ba4268bd,39753,207,14,7641,10682,58837,7.7,0.7153,1.4801,리그 오브 레전드,False
A_lol_top100,엘시v,6ccaebc2569f62344c6fc257f8f2b9ad,39444,209,68,638,1016,2232,3.5,0.628,0.0566,리그 오브 레전드,False
A_lol_top100,갱맘 GBM,dbd6e0689ff9debf8bb00a415786654c,38099,218,59,338,1216,18653,55.2,0.278,0.4896,리그 오브 레전드,False
A_lol_top100,정령왕임,a9b3377345a2a37e68a6072ba5e77fec,37059,221,54,924,1214,5728,6.2,0.7611,0.1546,리그 오브 레전드,False
A_lol_top100,베릴20,dab6c354212f9c54b1ed805d7d832ae6,36926,222,10,3184,9544,244882,76.9,0.3336,6.6317,리그 오브 레전드,False
A_lol_top100,하시요 HaSiyo,b33c957eac9335d38e4043c3dca97675,36454,226,70,634,726,2473,3.9,0.8733,0.0678,리그 오브 레전드,False
A_lol_top100,해블린,e14259667937be6e561d28ab156718be,32301,244,61,745,1090,2832,3.8,0.6835,0.0877,리그 오브 레전드,False
A_lol_top100,여까,3c9fe16c70cf2f4a5274fa69307f0f89,31701,246,63,713,951,2710,3.8,0.7497,0.0855,리그 오브 레전드,False
A_lol_top100,티뭉,26253bf7ed6b95832c40f4f43f6d049d,30676,254,73,696,1058,1392,2.0,0.6578,0.0454,리그 오브 레전드,False
A_lol_top100,노페,f20881fce506174330ecb58342c4c70d,25937,286,39,861,6326,38145,44.3,0.1361,1.4707,리그 오브 레전드,False
A_lol_top100,HLE Zeka,a121dab6835c0613dd5f8ef5acd1f155,25331,289,42,3120,3520,4680,1.5,0.8864,0.1848,리그 오브 레전드,False
A_lol_top100,유봄냥,57c917f1bc650791d8ca3fec1ebcca18,25147,291,86,375,470,1838,4.9,0.7979,0.0731,리그 오브 레전드,True
A_lol_top100,마젯,9ff4bdc7aa4f3384e84db402bc128b0c,24497,303,96,187,347,1066,5.7,0.5389,0.0435,리그 오브 레전드,False
A_lol_top100,루 다,3e9272616070e9f66cc4afd9e69753c2,23823,313,98,201,255,1104,5.5,0.7882,0.0463,리그 오브 레전드,False
A_lol_top100,모 아,61958008140886fe1eda9910cfef5812,22023,334,83,363,700,1961,5.4,0.5186,0.089,리그 오브 레전드,False
A_lol_top100,MaRin마린,ec3bccee6339d33ba3e2928dd600c4fd,21947,336,18,2415,7148,176035,72.9,0.3379,8.0209,리그 오브 레전드,False
A_lol_top100,맹숙,61f73be23ed1d1d650ba24f268570036,21441,341,66,358,622,10766,30.1,0.5756,0.5021,리그 오브 레전드,False
A_lol_top100,브이챠,758a4f4c9036f25945e2062871ca68b0,19742,359,80,270,636,3780,14.0,0.4245,0.1915,리그 오브 레전드,False
A_lol_top100,코뚱잉입니다,2d3b8f534ce263f5d9a7ddd2346b4c2f,18794,378,78,191,366,8516,44.5,0.5219,0.4531,리그 오브 레전드,False
A_lol_top100,HLE Delight,59dd654778e3d0b64f3ed06baece805d,18273,387,88,451,782,1038,2.3,0.5767,0.0568,리그 오브 레전드,False
A_lol_top100,카이만 또는 재승샷,40adc722447978816ce04cf2f0a70590,16043,418,52,478,1064,23280,48.7,0.4492,1.4511,리그 오브 레전드,False
A_lol_top100,쿠하,22a8aa0dda121327692faeae44758efa,15916,420,81,352,484,3735,10.6,0.7273,0.2347,리그 오브 레전드,False
A_lol_top100,와디드 Wadid,bad6d7da33aec001343a51b85a70fcdb,14976,444,89,155,531,2397,15.5,0.2919,0.1601,리그 오브 레전드,False
A_lol_top100,플라이96,6e00c76a7c58f7f3936346742428bb9d,12674,513,82,176,510,5469,31.0,0.3451,0.4315,리그 오브 레전드,True
A_lol_top100,전략적죽음,af0916cdba10c471897e8ea7bfab61e7,12522,520,99,209,256,1026,4.9,0.8164,0.0819,리그 오브 레전드,False
A_lol_top100,핑크자크,afc6ae34786283e9802e28b3f3e583f9,12419,524,58,416,824,20265,48.7,0.5049,1.6318,리그 오브 레전드,False
A_lol_top100,카네코 파냐 Planeta,5ead7124638ac4c568f2cde0224b3b6b,11939,552,90,563,607,789,1.4,0.9275,0.0661,리그 오브 레전드,False
A_lol_top100,쿠온 레이 Planeta,59aa824e4c4a56dd51e7a5e2e9172648,11438,572,97,465,498,698,1.5,0.9337,0.061,리그 오브 레전드,False
A_lol_top100,치치 Planeta,d5e2e0c14dcca4c4b10c7c9633022f52,10343,621,94,462,481,739,1.6,0.9605,0.0714,리그 오브 레전드,False
A_lol_top100,로컨 LokeN,1de3e9d4595f71ab6c20dbd94d9e2f39,8915,692,64,186,1368,12835,69.0,0.136,1.4397,리그 오브 레전드,True
A_lol_top100,LPL 공식,92b762ef6fac0cc8c68bc080868ad582,5810,938,55,650,2091,6172,9.5,0.3109,1.0623,리그 오브 레전드,False
A_lol_top100,쟁구임,9107ff73efea18b598b9bd88ddfae369,5499,977,93,193,327,1216,6.3,0.5902,0.2211,리그 오브 레전드,False
A_lol_top100,엄티 UmTi,952eb2954ae2fb5706c94d18d3a83f45,5266,1014,71,208,871,7606,36.6,0.2388,1.4444,리그 오브 레전드,False
A_lol_top100,명예5렙,044275a4ac63eaff494a442de5a967f7,4225,1173,91,145,848,1492,10.3,0.171,0.3531,리그 오브 레전드,True
A_lol_top100,좁쌀LoL,09d4584c3126f32b93565b65c55059b5,1267,3151,76,221,742,4604,20.8,0.2978,3.6338,리그 오브 레전드,False
B_legacy_enriched,노돌노돌리,ec857bee6cded06df19dae85cf37f878,81637,86,,69,90,,5.1,0.7667,,메이플스토리 월드,True
B_legacy_enriched,뽀융쨩,0f6db01f37f538fc49eea6db3398a11d,47098,170,,107,227,,112.5,0.4714,,리그 오브 레전드,True
B_legacy_enriched,플레임TV,0552325465ff40056559e412847f9908,44023,191,,189,221,,1.9,0.8552,,초자연 작전팀,True
B_legacy_enriched,반님l,3a2d2f4e9132d822423f6aa879e598c5,40483,204,,77,88,,2.0,0.875,,talk,True
B_legacy_enriched,후추,2d4aa2f79b0a397d032c479ef1b37a67,38772,213,,30,103,,61.2,0.2913,,PUBG: 배틀그라운드,True
B_legacy_enriched,에렌디라 erendira,d00a4bc1598e3b18ebfdff13a321ff6f,31636,247,,131,154,,5.7,0.8506,,talk,True
B_legacy_enriched,감 규 리,3b3fe69e8b274ccaa4fd56ce9680a1f5,31460,249,,94,106,,1.2,0.8868,,talk,True
B_legacy_enriched,안케,e45c8f27eccca950b62aa7c17bc35a0d,31410,250,,106,134,,6.3,0.791,,talk,True
B_legacy_enriched,냐 미 Nyami,afff6e3cc8c1487bc4135bc896811dcc,28170,271,,136,148,,1.1,0.9189,,명조:워더링 웨이브,True
B_legacy_enriched,강지형,9eef2be9e25d137c0f55b13673e40749,27114,275,,167,180,,0.9,0.9278,,발로란트,True
B_legacy_enriched,박나나TV,cd499ac517078d2a3be99177a397b23d,26593,280,,88,184,,45.0,0.4783,,리그 오브 레전드,True
B_legacy_enriched,새 담,ca76c17a026bb41e6ff9e3fc5641de63,24580,301,,66,78,,1.8,0.8462,,PUBG: 배틀그라운드,True
B_legacy_enriched,순망,6a09c296e5e12ad5ed67e053f8cc98d5,24114,310,,154,183,,3.2,0.8415,,로스트아크,True
B_legacy_enriched,옥쓔,0e061c23f8d4e7b5a85ba52b7e18bd5b,21448,340,,86,98,,2.0,0.8776,,talk,True
B_legacy_enriched,토종 아오리,81bd5b50f0c0728128442daf7db626fc,19588,364,,96,120,,4.6,0.8,,음악/노래,True
B_legacy_enriched,김데데1,d3b910ac29e67b1c96b73fe0efd2eb9b,19485,366,,52,65,,4.2,0.8,,메이플스토리 월드,True
B_legacy_enriched,김정민 해변킴,368ca51e82c85583e059fe669ef0f028,19121,370,,51,134,,83.9,0.3806,,리그 오브 레전드,True
B_legacy_enriched,김달걀,583349974542d74cc41e2256bf733b92,18716,379,,55,107,,38.3,0.514,,talk,True
B_legacy_enriched,레밀레기,5ccef23c1d97d62b2b49457e9942e7e9,18596,383,,98,112,,1.1,0.875,,디제이맥스 리스펙트 V,True
B_legacy_enriched,문뚜야,3d49a9c52be70397c828c1c8bbaa3027,18178,388,,90,118,,1.9,0.7627,,talk,True
B_legacy_enriched,찡스임,c8e5611851a6df0e76a0ba35d1be2542,17190,397,,112,142,,4.3,0.7887,,talk,True
B_legacy_enriched,짜누1,5ce274d07db05c2d68769162547ec267,16259,411,,43,72,,7.0,0.5972,,발로란트,True
B_legacy_enriched,루코 RUKO,df4fb2f6e3d593f9d1c19f4cfcbe2f1e,16257,412,,146,233,,15.4,0.6266,,야구,True
B_legacy_enriched,텔론,a213532964452f5609e0992716ccfe5a,15537,432,,40,74,,120.9,0.5405,,세븐나이츠 리버스,True
B_legacy_enriched,광말구짱,195e40531e373d386ef37bcfd48418e1,14929,446,,159,170,,0.8,0.9353,,로스트아크,True
B_legacy_enriched,키미도리 메로,33d58e8eb2014d6e6c5eb74dcc587ebd,14827,450,,40,62,,16.5,0.6452,,talk,True
B_legacy_enriched,세우 sAewoo,3688fe1fdb144c47a9d5b4706b45139c,14588,457,,64,85,,2.6,0.7529,,음악/노래,True
B_legacy_enriched,킹발젭,56ccd5e4bd7b4d39085cb8569cbe7b7b,14219,463,,95,135,,9.2,0.7037,,리그 오브 레전드,True
B_legacy_enriched,양망두,b3e262a2795f17734c149afc738ad250,13925,473,,103,172,,13.4,0.5988,,talk,True
B_legacy_enriched,개리형 garybro,878cf1be5928a5dbcf196dfa80a32cd5,13836,478,,90,171,,47.8,0.5263,,리그 오브 레전드,True
B_legacy_enriched,새우 새우,90052ce3203b1a6edfddbaf88b759e66,13687,484,,49,63,,4.4,0.7778,,talk,True
B_legacy_enriched,끠월마녀,dcfd3c7cf3c05b41306a4cc249ad5c9f,13265,494,,68,78,,3.8,0.8718,,히어로즈 오브 더 스톰,True
B_legacy_enriched,김하선,574e7988e7455c80fb70e5f25d775f96,13175,498,,52,136,,8.4,0.3824,,talk,True
B_legacy_enriched,미라클TV,e1e532568c0d2fdb93d22e5d7fda8f13,13004,504,,73,165,,52.5,0.4424,,007 퍼스트 라이트,True
B_legacy_enriched,마우쥐,b2854dc0735e55fa86c53bd15242d30f,12981,506,,89,151,,57.9,0.5894,,리그 오브 레전드,True
B_legacy_enriched,요아케노 나나시,e500ce8da6637e4b7ee255709ddb3ffe,12527,518,,113,129,,1.6,0.876,,음악/노래,True
B_legacy_enriched,뵤 오,6086f17b054010b0657af00aff6e6d05,12523,519,,47,114,,78.1,0.4123,,스테퍼 케이스:초능력 추리 어드벤처,True
B_legacy_enriched,람썬,77599c8972b39e158c95e6a526272480,12339,529,,80,175,,9.7,0.4571,,천하제일상거상,True
B_legacy_enriched,냐모이,f71f8e6388ee43635555caa1769fcde4,12196,539,,51,125,,70.7,0.408,,라테일,True
B_legacy_enriched,포모나,82ece76b683398c8d8d5e2add3360f02,12000,548,,35,67,,28.1,0.5224,,talk,True
B_legacy_enriched,티모짱teemo0o,fa50306ff4d73893d36e6623c8320552,11806,557,,107,153,,10.2,0.6993,,리그 오브 레전드,True
B_legacy_enriched,로션욤,e234729686832d379d7da804517ac9d9,11672,562,,91,107,,3.6,0.8505,,talk,True
B_legacy_enriched,랑께 님,0044e84401a3a6dd845410dad51c5430,11625,565,,45,91,,11.2,0.4945,,디제이맥스 리스펙트 V,True
B_legacy_enriched,베 라,79a54691a3eed68eb82a30c97330c3cb,11422,573,,57,87,,1.8,0.6552,,패스 오브 엑자일 2,True
B_legacy_enriched,강찹쌀,d2d6bff631fc1c3a613440d3b17f8088,11395,575,,53,104,,7.8,0.5096,,talk,True
B_legacy_enriched,포요,57609599a4cb3bb0e65325235f276e42,11047,594,,90,101,,0.9,0.8911,,talk,True
B_legacy_enriched,링규링규링,e7e02938a06ba7dff2a217af11388d52,10367,618,,40,89,,104.2,0.4494,,리그 오브 레전드,True
B_legacy_enriched,난바다,b1ac916d727d32cb7f472b50f6f97654,10345,620,,85,100,,5.7,0.85,,리그 오브 레전드,True
B_legacy_enriched,도화령,d7b5e8a2bd0bb3202201fa707a726f80,10264,625,,80,117,,4.9,0.6838,,종합 게임,True
B_legacy_enriched,까막 KKAMAK,238a2870b188f1c47bb1c02f4e28902c,10178,628,,111,181,,32.3,0.6133,,철권 8,True
B_legacy_enriched,롤체고찌,a10f2d5e29471eaca4b15f473548996e,9804,643,,92,150,,5.3,0.6133,,전략적 팀 전투 : 우주의 신들,True
B_legacy_enriched,카사딘하는사람1,9aa57afba7ce7ab5ca0d4b3e62fb1e65,9587,654,,89,184,,42.3,0.4837,,메이플스토리 월드,True
B_legacy_enriched,feviknight 페비나이트,cfc5f779ee9d5c6c75bc3b3e821019a4,9238,676,,28,80,,59.6,0.35,,리그 오브 레전드,True
B_legacy_enriched,후참이,a9ee9a98bf5170d4b4dfb23ef8e4676b,8978,690,,68,136,,3.5,0.5,,이터널 리턴,True
B_legacy_enriched,마골,e905f26c3a653b7a8e1330ac5a4271a2,8755,699,,83,107,,1.6,0.7757,,디아블로 II: 레저렉션,True
B_legacy_enriched,킹설아,3eb9808e8ec29e79c6d54060c964b1a5,8741,701,,114,124,,3.1,0.9194,,talk,True
B_legacy_enriched,아 즈 AZ,e2640468861f80d658873c25dc69e32b,8696,705,,102,151,,2.6,0.6755,,talk,True
B_legacy_enriched,쿠마루,e6df84b539791aba763f533f87ce3342,8690,706,,83,99,,28.9,0.8384,,talk,True
B_legacy_enriched,일급천재,b8119eaadca58a5cd0c8cf2d48af8bea,8650,711,,36,127,,28.8,0.2835,,작혼: 리치 마작,True
B_legacy_enriched,엔마 Enma,35af289529fad221cc2013d02ef1dfda,8427,724,,48,98,,51.0,0.4898,,리그 오브 레전드,True
B_legacy_enriched,갱쥰,d29db9ee45bf3b5e5b099c6b3c54b443,8238,730,,78,143,,3.1,0.5455,,로스트아크,True
B_legacy_enriched,김하루ㅡ,897a1ed91293eb9517b4620c07879153,8056,742,,62,103,,10.7,0.6019,,리그 오브 레전드,True
B_legacy_enriched,성피아,08d62f3e1de7ab06e8d3ad89aa7ca985,7942,746,,86,128,,18.1,0.6719,,talk,True
B_legacy_enriched,향토끼 scentrabbit,95afe72c3d9167ccc5906888d84d3fea,7935,747,,44,70,,34.5,0.6286,,붉은사막,True
B_legacy_enriched,샘승아,0caf7d9d72b6d9341d09e7a454763849,7864,751,,111,179,,1.8,0.6201,,talk,True
B_legacy_enriched,하나빈 HANAVIN,7ca6c5f45a9b16f75970f54c309623c0,7788,756,,74,92,,7.6,0.8043,,talk,True
B_legacy_enriched,미 유,d58ace43901fd369f1b4efa4ed175103,7645,770,,93,164,,84.1,0.5671,,명조:워더링 웨이브,True
B_legacy_enriched,o에짱o,10f530b733ed0a949a64126146d0b7b1,7404,782,,47,70,,4.2,0.6714,,talk,True
B_legacy_enriched,하 쁘,79bc9b927d5c187f9d8fa5a56b194c37,7378,788,,71,82,,3.0,0.8659,,포켓몬 챔피언스,True
B_legacy_enriched,병병병2,e0fec2f10bb8c07a79573cdba8c152b5,7264,794,,41,69,,42.9,0.5942,,리그 오브 레전드,True
B_legacy_enriched,민쟁이,971e608d37e0ca6e5b1270ecd7e5aab1,7194,802,,77,111,,8.7,0.6937,,talk,True
B_legacy_enriched,우주대스타 이미지,7a67e6422de23703f040ea97d7296aad,7157,806,,57,92,,5.0,0.6196,,talk,True
B_legacy_enriched,냐오 NYAO,79ef1f5274b48fcb2de41b8ac8ea7ca1,7121,809,,55,144,,12.0,0.3819,,talk,True
B_legacy_enriched,용봉탕,5735174155c67f9f3ebf250cf88f33ee,7071,810,,52,116,,42.2,0.4483,,킬러 인,True
B_legacy_enriched,지수소녀99,14d7d30bb75a80c63a2296d8b1e452bd,6629,846,,48,103,,91.4,0.466,,리그 오브 레전드,True
B_legacy_enriched,다래임,8010b7da2865368aeacec79f195d2dae,6629,847,,34,66,,33.4,0.5152,,팀파이트 매니저 2,True
B_legacy_enriched,시이야,5a9a50c3d7c5f5720b050e230d3306dc,6478,864,,47,86,,179.6,0.5465,,리그 오브 레전드,True
B_legacy_enriched,강다림,5ebc36275f94b1342ef77e8ca5302d87,6376,876,,142,167,,6.1,0.8503,,talk,True
B_legacy_enriched,여름이0908,df9ed1d76b50778c97ddb01fbfe654e8,6253,892,,63,120,,16.5,0.525,,talk,True
B_legacy_enriched,요루야,44424fa93fae1f5b03a0479cac94f39c,6013,917,,52,69,,2.1,0.7536,,이터널 리턴,True
B_legacy_enriched,호진리,8a5fc0dec74718540f517aa1219d8a72,5926,927,,46,103,,65.1,0.4466,,로스트아크,True
B_legacy_enriched,지건킹,70ab5c3116afad8a101958809defdfbb,5851,933,,65,131,,133.2,0.4962,,리그 오브 레전드,True
B_legacy_enriched,루시 Luci,0b0dd269c4663fc36ee1eef8a8b1bea4,5787,941,,122,139,,1.6,0.8777,,음악/노래,True
B_legacy_enriched,오유리,a70411d46ee8919795fd0c51ec373091,5651,952,,36,65,,12.7,0.5538,,리그 오브 레전드,True
B_legacy_enriched,라닝이다,69df6d529865a12b96ffce8fa3617c2c,5632,957,,162,186,,0.9,0.871,,talk,True
B_legacy_enriched,겜타벅스,aad6a97b2c1f294c23f60ebf5df33244,5320,1004,,76,81,,1.6,0.9383,,talk,True
B_legacy_enriched,디아 나,a80a95f91626493613a7b1093002b26d,5162,1023,,35,91,,42.8,0.3846,,talk,True
B_legacy_enriched,모푸,1686a04d1a643498d39f2fb50459c0ac,5157,1024,,57,76,,8.2,0.75,,talk,True
B_legacy_enriched,텐플라스텐 텐텐,88eb7dda524ca626ad3e08359b182900,5033,1044,,95,130,,14.0,0.7308,,리그 오브 레전드,True
B_legacy_enriched,이 렌,6ddd2ff1d43ae1e23e04e72409e40d84,5033,1043,,59,76,,25.8,0.7763,,리그 오브 레전드,True
B_legacy_enriched,드얌,424db00719df9531e9e0534851725c6d,4834,1073,,50,67,,16.9,0.7463,,블루 아카이브,True
B_legacy_enriched,이타eatha,df32d91dcd3282c997a616f8a7b74543,4795,1080,,40,87,,3.3,0.4598,,talk,True
B_legacy_enriched,보 투,f1256792be34901bf7f94009f583afea,4638,1103,,69,131,,99.1,0.5267,,talk,True
B_legacy_enriched,릴루 Leeloo,1291519620598120c1179ef597684c70,4365,1144,,48,65,,3.9,0.7385,,talk,True
B_legacy_enriched,와박문,323320490bc502419d509bc32678f385,4245,1170,,64,85,,7.1,0.7529,,talk,True
B_legacy_enriched,꼬꼬갓,222c1c29f82c0a59bdc00f927c5575b2,4038,1204,,43,107,,13.5,0.4019,,리그 오브 레전드,True
B_legacy_enriched,깅나리,c9392bfbbb1e52a3d022ed9b71c4a60f,3985,1221,,54,90,,3.3,0.6,,명조:워더링 웨이브,True
B_legacy_enriched,세이로쿠 키라,f63f66f701a9af347c668f3056cdaa9a,3958,1227,,119,133,,2.1,0.8947,,talk,True
B_legacy_enriched,해이요,fc6271689d290f0e634d84dc9d4dd7a1,3918,1235,,79,87,,2.9,0.908,,리그 오브 레전드,True
B_legacy_enriched,김붕붕,d1a9dd69f2f21d45ad3f836fb226b930,3886,1242,,58,99,,1.4,0.5859,,승리의 여신: 니케,True
B_legacy_enriched,띠로기,3ff956022e65b1b1fd708a9bfdfdbb13,3770,1265,,138,218,,45.8,0.633,,GTA 산 안드레아스,True
B_legacy_enriched,김달수 Dalsu,dcbccbf2d8e2a1b095244c5856d3613a,3760,1271,,52,120,,295.3,0.4333,,리그 오브 레전드,True
B_legacy_enriched,고일이,72a951230a80b49a6b10061190f5eaf3,3731,1276,,59,122,,19.7,0.4836,,리그 오브 레전드,True
B_legacy_enriched,닝냉뇽,eef3f5d5d6b7fd4c7ee36b13c330fec0,3499,1352,,46,66,,2.1,0.697,,원신,True
B_legacy_enriched,세체뽀,1c0d4c268cd391df754918e42a317ab1,3498,1353,,23,72,,76.3,0.3194,,리그 오브 레전드,True
B_legacy_enriched,얄네,e14c0abb5640e94ed4ab1b4b087bfb44,3477,1365,,59,74,,11.4,0.7973,,talk,True
B_legacy_enriched,먀 리린,0791ae0a49927a2a6719addcedfdac4f,3421,1384,,73,89,,3.7,0.8202,,talk,True
B_legacy_enriched,우주최강올라프,1f8e89d6525650339c7ac5acf219c3f5,3387,1396,,29,70,,66.2,0.4143,,리그 오브 레전드,True
B_legacy_enriched,이여우1,fc09baaa11411838d9cfe096aa633b73,3386,1397,,37,66,,41.9,0.5606,,리그 오브 레전드,True
B_legacy_enriched,김건00,0d69d2ee8d9c5842be46121c1dcc4b89,3302,1421,,38,81,,10.7,0.4691,,리그 오브 레전드,True
B_legacy_enriched,백도화님,12b5a1a9d67d0a5c9f4e5bb1ed3d8d57,3301,1422,,37,72,,26.5,0.5139,,talk,True
B_legacy_enriched,이차가식기전에,2c951958f0b7c2c414aea8ca4d8b1475,3233,1453,,22,60,,149.2,0.3667,,리그 오브 레전드,True
B_legacy_enriched,농관전,430e71940e6d51309fa6a47fe01e3b30,3181,1479,,51,172,,7.0,0.2965,,,True
B_legacy_enriched,철 릭,c4115d0c206412f8b0b649e3be0ea174,3169,1487,,35,83,,121.9,0.4217,,리그 오브 레전드,True
B_legacy_enriched,세리얀,3878fc3da3ddcda1fad68457ab9e6783,2965,1570,,23,79,,77.8,0.2911,,리그 오브 레전드,True
B_legacy_enriched,해득이,659dcc02fa42de17387db4c8d722f55c,2956,1575,,73,118,,24.9,0.6186,,리그 오브 레전드,True
B_legacy_enriched,버찌 BUZZI,85fa9f08b940d363395f6b3f29b91c4c,2941,1581,,76,107,,9.8,0.7103,,007 퍼스트 라이트,True
B_legacy_enriched,커두목,720b53dfe8d1f8321622c8514eded131,2914,1590,,37,89,,85.4,0.4157,,리그 오브 레전드,True
B_legacy_enriched,건망고,b134c6981709fdb7c9e8c52f42c48d4b,2782,1643,,23,66,,27.6,0.3485,,리그 오브 레전드,True
B_legacy_enriched,카 일 리,a1e084f0c69d53fa135688f4911a04db,2766,1651,,44,81,,138.0,0.5432,,리그 오브 레전드,True
B_legacy_enriched,다정현,270b1c629013679b7341b0e764c0fc0a,2709,1676,,36,84,,28.5,0.4286,,리그 오브 레전드,True
B_legacy_enriched,김 복순,303f8126eecc8a8f7b2decd146b4c7a4,2458,1805,,54,91,,15.2,0.5934,,007 퍼스트 라이트,True
B_legacy_enriched,시간의숲zz,40492fc012711114c27f159dfcc7eaad,2443,1811,,9,80,,136.3,0.1125,,리그 오브 레전드,True
B_legacy_enriched,덤덤보,14e6d8c5193be8cd675711d320cfee33,2408,1836,,24,61,,4.9,0.3934,,림버스 컴퍼니,True
B_legacy_enriched,항심 Hangsim,20727945d20b7b8d2c946fe704871bb9,2352,1875,,36,77,,144.6,0.4675,,리그 오브 레전드,True
B_legacy_enriched,쿠미 KUMI,aa2714a5a33d67884eb95c616ad9e676,2285,1919,,10,71,,142.7,0.1408,,리그 오브 레전드,True
C_scale_peer,"742김용녀2026.06.16 (화) 12:247,99",b464c46aee503a9f633006cde9542341,7993,745,,,,,,,,,False
C_scale_peer,745단하루 danharu2026.06.16 (화) 1,dbfd82ce20f33c3682ac1af91e7ad7f4,7912,748,,,,,,,,,False
C_scale_peer,"746흐쟁이2026.06.15 (월) 12:067,90",32e8563e043bbd4f0bdd0430f55189a7,7908,749,,,,,,,,,False
C_scale_peer,747나는야꼬등어2026.06.15 (월) 14:487,655b94d18ffebccdf52b81848a334a3d,7871,750,,,,,,,,,False
C_scale_peer,749치지직 농구 중계 A2026.04.26 (일) 0,146f5ae5e8b635c817fb963ceca080e1,7846,752,,,,,,,,,False
C_scale_peer,"750마 이 리2026.05.25 (월) 11:427,",f1fff260e7487a081f8093472365d1f5,7842,753,,,,,,,,,False
C_scale_peer,751Raonㅣ라온2026.06.12 (금) 15:12,810d550218dba25de8ca86ad99f15e7b,7817,754,,,,,,,,,False
C_scale_peer,"752기뮨디2026.06.14 (일) 13:127,80",22d485f7753a7102e2e8cce6c9ff1fcb,7800,755,,,,,,,,,False
C_scale_peer,"754토다기2026.06.16 (화) 06:127,77",7e18f0af4b6bdb8d8629a89ade81acba,7777,757,,,,,,,,,False
C_scale_peer,755하루종일 같이보기2026.06.16 (화) 12:,381fc2b3c10c2c438dafe767b48a2ae4,7767,758,,,,,,,,,False
C_scale_peer,756김아테 l Ate2026.06.14 (일) 15:,f42e97f59c3177b8686dccfbf90792dd,7749,759,,,,,,,,,False
C_scale_peer,"757백하얀2026.06.08 (월) 14:487,74",86d55efa49847acbb401ea14caa0536b,7746,760,,,,,,,,,False
C_scale_peer,758NS Lehends2026.06.16 (화) 12,9adba4145af3cc748ea371ccd318de16,7741,761,,,,,,,,,False
C_scale_peer,759안뉴이 네리2026.06.16 (화) 12:307,992d8915427e9f8fe7feb08742f95f1e,7722,762,,,,,,,,,False
C_scale_peer,"760메가재범2026.06.16 (화) 12:307,7",988f7ce0360c7e5d4636c59d39838f3d,7722,763,,,,,,,,,False
C_scale_peer,"761강선종2026.06.16 (화) 11:127,69",8a068e9ef9120a1a613b521b9fb44c42,7695,764,,,,,,,,,False
C_scale_peer,"762지존조세2026.06.16 (화) 04:487,6",b9a295ea982b0f1e879e5cb646e4e23f,7688,765,,,,,,,,,False
C_scale_peer,"763거갈없2026.06.15 (월) 19:187,68",4e11b0327382b01da1abc0e64e5b040c,7684,766,,,,,,,,,False
C_scale_peer,"764첼루키2026.06.16 (화) 03:247,67",1cb39bafd7b03d40791982deeee74824,7670,767,,,,,,,,,False
C_scale_peer,"765슈빵곰2026.04.08 (수) 05:007,67",a33e83cbeb0340d5aa432df11e42f6ab,7670,768,,,,,,,,,False
C_scale_peer,766난지 NANJY2026.06.15 (월) 18:5,6dfc01cbc7a7180f95311efa63481369,7654,769,,,,,,,,,False
C_scale_peer,"768밴쿠버2026.06.05 (금) 12:307,61",af1e566fa2b545b948d6a811c799d624,7612,771,,,,,,,,,False
C_scale_peer,"769공설2026.06.16 (화) 08:487,593",124ca807978c091907e26c2a5c3b307a,7593,772,,,,,,,,,False
C_scale_peer,770족제비와토끼2026.06.16 (화) 05:187,b20c3fe90315b3b88964dbe9dea7f27a,7586,773,,,,,,,,,False
C_scale_peer,"771박김례2026.06.12 (금) 23:127,57",cd17dff59ea5c8a1ebc4a56c7b5e9a2d,7576,774,,,,,,,,,False
C_scale_peer,"772이로은2026.06.15 (월) 17:427,57",f5c058c445257fa60fc75f91d52712fc,7571,775,,,,,,,,,False
C_scale_peer,"773갓단미2026.06.16 (화) 12:307,57",7dc9561a4e60fb5221bdea64346672f1,7570,776,,,,,,,,,False
C_scale_peer,"774준버드2026.06.15 (월) 14:007,48",74b996fd959c56cc5421d887b6d772ae,7485,777,,,,,,,,,False
C_scale_peer,775하라페코 모모모 Wishing2026.06.14 ,cc111c664f8e6a2ce297fd9a52db5636,7471,778,,,,,,,,,False
C_scale_peer,776시니42 그림선생2026.06.15 (월) 16:,7ce657c83550af156fd4b8155863df1b,7445,779,,,,,,,,,False
C_scale_peer,"777블링이12026.06.14 (일) 13:007,4",53ed9aee7fc9f8d45f649f7ba6e63eb7,7429,780,,,,,,,,,False
C_scale_peer,"778딘썽2026.06.16 (화) 12:307,418",581d80d5ea0625e6a1ddb55c8835bef3,7418,781,,,,,,,,,False
C_scale_peer,780카코이 유이2026.06.13 (토) 08:547,a29716533a107b033caf5f16c8d032cc,7396,783,,,,,,,,,False
C_scale_peer,"781뚱치땅치2026.06.14 (일) 17:367,3",84f479ba5f08c2d9c7d9782c014ad40e,7391,784,,,,,,,,,False
C_scale_peer,"782와팬2026.06.14 (일) 10:307,384",1768688cc13b33839370db9a51361a5a,7384,785,,,,,,,,,False
C_scale_peer,"783윾정선2026.06.14 (일) 19:247,38",e76ebeb8ed736ad75e35f249bc1fd72d,7382,786,,,,,,,,,False
C_scale_peer,"784청룡진2026.06.16 (화) 12:307,38",35c7bb4bf5ce2024052bb447b5245bc5,7380,787,,,,,,,,,False
C_scale_peer,"786으 응2026.06.16 (화) 12:307,35",122cf6d32d872ff4423b3a6254908e0f,7358,789,,,,,,,,,False
C_scale_peer,787KUSF 대학스포츠22026.06.12 (금) 0,84dc6c4dffec1e30dd5045881a40107a,7347,790,,,,,,,,,False
C_scale_peer,"788안내메시지2026.06.16 (화) 12:307,",220a489e28af1a97ffc63ac43f62351a,7333,791,,,,,,,,,False
C_scale_peer,"789왓구홍길동2026.06.16 (화) 07:367,",06d1ae91328876e552b1865336fa7af2,7299,792,,,,,,,,,False
C_scale_peer,"790앙리 형2026.06.16 (화) 12:307,2",026cdb9a43e966cae86ece10bdbbf690,7286,793,,,,,,,,,False
C_scale_peer,"792숑아2026.06.15 (월) 14:127,239",7e6056a5e2dd8e2fc73c3c7f5bcd7349,7239,795,,,,,,,,,False
C_scale_peer,"793모르님2026.06.14 (일) 15:067,23",c096e1b60916fa10233c7bc59c7ca3bb,7237,796,,,,,,,,,False
C_scale_peer,"794미러시2026.06.09 (화) 17:067,22",cdbed60a728efe5b031b5e49311be9ef,7224,797,,,,,,,,,False
C_scale_peer,795부산MBC 스포츠마니아TV2026.06.16 (화,6c837d7222ccc4431ca7835a4340be8e,7214,798,,,,,,,,,False
C_scale_peer,796표림 pyoleem2026.05.08 (금) 14,8ebc7fa41fda31e990358af331f8ff8c,7211,799,,,,,,,,,False
C_scale_peer,"797위로가요2026.06.15 (월) 15:067,2",ba8b8c5470e84a115f33f2a34d9e3110,7204,800,,,,,,,,,False
C_scale_peer,798쿠릉 Kurung2026.06.07 (일) 04:,ab52ab49739163b108e253c4f038dcec,7201,801,,,,,,,,,False
C_scale_peer,"800레옹 신부2026.06.10 (수) 12:487,",2dbd0a9dee4c5ba9f7c0c34ac6724ff4,7181,803,,,,,,,,,False
C_scale_peer,"801한 유 월2026.06.16 (화) 12:307,",0feaf00a7322954b2da161d401e09dc8,7178,804,,,,,,,,,False
C_scale_peer,802아오토 라떼2026.06.15 (월) 17:127,c077df8642ba944f714b5ec06cf195e4,7168,805,,,,,,,,,False
C_scale_peer,"덩기덕2026.06.16 (화) 12:307,162#8",41e6c86cf804123cc8574b4cd118c019,7162,803404,,,,,,,,,False
C_scale_peer,"805홍서월2026.06.14 (일) 06:067,14",227b431ef15d1085ba29f54b8a7048fd,7145,807,,,,,,,,,False
C_scale_peer,806MerryMa메리마2026.06.14 (일) 13,626c83fc9b3535b23ce7d2b426009180,7139,808,,,,,,,,,False
C_scale_peer,809드타 DTA2026.06.16 (화) 12:307,28c04a4078929a2d40673da6fc640644,7070,811,,,,,,,,,False
C_scale_peer,"810신해조2026.06.16 (화) 12:307,05",e818bad56360ea4fb791e4156b1f5dcd,7052,812,,,,,,,,,False
C_scale_peer,"811우유니 쨘2026.06.16 (화) 04:367,",2a785e0fceded1ebe9211d0c2060710e,7042,813,,,,,,,,,False
C_scale_peer,"812김 리지2026.06.16 (화) 07:067,0",ecbfd64bbe40dce80cd585a27331688f,7020,814,,,,,,,,,False
C_scale_peer,"813포니922026.06.16 (화) 12:306,9",560651bcf90a9399dbe79c6bd2ebbf0e,6986,815,,,,,,,,,False
C_scale_peer,814송하나SONGHANA2026.06.07 (일) 0,b721f0ac272aad695a4ba279053537ed,6963,816,,,,,,,,,False
C_scale_peer,"815여 링2026.06.13 (토) 08:306,96",d906aed58ea1c8e82fbf6ab4c6110649,6962,817,,,,,,,,,False
C_scale_peer,"816림 스2026.06.11 (목) 17:126,95",4f3626031d1ff12931a34242a7f6900f,6951,818,,,,,,,,,False
C_scale_peer,817바이올렛잇고2026.06.15 (월) 15:486,3a1998ce5b2a28dc7fe18ba35d684b0d,6943,819,,,,,,,,,False
C_scale_peer,"818관종대왕2026.06.16 (화) 12:306,9",93e001d8244b77eaf5bb5a4cad6976ee,6939,820,,,,,,,,,False
C_scale_peer,"819잼사2026.06.16 (화) 12:306,936",ffaea247d54ded73967dbabccddc6644,6936,821,,,,,,,,,False
C_scale_peer,820LCK CL2026.05.29 (금) 06:426,ab067e483dcf6d16d4c07ea964e3b886,6922,822,,,,,,,,,False
C_scale_peer,821티아나 스이2026.06.15 (월) 05:006,8f3661d67e49f0b84736059952d59f06,6919,823,,,,,,,,,False
C_scale_peer,"822용 감2026.06.16 (화) 12:306,91",9a8b2096f3a38db1ec48a8365dffdb0f,6917,824,,,,,,,,,False
C_scale_peer,"823겜나나2026.06.16 (화) 12:306,91",d4a790246202e97cfd90a193e17ebcb1,6911,825,,,,,,,,,False
C_scale_peer,"824김 제 오2026.06.15 (월) 15:366,",10a7cea4de6c87033741fb821d6a3b18,6862,826,,,,,,,,,False
C_scale_peer,825윤쪼기 yunjjogi2026.06.05 (금) ,d70b59b604cb3faf2529e3c124abbc33,6857,827,,,,,,,,,False
C_scale_peer,"826손예나2026.05.17 (일) 14:366,84",0acda58c9c0cc754706b94bdb37d8969,6845,828,,,,,,,,,False
C_scale_peer,"827냐루비카페2026.06.16 (화) 09:306,",3ef2872698aee4e944d808f27abca3a9,6839,829,,,,,,,,,False
C_scale_peer,"828땅우양2026.06.16 (화) 03:006,83",482cdeab4cada3ff6945a24687a944d6,6833,830,,,,,,,,,False
C_scale_peer,"829율이유리2026.06.16 (화) 12:306,8",7868648b320a7403969c063d5b9a554e,6820,831,,,,,,,,,False
C_scale_peer,"830NS Rb2026.06.15 (월) 23:126,",67c0edbb3127f93271c552d1dc1e5341,6808,832,,,,,,,,,False
C_scale_peer,"831마리모O2026.06.15 (월) 14:126,8",10b7410e52f8040ec86ec36c90f8b508,6805,833,,,,,,,,,False
C_scale_peer,"832나는미도2026.06.16 (화) 12:306,7",cf3b654260bd004576d65d99e00d12a7,6761,834,,,,,,,,,False
C_scale_peer,"833권총빌런2026.06.15 (월) 14:426,7",cd39eb1fd30b5b53672512871f81c3e3,6755,835,,,,,,,,,False
C_scale_peer,834SBS 패밀리가 떴다2026.04.28 (화) 0,6d0d57edef60095667957355294454bc,6738,836,,,,,,,,,False
C_scale_peer,"835쫑 민2026.06.16 (화) 12:306,73",1703c76cfc62ebee9254a6fd2ef83b2a,6737,837,,,,,,,,,False
C_scale_peer,836게이머비누Gamerbinu2026.06.13 (토,e12f8c8ed9925b297a496431929bcdb1,6720,838,,,,,,,,,False
C_scale_peer,837엠피스 AMPHIS2026.06.14 (일) 12,950707a8a79cbb50ed42c7744c083f60,6704,839,,,,,,,,,False
C_scale_peer,838프로관전러PS2026.04.15 (수) 03:24,6c105b79e59c37c76534d2d05bdb1ea5,6698,840,,,,,,,,,False
C_scale_peer,839도도리코 dodorico2026.06.16 (화),d676df6bcb09c553c26a2e2b92542fd6,6696,841,,,,,,,,,False
C_scale_peer,"840발명2026.06.15 (월) 14:306,681",57453a967dc18832aae4090a0b341d02,6681,842,,,,,,,,,False
C_scale_peer,"841제황2026.06.13 (토) 16:126,678",746c8b5620110859dd5bc37509f2048c,6678,843,,,,,,,,,False
C_scale_peer,"842엘리양2026.05.03 (일) 14:486,65",9186c2b0d484f13b79b414ea1cd4d138,6655,844,,,,,,,,,False
C_scale_peer,843백희 Baekhee2026.06.15 (월) 08,d916dc846dcbe66a3482e238625b9022,6632,845,,,,,,,,,False
C_scale_peer,"846폰주2026.06.11 (목) 18:366,621",5407c6b5fd2a6d3e63bc5a669baab10d,6621,848,,,,,,,,,False
C_scale_peer,"847주 제2026.06.16 (화) 12:306,61",063ef80a05abbe8b1d8074e40eb32d39,6614,849,,,,,,,,,False
C_scale_peer,848NS Kingen2026.06.16 (화) 12:,fc5a0a137f6127fe8dacd97cd473b625,6613,850,,,,,,,,,False
C_scale_peer,"849리츄쨩2026.06.15 (월) 16:546,61",a84af7f8c35b72723e1908452b276cb8,6612,851,,,,,,,,,False
C_scale_peer,850아루다루송송2026.06.16 (화) 03:366,0d800f435656efb53ecd910079b73a0a,6605,852,,,,,,,,,False
C_scale_peer,"851김렝지2026.06.16 (화) 12:306,58",c59080612c2f5778a02b7bc680e160e9,6587,853,,,,,,,,,False
C_scale_peer,"852하야테님2026.06.11 (목) 16:006,5",0a763bccc953f5016d0ef9cc77e0e7d3,6582,854,,,,,,,,,False
C_scale_peer,"853이곡2026.06.16 (화) 12:306,573",d4c07ea248454f08354b5ba2aff62ada,6573,855,,,,,,,,,False
C_scale_peer,"854송 몽숙2026.06.05 (금) 16:546,5",f94b7ca28312a23f4932f000c73421ae,6568,856,,,,,,,,,False
C_scale_peer,"855주루2026.06.16 (화) 12:306,550",8767eb02741503cbbd558e0f42edb38e,6550,857,,,,,,,,,False
C_scale_peer,856얄땅Yaltank2026.06.16 (화) 12:,60e4d86d8543d9c361a6175f73cdb00c,6529,858,,,,,,,,,False
C_scale_peer,857이루네 IRUNE2026.06.16 (화) 00:,e984779fd445e71bfd8c99106e432bf1,6527,859,,,,,,,,,False
C_scale_peer,"858나츄2026.06.14 (일) 14:426,509",b192cb11dec2630c8e01102daef7b76f,6509,860,,,,,,,,,False
C_scale_peer,"859빗 시2026.06.16 (화) 12:306,49",42956fe0a0af5cea4fce3fa5721fe2f9,6497,861,,,,,,,,,False
C_scale_peer,"860비행돼지2026.06.15 (월) 01:246,4",8c0a733110437062e1a1381706312c80,6488,862,,,,,,,,,False
C_scale_peer,"861루미널2026.06.15 (월) 02:426,48",63f96097d73a7a4acc33a56feea66fac,6487,863,,,,,,,,,False
C_scale_peer,"863연미콩2026.06.16 (화) 12:306,47",6774730c6448ba261ac72f3cda1d7b3b,6471,865,,,,,,,,,False
C_scale_peer,864소히 SOHEE2026.06.14 (일) 15:0,288f7aafe3877bb18a4aacced0467667,6457,866,,,,,,,,,False
C_scale_peer,"865쩡니예2026.06.16 (화) 12:306,45",18310fe936b08c9a92fa3f60bf209f0c,6455,867,,,,,,,,,False
C_scale_peer,"866이현님2026.06.15 (월) 17:366,44",4abe83465c0398fd9e2ba96686306fd0,6446,868,,,,,,,,,False
C_scale_peer,"867양노을2026.06.09 (화) 15:186,43",1d74bb6ff41f31ca7030b89143691f25,6437,869,,,,,,,,,False
C_scale_peer,"868물총맨22026.06.16 (화) 12:306,4",cbfb53e8423d9cc138607fe49b70ac4c,6431,870,,,,,,,,,False
C_scale_peer,869누가좀말려줘요2026.05.06 (수) 18:54,dc6bd2fbdcdabe0468e7fe7505df0ed6,6429,871,,,,,,,,,False
C_scale_peer,"870김상드2026.06.14 (일) 06:006,41",58153c1aa956637fb83241a35c6b235b,6413,872,,,,,,,,,False
C_scale_peer,871덕자 DUKJA2026.06.16 (화) 12:3,9db7e704c022f9a40b8187009e8deb15,6406,873,,,,,,,,,False
C_scale_peer,872보나 김팔복2026.06.16 (화) 12:306,59b4f4d05725fb863b9b45f3b3e76b26,6384,874,,,,,,,,,False
C_scale_peer,"873유치땅2026.06.07 (일) 09:366,37",e8b275423d47569671254c8a332853fd,6379,875,,,,,,,,,False
C_scale_peer,"875펭삼2026.06.16 (화) 12:306,375",62306f94bf18e0495f7f34c62dade93c,6375,877,,,,,,,,,False
C_scale_peer,"876프로퍼2026.06.03 (수) 16:426,36",92898bd140d264341c6542eef4606dca,6362,878,,,,,,,,,False
C_scale_peer,"877세롱2026.06.15 (월) 17:546,343",375dfefbe6264ae507efee64eedfb574,6343,879,,,,,,,,,False
C_scale_peer,878뉴민상 official2026.06.13 (토) ,1710a89c1bfca186fca0e1985bec271b,6341,880,,,,,,,,,False
C_scale_peer,879애플32032026.06.15 (월) 17:246,e291f5f835f5f7b206413227cf9186da,6336,881,,,,,,,,,False
C_scale_peer,880검은사막 공식2026.06.13 (토) 08:24,53393ca8389d71a814631744a768681c,6334,882,,,,,,,,,False
C_scale_peer,881아마시로 메이2026.06.14 (일) 14:30,6bcc1c4b89128eac7bc7a7d698ef7aa2,6290,883,,,,,,,,,False
C_scale_peer,"882eo582026.06.16 (화) 12:306,2",f98d8765a48fac60bcddd9b7fc866897,6289,884,,,,,,,,,False
C_scale_peer,883볼가지 bug2026.06.16 (화) 12:30,1625667deca062f2bc510bb08023ffc3,6282,885,,,,,,,,,False
C_scale_peer,"884퀸슈아2026.06.15 (월) 13:546,28",00b3e3351b84827c73d78caba23fa238,6280,886,,,,,,,,,False
C_scale_peer,885아일라 Iyla2026.06.16 (화) 09:4,ff182197eed405b1130d22aa3a4fefa0,6278,887,,,,,,,,,False
C_scale_peer,886달수네라이브2026.06.16 (화) 10:186,dff47b9c46a90cbfbc50018df63e5d96,6272,888,,,,,,,,,False
C_scale_peer,"887일로하2026.06.05 (금) 18:486,26",e8b27ea3fa985f1c89859a8e07e00d98,6264,889,,,,,,,,,False
C_scale_peer,"888이플린2026.06.15 (월) 09:006,25",bb09c3d77aedaee9c38144d106dd48dd,6256,890,,,,,,,,,False
C_scale_peer,"889콩콩호수2026.06.11 (목) 12:366,2",11558e9cf402f3d455da65ef4b6ecaf5,6254,891,,,,,,,,,False
C_scale_peer,"891배쨜이2026.06.15 (월) 03:486,24",6f377acaaaacc0b5e9bebc70e45eef4f,6241,893,,,,,,,,,False
C_scale_peer,"892요나2026.06.03 (수) 13:546,234",7c52f0becffdf297fcd74c037aeca750,6234,894,,,,,,,,,False
C_scale_peer,893산디SanD2026.06.15 (월) 16:066,85e7ceb208e24a362b783b1f2faa8be9,6232,895,,,,,,,,,False
C_scale_peer,"894씨 익2026.06.14 (일) 14:426,22",671a196cb4f25a0ccabc4ad4aff571e4,6225,896,,,,,,,,,False
C_scale_peer,"895청초한겸지2026.05.04 (월) 15:006,",90805db274df92aa07b385c3ef6c8e5f,6221,897,,,,,,,,,False
C_scale_peer,"896근모닝2026.06.15 (월) 18:126,21",14e4ecfb137e528289f4dadcf7e7b054,6211,898,,,,,,,,,False
C_scale_peer,"897초깨비2026.06.16 (화) 12:306,20",58fbc220638009db28385db1112d22df,6204,899,,,,,,,,,False
C_scale_peer,"898플 레 타2026.06.15 (월) 14:546,",23d890797df4f9a0ca0ab2560c7a7442,6198,900,,,,,,,,,False
C_scale_peer,"899시바스2026.06.16 (화) 12:306,19",f3c64f3a511349121e807b40b1076511,6195,901,,,,,,,,,False
C_scale_peer,"900떵떵유니12026.06.14 (일) 17:246,",673ccb84dfb34d56cce9611d692f69fb,6192,902,,,,,,,,,False
C_scale_peer,"901료 아2026.06.14 (일) 17:546,18",77fe0d6d9bed9a703b16b87d4c3a8313,6187,903,,,,,,,,,False
C_scale_peer,"902메탈킴2026.06.16 (화) 10:186,18",c96f3a1d4e3e9785404aa7f8a0fd313c,6185,904,,,,,,,,,False
C_scale_peer,"903푸뽀2026.06.15 (월) 20:126,177",fd1ba01789a218cf3500bdcf1d0d55bb,6177,905,,,,,,,,,False
C_scale_peer,"904콩 주2026.06.16 (화) 08:486,16",58c857c619dbc62110f025c382265abe,6168,906,,,,,,,,,False
C_scale_peer,"905권세이2026.06.14 (일) 18:006,15",d65b1d3ce0b71978bceb8a524eabda68,6157,907,,,,,,,,,False
C_scale_peer,906미사키 하루2026.06.16 (화) 09:366,9f7467f5f3dfa4ea3dcef2962187d6a2,6146,908,,,,,,,,,False
C_scale_peer,907런민기 RUNMINGI2026.06.11 (목) ,22606f1ee5a444d63ccc49fbec69383d,6126,909,,,,,,,,,False
C_scale_peer,"908냐코냥2026.06.16 (화) 12:306,09",d74c1153ae31557d9065303a08d6f5cf,6094,910,,,,,,,,,False
C_scale_peer,"909부리1232026.06.10 (수) 08:366,",7572f995f7406c8795d42c68d3632b93,6091,911,,,,,,,,,False
C_scale_peer,"910갱여운2026.06.16 (화) 12:306,08",e507b5264a2dd975cea34001df1bbd3b,6086,912,,,,,,,,,False
C_scale_peer,"911라 베2026.06.15 (월) 15:186,04",2cee148c71ad7ea6177c3be3f2a112f9,6049,913,,,,,,,,,False
C_scale_peer,"912쟌JYAN2026.06.11 (목) 11:546,",69899f26e65d89addeb6f9d7d6668116,6040,914,,,,,,,,,False
C_scale_peer,"913ㄱ연호2026.06.09 (화) 12:006,03",883fe1a89e619565bc06709ffe7c58d1,6030,915,,,,,,,,,False
C_scale_peer,"914유히히2026.06.16 (화) 07:426,02",23a96c7728efd75092e69befd8d3630d,6020,916,,,,,,,,,False
C_scale_peer,916방구석매니아2026.06.14 (일) 18:246,a7c3a7344f687564a1f741ea207d32d6,6006,918,,,,,,,,,False
C_scale_peer,917니르 Niru2026.06.15 (월) 19:48,e0b11eab54ad5ecf2306fdd2d7e4f5c2,6001,919,,,,,,,,,False
C_scale_peer,918잔느 Xanne ASMR2026.06.10 (수),d373da693c5828ec5edd41c0d88c4074,5984,920,,,,,,,,,False
C_scale_peer,"919코 시2026.05.21 (목) 09:245,97",53f677568fc1220b43bfc08efc7b635c,5977,921,,,,,,,,,False
C_scale_peer,920김덕만 KDM2026.06.16 (화) 12:30,9cd6cd0e2aef2cd5d7f3e6e20c1ba62d,5974,922,,,,,,,,,False
C_scale_peer,"921지나Gna2026.06.15 (월) 14:545,",7c53be3300d3264a9fdf972d6f51b531,5968,923,,,,,,,,,False
C_scale_peer,"922어스레2026.06.15 (월) 15:185,95",faf14a6390ed00ef73aa5bc06db32c5d,5956,924,,,,,,,,,False
C_scale_peer,"923꿈 나2026.04.05 (일) 12:065,95",c23798d369892614f1d2c042c9bc381f,5956,925,,,,,,,,,False
C_scale_peer,"924엄빠TV2026.06.16 (화) 12:305,9",2b6a0fc1315bca0ad2e2a3f0339c73a1,5934,926,,,,,,,,,False
C_scale_peer,926하쿠텐 후와2026.06.16 (화) 12:305,7792c631f74f66e92ae25949a3a11abb,5906,928,,,,,,,,,False
C_scale_peer,927윤요 YoonYo2026.06.15 (월) 11:,fccc3de223cf5c5d7778efb9901b1a93,5891,929,,,,,,,,,False
C_scale_peer,"928루나냥2026.06.14 (일) 16:125,88",2dccdac2998bce6a95ab428179e9db48,5885,930,,,,,,,,,False
C_scale_peer,"929판구리2026.06.13 (토) 18:065,88",ed3f2b9e1f3df94090cc0e21bce64519,5881,931,,,,,,,,,False
C_scale_peer,"930소보로오2026.06.10 (수) 20:245,8",3f2d8c1ed91f66c91bad008181d6c3ce,5866,932,,,,,,,,,False
C_scale_peer,"932망 난 이2026.06.14 (일) 17:485,",305c1590de811bf35662d7650dc99089,5849,934,,,,,,,,,False
C_scale_peer,"933이즈렌2026.06.16 (화) 12:305,84",539550183f3153a5cbfc4f8c14766242,5845,935,,,,,,,,,False
C_scale_peer,934향아 Hyangah2026.06.15 (월) 15,79da7cd223958a9b415aebbed04dc56e,5829,936,,,,,,,,,False
C_scale_peer,"935GN12026.06.09 (화) 16:005,82",96e44e40a448971244bfd9dd8c832505,5821,937,,,,,,,,,False
C_scale_peer,"937초슈야2026.06.14 (일) 07:245,80",2589896226ea56ac81886a7b46103975,5800,939,,,,,,,,,False
C_scale_peer,"938김덕후2026.06.15 (월) 17:125,78",13f2feeb21e92da4c1c89a8807fbb34c,5788,940,,,,,,,,,False
C_scale_peer,"940김 레 오2026.06.16 (화) 12:305,",39bfa909acb03a83977e39e7ca29d9ed,5780,942,,,,,,,,,False
C_scale_peer,941immortalk2026.06.15 (월) 17:,75c1dee192717e3aa6c7c78b2c939596,5764,943,,,,,,,,,False
C_scale_peer,"942김오니2026.06.16 (화) 12:305,75",5117020045d403eed8f15c965223c491,5753,944,,,,,,,,,False
C_scale_peer,943청목 Chungmok2026.06.16 (화) 1,42344dd53d4c5dc33e962c8913f6adc3,5753,945,,,,,,,,,False
C_scale_peer,"944새싹 감자2026.06.16 (화) 12:305,",4fa802e51ccdbfd071d3df494e329ee1,5734,946,,,,,,,,,False
C_scale_peer,945셀데아 Seldea2026.06.16 (화) 12,a85477449b4719026fb20dcb15735424,5714,947,,,,,,,,,False
C_scale_peer,"946감쏘야2026.06.16 (화) 12:305,69",05ed3d1a39842c054856aa9b3b29ef18,5697,948,,,,,,,,,False
C_scale_peer,"947대용22026.06.16 (화) 12:305,69",79b9a75c60b2ebf579817a72e5ca4ef9,5691,949,,,,,,,,,False
C_scale_peer,948리미 VLUP2026.06.16 (화) 10:54,46d2e17ad675cb9c22546e11e9010ff2,5672,950,,,,,,,,,False
C_scale_peer,"949포도네2026.06.14 (일) 21:545,65",520546ce9c0092b0a8aa7feb9a9779be,5654,951,,,,,,,,,False
C_scale_peer,"951김주선2026.06.14 (일) 06:305,64",91954a460f7426e74648851e70005f99,5643,953,,,,,,,,,False
C_scale_peer,952DrAquinas2026.06.16 (화) 12:,f8658d87fea4f038ebf9ba05b89d1122,5642,954,,,,,,,,,False
C_scale_peer,"953히 요2026.06.14 (일) 15:185,64",117a2373a4908717ddba745d6391978d,5640,955,,,,,,,,,False
C_scale_peer,"954주린이푸사2026.06.16 (화) 12:305,",606f555f0c1563310327e9e141f81521,5634,956,,,,,,,,,False
C_scale_peer,956외계에서온질럿2026.06.15 (월) 17:12,5c565a8a9ceaf04f7c0a1909d71da44e,5624,958,,,,,,,,,False
C_scale_peer,"957얀즈2026.06.16 (화) 11:065,615",0be2463dd64b33d112655a76cf6be7ea,5615,959,,,,,,,,,False
C_scale_peer,"958이써연2026.06.16 (화) 10:005,60",e5cc68e9f656cd8c00a4dec289191b62,5601,960,,,,,,,,,False
C_scale_peer,959고스트 Ghost2026.06.16 (화) 06:,9203a8ad5100b267b7623c2248281228,5595,961,,,,,,,,,False
C_scale_peer,960융이 Yoong E2026.06.16 (화) 12,89bd1d5157cfb9eb41ceb7bf4c418db9,5592,962,,,,,,,,,False
C_scale_peer,"961코 오 리2026.05.28 (목) 18:545,",dc296b356b142e8be62909568657d038,5592,963,,,,,,,,,False
C_scale_peer,962레쏘 Lesso2026.06.16 (화) 12:3,470676f84e08d8a4c50f2c5288938be6,5583,964,,,,,,,,,False
C_scale_peer,963지월크 gwork2026.05.25 (월) 16:,05eca16cc9e2bb9e9115e224836b9427,5583,965,,,,,,,,,False
C_scale_peer,"964최마치2026.06.16 (화) 09:245,56",057a9a03fea9b368eb0c76b9e95e1ae5,5568,966,,,,,,,,,False
C_scale_peer,965아빠킹고무고무2026.06.10 (수) 01:18,517577fcd57bad29ede940c73229039e,5567,967,,,,,,,,,False
C_scale_peer,"966꽁스행님2026.06.15 (월) 17:305,5",c4f848d14e4372ef2fad23e2c2880e2e,5567,968,,,,,,,,,False
C_scale_peer,"967융 쁘2026.06.16 (화) 12:305,56",52f5cf0ba7d951c843bf8c16b1823728,5565,969,,,,,,,,,False
C_scale_peer,968안녕나는두벼리2026.06.14 (일) 14:30,b2f0f7800cb24fad311ae6be70b14975,5547,970,,,,,,,,,False
C_scale_peer,"969아론페이지2026.06.13 (토) 15:065,",4a8ab526594ee69e0d2920678226e57a,5528,971,,,,,,,,,False
C_scale_peer,"970스테로이드2026.06.16 (화) 12:305,",bbbe06569e9685685217825ba53765c6,5512,972,,,,,,,,,False
C_scale_peer,"971R리노아2026.06.16 (화) 06:365,5",2f1107218a8e549f7b9ec5a53c488d33,5505,973,,,,,,,,,False
C_scale_peer,"972방울눈나2026.06.02 (화) 16:305,5",52b0b40276ac66c05ec377a272b88f6f,5504,974,,,,,,,,,False
C_scale_peer,"973즈랑2026.06.15 (월) 16:065,502",1ffa4a079a2ac6fa6b127f07206d9ce5,5502,975,,,,,,,,,False
C_scale_peer,974그롬마쉬tv2026.06.16 (화) 12:305,5d12c8615046a3e5513b149ac9380916,5500,976,,,,,,,,,False
C_scale_peer,976크리티컬딜러2026.06.16 (화) 12:305,9d261b9ede8912f47258458ae62762df,5499,978,,,,,,,,,False
C_scale_peer,"977순프스2026.06.16 (화) 12:305,49",4cf5a4c5bed4043901c88fde0746795a,5492,979,,,,,,,,,False
C_scale_peer,"978띵리온2026.06.01 (월) 13:185,49",fa2348e1d4a79173eecb6a1be1e74d8b,5492,980,,,,,,,,,False
C_scale_peer,"979천샤2026.06.05 (금) 15:485,490",987579aca23eee46a42c2ec4dfc9b421,5490,981,,,,,,,,,False
C_scale_peer,"980유토링2026.06.16 (화) 12:305,49",105c19a2df33594abc805087f483eb1f,5490,982,,,,,,,,,False
C_scale_peer,"981페빠2026.05.31 (일) 15:125,468",d05a4b87a4e2a6a74b975e8dc2188fd5,5468,983,,,,,,,,,False
C_scale_peer,"982이 늘2026.06.16 (화) 12:305,46",1482d68b3478d2962e9d000ed6a33167,5465,984,,,,,,,,,False
C_scale_peer,983아사미야 나오2026.06.15 (월) 14:30,3001c37f75cbf22525da511c05172c5e,5458,985,,,,,,,,,False
C_scale_peer,"984살짝빼꼬미2026.06.05 (금) 18:365,",c3367ecafacf9f57129fedf4b619d23c,5456,986,,,,,,,,,False
C_scale_peer,"985솜 SOM2026.06.15 (월) 00:185,",e35f7c5f089c0b94da7540f08852be44,5444,987,,,,,,,,,False
C_scale_peer,"986매드해터2026.06.16 (화) 12:305,4",94f662d396e1eca8f4d41b956a01844c,5428,988,,,,,,,,,False
C_scale_peer,"987메ry2026.06.16 (화) 07:365,42",c1c5bd0bf580d7996230d08d0a6667b1,5425,989,,,,,,,,,False
C_scale_peer,988ㅎㄹㄹㅎㄹㄹ2026.06.15 (월) 14:125,733ac918d624f6034f8786efc318e433,5422,990,,,,,,,,,False
C_scale_peer,"989치요우2026.06.16 (화) 08:305,42",902fb58a0fcf602c29d43a0394b994e3,5422,991,,,,,,,,,False
C_scale_peer,"990코히루2026.06.16 (화) 12:305,40",4780ce79757a7c82057fab72a35453e8,5408,992,,,,,,,,,False
C_scale_peer,"991율신비2026.06.16 (화) 07:005,40",ea87888f4762222fc96a95cd680a50ff,5402,993,,,,,,,,,False
C_scale_peer,992표커 pyoker2026.06.07 (일) 14:,a8413275c3171b4404743683aebbd939,5393,994,,,,,,,,,False
C_scale_peer,993미네르 Mineru2026.06.16 (화) 12,aa6e91dc838cdf50996ffdb86f5854be,5389,995,,,,,,,,,False
C_scale_peer,"994명칠2026.06.15 (월) 19:065,380",9d749360ce1c6c4bc0d59f0e6237e065,5380,996,,,,,,,,,False
C_scale_peer,"995카게후미2026.06.16 (화) 12:305,3",5fd31d9196044bcd63dba856c955682b,5363,997,,,,,,,,,False
C_scale_peer,996폴탄poltan2026.06.15 (월) 20:4,4a2dec574c53866f182f841e050a2c30,5361,998,,,,,,,,,False
C_scale_peer,"997윤리즈2026.06.16 (화) 12:305,34",6fb7f73dcb20077d77e6e053d0362228,5344,999,,,,,,,,,False
C_scale_peer,998하나츠 nacheu2026.06.16 (화) 12,1849e43ce6247a61aef57e2e39e2f6ce,5341,1000,,,,,,,,,False
C_scale_peer,"999Cheok2026.06.14 (일) 18:245,",bab3e826b3fea45447c366792661a23c,5340,1001,,,,,,,,,False
C_scale_peer,"1000아카메12026.06.14 (일) 13:545,",59b6c58814eb0727a5cca65ae0e342c0,5332,1002,,,,,,,,,False
C_scale_peer,1001TOP 음악노래가요2026.06.16 (화) 1,cf31b8b040651ac6697e030b372bb410,5325,1003,,,,,,,,,False
C_scale_peer,"1003요시론2026.04.28 (화) 12:005,3",d510a81b4e261ba7fca8894ac7fc601a,5309,1005,,,,,,,,,False
C_scale_peer,"1004케장2026.06.15 (월) 18:425,29",58d3590b98bda4d8db8770116b4058e4,5299,1006,,,,,,,,,False
C_scale_peer,"1005모노a2026.06.10 (수) 09:365,2",2b523c3e9098c5af7a038ae3a84d1442,5283,1007,,,,,,,,,False
C_scale_peer,"1006이보늬2026.06.15 (월) 15:485,2",16267ae4675f980df5e77bafea37495f,5282,1008,,,,,,,,,False
C_scale_peer,"1007세 계2026.05.07 (목) 09:365,2",ba97674dcb8979d4de73e958870eb660,5281,1009,,,,,,,,,False
C_scale_peer,"1008득충2026.06.15 (월) 14:185,27",90bd0b0b35ede8f31bbb13189552819f,5279,1010,,,,,,,,,False
C_scale_peer,1009주혁 JuHyeok2026.06.14 (일) 1,640478fe398f09c19a6b803cbc1987e8,5278,1011,,,,,,,,,False
C_scale_peer,"1010응삼이12026.06.16 (화) 12:305,",94d18aa9bf0e3cdc09eff9c33e0dbbb5,5274,1012,,,,,,,,,False
C_scale_peer,"1011태상이2026.06.16 (화) 12:305,2",d028a08df38e91ba56163fc4f428814e,5268,1013,,,,,,,,,False
C_scale_peer,"1013샤 논2026.06.12 (금) 13:305,2",53f348f049d15c76643816fa49acfee6,5236,1015,,,,,,,,,False
C_scale_peer,"1014오맑음님2026.05.25 (월) 08:245,",4c68bd9e0891dc6acdfbf496384cadf4,5224,1016,,,,,,,,,False
C_scale_peer,"1015김 하렌2026.06.14 (일) 16:545,",b34d118f21eea1f7e3a3258ef7a61d09,5221,1017,,,,,,,,,False
C_scale_peer,"1016표면이2026.06.16 (화) 06:485,2",a68ca1abc0f62f974039b3e522f837fb,5201,1018,,,,,,,,,False
C_scale_peer,"1017나기상2026.06.16 (화) 12:305,1",bcdf10972e325bfab0ec0183e8524ec4,5187,1019,,,,,,,,,False
C_scale_peer,"1018별 연2026.06.15 (월) 22:365,1",c57ab4efaf2548f27214834daeb5c901,5185,1020,,,,,,,,,False
C_scale_peer,"1019남시우2026.06.16 (화) 12:305,1",bc741dc64aa44a5da5339bae12544782,5173,1021,,,,,,,,,False
C_scale_peer,"1020도그홀2026.06.15 (월) 12:545,1",7135cd113a2ef43bfb8d44bb2a64a582,5172,1022,,,,,,,,,False
C_scale_peer,"1023청세치혀2026.06.12 (금) 10:125,",e2f98e79a70194da1d2f0ebd250c934d,5146,1025,,,,,,,,,False
C_scale_peer,1024호하리 Hohari2026.06.16 (화) 1,437789ebfd9ac58804f1d38281bf03b2,5143,1026,,,,,,,,,False
C_scale_peer,1025아이작오헌영2026.06.16 (화) 06:30,f409bd9619bb9d384159a82d8892f73a,5139,1027,,,,,,,,,False
C_scale_peer,"1026청예솔2026.06.16 (화) 10:065,1",4052512f2144699acc25cabaa6780b1e,5134,1028,,,,,,,,,False
C_scale_peer,"1027동우기2026.06.14 (일) 16:245,1",3bd211bf65e2db996a437b85741d847a,5128,1029,,,,,,,,,False
C_scale_peer,1028근본원딜러2026.06.16 (화) 12:185,0a138a78541b8e13826480d47999441c,5127,1030,,,,,,,,,False
C_scale_peer,1029한량12342026.06.16 (화) 12:30,d409fe40356ee1ebfacbe2dd460ad573,5126,1031,,,,,,,,,False
C_scale_peer,1030연하늘 HaneuI2026.06.16 (화) 0,b8b36da0d46acde123539f53daa23f7d,5108,1032,,,,,,,,,False
C_scale_peer,1031부지런한 14002026.06.16 (화) 12,d342db634142c5cb5e5487e36a7e5f12,5106,1033,,,,,,,,,False
C_scale_peer,1032민 트 롤2026.06.14 (일) 09:125,c808f9f41ca112022eb7c1c5131fc41e,5084,1034,,,,,,,,,False
C_scale_peer,"1033슈네12026.04.26 (일) 15:065,0",d430ff9fe8811a67d0ef2889255ec6af,5063,1035,,,,,,,,,False
C_scale_peer,"1034하루나엘2026.06.16 (화) 12:305,",3d11f301d71cce5bcd1e96bbaec314be,5055,1036,,,,,,,,,False
C_scale_peer,1035최강슬라임 최슬2026.06.14 (일) 19:,d7f2b6b42e428b19782d2ae8c81dfe52,5053,1037,,,,,,,,,False
C_scale_peer,"1036나누2026.06.14 (일) 15:485,05",79694dfaca6ea013130ab724f4b8a01b,5050,1038,,,,,,,,,False
C_scale_peer,1037모찌슬이 MOZZI2026.05.28 (목) 1,fdbbb46940ebb2e8a51c9315b1c9450f,5045,1039,,,,,,,,,False
C_scale_peer,"1038정질2026.06.16 (화) 08:065,04",1f344bfda55c64e30a256b4d15b65119,5040,1040,,,,,,,,,False
C_scale_peer,"1039금쿤2026.06.16 (화) 12:305,03",6aef261524faf48ca3f5b463ba29f061,5036,1041,,,,,,,,,False
C_scale_peer,"1040장스환2026.06.12 (금) 16:125,0",16d456336ae8f956fef4a1664fd7b04c,5036,1042,,,,,,,,,False
C_scale_peer,1043채널십오야 라이브2026.06.12 (금) 04,f1e5431175d7a39f637950ddb0aa763d,5028,1045,,,,,,,,,False
C_scale_peer,1044모이 M0I2026.06.15 (월) 09:24,be059789e19ac3e46198e15911a80122,5026,1046,,,,,,,,,False
C_scale_peer,1045모모시로 카나2026.06.16 (화) 12:3,48cbe6b7ab29b43e61ed75b4beaacaf5,5025,1047,,,,,,,,,False
C_scale_peer,1046호앵 메로롱2026.06.16 (화) 12:30,c18e4d94b364804232f017f85e66299e,5003,1048,,,,,,,,,False
C_scale_peer,"1047체스닷컴2026.04.15 (수) 16:425,",55bf38573a814d43ee44de978e4803c8,5000,1049,,,,,,,,,False
C_scale_peer,1048알파이입니다2026.06.16 (화) 01:30,3e124dd3fe14d90ff712dd6912928a3e,4991,1050,,,,,,,,,False
C_scale_peer,1049탑가렌 유경우2026.06.15 (월) 14:3,f02989a2b9845bc022e53851e6df6f88,4985,1051,,,,,,,,,False
C_scale_peer,1050수잔 헌트2026.06.16 (화) 12:184,7954e98ff81b6e4b85d9321aa6286c46,4975,1052,,,,,,,,,False
C_scale_peer,"1051리연 L2026.06.16 (화) 12:304,",e1d7c110f8d2dd8e8752c97c9d9dc63b,4972,1053,,,,,,,,,False
C_scale_peer,"1052샤 나2026.06.16 (화) 07:184,9",f0be4ff62bf741a843ca6de9bb269504,4968,1054,,,,,,,,,False
C_scale_peer,1053나초 nacho2026.06.15 (월) 15:,99704cbd2709e80c7f30276d8bd0994f,4959,1055,,,,,,,,,False
C_scale_peer,1054무영 리버프로2026.04.23 (목) 16:2,59f45ce5b28f8243b32e91df16bf8143,4955,1056,,,,,,,,,False
C_scale_peer,"1055쵸요링2026.06.15 (월) 18:184,9",e008490d3464797704feac3b9ad8fe67,4952,1057,,,,,,,,,False
C_scale_peer,1056영양소TV2026.06.16 (화) 12:304,db880b506ce010d25bceeb353d8259ca,4952,1058,,,,,,,,,False
C_scale_peer,"1057주일짱2026.06.16 (화) 12:304,9",ac2d57332fee3b329443aba0bfb1942b,4951,1059,,,,,,,,,False
C_scale_peer,"1058댱이2026.06.11 (목) 16:364,93",ccd682504b8cc9451a7ff5326499ff94,4935,1060,,,,,,,,,False
C_scale_peer,1059트수급백수2026.06.13 (토) 14:544,7956863ee65ce3da0f55d8cbe3597250,4926,1061,,,,,,,,,False
C_scale_peer,"1060슈퍼디디2026.06.14 (일) 18:544,",b5e1303ec2f1a57c5965beb4290548ce,4920,1062,,,,,,,,,False
C_scale_peer,1061고란의 소영배2026.06.16 (화) 09:3,d008952ce98edd496a1448c43e49aa8a,4906,1063,,,,,,,,,False
C_scale_peer,1062유 림 이2026.06.16 (화) 07:004,8f78817294f5a2b7eb19fffea059db97,4904,1064,,,,,,,,,False
C_scale_peer,"1063김날슈2026.06.13 (토) 15:244,9",a7bf244f5f7d287f9f8a9e67c5586a96,4902,1065,,,,,,,,,False
C_scale_peer,1064진짜물 TRUEWATER2026.06.15 (월,81593a014e6ce7ee4c5df662e87abae5,4882,1066,,,,,,,,,False
C_scale_peer,1065제피zephyr2026.06.10 (수) 22:,2337bb8d3378cdc433fd89d376bbe687,4879,1067,,,,,,,,,False
C_scale_peer,"1066냐코2026.06.13 (토) 17:304,87",08cbcf6f38129e27612712d7207664a2,4874,1068,,,,,,,,,False
C_scale_peer,"1067정한솔2026.06.14 (일) 05:124,8",1f7bc2e3ccf11c53cf02da3a6f99e756,4864,1069,,,,,,,,,False
C_scale_peer,1068사이네코 코나타 Wishing2026.06.15,dc5a830020254936843b8afeed98949f,4857,1070,,,,,,,,,False
C_scale_peer,"1069김동학2026.06.16 (화) 12:304,8",2492595c96735e01c2c2dc88aada0dab,4839,1071,,,,,,,,,False
C_scale_peer,1070호시에 제로2026.06.16 (화) 07:30,5786141997728cc2fcd660a15ef5f3af,4836,1072,,,,,,,,,False
C_scale_peer,1072부쉬 대통령2026.06.16 (화) 10:12,1a8a4e5e4ce67ff0bd20fee2dc1f855b,4820,1074,,,,,,,,,False
C_scale_peer,"1073김새복2026.06.15 (월) 05:184,8",525224585e84653858651e933bd8a66d,4816,1075,,,,,,,,,False
C_scale_peer,"1074바둑TV2026.06.16 (화) 12:124,",4c5d4fc2486df4c3af886c514e73a0ec,4812,1076,,,,,,,,,False
C_scale_peer,"1075윤루트2026.05.20 (수) 15:364,8",4a367c0b342d3c6964a842bdec5880ea,4802,1077,,,,,,,,,False
C_scale_peer,"1076용연향2026.06.15 (월) 10:484,7",353c9945a6198fb633f25e523d71fc00,4799,1078,,,,,,,,,False
C_scale_peer,"1077봉킹2026.06.16 (화) 12:304,79",95eb1a9766c0322b4f77d23315233575,4798,1079,,,,,,,,,False
C_scale_peer,"1079치리스2026.06.16 (화) 12:304,7",f23041a7f144a13c2e59e2651c84f013,4784,1081,,,,,,,,,False
C_scale_peer,"1080생 크림2026.06.15 (월) 19:064,",26dad9a47ae4a3fe547b6ece2d0d7715,4765,1082,,,,,,,,,False
C_scale_peer,"1081대지킹2026.06.15 (월) 16:124,7",c0c5a89fb63a7b973fe1142d7b3d1751,4762,1083,,,,,,,,,False
C_scale_peer,"1082박용욱2026.06.14 (일) 13:124,7",3e690ce1c8286126e264605842456791,4748,1084,,,,,,,,,False
C_scale_peer,"1083농루트2026.06.16 (화) 12:304,7",716d19848f0a23c2b9bf4350414d5917,4732,1085,,,,,,,,,False
C_scale_peer,"1084이중선2026.06.16 (화) 12:304,7",f4b176703b6ca69d5a959b04fed5866f,4715,1086,,,,,,,,,False
C_scale_peer,"1085하윤찡2026.06.15 (월) 17:304,7",f55fe79c18a40e8a9a735c5588f8ffe5,4707,1087,,,,,,,,,False
C_scale_peer,"1086판 토2026.06.16 (화) 12:304,7",f0088e81766cba82348838db1e14b61d,4700,1088,,,,,,,,,False
C_scale_peer,"1087콩인데2026.06.09 (화) 14:004,6",9a6df6b54fe37cfb30a82d418b26a63d,4697,1089,,,,,,,,,False
C_scale_peer,"1088김띠모2026.06.16 (화) 12:304,6",053101af87b327b3e636353a7c4c4905,4683,1090,,,,,,,,,False
C_scale_peer,"1089오새벽2026.06.14 (일) 14:484,6",95ef23acfc4873eb0908b9cb8c775a62,4683,1091,,,,,,,,,False
C_scale_peer,"1090김꼬멍2026.06.14 (일) 15:544,6",d61f69f7ff143364ed19314837262ea2,4682,1092,,,,,,,,,False
C_scale_peer,1091아리수 아카이브2026.06.16 (화) 12:,4bd1407e53e528417318cba6b33c1c91,4680,1093,,,,,,,,,False
C_scale_peer,1092유화 유화2026.06.12 (금) 16:004,d85289d53423d800777bebc2320f40ca,4677,1094,,,,,,,,,False
C_scale_peer,"1093슨아2026.06.16 (화) 12:304,67",3fefbab86746791039760a3ce516f1da,4677,1095,,,,,,,,,False
C_scale_peer,1094김 용 찬2026.06.16 (화) 12:304,e09e20d99895a71b0f9c549427eea71d,4677,1096,,,,,,,,,False
C_scale_peer,"1095볼빵소2026.06.15 (월) 18:124,6",8a79129b34e042fcd825fbffc3f52c99,4674,1097,,,,,,,,,False
C_scale_peer,1096아홀로 루파2026.06.16 (화) 12:30,3e948667805e7627459a599018d05853,4672,1098,,,,,,,,,False
C_scale_peer,"1097개인팟2026.06.15 (월) 14:064,6",3afd1b6a31687d775be921e31d9be225,4660,1099,,,,,,,,,False
C_scale_peer,1098빙구르르릉2026.06.16 (화) 12:304,35b054ffbabf6441886eb16b1a8a89c6,4653,1100,,,,,,,,,False
C_scale_peer,"1099아세비2026.06.16 (화) 12:304,6",374eb60afe2276c834bb0a8005a1e390,4649,1101,,,,,,,,,False
C_scale_peer,1100로나 Rona2026.06.16 (화) 12:3,78e97578e5d05d33e890416299a2916e,4641,1102,,,,,,,,,False
C_scale_peer,"1102X보이2026.06.15 (월) 18:124,6",625c91bcdcd92cdc32cefb58f4e94d91,4636,1104,,,,,,,,,False
C_scale_peer,"1103초 담2026.04.04 (토) 14:364,6",a225d4e9d8be27d0b5db126794fe44bd,4629,1105,,,,,,,,,False
C_scale_peer,1104Proud2026.06.15 (월) 10:064,7adbdbbf3ff35dbd78378c8a134a1c58,4622,1106,,,,,,,,,False
C_scale_peer,"1105한라감귤2026.06.14 (일) 09:304,",374d2bb2f95df32314880f2d76416ac1,4618,1107,,,,,,,,,False
C_scale_peer,1106김규식입니다만2026.06.06 (토) 09:5,90f137fec83222ae32ecd17b20f4fb2e,4616,1108,,,,,,,,,False
C_scale_peer,"1107크랜2026.06.16 (화) 12:304,60",000408038eda5ff54260c2a3b4315e28,4603,1109,,,,,,,,,False
C_scale_peer,"1108덕드래곤2026.06.15 (월) 22:364,",23140ee946556dcad1a605ff9d201ee0,4598,1110,,,,,,,,,False
C_scale_peer,"1109샹우2026.06.01 (월) 15:244,59",9ed3f635a94d2c27bc77312888780fe7,4595,1111,,,,,,,,,False
C_scale_peer,1110으음입니다2026.06.16 (화) 06:124,ad08d8a36cb3b72cb682786bf41eab09,4594,1112,,,,,,,,,False
C_scale_peer,1111김민재입니다2026.06.13 (토) 08:36,48e7b222f3e71a48d9291d2ba99d0020,4589,1113,,,,,,,,,False
C_scale_peer,"1112꾸리쨩2026.06.16 (화) 12:304,5",cad40a363b128ba0553ddc2832d32910,4584,1114,,,,,,,,,False
C_scale_peer,"1113자연22026.06.16 (화) 12:304,5",962abb83cc2513309966365813fdd288,4568,1115,,,,,,,,,False
C_scale_peer,"1114고뇽찌2026.06.15 (월) 07:184,5",78d950b1c85bffff10367c4735aa6cfc,4554,1116,,,,,,,,,False
C_scale_peer,1115힐리아 Healia2026.06.09 (화) 1,7ba1b27a28e1b9ba6afe80de0baa892b,4552,1117,,,,,,,,,False
C_scale_peer,"1116쥬쨩짱2026.06.12 (금) 16:424,5",7400200750e8fcfd1e736208ddca0d88,4552,1118,,,,,,,,,False
C_scale_peer,"1117이찌노2026.04.29 (수) 09:544,5",1788c02e2e11eff07ad42774624366d6,4551,1119,,,,,,,,,False
C_scale_peer,"1118유 리앙2026.06.15 (월) 23:244,",e0148650aafbdd530cec9b97251db8c5,4542,1120,,,,,,,,,False
C_scale_peer,"1119이도나2026.06.15 (월) 19:364,5",d81d59f432489a1f9e2af897bf8eab7a,4528,1121,,,,,,,,,False
C_scale_peer,1120Y2E Atelier2026.06.16 (화) ,719c1c7f45c5b5aef11a0402a46411e5,4500,1122,,,,,,,,,False
C_scale_peer,"1121징 가2026.06.14 (일) 13:544,4",76956118b976880301f9d831359537c1,4472,1123,,,,,,,,,False
C_scale_peer,"1122뜨엉이2026.05.27 (수) 13:484,4",d1189c014d4a3b5656336579dbb62c8d,4463,1124,,,,,,,,,False
C_scale_peer,"1123리크리2026.06.16 (화) 12:304,4",f14d1893cb3859868e59c759c05397f5,4461,1125,,,,,,,,,False
C_scale_peer,1124Bernar2026.06.09 (화) 15:48,5eaee03649189abfc779534e318271b0,4460,1126,,,,,,,,,False
C_scale_peer,"1125그냥째원2026.06.06 (토) 20:484,",d73ef4c5545d49b6e1ccb49ccbee54df,4459,1127,,,,,,,,,False
C_scale_peer,"1126센터로드2026.06.16 (화) 12:304,",78cb596badcc86aba68a7d2fa48fad9c,4452,1128,,,,,,,,,False
C_scale_peer,"1127김호러2026.06.16 (화) 12:064,4",59cbccdbc14b3e9318e0d477a35c64c5,4441,1129,,,,,,,,,False
C_scale_peer,"1128한상용2026.06.14 (일) 15:004,4",59cdfeef9f7fa1dead381319244bb500,4437,1130,,,,,,,,,False
C_scale_peer,1129캐 비 어2026.06.16 (화) 12:304,f83d4eb596307a15e45d75b62696ba22,4430,1131,,,,,,,,,False
C_scale_peer,"1130규민052026.05.17 (일) 20:064,",3c2a58c43e23c5fdf354c415f19abf71,4418,1132,,,,,,,,,False
C_scale_peer,1131니은 Neeun2026.06.15 (월) 17:,721b1c00548673d1b96b206b498b4893,4418,1133,,,,,,,,,False
C_scale_peer,"1132용사982026.06.15 (월) 13:004,",e85c126c0fe15b530b037916d18e0174,4415,1134,,,,,,,,,False
C_scale_peer,1133아미하 유네2026.06.15 (월) 10:30,dd6cf0d465dae40bc4a83f78abd58352,4414,1135,,,,,,,,,False
C_scale_peer,"1134먀 루2026.06.16 (화) 12:304,4",e7dd05e9358afe9aa4749b68f1221776,4402,1136,,,,,,,,,False
C_scale_peer,1135초롱이 타로상담소2026.06.08 (월) 15,c4aee49e218af77a05ed61a4a27bd518,4400,1137,,,,,,,,,False
C_scale_peer,"1136호떡022026.06.16 (화) 12:304,",5086c3cc80f1f85028844fc6c0ada2d2,4397,1138,,,,,,,,,False
C_scale_peer,"1137식중땐2026.06.16 (화) 12:304,3",0fb76fb8ddafe4dd2895d29b157921ab,4391,1139,,,,,,,,,False
C_scale_peer,1138레비얀 Leviyan2026.06.16 (화) ,bbe12c4cd654528048568aca4e5e6166,4386,1140,,,,,,,,,False
C_scale_peer,"1139송찐빵2026.06.16 (화) 12:304,3",4028770e384f396fe3318baad907cff5,4384,1141,,,,,,,,,False
C_scale_peer,"1140망징이2026.06.13 (토) 15:244,3",5b1edd3b95c1513cb502ca2cdd391670,4380,1142,,,,,,,,,False
C_scale_peer,1141해사 HAESA2026.04.27 (월) 08:,6fdbec4840fb95c752038d373dbe6889,4371,1143,,,,,,,,,False
C_scale_peer,1143온유 OnU2026.06.16 (화) 12:30,2f15b1272b730b79a43a0bddf3b5d1dd,4363,1145,,,,,,,,,False
C_scale_peer,"1144쫄비2026.06.13 (토) 22:304,36",2e1a6e18f1fb35ba282c021b7ac71410,4361,1146,,,,,,,,,False
C_scale_peer,"1145아가콩2026.06.16 (화) 12:304,3",db4b94eafa3802119bbb500b23d35e75,4359,1147,,,,,,,,,False
C_scale_peer,"1146우주설탕2026.06.13 (토) 14:424,",2b3944021fb4f2e295167e0f200e3b47,4357,1148,,,,,,,,,False
C_scale_peer,1147우정우정우정우정2026.06.12 (금) 18:,cbac5d67cdf929c3915396905287749c,4339,1149,,,,,,,,,False
C_scale_peer,"1148민부릉2026.06.07 (일) 15:364,3",e35575039cab265fd84493ebcbdb8ad9,4334,1150,,,,,,,,,False
C_scale_peer,"1149두간2026.06.16 (화) 12:304,33",07bba51bf0a233f3f44b54431704b190,4333,1151,,,,,,,,,False
C_scale_peer,1150카나프 Kanaph2026.06.16 (화) 1,852d27f701a047c7dba8ca41cd88e319,4329,1152,,,,,,,,,False
C_scale_peer,"1151잼내미2026.06.09 (화) 12:484,3",db2ca573fc707c43449500d0cfc3740c,4324,1153,,,,,,,,,False
C_scale_peer,"1152오리하라2026.06.12 (금) 14:544,",2e8557af72357a91fe78ead2e7bd98df,4320,1154,,,,,,,,,False
C_scale_peer,"1153미단이2026.06.15 (월) 08:124,3",c381de765619da3799668781f699820d,4319,1155,,,,,,,,,False
C_scale_peer,"1154차차엘2026.06.16 (화) 08:184,3",1222205011fdd76b663d7b082effcc38,4305,1156,,,,,,,,,False
C_scale_peer,1155공책따효니2026.05.07 (목) 12:064,1c8bd33fd66b73f6943a93529ddc0186,4303,1157,,,,,,,,,False
C_scale_peer,"1156금련2026.04.10 (금) 15:484,30",c4392ec5b678adfe40c14fdb8c6515ce,4301,1158,,,,,,,,,False
C_scale_peer,"1157선수탐구2026.06.16 (화) 03:004,",6e92e20e0e7d4171c14b8e07876429a7,4290,1159,,,,,,,,,False
C_scale_peer,"1158닉길2026.06.16 (화) 11:424,28",a086aea35fe08c340e6fd8d7f8942f08,4287,1160,,,,,,,,,False
C_scale_peer,"1159모 군2026.06.13 (토) 18:364,2",76e076e19ac2cac9a5c1e856b8fc7681,4286,1161,,,,,,,,,False
C_scale_peer,1160애기용니블2026.06.16 (화) 12:304,1f509891909fafb5e0ba38cc73515359,4284,1162,,,,,,,,,False
C_scale_peer,"1161료 타2026.05.04 (월) 18:244,2",36a7a3799dd5f83c9215e1125c3beaed,4283,1163,,,,,,,,,False
C_scale_peer,"1162금결초2026.06.16 (화) 12:304,2",8da2cbae1c627fab3477abfdc9e119bc,4279,1164,,,,,,,,,False
C_scale_peer,"1163이홍빈2026.06.15 (월) 15:184,2",405730be53a4c1d59713ccf67f3aaabb,4274,1165,,,,,,,,,False
C_scale_peer,"1164핑 팬2026.06.16 (화) 08:064,2",cac613cfe436500b8e4d8d65b8b27f76,4270,1166,,,,,,,,,False
C_scale_peer,"1165두부조앙2026.06.15 (월) 17:484,",50f649cf08f289626bc40c6deb72a58a,4265,1167,,,,,,,,,False
C_scale_peer,"1166이삼둥2026.06.09 (화) 07:484,2",4385ebf9aa154e1bdd55fd12b0039912,4265,1168,,,,,,,,,False
C_scale_peer,"1167사이테2026.06.16 (화) 12:304,2",18bc1e0e5c4d7711ac95d74bb289c4e8,4249,1169,,,,,,,,,False
C_scale_peer,"1169아로예요2026.06.15 (월) 15:124,",29f93acdeb2e2f7dc60c3c2337fb4af7,4243,1171,,,,,,,,,False
C_scale_peer,"117010B2026.06.15 (월) 12:004,2",3af352e2154b54b0271719c237197b5b,4230,1172,,,,,,,,,False
C_scale_peer,"1172바베2026.06.14 (일) 07:064,22",2183924f5e5ecb1bc1d5c86ab3cdce8e,4222,1174,,,,,,,,,False
C_scale_peer,"1173픽드2026.06.15 (월) 15:364,22",2659156c7a9719d2afff0bc4c4d110ac,4222,1175,,,,,,,,,False
C_scale_peer,"1174따람지2026.06.16 (화) 05:304,2",491e397278e313b59c62b4526c1b4200,4220,1176,,,,,,,,,False
C_scale_peer,"1175옙히2026.06.16 (화) 00:004,21",c4878eb1447abb88829430d16791aa94,4217,1177,,,,,,,,,False
C_scale_peer,"1176킹레오2026.06.13 (토) 16:004,2",af957f7db8ea0ad9a7bd006a5055514b,4215,1178,,,,,,,,,False
C_scale_peer,1177샤벨 토냐2026.05.27 (수) 07:004,61c82035af4c50f150abf73343b297e9,4207,1179,,,,,,,,,False
C_scale_peer,"1178참외몬2026.06.15 (월) 19:544,2",d82829566190e566da4d8e97308d5993,4205,1180,,,,,,,,,False
C_scale_peer,"1179문창식2026.06.16 (화) 12:304,2",872fdddbfde55c30248c3d381a949568,4201,1181,,,,,,,,,False
C_scale_peer,1180마무 Mamuu2026.06.16 (화) 02:,902744ac298720925b661711d76f7133,4199,1182,,,,,,,,,False
C_scale_peer,1181새벽오야뿡2026.06.14 (일) 15:364,bdf9acd842331730bc7f07a65f86dbab,4176,1183,,,,,,,,,False
C_scale_peer,1182콕스 coax2026.06.09 (화) 13:1,2a666cbb8b999229b353e0bb07d7867f,4168,1184,,,,,,,,,False
C_scale_peer,"1183김진삼2026.06.12 (금) 16:544,1",aa9966613af9d12d268c9bebaeba3462,4166,1185,,,,,,,,,False
C_scale_peer,"1184와쁠2026.05.17 (일) 12:364,16",9c6520324d015f1973caf7b7133ad75a,4162,1186,,,,,,,,,False
C_scale_peer,1185온하얀 ONHAYAN2026.06.15 (월) ,91caa53fc6cf5ee3cdbc802bd23bf155,4158,1187,,,,,,,,,False
C_scale_peer,1186성은아03042026.06.12 (금) 11:3,8a798d1db88109c1ad0724c588c53c60,4152,1188,,,,,,,,,False
C_scale_peer,"1187사텐992026.06.16 (화) 08:304,",7d3138382bbf1a356437586e72a8290f,4148,1189,,,,,,,,,False
C_scale_peer,"1188하비ㅡ2026.06.12 (금) 13:424,1",11b9646ffae19d55d923ef3860fee839,4141,1190,,,,,,,,,False
C_scale_peer,"1189Sley2026.06.16 (화) 10:004,",7f81b9098af4562330f0bfb0b1b72c00,4122,1191,,,,,,,,,False
C_scale_peer,"1190히장님2026.05.12 (화) 15:364,1",ecd3cd05e9445ee099dd00c9855a3ef3,4114,1192,,,,,,,,,False
C_scale_peer,"1191강오목2026.06.10 (수) 19:064,1",7b108b9540addef84add8c7d0c4cd000,4113,1193,,,,,,,,,False
C_scale_peer,1192말랑 복숭아2026.06.11 (목) 13:48,b8856d7e05ef5181aea211596bf0d60d,4100,1194,,,,,,,,,False
C_scale_peer,"1193박시초2026.06.14 (일) 15:364,0",d75e06d8625a0c83b3b5f8d32f48732d,4091,1195,,,,,,,,,False
C_scale_peer,"1194숙 이2026.06.16 (화) 07:364,0",4e3ca32e65dba189a040bb273f9c1c16,4089,1196,,,,,,,,,False
C_scale_peer,1195패리입니다2026.06.16 (화) 02:544,fbce86fb9fbe6a14fd77c7d64036c35c,4073,1197,,,,,,,,,False
C_scale_peer,"1196엄히로2026.06.16 (화) 12:244,0",60761dc68dca3092c55c4371710ce848,4072,1198,,,,,,,,,False
C_scale_peer,"1197수이수이2026.06.15 (월) 10:064,",1f1d41ca22a06ad13fc40efe5d7f8917,4057,1199,,,,,,,,,False
C_scale_peer,1198늑준 NEUKJUN2026.06.14 (일) 1,6e6009afd2ec207377adb2a99a234d92,4054,1200,,,,,,,,,False
C_scale_peer,"1199카논제이2026.06.14 (일) 12:064,",0620b50934f58b684d7aa06a813ccb48,4052,1201,,,,,,,,,False
C_scale_peer,"1200왕수2026.06.13 (토) 12:424,05",81e56b6322bb77143c0b2b57d27486d0,4051,1202,,,,,,,,,False
C_scale_peer,"1201연 홍차2026.06.16 (화) 12:304,",1bba9dea7f936bdcfe06962bcf0d686a,4038,1203,,,,,,,,,False
C_scale_peer,"1203혤캉2026.06.16 (화) 12:304,03",dc9d49c2cada83a0899b876009ce93bc,4036,1205,,,,,,,,,False
C_scale_peer,1204무지와 라나2026.06.14 (일) 18:48,859566cf862e92b8dfd6a47aa07c2156,4035,1206,,,,,,,,,False
C_scale_peer,1205KUSF 대학스포츠32026.06.12 (금) ,68e2d2e80c5417b54599c3a561d6799c,4035,1207,,,,,,,,,False
C_scale_peer,"1206베 나2026.05.31 (일) 15:004,0",2a6772fe35f1508f27676a5422d1a136,4030,1208,,,,,,,,,False
C_scale_peer,"1207김 츠나2026.06.15 (월) 23:004,",f0ee2575fedffbe8405aa9e5a7e87904,4023,1209,,,,,,,,,False
C_scale_peer,1208꼴리면자러감2026.06.16 (화) 12:30,48a7287b7387803823c221f02558b325,4021,1210,,,,,,,,,False
C_scale_peer,"1209임 설2026.06.16 (화) 11:124,0",1ddbc0a60a6a3289c2873ed6b43b20af,4021,1211,,,,,,,,,False
C_scale_peer,"1210이섭섭2026.06.16 (화) 12:304,0",65ef4db0b56a4ba207ffbb5d49ee4bb2,4016,1212,,,,,,,,,False
C_scale_peer,1211Kaiser카이저2026.06.15 (월) 09,cfc5add45f00156cc9de4671c93b34d2,4014,1213,,,,,,,,,False
C_scale_peer,1212우사미 미유2026.06.15 (월) 20:30,dac66ac2fc9b0d075ca026b136341570,4005,1214,,,,,,,,,False
C_scale_peer,"1213냐류982026.06.16 (화) 12:303,",48d54fc26fecb87b2f6125a08f484322,3998,1215,,,,,,,,,False
C_scale_peer,"1214묘현2026.06.15 (월) 14:003,99",1b55e07f8d3cdf58334796ed76cd9699,3996,1216,,,,,,,,,False
C_scale_peer,1215밀키 milki2026.06.14 (일) 11:,6ff435514692971c23ce8923799097c9,3996,1217,,,,,,,,,False
C_scale_peer,1216아오카와 아즈사2026.05.23 (토) 16:,f800961ae76ace602d60c2b97c49cb9e,3993,1218,,,,,,,,,False
C_scale_peer,"1217민루잼2026.06.14 (일) 22:423,9",cb4b5ef6ed487f102a0f2eb2eb6c381e,3986,1219,,,,,,,,,False
C_scale_peer,1218하루루 닉네임 삽니다2026.06.14 (일) ,093920501cc545a7cd416bec389338a0,3986,1220,,,,,,,,,False
C_scale_peer,"1220키텔2026.06.16 (화) 12:303,97",48d1f6c3fb214ca13afacd0ab1f639dc,3975,1222,,,,,,,,,False
C_scale_peer,"1221진짜뀨2026.06.04 (목) 07:243,9",25b206796cd65c6f7c73565cc1c29ad4,3974,1223,,,,,,,,,False
C_scale_peer,"1222천제누구2026.06.16 (화) 12:303,",cd652919944ec56f535c799102e2a83b,3962,1224,,,,,,,,,False
C_scale_peer,1223패스 오브 엑자일 공식2026.06.05 (금),07e9cfeafad2901be80bbc7bc42c7e52,3962,1225,,,,,,,,,False
C_scale_peer,"1224푼다2026.06.16 (화) 12:303,96",e84904b2acdd8768fed92f506cdbff15,3960,1226,,,,,,,,,False
C_scale_peer,"1226멜랴2026.06.15 (월) 08:303,95",1db822db53aafab0c6cdb6da179749d8,3956,1228,,,,,,,,,False
C_scale_peer,1227밀짚모자 쌍옆2026.06.15 (월) 16:0,094e015626301bd9c796756d33e0da8b,3956,1229,,,,,,,,,False
C_scale_peer,1228옛메전도사2026.06.16 (화) 12:303,5a2332893398c280d18277344fe6dda0,3942,1230,,,,,,,,,False
C_scale_peer,"1229도칠2026.06.16 (화) 12:303,93",0dc7332bc7a93284e28bdead4896fed2,3937,1231,,,,,,,,,False
C_scale_peer,1230모코 파르페2026.06.16 (화) 12:30,d20f164fe5946abe0bce2e5a43052923,3937,1232,,,,,,,,,False
C_scale_peer,"1231미나피2026.06.15 (월) 17:003,9",7f7470c9c7c2aa3f85fd7938acae10aa,3930,1233,,,,,,,,,False
C_scale_peer,1232냐루 NYARU2026.06.16 (화) 12:,a63d77c588c72b4d09f203e1bd06edaa,3925,1234,,,,,,,,,False
C_scale_peer,"1234호엥엥2026.06.15 (월) 19:483,9",86934caf8c62b9bb4e2338db47cb0c56,3916,1236,,,,,,,,,False
C_scale_peer,"1235송엘2026.06.16 (화) 12:303,91",79bdf61586c4058789e4c3308b0d6a0c,3915,1237,,,,,,,,,False
C_scale_peer,1236손이짧아슬픈로지 FABLE2026.06.16 (,4ecad38a9fc9c8ba807a6653f8d6df7c,3908,1238,,,,,,,,,False
C_scale_peer,"1237영르진2026.06.16 (화) 06:363,9",239ccdc6abe2aee1de66600c9952fa48,3903,1239,,,,,,,,,False
C_scale_peer,1238플레디 PLEDDY2026.06.15 (월) 1,51211b5f8f3fe094f3740780aea32db0,3894,1240,,,,,,,,,False
C_scale_peer,1239치카게 사쿠야2026.06.16 (화) 12:3,19e50acc081bbbe156c836dde6becb65,3888,1241,,,,,,,,,False
C_scale_peer,"1241메리엄2026.06.16 (화) 12:303,8",5fbe0837cc26d22cc3dae3523f4698b6,3882,1243,,,,,,,,,False
C_scale_peer,"1242연못여우2026.06.16 (화) 12:303,",5bd6b30bb8be8815cbb8e9835117f1c6,3876,1244,,,,,,,,,False
C_scale_peer,"1243나상나상2026.06.09 (화) 08:543,",e68adeacef0e540738a14d87461d8861,3875,1245,,,,,,,,,False
C_scale_peer,"1244정레나2026.06.16 (화) 12:303,8",76ec1d49712f829dc5f1e485127a08fd,3868,1246,,,,,,,,,False
C_scale_peer,"1245탐랑2026.06.12 (금) 15:123,86",fc62be23517b28eb8c554370aa1eca56,3865,1247,,,,,,,,,False
C_scale_peer,"1246코무키2026.06.16 (화) 12:303,8",010379f20da3ec9249bfe0bbdcb05762,3864,1248,,,,,,,,,False
C_scale_peer,"1247월야화랑2026.06.16 (화) 05:243,",3553849193a26f157ba0b83d6ea1857d,3864,1249,,,,,,,,,False
C_scale_peer,1248이큐 EQue2026.06.16 (화) 12:3,74a2d3bb7aa1b0503e21bf58e61bfcc1,3862,1250,,,,,,,,,False
C_scale_peer,"1249아냐링2026.04.21 (화) 16:543,8",0b59862b053241da4030539aa627b48a,3846,1251,,,,,,,,,False
C_scale_peer,1250WDG Valorant Challengers K,33caa99a4f834c7c112da20c431dbc3a,3841,1252,,,,,,,,,False
C_scale_peer,"1251니유2026.06.14 (일) 15:363,83",b89311d7376df54f5a3389e997a77007,3839,1253,,,,,,,,,False
C_scale_peer,"1252꾸이링2026.06.15 (월) 17:423,8",27b38f9ce948643d639f6abfc2788b15,3837,1254,,,,,,,,,False
C_scale_peer,1253김민재052026.06.09 (화) 08:123,ebd1aca63cb6dc49e2a898f6076597be,3828,1255,,,,,,,,,False
C_scale_peer,"1254김하린2026.06.15 (월) 06:183,8",a6ff44bbcd14bc5586e1e3ca70ebc279,3823,1256,,,,,,,,,False
C_scale_peer,"1255소봄2026.06.15 (월) 15:483,81",b3e9f222e434ae3016276987bf080eb4,3811,1257,,,,,,,,,False
C_scale_peer,"1256유나땅2026.06.13 (토) 05:003,8",f184f16af06c53fa1d338de3a9244ab5,3808,1258,,,,,,,,,False
C_scale_peer,"1257텝텝2026.06.15 (월) 14:123,80",f86bbbc115c42b72dc99e6c366347766,3805,1259,,,,,,,,,False
C_scale_peer,1258해옥 HAEOK2026.06.16 (화) 12:,e9591b517df39ffae2b9912cffa10e62,3805,1260,,,,,,,,,False
C_scale_peer,1259SBS 웬그막2026.04.28 (화) 05:0,d8296e532211f0db4248be884be02fa5,3803,1261,,,,,,,,,False
C_scale_peer,"1260마레토2026.06.16 (화) 12:303,7",d2bda7d79fb184ecfe2d7aad62a9550c,3797,1262,,,,,,,,,False
C_scale_peer,"1261봄 수2026.04.12 (일) 08:303,7",c1d3e2f7276487ab8213b21cd15bd3a0,3780,1263,,,,,,,,,False
C_scale_peer,"1262강뜨거2026.05.28 (목) 15:363,7",43c650ce25beab49a162ff10c04861fe,3774,1264,,,,,,,,,False
C_scale_peer,1264한서이 SEOI2026.06.16 (화) 12:,7b630cfb6f772f91110e952c1449f1bb,3770,1266,,,,,,,,,False
C_scale_peer,1265매화린 Maehwarin2026.06.16 (화,c62ac389ebfc8942302298df5e9cd71b,3770,1267,,,,,,,,,False
C_scale_peer,1266제인 Zane2026.06.16 (화) 12:3,f500490b0b9d77ac1ee2dace7f4d208a,3766,1268,,,,,,,,,False
C_scale_peer,1267마끼아또 생방송2026.06.14 (일) 17:,e90d1dd01fd717fdc1184d63a02a21ec,3764,1269,,,,,,,,,False
C_scale_peer,"1268모선생2026.06.16 (화) 12:303,7",5bc115f55d63c33786237c86ede13d17,3761,1270,,,,,,,,,False
C_scale_peer,1270김켄지 Kenzi2026.06.15 (월) 18,f24d66a593d89b6814a55d9da3727159,3759,1272,,,,,,,,,False
C_scale_peer,"1271앵츄2026.06.16 (화) 03:063,74",376bbbc0fb98e5774e5d8a61f5de01a0,3749,1273,,,,,,,,,False
C_scale_peer,"1272휘이령2026.06.16 (화) 06:423,7",53375865242c667dc286e425b943c5c6,3741,1274,,,,,,,,,False
C_scale_peer,"1273리륭2026.06.16 (화) 02:183,74",81e73bb29a5ceb1ebb25af37aed09ca0,3740,1275,,,,,,,,,False
C_scale_peer,"1275무능한2026.06.13 (토) 14:363,7",ebe4c4729a9ae0c5c7bc5bec56b6816b,3731,1277,,,,,,,,,False
C_scale_peer,1276강 지 은2026.06.15 (월) 15:123,89cb11d6357da916eaece62cac2137ca,3731,1278,,,,,,,,,False
C_scale_peer,"1277지요시2026.06.15 (월) 09:423,7",8729b4ac10b8fb5b95f489f4c243b181,3724,1279,,,,,,,,,False
C_scale_peer,1278hjfreaks2026.06.10 (수) 16:,504f030a684c76c40583fa3fe6cd8321,3719,1280,,,,,,,,,False
C_scale_peer,1279무라사키 치즈루2026.06.16 (화) 12:,2229be25fd4122083a8f93daf2a55d26,3716,1281,,,,,,,,,False
C_scale_peer,"1280로쥬마리2026.06.16 (화) 10:483,",d7fcdd7413c90d58e81f4720273795b2,3712,1282,,,,,,,,,False
C_scale_peer,"1281박다령2026.06.16 (화) 12:243,7",bff2ca1f07e803f96acee85f7ba0a756,3711,1283,,,,,,,,,False
C_scale_peer,1282야시로 YASIRO2026.06.16 (화) 1,d6e680f5b17eba0b078f978dd722c0f3,3701,1284,,,,,,,,,False
C_scale_peer,1283이이이이이이이이2026.06.15 (월) 19:,7b5f1872ad985a10a7793bd0114a0955,3698,1285,,,,,,,,,False
C_scale_peer,"1284양지랖2026.06.16 (화) 12:303,6",35eb4ded033312b81de370f365e28ad6,3697,1286,,,,,,,,,False
C_scale_peer,"1285야늘2026.06.10 (수) 11:543,69",713c50c5b87f9e2f40d7d3472d5ff75b,3696,1287,,,,,,,,,False
C_scale_peer,12862호침투부수호자2026.06.09 (화) 18:,51d3e1d03416073f80cc9538f0e36da0,3690,1288,,,,,,,,,False
C_scale_peer,"1287뉴정2026.06.16 (화) 12:303,68",76f35e115d44da8d23d4369ee606dbaf,3689,1289,,,,,,,,,False
C_scale_peer,"1288호주머니2026.06.12 (금) 23:483,",0f1e2588bec80521d573092ec2601aad,3685,1290,,,,,,,,,False
C_scale_peer,"1289고미우2026.06.14 (일) 03:543,6",0b1bad6f332947fd00848748312f4d49,3683,1291,,,,,,,,,False
C_scale_peer,"1290비웬2026.06.15 (월) 06:423,68",622239e26af5d179d1d662bd0cadc847,3682,1292,,,,,,,,,False
C_scale_peer,1291로자르TV2026.06.16 (화) 12:303,2743339b7e00f38f5d08ef43ae4d4b1b,3679,1293,,,,,,,,,False
C_scale_peer,1292거상 강철비2026.06.16 (화) 12:30,822d772a7b33d17e6a4ae724211ae6ee,3679,1294,,,,,,,,,False
C_scale_peer,1293니우 니우2026.06.06 (토) 09:063,1665ca6bfd987620c1d4f5171fbfc3db,3675,1295,,,,,,,,,False
C_scale_peer,1294네오 나루2026.06.16 (화) 12:303,f7e71c69f222a684ed3e323e025d1fa7,3671,1296,,,,,,,,,False
C_scale_peer,1295채이 chaei2026.06.16 (화) 12:,b228271d41131108f4873dbf77bca0f7,3668,1297,,,,,,,,,False
C_scale_peer,"1296시 희2026.06.13 (토) 21:063,6",0786a044e6c8eeda0119338e434a4de1,3668,1298,,,,,,,,,False
C_scale_peer,"1297나로후닝2026.06.16 (화) 12:303,",88bc2006b3fde9827376d783bc750add,3667,1299,,,,,,,,,False
C_scale_peer,"1298이 희태2026.05.05 (화) 12:483,",6b1ff70103e31e1ac39bc9e0e4d6b576,3664,1300,,,,,,,,,False
C_scale_peer,"1299김민히2026.06.16 (화) 05:483,6",c993b4a40d956c68e63cec3c6714bc93,3662,1301,,,,,,,,,False
C_scale_peer,1300G스토리12026.06.13 (토) 04:183,32312618d77b57cd994ce7070b0016df,3659,1302,,,,,,,,,False
C_scale_peer,1301고마 GOMA2026.06.14 (일) 09:1,43946e62d839197b90184f2148753720,3656,1303,,,,,,,,,False
C_scale_peer,"1302제이큐브2026.06.15 (월) 09:243,",037cdb31c48de9a751a245c75f0087c9,3653,1304,,,,,,,,,False
C_scale_peer,"1303린시2026.06.14 (일) 15:243,64",54bdb327ed6039db869d15b0e5eec394,3642,1305,,,,,,,,,False
C_scale_peer,"1304춘랑아2026.06.16 (화) 01:003,6",630a264afababbbf64417e1702d8f71b,3641,1306,,,,,,,,,False
C_scale_peer,"1305쵸꾸미2026.06.16 (화) 12:303,6",f61107c04a4ae129873da5a5a25e2527,3640,1307,,,,,,,,,False
C_scale_peer,"1306세코코2026.06.15 (월) 14:123,6",5ecc1df94b5f156fc2de46afb477e808,3640,1308,,,,,,,,,False
C_scale_peer,1307카시오라고2026.06.16 (화) 12:303,0afc649754b783af2dde58284ad8dd5d,3629,1309,,,,,,,,,False
C_scale_peer,"1308져미님2026.06.14 (일) 15:303,6",75c30c411b840b8eeaa12ce3401e6d5f,3627,1310,,,,,,,,,False
C_scale_peer,"1309연떠2026.06.15 (월) 17:063,62",2468c1fe1c2844da02a52dfb133494a2,3626,1311,,,,,,,,,False
C_scale_peer,"1310김루윈2026.04.19 (일) 07:303,6",468b76873773c16ecfc5c2b2541f919c,3625,1312,,,,,,,,,False
C_scale_peer,"1311빅박스2026.06.15 (월) 12:543,6",6096fef7acb309fee64332984f2eaf31,3622,1313,,,,,,,,,False
C_scale_peer,1312스페란도TV2026.06.16 (화) 12:30,292b4b7c5cff60d16711e22e886f4c5d,3622,1314,,,,,,,,,False
C_scale_peer,"1313로즈너2026.06.16 (화) 05:063,6",8832c240516c65d5158b564912ab1d1b,3617,1315,,,,,,,,,False
C_scale_peer,1314서포터라콩2026.06.16 (화) 12:303,92a5abf107df36873121c9cf6561380f,3617,1316,,,,,,,,,False
C_scale_peer,"1315홍쿤2026.06.15 (월) 15:243,61",2a50498a502e93d7966c4210df5fd378,3616,1317,,,,,,,,,False
C_scale_peer,"1316후쿠미2026.06.16 (화) 12:303,6",038a80933dc75a1373a45c1974972abf,3615,1318,,,,,,,,,False
C_scale_peer,"1317해 죠2026.06.16 (화) 11:303,6",92bb09339abcf26246d5c7508fb6aff1,3615,1319,,,,,,,,,False
C_scale_peer,1318방장 라라2026.06.15 (월) 16:063,cf0962f3589219c7dca8addf13008fcc,3611,1320,,,,,,,,,False
C_scale_peer,1319다린 Darin2026.06.13 (토) 08:,0983cf5bb08f0068cd884affb4c01616,3609,1321,,,,,,,,,False
C_scale_peer,1320쇼코코 도리2026.06.16 (화) 11:24,cb0ceb32cbf6bced3bac7892cbca37e1,3609,1322,,,,,,,,,False
C_scale_peer,"1321다은이12026.06.15 (월) 16:423,",e083fd9121065d04eb254013053377ab,3603,1323,,,,,,,,,False
C_scale_peer,"1322쟈미쨩2026.06.15 (월) 20:003,5",e0274a3a59f75085945727217968968d,3595,1324,,,,,,,,,False
C_scale_peer,1323마롱 Marong2026.06.13 (토) 13,21030ee8202e8e99785651805fe97212,3595,1325,,,,,,,,,False
C_scale_peer,"1324호라미2026.06.16 (화) 12:303,5",6a16fd0d3d8853a3c11543031f983bd8,3593,1326,,,,,,,,,False
C_scale_peer,"1325새벽냥2026.06.15 (월) 09:123,5",87392bd169eefdcf3afeeb86cefaa4a3,3591,1327,,,,,,,,,False
C_scale_peer,"1326에임봇2026.06.15 (월) 18:003,5",6409e8b0e890d79233c1a3e1d391bee8,3586,1328,,,,,,,,,False
C_scale_peer,"1327딴비딴비2026.06.16 (화) 12:303,",cb23c90f33e6fb59276a787be3e372b8,3585,1329,,,,,,,,,False
C_scale_peer,1328비화 Bihwa2026.06.15 (월) 14:,521b37e8cd74b933501d3d1ad4d5031c,3582,1330,,,,,,,,,False
C_scale_peer,"1329루밍밍2026.06.14 (일) 11:003,5",2156c8bb0bfd295780ed66c8e93aea12,3580,1331,,,,,,,,,False
C_scale_peer,"1330리 쯔2026.06.14 (일) 15:543,5",b361878b4700f18112f833bc5090fb73,3570,1332,,,,,,,,,False
C_scale_peer,1331오마르의삶2026.06.15 (월) 15:003,48e02d288aa3acad87005572a10215dc,3568,1333,,,,,,,,,False
C_scale_peer,"1332쿄시2026.06.13 (토) 09:003,56",599b8088177d8425efcb91e53a3a3007,3567,1334,,,,,,,,,False
C_scale_peer,"1333초그매2026.06.16 (화) 12:303,5",a4b9f7ba1c6eae49b904e619779493b9,3562,1335,,,,,,,,,False
C_scale_peer,"1334지 명2026.06.15 (월) 16:303,5",7790fbff6c378aea5096be800307cfcb,3559,1336,,,,,,,,,False
C_scale_peer,1335서몽 ILLUSION LIVE2026.06.16,7a54f99072535a6976b2a43cf5a4d26a,3559,1337,,,,,,,,,False
C_scale_peer,1336청새치에이치2026.06.16 (화) 11:30,bc15a0b4aa939da65948609ec1cb02ba,3545,1338,,,,,,,,,False
C_scale_peer,"1337강해온2026.06.15 (월) 14:003,5",e24d8a6e6f04c4f113f50f38028405c7,3545,1339,,,,,,,,,False
C_scale_peer,1338단양 danyang2026.06.14 (일) 0,63711cf14c28eecbd30eb07b469bb196,3541,1340,,,,,,,,,False
C_scale_peer,"1339서 링2026.06.14 (일) 05:183,5",4e0908da84e6d23c4b145d90a6a193ec,3540,1341,,,,,,,,,False
C_scale_peer,"1340채두나2026.05.09 (토) 16:483,5",0af1b8d3d84211d59d9db4e3efbd0d3f,3535,1342,,,,,,,,,False
C_scale_peer,"1341문서희2026.06.16 (화) 12:303,5",be3d3c52d16ccb8ce8e5e33dca7f09a0,3534,1343,,,,,,,,,False
C_scale_peer,"1342예랑가랑2026.06.12 (금) 12:363,",e8523060035240d3154dfb0f3ac70b46,3524,1344,,,,,,,,,False
C_scale_peer,"1343정의아재2026.04.29 (수) 15:543,",4434cad4e231b06a2e1137e9039333e4,3523,1345,,,,,,,,,False
C_scale_peer,"1344김귀태2026.06.13 (토) 20:303,5",f6d4b4c73644f9ca10fc259efe049b97,3514,1346,,,,,,,,,False
C_scale_peer,"1345말카디아2026.06.13 (토) 16:003,",3deaf991918e2ddb69c9ec72d43f631e,3513,1347,,,,,,,,,False
C_scale_peer,1346PLANETA Official2026.05.31,6202a1b04a77256393476caf2ef7563f,3512,1348,,,,,,,,,False
C_scale_peer,1347크보오프너2026.06.16 (화) 09:243,a2c10cd008a4935873a3ba020462d9ea,3510,1349,,,,,,,,,False
C_scale_peer,"1348김핑퐁2026.06.16 (화) 06:063,5",bdce857c23954a92e491068f40f7c1fd,3507,1350,,,,,,,,,False
C_scale_peer,1349김전요 Kimjeonyo2026.04.23 (목,89ae386580b9faea25e9b5735e0a6d2b,3504,1351,,,,,,,,,False
C_scale_peer,"1352숭이s2026.06.16 (화) 08:003,4",48228b0d7555ba4d06d09477b2568040,3495,1354,,,,,,,,,False
C_scale_peer,"1353몽새2026.06.15 (월) 15:423,49",9bcfc5ce252bd85444a45ae8a80ae5e8,3494,1355,,,,,,,,,False
C_scale_peer,1354엔코르 nCore2026.06.13 (토) 19,458928990cef07696074bb07ef9e93e0,3492,1356,,,,,,,,,False
C_scale_peer,1355memoji2026.06.15 (월) 17:30,f30b95fc9af53a75b781d7d3dd933892,3491,1357,,,,,,,,,False
C_scale_peer,1356헤티 Hattie2026.06.16 (화) 12,1fe2e7d8fb5395008ac9846124774e6f,3491,1358,,,,,,,,,False
C_scale_peer,"1357라붕2026.06.14 (일) 16:003,48",c281020db47f6b1e1d1e3d3114f108d5,3489,1359,,,,,,,,,False
C_scale_peer,1358가이스트 Geist2026.06.15 (월) 1,a1af19e2f111658b57fd6473a4d56258,3489,1360,,,,,,,,,False
C_scale_peer,"1359린 님2026.04.27 (월) 14:483,4",29fc120282b520c5268858832034963d,3488,1361,,,,,,,,,False
C_scale_peer,"1360연치호2026.06.16 (화) 12:303,4",673b7fd8643c1a6800bb67e5bdde99b6,3484,1362,,,,,,,,,False
C_scale_peer,"1361유 식혜2026.06.16 (화) 04:483,",6083cd428f4fe0a2c3c806917827e310,3480,1363,,,,,,,,,False
C_scale_peer,1362만두만만세2026.06.15 (월) 05:243,a67d041fa77e5b8c0d6cc9ddb4b2684f,3479,1364,,,,,,,,,False
C_scale_peer,"1364모좀242026.06.16 (화) 08:543,",c22de0fba658c38e5fb4617fa9cc69fe,3475,1366,,,,,,,,,False
C_scale_peer,1365빈틈1232026.06.16 (화) 12:303,79d66424fa540f058ffa3a181f2429eb,3473,1367,,,,,,,,,False
C_scale_peer,1366치킨뜯는여우2026.06.16 (화) 12:18,cadcf19f3019a0cee26e8d9560ae09f4,3469,1368,,,,,,,,,False
C_scale_peer,"1367합랑2026.06.16 (화) 12:303,46",87e1e3aeae3492244be2136e204b6f1a,3468,1369,,,,,,,,,False
C_scale_peer,1368추봉이 Chub2026.06.12 (금) 10:,0f1f0c0fe364b645ba99d8498160c87f,3465,1370,,,,,,,,,False
C_scale_peer,"1369해리 z2026.06.16 (화) 12:303,",4eb3a8a57463e53112972b625f036dc1,3457,1371,,,,,,,,,False
C_scale_peer,1370콜라맛바게트 romei2026.06.15 (월),baf3b7e350068b9f85698c78424ae2fd,3454,1372,,,,,,,,,False
C_scale_peer,1371백은별 작가2026.05.19 (화) 13:00,f8902de7ad505d875ae3afb16274f781,3450,1373,,,,,,,,,False
C_scale_peer,"1372응과장2026.06.14 (일) 12:003,4",d13f016b1b2efd5fb527bca9ed989b7d,3449,1374,,,,,,,,,False
C_scale_peer,"1373쭌베2026.06.16 (화) 02:483,44",7ef2dca780f25a191dba514d96c96622,3446,1375,,,,,,,,,False
C_scale_peer,"1374눈싸람22026.06.16 (화) 12:303,",e48bf2bbc40cb4b306dddac776b2dba0,3444,1376,,,,,,,,,False
C_scale_peer,1375플로라임다2026.05.25 (월) 18:543,9b50f2c139753884f1bbfb4cf0a799a3,3443,1377,,,,,,,,,False
C_scale_peer,"1376햇밤식2026.06.13 (토) 18:423,4",fc9354afdae8660c20181740dd41fadb,3442,1378,,,,,,,,,False
C_scale_peer,"1377나팔뿝뿌2026.06.15 (월) 15:123,",05fe6d7cecce71ac727f6b7124b05e29,3439,1379,,,,,,,,,False
C_scale_peer,1378리베 Ribe2026.06.16 (화) 12:3,4821f1d1d8359bd740d8d73d7bc284f8,3438,1380,,,,,,,,,False
C_scale_peer,"1379체리아씨2026.06.13 (토) 17:003,",95e771a3e1538cbf48fa34fb4beb203d,3437,1381,,,,,,,,,False
C_scale_peer,"1380권화련2026.06.16 (화) 06:543,4",d463ef5f5803dc8bf47036bcf8099e62,3436,1382,,,,,,,,,False
C_scale_peer,"1381레율님2026.06.16 (화) 12:303,4",82e55f09f2235ac3d23c155bf20877de,3422,1383,,,,,,,,,False
C_scale_peer,"1383서논2026.06.16 (화) 12:303,41",acb6aedb439d58a73480f01f4b2456c7,3418,1385,,,,,,,,,False
C_scale_peer,"1384순쥐2026.06.16 (화) 12:303,41",6f2cb13a474aa693be8cc828b36cb20d,3416,1386,,,,,,,,,False
C_scale_peer,"1385정동글22026.06.14 (일) 09:423,",3b140f75a6247617a773b8c148789c04,3415,1387,,,,,,,,,False
C_scale_peer,"1386미 랑2026.06.14 (일) 15:123,4",e9dbe302080c01d76fcd4aa6c8a05a64,3405,1388,,,,,,,,,False
C_scale_peer,"1387이설렁2026.06.14 (일) 10:183,4",5202d20f9ede9b36ab4b1a7b9191ad56,3404,1389,,,,,,,,,False
C_scale_peer,"1388펠리르2026.06.16 (화) 12:303,4",0ec2ecf95f0512d7af38c5d630ff6a20,3403,1390,,,,,,,,,False
C_scale_peer,"1389쿠미르2026.06.16 (화) 12:303,4",147592553d18fd240ed2b132f9f3be57,3400,1391,,,,,,,,,False
C_scale_peer,"1390주리온2026.06.14 (일) 11:543,3",1a1fe8583bf683c75204d18b7eb540dd,3397,1392,,,,,,,,,False
C_scale_peer,"1391셉템버2026.06.16 (화) 12:303,3",211af7e67b76aaa621e9aa7fb468d090,3396,1393,,,,,,,,,False
C_scale_peer,"1392띠연2026.06.16 (화) 12:303,39",f75f233b9fe26dff553b7a6454240992,3393,1394,,,,,,,,,False
C_scale_peer,"1393오 찌2026.06.16 (화) 08:003,3",80e549dca8b37bab0d0a8a8ea0089608,3392,1395,,,,,,,,,False
C_scale_peer,1396메아리 Meahri2026.06.14 (일) 1,a0b5a7e5e5b2536f1a2e210b900d7b2a,3386,1398,,,,,,,,,False
C_scale_peer,1397이 소 에2026.06.16 (화) 12:303,343c202c69ba6d11b7ec51741f9591ac,3384,1399,,,,,,,,,False
C_scale_peer,"1398투별2026.06.16 (화) 05:303,38",6dbe5f736cf47dbca1bc0c85c53070c7,3382,1400,,,,,,,,,False
C_scale_peer,"1399실피아2026.06.14 (일) 16:483,3",cf83a6b1cf3168d8bbd653e2873f060a,3379,1401,,,,,,,,,False
C_scale_peer,"1400랑이씌2026.06.07 (일) 08:543,3",b8e0447327a3b6011f1f2c240e406c8e,3366,1402,,,,,,,,,False
C_scale_peer,1401아리엘 본즈2026.06.15 (월) 11:30,ac91a25f9d7751d4c61863f2f837f792,3365,1403,,,,,,,,,False
C_scale_peer,"1402채다빈2026.05.15 (금) 12:543,3",12cf13a0c67548d56a71ccebee2b56fd,3362,1404,,,,,,,,,False
C_scale_peer,"1403춤보2026.06.16 (화) 12:303,35",d2648e8f013a8002aee34cd336454ab2,3356,1405,,,,,,,,,False
C_scale_peer,"1404영래기2026.06.08 (월) 05:483,3",6892b715aabd2a03987dc7abce8fa329,3353,1406,,,,,,,,,False
C_scale_peer,"1405수 담2026.06.15 (월) 17:063,3",035e09dac2eedd2fc532e964c014115b,3353,1407,,,,,,,,,False
C_scale_peer,"1406백설뚱냥2026.05.20 (수) 13:543,",d11aaf212ed958606cb45076b333f975,3353,1408,,,,,,,,,False
C_scale_peer,1407서벌캣 례이2026.06.15 (월) 13:42,f67d51b43d3c43a8f2e4e091521d961d,3350,1409,,,,,,,,,False
C_scale_peer,1408Crazy Driver2026.06.16 (화),f9a63ac0a3df1584b0ac1d54a202bc69,3350,1410,,,,,,,,,False
C_scale_peer,"1409히영씨2026.06.14 (일) 15:123,3",c5bac363fdd8c451c2cfc74a6d39b6a1,3342,1411,,,,,,,,,False
C_scale_peer,"1410토꽁2026.06.16 (화) 12:303,33",5b78a2610119f246785e67761edf2125,3334,1412,,,,,,,,,False
C_scale_peer,"1411토친2026.06.16 (화) 12:303,33",224f8d33ea0af4e52339dd9742fa5b4e,3331,1413,,,,,,,,,False
C_scale_peer,"1412루렝이2026.05.07 (목) 06:003,3",f35a5eda7c8e4bfce4a507855ef0d1ae,3328,1414,,,,,,,,,False
C_scale_peer,1413smurf52026.06.16 (화) 12:30,ff71d394d1a1dccf204ea537c6b176c8,3328,1415,,,,,,,,,False
C_scale_peer,"1414리찌군2026.06.16 (화) 12:303,3",4052747a2d94f8a9c84b45e6221da276,3327,1416,,,,,,,,,False
C_scale_peer,1415MBN Ent2026.05.13 (수) 16:0,d19b59e642b636a28dea9da0acd63095,3324,1417,,,,,,,,,False
C_scale_peer,"1416스지곰탕2026.06.16 (화) 00:243,",30884db488ab3edf8f9e31835282fb3a,3318,1418,,,,,,,,,False
C_scale_peer,"1417로복2026.04.02 (목) 11:423,31",8f82c4bb6b76ce07f5e068c04ee9649a,3314,1419,,,,,,,,,False
C_scale_peer,"1418우동따2026.06.14 (일) 12:063,3",ce565b9d75560e6b62b36823705adbd6,3307,1420,,,,,,,,,False
C_scale_peer,"1421둄비2026.06.13 (토) 09:483,29",9af6cd832816655d1552576d89961fae,3298,1423,,,,,,,,,False
C_scale_peer,"1422얌비얌2026.05.18 (월) 09:483,2",bd2f3a5b68a10226b6351c991527a794,3296,1424,,,,,,,,,False
C_scale_peer,1423리쥬 Lizuu2026.06.16 (화) 12:,7e8004f0a82dafa26dfc619513e83d5b,3293,1425,,,,,,,,,False
C_scale_peer,"1424푸름별2026.06.16 (화) 05:123,2",94eac6fe5c79969435a564108cb9ad14,3291,1426,,,,,,,,,False
C_scale_peer,1425화랑이 HwaRang2026.06.16 (화) ,1c1f12ae18bbc9087f9ca2bfdbb05796,3290,1427,,,,,,,,,False
C_scale_peer,1426EWC 공식 채널D2026.05.17 (일) 1,3712674a199b9ce93e9476d59455110b,3289,1428,,,,,,,,,False
C_scale_peer,"1427슬라정2026.06.12 (금) 21:423,2",c44f1159b90c4173f32e5d048b9e0c9a,3289,1429,,,,,,,,,False
C_scale_peer,1428토로리 코코2026.06.15 (월) 13:30,bda7676a8ca63a4acc64167610b5bf53,3288,1430,,,,,,,,,False
C_scale_peer,"1429쪄 니2026.06.16 (화) 12:183,2",3708a2e65c1a964d60367612c0e0f69b,3287,1431,,,,,,,,,False
C_scale_peer,"1430드로시2026.06.15 (월) 16:063,2",bc7110b6e2e16456e32cc6d5bb939a3b,3286,1432,,,,,,,,,False
C_scale_peer,"1431하푸딩2026.06.03 (수) 12:543,2",70b14dad9b3615159ee071e19ea1b291,3282,1433,,,,,,,,,False
C_scale_peer,1432루나밍772026.04.13 (월) 08:423,f3c9b39e5248acf201d4cf30312de221,3281,1434,,,,,,,,,False
C_scale_peer,1433고양이설이2026.06.15 (월) 06:423,fa8920b97e70f89a423ce26531bc9c0f,3273,1435,,,,,,,,,False
C_scale_peer,"1434박레미2026.06.11 (목) 13:303,2",dd5fced215744f8268ddb2dd43188427,3271,1436,,,,,,,,,False
C_scale_peer,"1435김 츄2026.06.16 (화) 12:303,2",cd032bc69d4f683e3c645a8d3fc20d42,3270,1437,,,,,,,,,False
C_scale_peer,"1436혜유안2026.06.16 (화) 12:303,2",ac897f0b25744ceeca9cdd9c80f309f9,3265,1438,,,,,,,,,False
C_scale_peer,"1437정준관훈2026.06.16 (화) 01:543,",311c750604d37efc31ec11153be1f657,3265,1439,,,,,,,,,False
C_scale_peer,1438릴리 Lily Lue2026.06.13 (토) ,110ebda2e4062897b8bbad783b3d8232,3262,1440,,,,,,,,,False
C_scale_peer,1439다콩 Dakong2026.06.16 (화) 12,51c2e2decca1f92f13d53f7a4ee56dab,3261,1441,,,,,,,,,False
C_scale_peer,1440시아 이르엘린2026.06.15 (월) 11:1,93e5e28013a8ab45c1a09fc5ae6135d1,3256,1442,,,,,,,,,False
C_scale_peer,"1441코은82026.06.16 (화) 08:243,2",1225f391cab8e1be327dfa3b390c2b32,3254,1443,,,,,,,,,False
C_scale_peer,1442게임하는망자2026.06.09 (화) 09:18,4dcde7f169362d501246937595d7cf97,3254,1444,,,,,,,,,False
C_scale_peer,"1443연비생각2026.06.15 (월) 13:543,",e020e414c7e06866d8da56c561dca524,3250,1445,,,,,,,,,False
C_scale_peer,"1444구차뉴2026.06.16 (화) 12:303,2",6a972320db5b67b982bfef2780dd9194,3250,1446,,,,,,,,,False
C_scale_peer,1445연 구 대 상2026.06.16 (화) 12:3,d56bc5b907556633e6499b3e3f5a2b08,3249,1447,,,,,,,,,False
C_scale_peer,"1446권루나2026.06.14 (일) 11:003,2",90d25b47d255d650d20312f8cc9408de,3244,1448,,,,,,,,,False
C_scale_peer,"1447히라뀽2026.06.14 (일) 13:483,2",79fbb3f5195aad2d11f76c6b5535dc02,3244,1449,,,,,,,,,False
C_scale_peer,"1448카우맨2026.06.15 (월) 20:423,2",439e33336ed9bdc9609e53381929c86a,3242,1450,,,,,,,,,False
C_scale_peer,"1449보 키키2026.06.16 (화) 10:303,",20edf12b550d7513cb336cb733459497,3238,1451,,,,,,,,,False
C_scale_peer,"1450란 구2026.05.22 (금) 13:243,2",fb1d63265e0f4bbc7501f80baa24c55c,3236,1452,,,,,,,,,False
C_scale_peer,"1452유쟝이2026.06.16 (화) 12:303,2",26957114ae96093a6c58f3ecf9a47aae,3232,1454,,,,,,,,,False
C_scale_peer,1453바니반희진2026.06.16 (화) 05:483,51d2b920e94da2731db5803d01b3c821,3229,1455,,,,,,,,,False
C_scale_peer,1454정글선생 진 영준2026.06.16 (화) 11,db5becf8767426473d45a9b96b6c1d93,3228,1456,,,,,,,,,False
C_scale_peer,"1455도백2026.06.10 (수) 20:543,22",3b369787f543b32d4dccd0143edf263a,3227,1457,,,,,,,,,False
C_scale_peer,"1456이냐비2026.06.04 (목) 13:003,2",a949bf32e7509a744a4d30305ab585a7,3221,1458,,,,,,,,,False
C_scale_peer,"1457메메s2026.06.15 (월) 23:423,2",847ee3c9f76420fc74540430acf690fa,3218,1459,,,,,,,,,False
C_scale_peer,1458이현우의 MLBTV2026.06.16 (화) 0,ae30590865e476b44c61746b81228ee0,3216,1460,,,,,,,,,False
C_scale_peer,1459야구부장 공식채널2026.06.15 (월) 11,0c1280b9db51be30986cc4f5d43df4c9,3215,1461,,,,,,,,,False
C_scale_peer,"1460루룽찌2026.06.13 (토) 19:063,2",a96cbe8c2e75e000722809c17151bc42,3212,1462,,,,,,,,,False
C_scale_peer,14614성장군 프릴2026.06.14 (일) 09:1,02ccdde070f69d7b73c244b76f9ad843,3210,1463,,,,,,,,,False
C_scale_peer,1462시노농 XINO2026.06.15 (월) 08:,573aba785831e27446c5d765ced4de7b,3209,1464,,,,,,,,,False
C_scale_peer,"1463튀동이2026.05.24 (일) 12:483,2",dc88a072dd24ff93093ab7ebb712b859,3206,1465,,,,,,,,,False
C_scale_peer,"1464포베a2026.06.15 (월) 16:303,2",5a9a93be64f7b5abf227ad5cc867ced1,3205,1466,,,,,,,,,False
C_scale_peer,"1465치참이2026.06.04 (목) 19:303,2",19a9dd70b8fcc29c889494267efdfc21,3204,1467,,,,,,,,,False
C_scale_peer,"1466전홀리2026.06.16 (화) 12:303,2",ecc04d89c41debfdcf44a127498877c7,3204,1468,,,,,,,,,False
C_scale_peer,"1467오댜댜2026.06.15 (월) 15:063,2",11ac97ff4ba6f995d8cc8e9eaa3fe413,3201,1469,,,,,,,,,False
C_scale_peer,"1468긍정인2026.06.16 (화) 12:303,2",8c97ab65dee157aedd8185f6b9872c31,3200,1470,,,,,,,,,False
C_scale_peer,"1469윤나디2026.06.05 (금) 17:123,1",da8e15a1fba6792fc3913bd1fbd1d04b,3195,1471,,,,,,,,,False
C_scale_peer,1470NS Francis2026.06.15 (월) 1,1d030c16b3c708b1196d96c36d32709c,3192,1472,,,,,,,,,False
C_scale_peer,"1471김새담2026.06.14 (일) 07:363,1",216ab1cdc9f5cb477915dcb56ed203f5,3190,1473,,,,,,,,,False
C_scale_peer,1472마끼아또 Macciatto2026.06.10 (,782c55112bc12e431900ba87aa2ce5b9,3189,1474,,,,,,,,,False
C_scale_peer,"1473시원062026.06.15 (월) 16:063,",015940ca217755e26f9bbe81c5b291bc,3188,1475,,,,,,,,,False
C_scale_peer,"1474마나물약2026.06.13 (토) 19:123,",f60b1e6f57053bd49a88e23e25095797,3186,1476,,,,,,,,,False
C_scale_peer,1475자연스럽죠2026.06.14 (일) 10:543,7a47966dff7828e9da3577c8e5f978fa,3185,1477,,,,,,,,,False
C_scale_peer,1476칫칫 ChitChit2026.06.16 (화) ,56f381a28d4e414b90306d28ae050e41,3182,1478,,,,,,,,,False
C_scale_peer,1478I제라르I2026.06.16 (화) 11:363,7afb922dc9c91c5ac427ad3d119e6f2a,3181,1480,,,,,,,,,False
C_scale_peer,"1479이 너2026.06.05 (금) 15:123,1",3d2cfe73040184e902e2ab3e83a0920d,3179,1481,,,,,,,,,False
C_scale_peer,"1480이쿠오2026.06.15 (월) 14:303,1",781a3ec9612bcb76a5d1f26bb41bda0d,3176,1482,,,,,,,,,False
C_scale_peer,1481마법사 최현우2026.04.15 (수) 14:3,1d8c3f30c6e1cca60c709c265035551e,3174,1483,,,,,,,,,False
C_scale_peer,"1482떡호떡2026.06.16 (화) 12:303,1",e8cc92b8422b4401181d392d0d4b2b54,3173,1484,,,,,,,,,False
C_scale_peer,"1483나옹이ㅇ2026.06.15 (월) 08:183,",f8cdecc9070a1b805b88e40406955519,3171,1485,,,,,,,,,False
C_scale_peer,"1484롤막눈2026.06.16 (화) 11:063,1",05aefaaba187ed99c7db2e537249ecf3,3169,1486,,,,,,,,,False
C_scale_peer,"1486리노참치2026.06.03 (수) 15:483,",5bbc60e7d47bcb73adacf45169686e3f,3165,1488,,,,,,,,,False
C_scale_peer,"1487김재이2026.06.14 (일) 16:123,1",03bc1508b04c3fc4788af8bd0c9db08b,3165,1489,,,,,,,,,False
C_scale_peer,1488NS Ivy2026.06.10 (수) 19:00,3aef9a2c159402f5912509d583d46733,3161,1490,,,,,,,,,False
C_scale_peer,"1489으y으2026.05.18 (월) 09:183,1",0900789b2b051846d6d60485486e0b87,3156,1491,,,,,,,,,False
C_scale_peer,"1490못혜영2026.06.16 (화) 00:123,1",dd4e48274174cf2c9dfe7701123a9f5e,3155,1492,,,,,,,,,False
C_scale_peer,1491라빈 라비린스2026.06.14 (일) 14:5,72540e0952096b201da89e667b70398b,3154,1493,,,,,,,,,False
C_scale_peer,1492해군원수CC2026.06.14 (일) 03:42,200c418704c3a430d6c9deeb5e5d4d76,3154,1494,,,,,,,,,False
C_scale_peer,"1493돈쵸아2026.06.16 (화) 12:303,1",798cb0d9b70f1589654e64422386f9e9,3152,1495,,,,,,,,,False
C_scale_peer,"1494실크로2026.06.16 (화) 12:303,1",e024c12aad76317f79ede5d0ed7b9541,3152,1496,,,,,,,,,False
C_scale_peer,"1495달 짱2026.06.16 (화) 09:123,1",b4e6d2d04f7dc0603143afb1d5f23dfd,3152,1497,,,,,,,,,False
C_scale_peer,"1496천용이2026.06.16 (화) 12:303,1",2e64626093fbf9777311b5602a94af82,3149,1498,,,,,,,,,False
C_scale_peer,1497여으 yeoeu2026.06.06 (토) 14:,b335e13eb25ca6a3bd3e57d661fe5faa,3149,1499,,,,,,,,,False
C_scale_peer,"1498강혜니2026.06.16 (화) 12:303,1",3081b4db8cb8b6c1de194b66a5b81a67,3146,1500,,,,,,,,,False
C_scale_peer,1499이루코 니아2026.06.16 (화) 12:30,d8c3a1ffb0706d6c283752dda2f3c737,3142,1501,,,,,,,,,False
C_scale_peer,"1500준선유2026.06.15 (월) 12:303,1",568bf4d356533fb3d795692fa7ae92ee,3140,1502,,,,,,,,,False
C_scale_peer,"1501박냐오2026.06.11 (목) 15:123,1",03689965c401f52f14bf96d323152d77,3137,1503,,,,,,,,,False
C_scale_peer,1502시라이 쿄카2026.06.16 (화) 12:30,540369f6aea657761b250a6ee383a406,3136,1504,,,,,,,,,False
C_scale_peer,"1503땅컹이ㅋ2026.06.16 (화) 09:183,",d80ef58f59dd77a85064dbc831b58c60,3133,1505,,,,,,,,,False
C_scale_peer,1504하야시 이로2026.06.16 (화) 12:30,1296a4df3696511c2239cf641cfd0fd0,3131,1506,,,,,,,,,False
C_scale_peer,"1505겜잠22026.05.24 (일) 11:243,1",4eef0f3447e7c71dbd34e7b072d61f23,3130,1507,,,,,,,,,False
C_scale_peer,"1506뚝이2026.04.13 (월) 20:483,12",da028914dfd58fd92d529f1017eab1b5,3128,1508,,,,,,,,,False
C_scale_peer,1507FC 서울2026.05.16 (토) 10:303,0662b35460691c2b6f7ae1406679eb31,3126,1509,,,,,,,,,False
C_scale_peer,1508아마이 로비2026.06.16 (화) 10:54,edd8e04e375fb80edd928f174c23c303,3122,1510,,,,,,,,,False
C_scale_peer,"1509깡마262026.06.11 (목) 12:303,",5bd0049daf7d8748c0fbb09a03d50994,3122,1511,,,,,,,,,False
C_scale_peer,"1510변수지2026.06.14 (일) 02:303,1",503d5d5848466dd58d8af83083b73a14,3119,1512,,,,,,,,,False
C_scale_peer,1511마닥개MADAKGAE2026.05.22 (금) ,3adc61a58097a21fa6a9df9fef5b4eac,3119,1513,,,,,,,,,False
C_scale_peer,1512KUSF 대학스포츠42026.06.05 (금) ,12b4d3b948c643eff2665685f5774e50,3118,1514,,,,,,,,,False
C_scale_peer,1513에테 아스티아2026.06.16 (화) 12:3,ba85331e00fa7a489186cdfc5e365a8a,3118,1515,,,,,,,,,False
C_scale_peer,"1514즐디12026.06.16 (화) 12:303,1",fd4c1d65f7bdea3e4c81eced5d763083,3114,1516,,,,,,,,,False
C_scale_peer,"1515김아이2026.06.14 (일) 15:423,1",6270b80533a0d60976d9cd5619024980,3113,1517,,,,,,,,,False
C_scale_peer,"1516하 해2026.06.15 (월) 14:543,1",3979fdba8be365f53a3ea57a41df4b79,3111,1518,,,,,,,,,False
C_scale_peer,"1517희쁨2026.06.13 (토) 11:183,10",d107f58216e87cbcbb9f5286382c7358,3108,1519,,,,,,,,,False
C_scale_peer,"1518상칠이2026.06.16 (화) 06:483,1",39b27a3ded2ca883141c06f6839a1d3e,3108,1520,,,,,,,,,False
C_scale_peer,1519MAXPORTS2026.05.04 (월) 11:,4efa6eb6f18722992d1f32b77dc6b356,3105,1521,,,,,,,,,False
C_scale_peer,"1520일혜2026.06.01 (월) 17:303,10",1e149ef09567b6174213ff145993c2b2,3103,1522,,,,,,,,,False
C_scale_peer,1521참 다 래2026.06.14 (일) 15:243,4e3533fbf8dba3d3ab7eec1dfca763d6,3103,1523,,,,,,,,,False
C_scale_peer,"1522세잠2026.06.16 (화) 12:303,10",09918cdeb675f93b76ab35ca5e1633af,3102,1524,,,,,,,,,False
C_scale_peer,"1523포헤2026.06.10 (수) 13:063,09",7d64edb78529040e178095fe6c45487a,3094,1525,,,,,,,,,False
C_scale_peer,1524owKira2026.06.15 (월) 13:42,4af072e073e9d07e15552bc38dedd760,3092,1526,,,,,,,,,False
C_scale_peer,"1525연하온2026.06.13 (토) 11:123,0",da098b7b6def60b21ba450c110bf5239,3081,1527,,,,,,,,,False
C_scale_peer,"1526R아렌2026.06.16 (화) 12:303,0",29573c033c726c2e8aeda78e3a8882a6,3079,1528,,,,,,,,,False
C_scale_peer,1527이소 2SO2026.06.15 (월) 01:42,e62b2771a14fb902fba8b3b324d59e45,3078,1529,,,,,,,,,False
C_scale_peer,"1528백귀월2026.06.16 (화) 12:303,0",f73cb0d5f90685c5966bb13d87adcb7d,3074,1530,,,,,,,,,False
C_scale_peer,"1529청여운2026.06.16 (화) 06:303,0",07ac7aff66b81360c1551a58e9c69f72,3071,1531,,,,,,,,,False
C_scale_peer,"1530방가링2026.06.06 (토) 09:243,0",7b76dd98a6054ae81323d9b3d507ab15,3068,1532,,,,,,,,,False
C_scale_peer,"1531야쏘야야2026.05.03 (일) 15:243,",5299085699dced2377d6a2ab47dd68e5,3060,1533,,,,,,,,,False
C_scale_peer,"1532헤가2026.04.16 (목) 14:543,05",5e960a0db612b1d2772d5d0565295fa6,3055,1534,,,,,,,,,False
C_scale_peer,1533쥬 지스네2026.06.15 (월) 17:123,ea25aa85a70d84e67a15f331b26f71c3,3054,1535,,,,,,,,,False
C_scale_peer,"1534뮤리벨렌2026.06.14 (일) 10:303,",92bfebace004726ea337b3b911f579fe,3054,1536,,,,,,,,,False
C_scale_peer,"1535작은새22026.05.03 (일) 20:303,",61cb141f4a650fd43e66a370fda78aa0,3048,1537,,,,,,,,,False
C_scale_peer,"1536나브12026.06.13 (토) 15:423,0",8f27a5c02a0c2719e2fee1216fc00268,3047,1538,,,,,,,,,False
C_scale_peer,1537리모 RIMO2026.06.16 (화) 11:0,4a0493dd6f3542b99943c39848ad1045,3042,1539,,,,,,,,,False
C_scale_peer,1538루루엘 아스트리온2026.06.16 (화) 12,0bd59e5f864251961191315e9efecaf1,3039,1540,,,,,,,,,False
C_scale_peer,"1539지빵12026.06.14 (일) 09:243,0",fa39b430665e23c408820633dde17917,3038,1541,,,,,,,,,False
C_scale_peer,"1540쿠쿠양2026.06.16 (화) 12:303,0",585d4019bd6c04fb9a4704fb4626f7e2,3037,1542,,,,,,,,,False
C_scale_peer,"1541오시연2026.06.10 (수) 13:483,0",b514c5af0ccb1ec3be17833205b700c8,3036,1543,,,,,,,,,False
C_scale_peer,1542배토Baeto2026.06.16 (화) 05:0,65e49b4f2591867014403f2599f0b493,3032,1544,,,,,,,,,False
C_scale_peer,1543폰루루 ㅣ PON RuRu2026.06.15 (,051a3090c9566bdfd6af01cb1f463c16,3029,1545,,,,,,,,,False
C_scale_peer,1544벨로스레아2026.06.16 (화) 12:303,350d09d2a890a58e4f47eb36b6637940,3029,1546,,,,,,,,,False
C_scale_peer,1545VIVO TV2026.06.12 (금) 04:0,b308dc5b185ecaeb5e8dcf6fdd7f09f9,3028,1547,,,,,,,,,False
C_scale_peer,1546퓨리 FURY2026.06.16 (화) 12:3,faeaed856b9fe203620bbc1143002b45,3026,1548,,,,,,,,,False
C_scale_peer,1547히레 hire2026.06.14 (일) 16:3,0be8dc1c87bc63e51380f779123df6aa,3022,1549,,,,,,,,,False
C_scale_peer,1548담아 DamA2026.06.16 (화) 12:3,7ef206fc7c057132698b31b3b1c3acdf,3019,1550,,,,,,,,,False
C_scale_peer,"1549유초린2026.06.15 (월) 16:423,0",5c627f663fde248f23c137bce2c9c209,3013,1551,,,,,,,,,False
C_scale_peer,"1550홍홍자몽2026.05.25 (월) 13:423,",07335ecb56cd5e8e54a077edf3650e2b,3007,1552,,,,,,,,,False
C_scale_peer,"1551해오니2026.06.12 (금) 10:183,0",381b02173b3d6902e3e9799bb20c6885,3007,1553,,,,,,,,,False
C_scale_peer,1552배 린 희2026.06.14 (일) 15:303,beb855ddd259e1bea27061a3858d5ab9,3006,1554,,,,,,,,,False
C_scale_peer,1553유이리 YUERI2026.06.16 (화) 12,6bcc176b0fa71673540159febcd97cd4,3004,1555,,,,,,,,,False
C_scale_peer,"1554아린이즘2026.06.16 (화) 12:303,",06f1fd115d6f46138020667050839d5b,3002,1556,,,,,,,,,False
C_scale_peer,"1555러버댕2026.05.29 (금) 14:482,9",6cde201bdcb1f05fed2f0097ebf2c8b3,2997,1557,,,,,,,,,False
C_scale_peer,"1556아제닉스2026.06.16 (화) 04:002,",555c65a1461822f6dcbe22fa7750d79d,2996,1558,,,,,,,,,False
C_scale_peer,"1557아카두목2026.06.16 (화) 12:302,",19eb0acaace563a6fc66bae5fabf3a22,2994,1559,,,,,,,,,False
C_scale_peer,1558동호형방송2026.06.14 (일) 14:542,7f14cb1fbbf50fa62cce90321faf57e9,2993,1560,,,,,,,,,False
C_scale_peer,"1559독학왕22026.06.16 (화) 12:302,",0b65ab16520218d871a592185003e821,2986,1561,,,,,,,,,False
C_scale_peer,"1560새미냥2026.06.09 (화) 13:542,9",7b0ea930034f5fb5ad2a0e22b5486fae,2985,1562,,,,,,,,,False
C_scale_peer,1561나는벌레덩2026.06.12 (금) 14:002,1a2fe478d52f44d5621f005c91dfa487,2985,1563,,,,,,,,,False
C_scale_peer,"1562싱압둘2026.06.16 (화) 03:422,9",14a414f8fee245c88ebc02de2ec2d2bf,2984,1564,,,,,,,,,False
C_scale_peer,"1563알유2026.06.13 (토) 13:062,97",ff2ce361010fd1840bcb2a58b0b52d04,2978,1565,,,,,,,,,False
C_scale_peer,"1564김함미2026.06.16 (화) 08:542,9",706bc65329e0db25c45caf31d41f88be,2976,1566,,,,,,,,,False
C_scale_peer,"1565응선생12026.06.14 (일) 19:302,",d44e709c763c2391031271ddc95253c5,2972,1567,,,,,,,,,False
C_scale_peer,1566짤녀와 많쿠만in텟슈2026.06.15 (월) ,9ce95ae0f4a9c2fc99b5ecba1ba91cb7,2967,1568,,,,,,,,,False
C_scale_peer,1567코로롱롱롱2026.06.16 (화) 12:302,2b2675c67ea909fbaf127e43bc8d5324,2966,1569,,,,,,,,,False
C_scale_peer,"1569강사라2026.06.16 (화) 06:122,9",2caa0a02ae68cd012c2a89e0191403c7,2964,1571,,,,,,,,,False
C_scale_peer,"1570천네아2026.06.16 (화) 12:302,9",49b29986be8ae251cd98397afac2e91b,2964,1572,,,,,,,,,False
C_scale_peer,"1571햄콩맘2026.06.15 (월) 05:482,9",ce9ce600a8ed0b87438daf77d0f8f3bf,2963,1573,,,,,,,,,False
C_scale_peer,1572하창봉입니다2026.06.16 (화) 10:12,2d40bbb3c4f46e74eb634b0bedd5db06,2963,1574,,,,,,,,,False
C_scale_peer,"1574루디님2026.06.14 (일) 12:542,9",05c6daaae355aeae2f1843b9edc426b3,2951,1576,,,,,,,,,False
C_scale_peer,1575나을 Naeul2026.06.15 (월) 14:,34dd8435552bd6739e7158f7762705b8,2947,1577,,,,,,,,,False
C_scale_peer,1576난쟁이성현2026.06.14 (일) 15:362,a5cef59e0ea8d7f691ceb0668c203ce7,2947,1578,,,,,,,,,False
C_scale_peer,"1577타나리2026.04.30 (목) 15:002,9",8a13b48bf962d6266f646e584a4ee466,2943,1579,,,,,,,,,False
C_scale_peer,"1578김총무2026.06.16 (화) 12:302,9",b814e815228894a3f75c67cac4f829d3,2942,1580,,,,,,,,,False
C_scale_peer,"1580하루츄2026.06.12 (금) 23:362,9",7bbc7b3b941d51a767f134911a558932,2938,1582,,,,,,,,,False
C_scale_peer,"1581미 츠2026.06.16 (화) 00:002,9",3c2e52138d5b7fd1c1b750df807b8fc0,2935,1583,,,,,,,,,False
C_scale_peer,"1582베이디2026.06.15 (월) 15:182,9",d3ee746aebe57605e8f35fb5d411bfd2,2934,1584,,,,,,,,,False
C_scale_peer,"1583하곰루2026.06.16 (화) 11:422,9",6fbfc1f21a4ea8d2890ce84f814cac6a,2926,1585,,,,,,,,,False
C_scale_peer,"1584김돌돌2026.06.16 (화) 12:302,9",988f20a316ea027d844792057af8ce73,2925,1586,,,,,,,,,False
C_scale_peer,1585거상 은채2026.06.12 (금) 08:302,cfe78d62a08c26982e7a7553aa91d133,2924,1587,,,,,,,,,False
C_scale_peer,"1586옥우2026.06.16 (화) 12:302,92",73d006ad5ed12000547433ed33a68247,2923,1588,,,,,,,,,False
C_scale_peer,"1587김한라2026.06.16 (화) 09:122,9",8efc3862292897d542f8cb238cf7d367,2917,1589,,,,,,,,,False
C_scale_peer,1589일오 채널2026.06.16 (화) 06:362,97bf6a96e19616aba1a5f95e5dc0a901,2914,1591,,,,,,,,,False
C_scale_peer,1590모로이 모나 같이보기2026.06.16 (화) ,f795b445d35db5ece3d1d614c1355def,2913,1592,,,,,,,,,False
C_scale_peer,"1591얍쭈2026.06.13 (토) 21:362,91",07f30d3d52452f3da6ae22fc3bf2c544,2912,1593,,,,,,,,,False
C_scale_peer,"1592뮤마랭2026.06.14 (일) 15:302,9",e8451ea5461d1a5c92ebf11096d773bd,2911,1594,,,,,,,,,False
C_scale_peer,1593당 근 로 그2026.06.16 (화) 12:3,322950921c40d6a24743582a824e3c67,2910,1595,,,,,,,,,False
C_scale_peer,"1594제에스트2026.06.12 (금) 17:542,",737885cb4cc55acdb21908ac3a63a03c,2909,1596,,,,,,,,,False
C_scale_peer,1595정누리772026.06.15 (월) 07:302,eb01d9ef74cb7cf32c2b119da1bbcb2c,2905,1597,,,,,,,,,False
C_scale_peer,"1596핑크쿠마2026.05.08 (금) 05:242,",6fe65d5feda2c1c3fea05c248e652e54,2904,1598,,,,,,,,,False
C_scale_peer,"1597김 으앙2026.06.05 (금) 09:422,",151a70f534cab33665859597c274095a,2899,1599,,,,,,,,,False
C_scale_peer,1598첫째와둘째2026.06.15 (월) 15:122,48070f8882233efa7aee52519fee8fca,2897,1600,,,,,,,,,False
C_scale_peer,1599아야세 테라2026.04.16 (목) 10:00,dd666151d48cc02d648db1e2193b7912,2893,1601,,,,,,,,,False
C_scale_peer,1600대학생민두2026.04.19 (일) 15:302,d39f1d0d00bbd155caa42a363a828b6e,2891,1602,,,,,,,,,False
C_scale_peer,"1601엘님2026.06.16 (화) 12:302,89",97c9de316a6d7bb0d96b20eed5166664,2891,1603,,,,,,,,,False
C_scale_peer,1602토리 tori2026.06.16 (화) 12:3,ca6489c1bb63c41ea680d6520d9aaf94,2884,1604,,,,,,,,,False
C_scale_peer,"1603시무네무2026.05.25 (월) 05:062,",8544a485b97d6ebbdb97e61c29520650,2883,1605,,,,,,,,,False
C_scale_peer,"1604정덱2026.06.16 (화) 12:302,88",a3ca0331bb689f70a86e9acf9d9fbabd,2881,1606,,,,,,,,,False
C_scale_peer,1605쿨 쿨 이2026.06.15 (월) 11:362,009f60bcaac7852635861085a9113797,2880,1607,,,,,,,,,False
C_scale_peer,"1606밍쑨2026.06.16 (화) 12:302,87",69de50280ca6e99d48eff5f1d383fce6,2879,1608,,,,,,,,,False
C_scale_peer,1607이하리 Lee Hari2026.06.15 (월),01cf5e3e9dc4bfcb1f515bcae6903bc1,2873,1609,,,,,,,,,False
C_scale_peer,"1608독 대2026.06.01 (월) 15:542,8",958c9f1dd3f61c2131401253e563a0d4,2872,1610,,,,,,,,,False
C_scale_peer,"1609파크상2026.06.15 (월) 19:482,8",2e58a44483883a540f2a04f51b245f93,2870,1611,,,,,,,,,False
C_scale_peer,"1610밋다다2026.06.15 (월) 16:422,8",990c3afccae74b9df77ee0c5a43fe550,2868,1612,,,,,,,,,False
C_scale_peer,1611릉빵이 yonejoa2026.05.17 (일) ,f5c62bbdd55653e6a9ef0b4105e4b169,2863,1613,,,,,,,,,False
C_scale_peer,"1612패나12026.06.10 (수) 08:242,8",c5ae83384bcd9e6b23a3cf7f4a058957,2862,1614,,,,,,,,,False
C_scale_peer,"1613특한2026.06.16 (화) 01:302,86",3a24ba3160f18d5eeb2c71cc6e7889d8,2862,1615,,,,,,,,,False
C_scale_peer,"1614머찌다2026.06.16 (화) 12:302,8",4da006b3331ee6f7fa1cd02973f61359,2859,1616,,,,,,,,,False
C_scale_peer,1615꿈꾸는 윰이2026.06.16 (화) 12:30,e5f6e803858f4d49aad18bc5035bc9f8,2856,1617,,,,,,,,,False
C_scale_peer,"1616함크2026.06.16 (화) 12:302,85",8816ff51737579c011cad3b16573e2db,2853,1618,,,,,,,,,False
C_scale_peer,1617후유 에드문드2026.06.16 (화) 08:5,a0df4874e1d6cdb2b7ee2ac4ef36aad4,2852,1619,,,,,,,,,False
C_scale_peer,1618콧노래를니뇨니뇨2026.06.03 (수) 11:,4992478130bc77cc7c7683a3f1ad1a89,2849,1620,,,,,,,,,False
C_scale_peer,"1619꾸미오2026.04.05 (일) 15:002,8",5505dca15df84836ffdf6514baff212b,2847,1621,,,,,,,,,False
C_scale_peer,"1620혜쯔2026.05.26 (화) 07:182,84",aef8a08ecf6a4e545c84fa6589567884,2844,1622,,,,,,,,,False
C_scale_peer,1621인피쉰INFISHIN2026.06.15 (월) ,cc9b043222eca83813187d67811da11f,2841,1623,,,,,,,,,False
C_scale_peer,1622백아란 Aran2026.06.15 (월) 15:,1c6fada938b302c8b19784c5ddb5c3d7,2840,1624,,,,,,,,,False
C_scale_peer,"1623뱁보새라2026.06.14 (일) 17:542,",229dc6cc4dbbf815c7e5540d23f3ef02,2837,1625,,,,,,,,,False
C_scale_peer,1624FBI멀더형2026.06.16 (화) 12:30,56b492c78152bd1e53f35ceec90f3223,2836,1626,,,,,,,,,False
C_scale_peer,"1625설다비2026.06.12 (금) 08:242,8",ad248ec9a18d0a2d0e069bf195598bec,2836,1627,,,,,,,,,False
C_scale_peer,"1626리삼2026.06.16 (화) 09:062,83",edfe00bbb3b40f2d069c15d52c650e42,2834,1628,,,,,,,,,False
C_scale_peer,"1627쨈하니2026.06.16 (화) 12:302,8",ba171336221a7fc1ac069b2fc7e7edaf,2833,1629,,,,,,,,,False
C_scale_peer,"1628모혜2026.06.13 (토) 10:242,83",97f077fb9e07f03339a8158f8e4a9aa6,2833,1630,,,,,,,,,False
C_scale_peer,1629슈이입니다2026.06.16 (화) 12:302,deb3da3747b9d3718775bd90311d0ad4,2829,1631,,,,,,,,,False
C_scale_peer,1630모몬 헤닐2026.06.15 (월) 15:062,da7d07e4132e4608de980f50f347ad5c,2829,1632,,,,,,,,,False
C_scale_peer,1631아이리세계2026.06.12 (금) 04:362,c9e9e4a1280687601d91037e6d12f181,2823,1633,,,,,,,,,False
C_scale_peer,1632반쮸 BANCHU2026.05.18 (월) 16,ba1e40cd52af64d9ca9d8f7d8eb22d74,2822,1634,,,,,,,,,False
C_scale_peer,"1633청청아2026.06.13 (토) 12:422,8",65070afaf3b64e501c3cae54654f7532,2814,1635,,,,,,,,,False
C_scale_peer,1634후니 Huni2026.06.15 (월) 17:4,c14d1f0302a6d2ce291ff10fb43b0caf,2809,1636,,,,,,,,,False
C_scale_peer,"1635투투22026.06.16 (화) 09:122,8",cc68132e828d811423c80109ba4c1e70,2800,1637,,,,,,,,,False
C_scale_peer,"1636기 메2026.06.16 (화) 12:302,7",a3c0a16f67046557fdf22679ebededbe,2791,1638,,,,,,,,,False
C_scale_peer,"1637방어태세2026.06.16 (화) 08:482,",5450d267334adc25ad19325aea0cbe97,2790,1639,,,,,,,,,False
C_scale_peer,1638Revolu2026.06.15 (월) 05:36,1e7510bf271d3d526aef56fd446b5ddc,2790,1640,,,,,,,,,False
C_scale_peer,1639HANBIN022026.06.10 (수) 13:,cb8824848e95be6335ada92331cc8ab6,2786,1641,,,,,,,,,False
C_scale_peer,1640스바루 Subaru2026.06.16 (화) 1,b770b78c6187e716e6b4530597e09522,2786,1642,,,,,,,,,False
C_scale_peer,"1642짹제로2026.06.14 (일) 14:062,7",a20afe49e8dd2a7b40ca48226f08bf04,2779,1644,,,,,,,,,False
C_scale_peer,1643유제이와 고양이2026.06.16 (화) 11:,abdee86e721dbcd0cf977e1f5e04abe5,2777,1645,,,,,,,,,False
C_scale_peer,"1644퀸톨2026.06.14 (일) 14:422,77",95a1978ee09c32618c9fb91df68da630,2777,1646,,,,,,,,,False
C_scale_peer,"1645뽀순티비2026.06.16 (화) 12:302,",2805c8cb7e8671b3e46e379b15627974,2775,1647,,,,,,,,,False
C_scale_peer,"1646이 리니2026.06.16 (화) 12:302,",4314d5bc878a410965548f360a6a6630,2773,1648,,,,,,,,,False
C_scale_peer,"1647티오형2026.06.14 (일) 08:002,7",51805d52143ea5b21ec551868bb1847a,2772,1649,,,,,,,,,False
C_scale_peer,"1648누스냥2026.06.16 (화) 00:362,7",1c0e0d1416a2b1fe69534f168f982d58,2769,1650,,,,,,,,,False
C_scale_peer,"1650문땡번2026.06.16 (화) 08:542,7",c74983706de34bfe8ba3d1486a707724,2766,1652,,,,,,,,,False
C_scale_peer,"1651설하린12026.05.24 (일) 03:062,",c10ce15d86dc6bf6c8b29392d4b7cf7b,2762,1653,,,,,,,,,False
C_scale_peer,"1652이새난2026.06.15 (월) 17:482,7",b48485e5e917f5f5896fdf89b1f48c9f,2758,1654,,,,,,,,,False
C_scale_peer,1653뿡단장 김도희2026.06.16 (화) 12:3,53af5a4f40b87a328c7f403757a95fd2,2758,1655,,,,,,,,,False
C_scale_peer,1654타키 Taki2026.06.04 (목) 12:1,23388f4bd11195a570b0884464ba5d5c,2756,1656,,,,,,,,,False
C_scale_peer,1655정베르 JEONG BER2026.06.13 (토,f83b18e17d760163fdbd6e9512d5fdfb,2755,1657,,,,,,,,,False
C_scale_peer,1656구름스무디2026.06.16 (화) 12:002,f470552444c85072cfdfb233d96c0ad2,2754,1658,,,,,,,,,False
C_scale_peer,1657고먕미992026.06.11 (목) 17:482,7613526f695dd2373d208bcf3a7d894c,2751,1659,,,,,,,,,False
C_scale_peer,"1658젤또2026.06.16 (화) 10:542,75",6bc83d2a18d722a0b4d03917bde007d8,2751,1660,,,,,,,,,False
C_scale_peer,"1659대디타2026.06.15 (월) 15:362,7",af4d43f9ad84c43a5819b11161535104,2750,1661,,,,,,,,,False
C_scale_peer,1660Mer1t2026.06.10 (수) 13:542,7311abe03b99f5398afa305958b5e9f5,2748,1662,,,,,,,,,False
C_scale_peer,"1661정짝두2026.06.15 (월) 13:242,7",287bd9c604c390fe2ff87ae650d62f99,2747,1663,,,,,,,,,False
C_scale_peer,"1662어써미2026.06.16 (화) 12:302,7",7c740cb6bc6351e01bce31375175a38d,2747,1664,,,,,,,,,False
C_scale_peer,"1663구라티비2026.06.14 (일) 18:002,",f1ff59781ea2fded53276204ac603718,2742,1665,,,,,,,,,False
C_scale_peer,"1664히치큥2026.06.09 (화) 04:122,7",b7f48ab2863e081f03de7361b47518a6,2742,1666,,,,,,,,,False
C_scale_peer,1665VELLADO TV 벨라도2026.06.16 (,cbc0bc9e18a4936bc937d00c54632b94,2738,1667,,,,,,,,,False
C_scale_peer,1666시노 SINO2026.06.08 (월) 14:4,de93238e515101cfd9e244fb0534a4d8,2738,1668,,,,,,,,,False
C_scale_peer,"1667스근한날2026.06.06 (토) 18:062,",1cbe5ab766be98b67020eaef5b5bf0bd,2737,1669,,,,,,,,,False
C_scale_peer,"1668쇼 카2026.06.14 (일) 13:302,7",1963bb156cd9a572916827d4fef7516e,2737,1670,,,,,,,,,False
C_scale_peer,"1669냉이킴2026.06.16 (화) 12:302,7",d90ed65ecb9c7231708a166362aaa247,2734,1671,,,,,,,,,False
C_scale_peer,"1670김다올2026.05.30 (토) 14:002,7",5b5b87e81f82d87657573c3c7d47f34e,2731,1672,,,,,,,,,False
C_scale_peer,"1671노치프2026.06.16 (화) 12:302,7",d96cfe04ada91a730df2c3a13d6a17de,2729,1673,,,,,,,,,False
C_scale_peer,"1672감치치2026.06.14 (일) 16:302,7",900d761fd519764075fd7ee8195a80b1,2728,1674,,,,,,,,,False
C_scale_peer,"1673채류진2026.06.15 (월) 21:422,7",10f3daf00f68bc42ec60ce2ae1f77ed6,2720,1675,,,,,,,,,False
C_scale_peer,1675민토 MinTo2026.06.13 (토) 14:,d35108d902dd1e445962ed2b4ad889f7,2707,1677,,,,,,,,,False
C_scale_peer,1676김 포카리2026.06.03 (수) 14:002,90f05f43343a0e6879b3bfd5a26b9f6c,2707,1678,,,,,,,,,False
C_scale_peer,"1677쁘밍2026.06.16 (화) 12:302,70",0537e132c47b6d4fa46650e30ba39d4a,2702,1679,,,,,,,,,False
C_scale_peer,"1678쥬 디2026.06.16 (화) 12:302,6",a832d52bc6930e374ef41ab1b397a1de,2698,1680,,,,,,,,,False
C_scale_peer,1679라그나게임채널2026.06.16 (화) 12:3,ebe04a33e5964fc45d9cb5c0fc9083aa,2696,1681,,,,,,,,,False
C_scale_peer,1680즐기는 남자들2026.06.16 (화) 12:0,f2531ce069ac92d25ac17e9ee2f2b3e5,2696,1682,,,,,,,,,False
C_scale_peer,"1681류하리12026.06.16 (화) 10:542,",d3f93f31af9efe99b570ae5f1018cadd,2694,1683,,,,,,,,,False
C_scale_peer,"1682빵 멍2026.06.01 (월) 16:062,6",cf6b57edb9802ee82215fb0e6624b840,2691,1684,,,,,,,,,False
C_scale_peer,"1683전띵티비2026.04.16 (목) 08:482,",0042221fecb839a034549d9e32a5a1f3,2690,1685,,,,,,,,,False
C_scale_peer,"1684힙합22026.06.14 (일) 18:362,6",d183d198a98b2fea96c8b11258e20d83,2687,1686,,,,,,,,,False
C_scale_peer,"1685에펜바움2026.06.16 (화) 08:062,",1cd562729cafab25d8e54aedc91aa489,2684,1687,,,,,,,,,False
C_scale_peer,1686위즐리어카2026.06.16 (화) 12:302,e43e57d18238478ab373d447b8017d36,2684,1688,,,,,,,,,False
C_scale_peer,"1687카루메2026.06.16 (화) 12:302,6",8f1942d6145656362a585633bc646e53,2683,1689,,,,,,,,,False
C_scale_peer,"1688딩디링2026.06.14 (일) 13:122,6",fe6cabe9075d559f6508fe8befb98421,2680,1690,,,,,,,,,False
C_scale_peer,"1689퀸유랑2026.06.13 (토) 13:002,6",d20ec8d214348b4360dfcc7c8ad23a8f,2680,1691,,,,,,,,,False
C_scale_peer,"1690랑 월2026.06.15 (월) 12:302,6",98b6f049cbbf9cb13ec9b0caac6446a3,2680,1692,,,,,,,,,False
C_scale_peer,1691페코냥ㅣpekonyang ㅣ2026.06.16 ,88d59f18721d72c361a914cbd9dec341,2679,1693,,,,,,,,,False
C_scale_peer,1692레리리 RIRI2026.06.16 (화) 12:,4ea75a0d255c7b40f5cbb2a350ea01b8,2675,1694,,,,,,,,,False
C_scale_peer,"1693투디2026.06.14 (일) 14:242,66",b667a07fabb5ab514f24476188f82f7c,2665,1695,,,,,,,,,False
C_scale_peer,1694리마파트로나2026.06.16 (화) 12:30,0f8dd536173906358d479d641bc3bca3,2664,1696,,,,,,,,,False
C_scale_peer,1695미네이션 미미2026.06.14 (일) 15:3,15e35c57757dfa3315eee6d13191d13c,2662,1697,,,,,,,,,False
C_scale_peer,"1696금진영2026.06.14 (일) 13:302,6",963d93f0e33be26b837171331b567b7e,2661,1698,,,,,,,,,False
C_scale_peer,1697쿠미CUME2026.06.16 (화) 12:30,035f0357ebcdd0e168539058088cb57e,2660,1699,,,,,,,,,False
C_scale_peer,1698HydeeeeE 하이도2026.06.16 (화),32fb88a430841b3ca204db0ecc45542a,2658,1700,,,,,,,,,False
C_scale_peer,1699AKA 아카2026.06.16 (화) 11:54,9ee5dbcd1f7d52ffa4b489711ce0edb8,2655,1701,,,,,,,,,False
C_scale_peer,"1700미호밍2026.06.16 (화) 12:302,6",d6ff694e09d6ca1d2f7dec54252dcc06,2655,1702,,,,,,,,,False
C_scale_peer,1701트로이어드2026.06.15 (월) 17:002,d206ca3f4cc4edba04966cb8d24c1360,2653,1703,,,,,,,,,False
C_scale_peer,"1702아모님2026.06.11 (목) 11:122,6",eaa88710b992a69bd4b3578440f347d6,2651,1704,,,,,,,,,False
C_scale_peer,"1703칸지2026.06.07 (일) 14:242,64",438f3065e60db2a6af20982cfac79354,2649,1705,,,,,,,,,False
C_scale_peer,"1704유수분2026.06.16 (화) 12:302,6",37a5b413b2360b6b449e061ed4057693,2648,1706,,,,,,,,,False
C_scale_peer,"1705진짜루비2026.06.16 (화) 02:182,",3d08f17e7ec1e2fb258f76c35d992160,2647,1707,,,,,,,,,False
C_scale_peer,"1706소미님2026.06.06 (토) 14:062,6",6130743e53f32818a1f4a0b6c2f50bb6,2644,1708,,,,,,,,,False
C_scale_peer,1707사에 플로시아2026.06.15 (월) 15:0,73d464c3df620ebf7bbf28108ed605a4,2640,1709,,,,,,,,,False
C_scale_peer,1708SBS 골프 KPGA2026.04.16 (목) ,0ff97e3ed2e9356f4f85c0954014b376,2640,1710,,,,,,,,,False
C_scale_peer,"1709봄세연2026.06.14 (일) 17:422,6",808647a73e5af6c4b42b0b564bf020e4,2640,1711,,,,,,,,,False
C_scale_peer,1710이나린 NaRin2026.06.06 (토) 13,5e30e3a6b15b715994600070329e62c7,2638,1712,,,,,,,,,False
C_scale_peer,1711노엘 Noel2026.06.16 (화) 12:3,c6883e9be221c06615447b8792d9d8ba,2637,1713,,,,,,,,,False
C_scale_peer,"1712므 어2026.06.14 (일) 15:362,6",85dba554217ae20be2e5ab924b2f6e9a,2634,1714,,,,,,,,,False
C_scale_peer,"1713하꿈2026.06.15 (월) 13:182,63",7fcb9cd0e93639569ffa722c889521e1,2634,1715,,,,,,,,,False
C_scale_peer,"1714바삭 이2026.05.17 (일) 15:182,",4e6ccf12cff2ff8b5b9f84e9740727b4,2633,1716,,,,,,,,,False
C_scale_peer,"1715봄므2026.06.16 (화) 10:422,63",312c40d841ff05491f0fb64ce0a732be,2631,1717,,,,,,,,,False
C_scale_peer,"1716주나비2026.06.15 (월) 09:062,6",2f885628196ab44d72932313eeb9d3c7,2628,1718,,,,,,,,,False
C_scale_peer,"1717핍미유2026.04.28 (화) 18:122,6",b0cd503ccd7e035658d9eac485fb9423,2626,1719,,,,,,,,,False
C_scale_peer,1718ㄹㄴㅇㅎㄴㄹㅇㅎㄹ2026.04.10 (금) 01,0b69a41ea6bfbedaefc1a7fb388a97f3,2625,1720,,,,,,,,,False
C_scale_peer,"1719코코론2026.06.16 (화) 07:302,6",06d4c49768cb633feeef590fce65bfab,2620,1721,,,,,,,,,False
C_scale_peer,1720우쯰쯰좌쯰쯰가리개2026.06.16 (화) 12,6c144288aea90dbb1f4d9f60da6e8acf,2616,1722,,,,,,,,,False
C_scale_peer,"1721앙 쥬2026.06.15 (월) 22:122,6",04915630b88e200dc8f404831a12ab37,2613,1723,,,,,,,,,False
C_scale_peer,"1722온치2026.06.14 (일) 16:122,61",afe7bad3f54d9542cd3d0a30e38aa8ed,2612,1724,,,,,,,,,False
C_scale_peer,"1723망크빵2026.06.14 (일) 18:002,6",acbd664b89beaa522b1c65d1625e7340,2611,1725,,,,,,,,,False
C_scale_peer,1724oyhide2026.05.21 (목) 16:06,add280c801fff567246b1b032a83c768,2611,1726,,,,,,,,,False
C_scale_peer,"1725금동화2026.05.06 (수) 14:422,6",aae1a19a01b601ebf7c94017c2221db0,2610,1727,,,,,,,,,False
C_scale_peer,"1726류이결2026.06.10 (수) 04:002,6",c7b3ca6e88f209b6c60d31d9405d2d54,2607,1728,,,,,,,,,False
C_scale_peer,1727히게 hige2026.06.14 (일) 09:3,de207d7ea717cc73a4ed99d303068d88,2605,1729,,,,,,,,,False
C_scale_peer,"1728츄가린2026.06.10 (수) 18:122,6",5dce7c018787d78c1a7c4ecea03a14a2,2602,1730,,,,,,,,,False
C_scale_peer,"1729굽신2026.06.16 (화) 12:302,59",625c363bc29084dda44544a66b8f1d77,2597,1731,,,,,,,,,False
C_scale_peer,"1730갓샤인22026.06.16 (화) 12:302,",5887abd2585d98241277a04f7a1d3609,2596,1732,,,,,,,,,False
C_scale_peer,"1731Ho랑이2026.06.16 (화) 07:302,",12fa879792f096397cef0bf1890cfe90,2594,1733,,,,,,,,,False
C_scale_peer,1732리브LIV2026.06.09 (화) 15:302,b95b389c8d071c7a1331cf09a7e727ee,2592,1734,,,,,,,,,False
C_scale_peer,1733그리움 Rium2026.06.16 (화) 12:,d98f5b684efeed1b27ddac078e9634fb,2591,1735,,,,,,,,,False
C_scale_peer,"1734정두콩2026.06.15 (월) 13:182,5",6da3fd5a6c25021dea899ebbbd161c52,2591,1736,,,,,,,,,False
C_scale_peer,1735레뮤 LeMyu2026.06.14 (일) 13:,5a63308e001dd3b2b4b8410e3933bff5,2590,1737,,,,,,,,,False
C_scale_peer,1736쿠로카미 아우 Wishing2026.06.15 ,87ab79cf66adbbba8dc854ff8a030636,2588,1738,,,,,,,,,False
C_scale_peer,"1737유다히2026.06.16 (화) 12:302,5",e630c27b3c51307c1a064213a4a000bd,2587,1739,,,,,,,,,False
C_scale_peer,"1738라프2026.06.16 (화) 12:302,58",eccf137a8b8e1a0824b269ff563c4b76,2585,1740,,,,,,,,,False
C_scale_peer,1739나의 노래 메모장2026.06.03 (수) 07,5aafbb7eba6c3add50333cd33100c63b,2584,1741,,,,,,,,,False
C_scale_peer,"1740흉살2026.06.16 (화) 11:182,58",de3311bb46fb85d9301ef304f9b308a3,2584,1742,,,,,,,,,False
C_scale_peer,"1741단지널2026.06.03 (수) 15:422,5",f68a580e2c76c1dff76457337650d103,2584,1743,,,,,,,,,False
C_scale_peer,"1742귤임2026.06.16 (화) 07:542,58",d0ea1db4982bfc23c7dde89d04c521dd,2583,1744,,,,,,,,,False
C_scale_peer,1743누 후 잉2026.04.01 (수) 12:542,9d14035c565bb701af3c7b81d871cd7d,2582,1745,,,,,,,,,False
C_scale_peer,"1744쏠라미2026.06.14 (일) 11:422,5",a976a50b310701ac13ed2c5391064168,2580,1746,,,,,,,,,False
C_scale_peer,1745산 SAN2026.06.16 (화) 12:302,40132b11317951dafff8c1a770b34b63,2579,1747,,,,,,,,,False
C_scale_peer,"1746주누피2026.06.15 (월) 16:062,5",b0f277dafb98965cd97391cae0755efe,2578,1748,,,,,,,,,False
C_scale_peer,"1747양담비2026.06.12 (금) 19:122,5",21e45f2d67f33b783e58a0823ac43d2b,2578,1749,,,,,,,,,False
C_scale_peer,1748달끼 Dalkki2026.06.11 (목) 17,56606cd0305e255a8a2597dd9ee7a51f,2576,1750,,,,,,,,,False
C_scale_peer,1749라움 아카데미2026.06.16 (화) 10:4,01bfd464962ecdd6c1b97cf2bd0d5bc5,2572,1751,,,,,,,,,False
C_scale_peer,1750딸기 DDALGI2026.06.16 (화) 12,ddba126063cfa770d867aebfe37c318d,2571,1752,,,,,,,,,False
C_scale_peer,1751혜광 HyeGwang2026.06.16 (화) ,0f856412f71723c55641919fdc53ff2b,2569,1753,,,,,,,,,False
C_scale_peer,"1752찐리2026.04.28 (화) 16:422,56",572729aeb2631be6b2483adf083efee6,2567,1754,,,,,,,,,False
C_scale_peer,1753커여운호빵빵2026.06.16 (화) 12:30,9b7b1927653883b3a814166e20d53b07,2564,1755,,,,,,,,,False
C_scale_peer,"1754미 령2026.05.10 (일) 15:002,5",18bf1d09b5565383958b4b8867e5059c,2564,1756,,,,,,,,,False
C_scale_peer,1755JOJE 조제2026.06.15 (월) 11:4,8bf4254b2565546c12931187bd649d92,2563,1757,,,,,,,,,False
C_scale_peer,"1756오투O22026.06.02 (화) 12:302,",3650f9b156575d54c2f84b8702275b62,2550,1758,,,,,,,,,False
C_scale_peer,"1757토리센세2026.06.16 (화) 12:002,",02d1a4a872512b6587ab30cf771d2bb2,2549,1759,,,,,,,,,False
C_scale_peer,"1758디움2026.05.29 (금) 13:482,54",42ee3afa0ead38afb59238b391ea88a0,2548,1760,,,,,,,,,False
C_scale_peer,1759모노 monomo2026.06.15 (월) 10,ff7099c82e23867a8a4b67d5bbcea466,2545,1761,,,,,,,,,False
C_scale_peer,"1760전게2026.06.16 (화) 12:302,54",426843c6a5e13bc7b3c202aadc1406e3,2545,1762,,,,,,,,,False
C_scale_peer,"1761어스키2026.06.16 (화) 09:122,5",efe7af7e2626286a1240f00dc865f21e,2542,1763,,,,,,,,,False
C_scale_peer,1762쿠로누마 야미요2026.06.16 (화) 12:,2a0480eab6d02992e5b7baf809c91b24,2542,1764,,,,,,,,,False
C_scale_peer,"1763지타에몽2026.06.16 (화) 12:302,",79f177782b143f9398910276eed06fe1,2541,1765,,,,,,,,,False
C_scale_peer,1764회 사 원 D2026.06.16 (화) 12:3,85c22bcddb83d15afafc89f423c54176,2537,1766,,,,,,,,,False
C_scale_peer,"1765온재002026.06.03 (수) 09:362,",48a44ad7d99312660cd760cc8fbfcbbe,2532,1767,,,,,,,,,False
C_scale_peer,1766아델 다우트2026.06.05 (금) 12:30,14a197a7a5dc84ac82972cac8dbd6cc7,2531,1768,,,,,,,,,False
C_scale_peer,"1767만화소녀2026.06.16 (화) 12:302,",4b75d15b4cf65cbbf3421d06135b2e1f,2531,1769,,,,,,,,,False
C_scale_peer,"1768뚜뚜뭉2026.06.13 (토) 16:542,5",47e532648057e24eafaba90f182585d0,2529,1770,,,,,,,,,False
C_scale_peer,"1769서농2026.06.15 (월) 18:422,52",d6b3c991c7b19aa02bb08232d8b877a6,2529,1771,,,,,,,,,False
C_scale_peer,1770한 상 현2026.06.16 (화) 12:302,cb5947ecd83d2c2f85483459f3c2b1ba,2528,1772,,,,,,,,,False
C_scale_peer,"1771티알2026.06.15 (월) 19:122,52",77633b9a2d19389ceb85068b1adcf271,2524,1773,,,,,,,,,False
C_scale_peer,"1772흑교수2026.06.15 (월) 17:002,5",4794a1470dafa842990769f485c1dcde,2523,1774,,,,,,,,,False
C_scale_peer,1773오츠 글라디우스2026.06.15 (월) 03:,82502a15d0293caab3d8f90fb1713530,2520,1775,,,,,,,,,False
C_scale_peer,"1774멜탕2026.06.14 (일) 18:242,51",f2361ff9b8cbcef7fe5fdb0f03d4778a,2518,1776,,,,,,,,,False
C_scale_peer,1775밀 mill2026.05.24 (일) 13:06,733746771531006adb92e512e8d2bcea,2512,1777,,,,,,,,,False
C_scale_peer,1776동네형이한다 MADKOF2026.06.14 (일,8f047bdeb5fc600db15415bd31fafe69,2511,1778,,,,,,,,,False
C_scale_peer,"1777젤리윤2026.05.04 (월) 16:542,5",83b01a74d03556356ef09943170b3f3c,2510,1779,,,,,,,,,False
C_scale_peer,1778스포츠N플러스2026.06.15 (월) 14:3,c7a89dacc428d3e620fe889d6f1fa7c0,2507,1780,,,,,,,,,False
C_scale_peer,"1779글러브2026.06.14 (일) 03:542,5",00f939630ebc03bd177eb01c5cf08906,2504,1781,,,,,,,,,False
C_scale_peer,1780머라냥 I Meolanyang2026.06.13,92c5e8ed5e4f935931ee2cfa7e721251,2504,1782,,,,,,,,,False
C_scale_peer,1781진짜팔도대왕2026.06.15 (월) 10:36,785453b8ac97938bb27982b3a5c7ae3a,2502,1783,,,,,,,,,False
C_scale_peer,"1782주보화2026.06.13 (토) 19:002,5",bb8575df73ab1743396340fc99d1d0df,2501,1784,,,,,,,,,False
C_scale_peer,1783민트초코용 초코용2026.06.15 (월) 12,5858db3e686ad520d0e196e3b4863c6f,2498,1785,,,,,,,,,False
C_scale_peer,"1784백은하2026.06.15 (월) 15:482,4",85eb67daa4822df8a31f1cdbd74c34da,2498,1786,,,,,,,,,False
C_scale_peer,1785아크로Acro2026.06.10 (수) 14:1,53edede9facd734ca79e6e898accd036,2496,1787,,,,,,,,,False
C_scale_peer,"1786피시카2026.06.15 (월) 20:362,4",a23e2caacb04a47b825950ba7969e247,2496,1788,,,,,,,,,False
C_scale_peer,1787콩만한정은이2026.06.12 (금) 06:00,2a2c15901b1026fee4b73a8ee14af499,2494,1789,,,,,,,,,False
C_scale_peer,1788리스텔라 LISTELLA2026.05.11 (월,4571aa8b47759fa7e2983a59cfb0aee6,2490,1790,,,,,,,,,False
C_scale_peer,"1789안제이2026.06.16 (화) 12:302,4",2c7bd68315677b7d67314235e136d058,2485,1791,,,,,,,,,False
C_scale_peer,"1790켈로인2026.06.06 (토) 11:422,4",77c7f4455d785b41ac432b83ca6324a3,2482,1792,,,,,,,,,False
C_scale_peer,"1791퓨우동2026.06.15 (월) 16:482,4",8fae3b6af8151cdba380e75166db3cb3,2480,1793,,,,,,,,,False
C_scale_peer,1792Oo시안oO2026.06.15 (월) 00:42,6f3d81da787c852f27bf4c8a36261c1e,2479,1794,,,,,,,,,False
C_scale_peer,"1793그레이쑤2026.06.16 (화) 12:302,",89065df6366f713b63ab64be3bab3544,2479,1795,,,,,,,,,False
C_scale_peer,"1794서여은2026.06.14 (일) 17:302,4",d288cb4e5f9bc93986b7afdb00aae46c,2477,1796,,,,,,,,,False
C_scale_peer,"1795킹지2026.06.15 (월) 18:122,47",e0943eed63dbef392640f083daf13e49,2474,1797,,,,,,,,,False
C_scale_peer,"1796주혀미2026.06.16 (화) 12:302,4",8f433fe01faac742a5cf0819e42397de,2474,1798,,,,,,,,,False
C_scale_peer,"1797독학님2026.06.15 (월) 14:302,4",24723a31dbb1a89364e1526003afd481,2473,1799,,,,,,,,,False
C_scale_peer,"1798여운님2026.06.13 (토) 17:062,4",edb4c43c343facfa06b162397e85a909,2469,1800,,,,,,,,,False
C_scale_peer,"1799마욧치2026.06.14 (일) 13:002,4",1c5b7b93a413fcc83151996b362cd1bb,2466,1801,,,,,,,,,False
C_scale_peer,1800최신 음악노래라디오2026.06.16 (화) 1,ba244c8381cd13781d93e3614165ee3f,2466,1802,,,,,,,,,False
C_scale_peer,1801LEC 공식2026.06.07 (일) 19:54,8b5e9e81fd8e81c2360390ef2b8e10c6,2463,1803,,,,,,,,,False
C_scale_peer,1802인천피스트2026.05.19 (화) 10:482,8df9a03755e1b4e23e0b1bdd48a0e837,2459,1804,,,,,,,,,False
C_scale_peer,1804디엠이무니다2026.06.16 (화) 12:30,2fa167aa85202a2d078985a128df5dfb,2458,1806,,,,,,,,,False
C_scale_peer,"1805지새기2026.06.15 (월) 14:302,4",6090bbd23b8dab8ffd1844ba71219104,2453,1807,,,,,,,,,False
C_scale_peer,1806왓섭이 왓섭2026.06.16 (화) 12:30,8353fa314191d6e97bf06cb950c17c6c,2451,1808,,,,,,,,,False
C_scale_peer,"1807이일영2026.05.16 (토) 13:182,4",e24bff3596e3ddfd81e1e290bbd95fbb,2450,1809,,,,,,,,,False
C_scale_peer,1808코기사와 코코로2026.06.16 (화) 12:,1d19dc348fdf699e63885944b49ff60c,2446,1810,,,,,,,,,False
C_scale_peer,1810만두집 아들2026.06.16 (화) 12:30,43c0d0f534e9caf7713da151da591bfe,2442,1812,,,,,,,,,False
C_scale_peer,1811xyzzy2026.06.15 (월) 22:302,ad7860d1e68c328c86cfbc8e55ce4252,2441,1813,,,,,,,,,False
C_scale_peer,"1812푸루인2026.06.16 (화) 12:302,4",9a513a7cf54cf28dfd4770df43ecd9f2,2440,1814,,,,,,,,,False
C_scale_peer,"1813팡븜2026.06.07 (일) 13:422,43",0370f76515359447a5a590333877c372,2438,1815,,,,,,,,,False
C_scale_peer,"1814김더미2026.06.16 (화) 12:302,4",a1c82f5477f4c1c96ef409fc115a3e19,2437,1816,,,,,,,,,False
C_scale_peer,1815한진 브리온 테디2026.06.03 (수) 14,37b461a8196dc63fd729db0251f8cdb0,2436,1817,,,,,,,,,False
C_scale_peer,"1816름희2026.06.07 (일) 08:362,43",a7167aaa165ffd4d81aff73b2d0f790c,2432,1818,,,,,,,,,False
C_scale_peer,"1817은왕2026.06.16 (화) 05:482,43",075118b6fd7f16a5703e85e86102fd68,2430,1819,,,,,,,,,False
C_scale_peer,1818넷마블 공식2026.06.02 (화) 11:18,c5f1df85d73d9c613f0c27c0ef816857,2430,1820,,,,,,,,,False
C_scale_peer,"1819이 비2026.06.14 (일) 17:122,4",64faa1ea61160e795e45314cc12960c5,2429,1821,,,,,,,,,False
C_scale_peer,1820박로드 LOOOOD2026.06.14 (일) 1,0c177930bc3f79b69dd43b820ff606b8,2429,1822,,,,,,,,,False
C_scale_peer,1821따모 DDAMO2026.06.16 (화) 12:,3960ee3c02dc9727d6a7f717cb270705,2427,1823,,,,,,,,,False
C_scale_peer,"1822시안주의2026.06.12 (금) 15:002,",beac45d419397ccd54713ab55ed9dfb8,2426,1824,,,,,,,,,False
C_scale_peer,"1823달 루나2026.06.14 (일) 14:002,",ff38fdec85167efa94405c328e8e8c6e,2425,1825,,,,,,,,,False
C_scale_peer,1824잔악무도유관우2026.06.15 (월) 22:5,d13cbf1f806ed3083daf86f741bf2ada,2418,1826,,,,,,,,,False
C_scale_peer,"1825권수페2026.06.16 (화) 12:302,4",a36acea87a1cf3d1132140786b1813ed,2417,1827,,,,,,,,,False
C_scale_peer,1826스타장윤철2026.06.16 (화) 12:302,6a4fc954e6739ed1be9072baaaba070d,2417,1828,,,,,,,,,False
C_scale_peer,1827벌거숭이야2026.05.16 (토) 02:422,6d8278bd00414584fda1381428133c25,2416,1829,,,,,,,,,False
C_scale_peer,"1828뭉둥이2026.05.01 (금) 18:242,4",a4e5989d6fdc14559043f5ec1b7fccca,2415,1830,,,,,,,,,False
C_scale_peer,1829난나츄Nannachu2026.06.16 (화) ,070a3a490d86656f71fe4201cb023fef,2415,1831,,,,,,,,,False
C_scale_peer,1830아기망나니2026.05.21 (목) 03:182,c6de38c9363124c12ea4b27590c9da53,2413,1832,,,,,,,,,False
C_scale_peer,1831아즈엘라 벨모어2026.04.30 (목) 14:,01c6a813337de25ee5b085060e4c673d,2413,1833,,,,,,,,,False
C_scale_peer,"1832힘의길2026.06.12 (금) 05:482,4",4381ccfe5a18fd32558743e902e7d884,2412,1834,,,,,,,,,False
C_scale_peer,"1833뵤리애2026.06.15 (월) 17:242,4",d26a325a00b23047a06b1cd1e50d76b4,2412,1835,,,,,,,,,False
C_scale_peer,"1835미스정2026.06.15 (월) 16:002,4",20ed50a69faeb69a6f81d95f05fda35e,2408,1837,,,,,,,,,False
C_scale_peer,"1836천윾정2026.06.06 (토) 02:122,4",cc9a5f0ab3f321f099d668605390d967,2407,1838,,,,,,,,,False
C_scale_peer,"1837다롬2026.04.06 (월) 13:422,40",3611111da2ddfb1178c71c0ff9ea75c4,2403,1839,,,,,,,,,False
C_scale_peer,"1838캐시맨2026.05.17 (일) 16:182,4",bb2397460e43dce64e6dfcc78dd44248,2402,1840,,,,,,,,,False
C_scale_peer,"1839하이루냥2026.06.12 (금) 15:182,",e6eb84bc88967e10c5f01e7050b59a33,2402,1841,,,,,,,,,False
C_scale_peer,1840치라요 Chirayo2026.06.16 (화) ,cdd562df448ced4b2df6ab0df6faac65,2397,1842,,,,,,,,,False
C_scale_peer,1841아이샤 AISHA2026.06.07 (일) 10,2c749fa90d6281bf17bf4dd1a444fe7b,2394,1843,,,,,,,,,False
C_scale_peer,"1842설 묘2026.06.11 (목) 13:422,3",f929e0490c085bfd5504126ca516a732,2393,1844,,,,,,,,,False
C_scale_peer,"1843고순해2026.06.16 (화) 12:302,3",19f9ece522b9155b4e577d7b9b46103a,2392,1845,,,,,,,,,False
C_scale_peer,1844갈 구 리2026.06.16 (화) 12:302,4f8439f250042ac377b903cda29b150f,2392,1846,,,,,,,,,False
C_scale_peer,1845유미호 MiHo2026.06.16 (화) 12:,44dae7a2b81746e217082f6ef7f81779,2391,1847,,,,,,,,,False
C_scale_peer,"1846체리쉬12026.06.16 (화) 10:482,",a64228a96e7990db2409ac6eafefc40a,2391,1848,,,,,,,,,False
C_scale_peer,1847미엘 스윗하트 HAVEN2026.06.15 (월,cf882ca21960c190dd6af5c8332d3876,2390,1849,,,,,,,,,False
C_scale_peer,"1848알렌비2026.06.15 (월) 11:302,3",df167369aa606bc2ced92ffbb580fbb1,2388,1850,,,,,,,,,False
C_scale_peer,"1849밍플이2026.06.16 (화) 12:302,3",254fcfe960efa3212f67ceaa84404216,2388,1851,,,,,,,,,False
C_scale_peer,"1850나은02026.05.22 (금) 02:482,3",956c5d62bd973497b3c25055e38252a4,2387,1852,,,,,,,,,False
C_scale_peer,1851유네 Yune2026.06.13 (토) 16:1,67b160c97b4b04aecfdee08958ca2c34,2385,1853,,,,,,,,,False
C_scale_peer,1852모리 Mori2026.06.16 (화) 12:3,67e3903479d8025e9df3e743e348de1d,2385,1854,,,,,,,,,False
C_scale_peer,"1853심 세2026.06.16 (화) 08:482,3",70163f79d7ec01c371e7d074870f6ff9,2384,1855,,,,,,,,,False
C_scale_peer,1854여나 YEONA2026.06.16 (화) 05:,b63d860df7124c7c87399670d1359105,2382,1856,,,,,,,,,False
C_scale_peer,1855파이널판타지14 공식2026.05.27 (수) ,41bbcef7e77c67dbc392ee3dfdcf5499,2379,1857,,,,,,,,,False
C_scale_peer,"1856민기곰2026.06.16 (화) 05:302,3",de56c327592f168eeae86090b8fee422,2378,1858,,,,,,,,,False
C_scale_peer,1857핫스 HOTS2026.06.16 (화) 12:3,e7e1263211104ef55806c480581edb56,2376,1859,,,,,,,,,False
C_scale_peer,"1858쎄랑2026.06.15 (월) 18:482,37",6d705e771d02e31473b84b3eb9988ec6,2376,1860,,,,,,,,,False
C_scale_peer,"1859블루파랑2026.06.16 (화) 12:302,",7dd6f0927c18f4acc3f40b8d31a80f0f,2376,1861,,,,,,,,,False
C_scale_peer,"1860인터티비2026.06.16 (화) 03:002,",ece305e9384465ef0ac78ee369474529,2374,1862,,,,,,,,,False
C_scale_peer,1861세찬 SECHAN2026.06.12 (금) 18,78d0b0bdcb02715be86aad5b9e0ff29b,2373,1863,,,,,,,,,False
C_scale_peer,1862토우 루체르나2026.06.14 (일) 14:4,eab61479d66b760507248cdb12c928db,2372,1864,,,,,,,,,False
C_scale_peer,"1863백이362026.06.14 (일) 14:122,",8a2cecd7cc20bded85f27e9fc8d3f2bf,2370,1865,,,,,,,,,False
C_scale_peer,"1864하얀귤2026.06.16 (화) 07:482,3",383cc92b46c19fe0a5ffc199880ca179,2368,1866,,,,,,,,,False
C_scale_peer,"1865로에S22026.06.15 (월) 15:482,",84419a98d454a3b2fdef5df70f68a620,2361,1867,,,,,,,,,False
C_scale_peer,"1866칠신2026.06.16 (화) 12:302,35",9113c6e300ca4782a063722dd8d8a63d,2359,1868,,,,,,,,,False
C_scale_peer,1867모바일인증기2026.06.16 (화) 12:30,65e080477989b13379ba894dfdec43d8,2356,1869,,,,,,,,,False
C_scale_peer,"1868쨀로2026.06.16 (화) 11:302,35",768506358758bf0add91d5b24a666441,2356,1870,,,,,,,,,False
C_scale_peer,"1869에그밥2026.06.12 (금) 11:482,3",594ac8d5b7fde9faed2d1b20633fdac2,2356,1871,,,,,,,,,False
C_scale_peer,1870시로우미 미루루2026.06.15 (월) 15:,3e4cec21aa539da475b12e6f294ee766,2355,1872,,,,,,,,,False
C_scale_peer,"1871띵땡2026.06.16 (화) 12:302,35",d56b36e1db5cbdeadeee2dfe3688f350,2353,1873,,,,,,,,,False
C_scale_peer,1872믕비MeongBi2026.06.16 (화) 12,a872c0594e60f943748d76c565dd3a07,2352,1874,,,,,,,,,False
C_scale_peer,"1874꽃설화2026.06.15 (월) 12:422,3",03057fc06e3b182b3c28adbf23f6d3f6,2349,1876,,,,,,,,,False
C_scale_peer,"1875이제나2026.06.15 (월) 16:362,3",0c6389ad360bfc848fad01e5981f56e2,2346,1877,,,,,,,,,False
C_scale_peer,"1876최하빈2026.06.13 (토) 09:122,3",0028947e4df60be50588806452399139,2342,1878,,,,,,,,,False
C_scale_peer,"1877하늘뇽2026.06.16 (화) 11:362,3",01239a69c5df36278eb37707ed629d54,2342,1879,,,,,,,,,False
C_scale_peer,1878제우스932026.06.15 (월) 15:542,2e8c666cdde3f6f9451212686c9dced0,2331,1880,,,,,,,,,False
C_scale_peer,1879유키네코 YUKINEKO2026.06.16 (화,6ef73b1a7096af136ee69be69399f1be,2329,1881,,,,,,,,,False
C_scale_peer,1880백 도 아2026.06.14 (일) 13:122,f9efec5bd77dd0ea0a9c307057038348,2329,1882,,,,,,,,,False
C_scale_peer,1881CHZZK영상음악같이보기2026.06.16 (화,1479351d11c287ea8e6fc43ddf79fa2c,2328,1883,,,,,,,,,False
C_scale_peer,"1882블리냥2026.06.12 (금) 20:002,3",bda9616989cc9c7e77c3cec42503728a,2328,1884,,,,,,,,,False
C_scale_peer,1883김해사는그남자2026.04.28 (화) 10:4,e5870d76ab2ffbeeef61d0053661cdb7,2328,1885,,,,,,,,,False
C_scale_peer,"1884랠짱2026.06.16 (화) 12:302,32",ba797955935ee6ca4521ddfb579b3647,2328,1886,,,,,,,,,False
C_scale_peer,1885폭풍병아리 N2026.06.16 (화) 12:3,14780be344c96ad0c272b51d0605dedb,2325,1887,,,,,,,,,False
C_scale_peer,1886초다양 CHODAYANG2026.06.15 (월,74e041007660d7195b1d784839716cb8,2325,1888,,,,,,,,,False
C_scale_peer,1887배그하는 곰띠2026.06.16 (화) 12:3,73bf66c43ee5f0063aa98c5d68906351,2324,1889,,,,,,,,,False
C_scale_peer,1888유유아 YUYUA2026.05.28 (목) 03,f8fa2d116cb2693b8db8b8c793daba0e,2323,1890,,,,,,,,,False
C_scale_peer,"1889린 연2026.04.02 (목) 18:002,3",9beabccc8ab06490c09a3ac045c17bdd,2322,1891,,,,,,,,,False
C_scale_peer,"1890디또띠2026.06.15 (월) 07:182,3",b28d617a1d981cfff65d163f116cab7d,2321,1892,,,,,,,,,False
C_scale_peer,"1891후히이2026.06.13 (토) 18:482,3",8ffae902181e00dcafb1fdebb80be4ac,2320,1893,,,,,,,,,False
C_scale_peer,1892레다 LeDA2026.06.16 (화) 12:3,fab43b20c3bb5a106d8481defda881be,2316,1894,,,,,,,,,False
C_scale_peer,1893SEjFiNN2026.06.12 (금) 14:4,3b6039f72de09bb5ea7fbcbf96e50f46,2314,1895,,,,,,,,,False
C_scale_peer,"1894바테바테2026.06.16 (화) 06:422,",182fdb958165fa6ad4d4ec1e9e4da3c0,2314,1896,,,,,,,,,False
C_scale_peer,1895NaDa이윤열2026.06.15 (월) 04:0,21b800a5da2591dd4629565a53e24d93,2313,1897,,,,,,,,,False
C_scale_peer,"1896고다요2026.06.15 (월) 02:362,3",54cf8e05daaaa9577ad0f211d495dc95,2312,1898,,,,,,,,,False
C_scale_peer,"1897오리엔트2026.06.15 (월) 15:182,",c6d55a9c1f940c861badbdec2ca2ecb1,2310,1899,,,,,,,,,False
C_scale_peer,1898NS Xross2026.06.15 (월) 15:,7549c4fb46e0385ab1558f328aa6a8f9,2310,1900,,,,,,,,,False
C_scale_peer,"1899임 하루2026.06.14 (일) 13:242,",33c501a6d711c517f4c617c0b5409e37,2308,1901,,,,,,,,,False
C_scale_peer,1900갓냥이 GodNeko2026.06.14 (일) ,5e91cf7b9b4220a7afac895c82ffe2e0,2308,1902,,,,,,,,,False
C_scale_peer,1901ADINA2026.06.15 (월) 06:122,7c6b82168127e91ed90b13697d57ff1a,2307,1903,,,,,,,,,False
C_scale_peer,"1902김태귱2026.06.16 (화) 12:182,3",3da0c21f9a877731ed41b72e704b0959,2305,1904,,,,,,,,,False
C_scale_peer,1903뿌요 PPUYO2026.06.15 (월) 00:,c8ce4df6e6cf691f05df554739ad05ed,2305,1905,,,,,,,,,False
C_scale_peer,"1904즌다몬2026.06.16 (화) 12:302,3",30b7a4f1abda452281f6054f3d2b17d1,2301,1906,,,,,,,,,False
C_scale_peer,"1905에이챙2026.06.16 (화) 12:302,3",1a84e42602fb493fef2ae998947a8782,2301,1907,,,,,,,,,False
C_scale_peer,"1906탈리호2026.06.15 (월) 11:122,2",66b3bbb7467208e20bcd33683bc2d761,2298,1908,,,,,,,,,False
C_scale_peer,"1907서기유2026.06.16 (화) 12:302,2",958d152278df4bb56b4a12fbeca17a2c,2298,1909,,,,,,,,,False
C_scale_peer,"1908새니니2026.05.31 (일) 11:302,2",b30768026aea24211bb0b005d638f37f,2297,1910,,,,,,,,,False
C_scale_peer,"1909김세드2026.06.14 (일) 17:002,2",439ad53a326573c0694ce1a19abd4c55,2296,1911,,,,,,,,,False
C_scale_peer,1910미토미 로하2026.06.16 (화) 08:12,0e5f6262d94a9d4fd2e8abc9e771ede0,2295,1912,,,,,,,,,False
C_scale_peer,1911천유랑 yurang2026.04.19 (일) 0,575d84f764a2128a68f5c3bccb4f992d,2295,1913,,,,,,,,,False
C_scale_peer,"1912김네넹2026.06.08 (월) 14:002,2",741f5f77e0487d9c1c63421ce2e4d379,2294,1914,,,,,,,,,False
C_scale_peer,"1913조녜율2026.06.16 (화) 12:302,2",60494e4774ed0bbac45f47cfcbbcd8be,2294,1915,,,,,,,,,False
C_scale_peer,1914SHIN 희범2026.06.16 (화) 12:3,60cc882aeddeef86f0bb738fd9e079f3,2293,1916,,,,,,,,,False
C_scale_peer,"1915파머비2026.04.22 (수) 15:182,2",5668dc8d852f99ab1d81bd24089b0716,2292,1917,,,,,,,,,False
C_scale_peer,1916이나냐 INANYA2026.05.31 (일) 0,8b3b25b1f7c2c968bc99d33b2171772f,2287,1918,,,,,,,,,False
C_scale_peer,"1918서겜2026.06.14 (일) 09:542,28",546376ebd956528b9d6250da63512f29,2284,1920,,,,,,,,,False
C_scale_peer,"1919쓰릉2026.04.25 (토) 21:002,28",2d6756a477c2ab682994819a3a5593f3,2280,1921,,,,,,,,,False
C_scale_peer,"1920마퐁이2026.06.14 (일) 17:302,2",4c465f69d387b407f703b7a520765f84,2278,1922,,,,,,,,,False
C_scale_peer,"1921데스퍼2026.06.15 (월) 14:122,2",a44aede0c0be478c73c27dd079e59335,2273,1923,,,,,,,,,False
C_scale_peer,"1922꿀유자2026.06.16 (화) 12:302,2",f323f6d0c4308b33a49e985b91cc321e,2273,1924,,,,,,,,,False
C_scale_peer,"1923김뀰빵2026.06.16 (화) 12:002,2",c29e893346300b5e778320c11820ab42,2271,1925,,,,,,,,,False
C_scale_peer,"1924아사링2026.06.05 (금) 14:362,2",b3d29251530a249f5bcfb2d862e8278a,2271,1926,,,,,,,,,False
C_scale_peer,"1925조이제2026.06.16 (화) 12:302,2",c720906ed53c65b3c31fa8dd42dcd55d,2265,1927,,,,,,,,,False
C_scale_peer,"1926미시코2026.06.16 (화) 06:482,2",9a71adf8e4e761833f5173f4477acfe9,2264,1928,,,,,,,,,False
C_scale_peer,"1927달해나2026.06.16 (화) 12:302,2",8e679d29234577e142f4c6af769d6a14,2262,1929,,,,,,,,,False
C_scale_peer,"1928새크리마2026.06.16 (화) 12:302,",809f4f31b0ffe864af90d6044e63663a,2262,1930,,,,,,,,,False
C_scale_peer,"1929우히나2026.06.15 (월) 18:482,2",977d45f7573ff3e36969eff5e1689c08,2260,1931,,,,,,,,,False
C_scale_peer,1930덴 카시우스2026.06.16 (화) 12:30,518166cdeb0ac9bb7119a381be5df7f4,2255,1932,,,,,,,,,False
C_scale_peer,1931고대발잡이 GoDaeBalJabE2026.06.,f6e47dc6c5baa8cc9562bc0fa2c5307d,2254,1933,,,,,,,,,False
C_scale_peer,1932네루 쿠로밍2026.06.16 (화) 12:30,033f8d082555a8f1ba7bc449e1d4f67d,2254,1934,,,,,,,,,False
C_scale_peer,"1933가을노을2026.06.16 (화) 12:122,",cf6de97a15f6b6fb01709d63b1982082,2254,1935,,,,,,,,,False
C_scale_peer,"1934동 아2026.06.14 (일) 14:182,2",060a0084a0e234d34121360bcfc9ce93,2252,1936,,,,,,,,,False
C_scale_peer,1935매그입니다2026.06.10 (수) 14:062,a42ed0d00a737226debd6ad2d3b32e3c,2249,1937,,,,,,,,,False
C_scale_peer,"1936바박수2026.06.15 (월) 15:362,2",3d0a92839e13cdb6c87e6a1b8234200c,2246,1938,,,,,,,,,False
C_scale_peer,"1937찹챠2026.06.15 (월) 14:302,24",d16ef0061b01105e4aca392181f6b846,2243,1939,,,,,,,,,False
C_scale_peer,"1938수녕2026.06.16 (화) 12:302,23",df4eb2d62da0a45ef8b37b5948126fcb,2238,1940,,,,,,,,,False
C_scale_peer,"1939빈쒸2026.06.16 (화) 12:302,23",405f8c31995a0eabf9b18715bfc7ed6b,2237,1941,,,,,,,,,False
C_scale_peer,"1940이쥐2026.06.16 (화) 12:302,23",52b2f7d78f07b3b175dbaaa3cb9abc85,2234,1942,,,,,,,,,False
C_scale_peer,"1941화 룡2026.06.10 (수) 09:062,2",c7cf1d42246d601bea5e11dd032b5d75,2231,1943,,,,,,,,,False
C_scale_peer,1942JINI 지니2026.06.15 (월) 18:0,c9ec8c5505c65a972875faa00c9c9290,2231,1944,,,,,,,,,False
C_scale_peer,"1943서시아2026.06.11 (목) 15:482,2",72f962e173b8925dca3241a8fa62dfd8,2229,1945,,,,,,,,,False
C_scale_peer,"1944장밥초2026.06.16 (화) 12:302,2",9fb64a84fc581ce0233b4537f4da2250,2229,1946,,,,,,,,,False
C_scale_peer,"1945드라미양2026.06.16 (화) 12:302,",7a847332420ea9ec8a2795d2bfd4ecaa,2228,1947,,,,,,,,,False
C_scale_peer,1946Seira 세이라2026.06.16 (화) 12,a93901cfd6813947bd499a395e5fbca8,2224,1948,,,,,,,,,False
C_scale_peer,"1947W하울M2026.06.15 (월) 15:002,",c7a832a871b20e61186e04c31eb79c9f,2224,1949,,,,,,,,,False
C_scale_peer,1948KONyang2026.06.15 (월) 17:0,d2d0f52ae58ba9dd9cdf1a2b0007802d,2222,1950,,,,,,,,,False
C_scale_peer,"1949야파토2026.06.15 (월) 13:482,2",237650b05f19da2476a6349069c4ce64,2220,1951,,,,,,,,,False
C_scale_peer,1950미나토 히토리2026.06.15 (월) 18:3,50f557a43a5c19517243a2271882c249,2218,1952,,,,,,,,,False
C_scale_peer,1951체크메이트입니다2026.06.14 (일) 18:,5cc531f43f5ee4e564409ce576b2acde,2218,1953,,,,,,,,,False
C_scale_peer,"1952아닌겨2026.06.16 (화) 10:182,2",e2cdf1ef1d669989359295ef755e8743,2217,1954,,,,,,,,,False
C_scale_peer,"1953나비이2026.06.07 (일) 14:182,2",ff9100f3be3f2a780f7f1e8ab9713925,2215,1955,,,,,,,,,False
C_scale_peer,1954페이지 스튜디오2026.06.13 (토) 00:,a1efbbc347d5d50e0262b2a2a3626ee6,2215,1956,,,,,,,,,False
C_scale_peer,"1955한사기2026.06.14 (일) 10:422,2",05ca39e26587ea916a9eba1c6ae2d4ba,2214,1957,,,,,,,,,False
C_scale_peer,"1956융다2026.05.24 (일) 08:242,21",17f328c82ffc576fef6c7f6642987172,2214,1958,,,,,,,,,False
C_scale_peer,1957이 렌 이 렌2026.06.15 (월) 14:0,99af4ec0174c5b79321090b0458d3006,2214,1959,,,,,,,,,False
C_scale_peer,"1958니야쵸2026.05.31 (일) 14:182,2",44e3edf8eb7b4405c874ea29de458303,2213,1960,,,,,,,,,False
C_scale_peer,"1959루 랑2026.06.16 (화) 12:302,2",2b643e1b0cb736763965e0830179a297,2211,1961,,,,,,,,,False
C_scale_peer,"1960그나로2026.06.15 (월) 17:482,2",f4c2ff0be58895c211652674f2f19ffa,2209,1962,,,,,,,,,False
C_scale_peer,"1961여하준2026.06.10 (수) 15:242,2",da2cb92251e061723388e179e220ac4d,2208,1963,,,,,,,,,False
C_scale_peer,"1962유소예2026.06.14 (일) 15:062,2",0dd7ab3a32760c739d07a73d2520202a,2208,1964,,,,,,,,,False
C_scale_peer,"1963듀파2026.05.24 (일) 15:482,20",58ad86ca7dfa13cfe460f1cf4bca7eba,2206,1965,,,,,,,,,False
C_scale_peer,"1964너나비2026.06.16 (화) 09:422,2",a035fc7c8bdd74d644aa134c38619513,2206,1966,,,,,,,,,False
C_scale_peer,"1965쿠뽀미2026.06.16 (화) 12:302,2",73fc52c403eb3485524c02e1a0f2e623,2203,1967,,,,,,,,,False
C_scale_peer,"1966온하2026.06.15 (월) 17:542,20",371dd31eb93b6c1ca4b7c75cd746c52d,2201,1968,,,,,,,,,False
C_scale_peer,1967솔씨 solssi2026.06.15 (월) 02,79e2928a3fad4b8200f33c3dee6799dc,2201,1969,,,,,,,,,False
C_scale_peer,"1968쩡슈2026.06.16 (화) 12:302,20",5b91eb17cb5f839bb6df200fa31f82dd,2201,1970,,,,,,,,,False
C_scale_peer,"1969에랑이2026.05.05 (화) 05:362,2",99cb382df02d016c8189658bf4cc7705,2200,1971,,,,,,,,,False
C_scale_peer,"1970흑지로2026.06.16 (화) 12:302,1",61acacd56ff16f2b5cd09aa8b9d5002d,2198,1972,,,,,,,,,False
C_scale_peer,1971진짜김꼬비2026.06.16 (화) 11:242,00948613dbef14bf6e938d9c2cdea99a,2198,1973,,,,,,,,,False
C_scale_peer,"1972깝도이닷2026.06.16 (화) 12:302,",26e0a451d56eab9e8ec9c4642cc65ae1,2197,1974,,,,,,,,,False
C_scale_peer,"1973FIB2026.05.23 (토) 14:302,1",f1a95f22526985380ab21773f2722066,2197,1975,,,,,,,,,False
C_scale_peer,1974스타으앙코2026.06.16 (화) 12:302,2d27c050d8db708af8b54c9d128d2278,2196,1976,,,,,,,,,False
C_scale_peer,1975Deuskim2026.06.16 (화) 12:3,5cbb355f63ad75ddc3acb6d3ebd7cf51,2196,1977,,,,,,,,,False
C_scale_peer,"1976A후라2026.06.15 (월) 11:002,1",84a6e4f699f495737395f235da5477c9,2196,1978,,,,,,,,,False
C_scale_peer,1977역습의타몽이2026.06.06 (토) 09:54,7bb8568f42b20a3df0954ca555c97124,2194,1979,,,,,,,,,False
C_scale_peer,19784Easy2026.06.15 (월) 11:242,0bb66c53d9435da1e87b4d8ab47fb1cf,2191,1980,,,,,,,,,False
C_scale_peer,"1979레우기2026.06.16 (화) 07:062,1",44293d748d1b9a264823b0abce615f76,2188,1981,,,,,,,,,False
C_scale_peer,1980건우건우12026.06.12 (금) 02:062,d7d4527c082cd23e7b59b09269c7dc08,2187,1982,,,,,,,,,False
C_scale_peer,"1981뮤령씨2026.05.06 (수) 08:542,1",41e9d1dbdc77313bce1ddceefb3e3569,2187,1983,,,,,,,,,False
C_scale_peer,"1982이해찌2026.06.16 (화) 12:302,1",42d9e35fdeee6c2163494eb12961e9da,2186,1984,,,,,,,,,False
C_scale_peer,"1983협준2026.06.16 (화) 09:362,18",d760fd6c57092b199a7e4d2149ef7589,2186,1985,,,,,,,,,False
C_scale_peer,1984이비 EB2026.06.16 (화) 12:302,baba7db944bf727c82747e3fc2fa3c4d,2184,1986,,,,,,,,,False
C_scale_peer,"1985사야플2026.06.03 (수) 15:062,1",8873221871e4251fe2257cc4be3df93a,2184,1987,,,,,,,,,False
C_scale_peer,1986웃상 작업계정2026.06.16 (화) 12:3,0a988cbd44e42183719376635b8cc54a,2181,1988,,,,,,,,,False
C_scale_peer,1987톱밥입니다2026.06.16 (화) 12:302,e04181c4169fad7d62d1b81d78ea11b6,2181,1989,,,,,,,,,False
C_scale_peer,"1988라나가2026.06.16 (화) 08:122,1",67e67168d56a7310b0bc34eed21e3b51,2178,1990,,,,,,,,,False
C_scale_peer,1989미에에 메에2026.06.14 (일) 05:00,f2e993b9dcfb2ad3e62214a8cf534903,2178,1991,,,,,,,,,False
C_scale_peer,"1990매히두2026.06.16 (화) 12:302,1",e71c92661ec46bcd7f5cd0bb4ca46da4,2176,1992,,,,,,,,,False
C_scale_peer,1991OwSp1nt2026.06.16 (화) 12:3,1e149c108d1c3161181142c1db9c5f02,2175,1993,,,,,,,,,False
C_scale_peer,"1992김누보2026.06.14 (일) 12:542,1",a63cef971e42a3dac2d38ea512483c76,2175,1994,,,,,,,,,False
C_scale_peer,1993히미츠 미로2026.06.15 (월) 15:06,dd77e835b6fb8190a7dde91013adec6d,2174,1995,,,,,,,,,False
C_scale_peer,1994박 도 현2026.05.30 (토) 13:182,59f8dc85cfc750bd41f935aa21fd2e52,2174,1996,,,,,,,,,False
C_scale_peer,1995파이어우주2026.06.15 (월) 16:122,e7df2921b9824bc47327f2ac1ea5a39f,2171,1997,,,,,,,,,False
C_scale_peer,1996미스터리박스2026.06.16 (화) 12:24,4b4245daaab435e9e484bf4f809b810c,2171,1998,,,,,,,,,False
C_scale_peer,"1997뿔시우2026.06.15 (월) 21:122,1",3515726bbf94920ee4e6475f823a3a36,2167,1999,,,,,,,,,False
C_scale_peer,"1998덕경쨩2026.04.11 (토) 14:422,1",ac12292e8247f2135386339d61312379,2167,2000,,,,,,,,,False
C_scale_peer,1999밍아 MingA2026.06.16 (화) 12:,3fb205fd7b4816c7e9eebf5c7502130a,2165,2001,,,,,,,,,False
C_scale_peer,2000칼리오스임미다2026.06.14 (일) 15:0,b196b08a06acbadc76e5aa3a29e76d64,2162,2002,,,,,,,,,False
C_scale_peer,"2001혜나낭2026.06.16 (화) 12:302,1",300da7a4c97373e6c872fbd85ee842e6,2161,2003,,,,,,,,,False
C_scale_peer,"2002사루코2026.06.16 (화) 11:302,1",02204f7cc552c79579eb3283b611a2de,2159,2004,,,,,,,,,False
C_scale_peer,2003리브하이HS2026.05.22 (금) 04:12,abdd4143abfcd73b50e35426ed74a465,2159,2005,,,,,,,,,False
C_scale_peer,"2004초 운2026.06.08 (월) 16:122,1",a47899b17fec887dd11658a74ea7f326,2157,2006,,,,,,,,,False
C_scale_peer,"2005강미미2026.06.16 (화) 04:542,1",a9b1d423705a99d17c90a2db4a8a3baa,2156,2007,,,,,,,,,False
C_scale_peer,"2006맹총가리2026.06.16 (화) 12:302,",de23b2f174cf0bd5adca06513f84b8a9,2155,2008,,,,,,,,,False
C_scale_peer,"2007자용이2026.06.15 (월) 16:002,1",0c17a0f35d0e91ce5c37847b7f141523,2153,2009,,,,,,,,,False
C_scale_peer,"2008미 요2026.05.24 (일) 16:002,1",33f982f084e02483dfeba0af650ac6e9,2152,2010,,,,,,,,,False
C_scale_peer,"2009뜌 미2026.06.15 (월) 15:002,1",016e9a8b19018ef5c83246a0343fe32e,2152,2011,,,,,,,,,False
C_scale_peer,2010고래요 Goraeyo2026.06.14 (일) ,d5dca9ea32224d5a8fcf625c92750861,2151,2012,,,,,,,,,False
C_scale_peer,"2011째리쨈2026.05.02 (토) 12:182,1",59520f0e7e6672202ea54e09387aa32f,2148,2013,,,,,,,,,False
C_scale_peer,2012세 라 핌2026.06.16 (화) 12:302,11d8198a35373468ccbc5c669d371080,2146,2014,,,,,,,,,False
C_scale_peer,"2013커리홍2026.06.15 (월) 14:542,1",eeb707008b1a9c6c23101cafc8d89f67,2146,2015,,,,,,,,,False
C_scale_peer,"2014타민2026.04.17 (금) 11:302,14",cf121decb4790f423999b37f7bdeb573,2146,2016,,,,,,,,,False
C_scale_peer,"2015숨나2026.06.16 (화) 12:302,14",56cc621abf7a4eb9a63acd94e319fb14,2145,2017,,,,,,,,,False
C_scale_peer,"2016휴아2026.06.16 (화) 12:302,14",0705cccb17685517b84c631b070d6bee,2143,2018,,,,,,,,,False
C_scale_peer,"2017모양몬2026.05.07 (목) 12:422,1",2d15974bc9c61c29c6547b074a6a5206,2143,2019,,,,,,,,,False
C_scale_peer,"2018루멘시2026.06.14 (일) 15:182,1",5e4533b7452d6b9ed7ccfd6d2aa628c6,2142,2020,,,,,,,,,False
C_scale_peer,"2019쇼새2026.06.16 (화) 12:302,14",965530c976810d4c9336becf933fb518,2141,2021,,,,,,,,,False
C_scale_peer,"2020무하디2026.06.16 (화) 12:302,1",313b45f8f5893f4b1b7b4000fa2da90b,2138,2022,,,,,,,,,False
C_scale_peer,2021Gimlet MD2026.06.13 (토) 15,8bd4cbe4d680debda04698e2c146b46b,2138,2023,,,,,,,,,False
C_scale_peer,2022한우주 hanoozu2026.06.09 (화) ,b1ee2d107ab5397b0342e7d8dd6bcbf4,2135,2024,,,,,,,,,False
C_scale_peer,2023상여자루다2026.06.16 (화) 08:062,9525240500f8efc14d615cd7dc0e537c,2134,2025,,,,,,,,,False
C_scale_peer,"20242수연2026.04.10 (금) 16:302,1",6ed90223cf1f32aa71e1043c924ac47c,2132,2026,,,,,,,,,False
C_scale_peer,"2025르네02026.06.16 (화) 04:302,1",fc0908426a720d0811937fd6706c5055,2131,2027,,,,,,,,,False
C_scale_peer,"2026깜빠깅2026.06.16 (화) 12:302,1",cacb02868bfc7317ea4ff473aa63b248,2129,2028,,,,,,,,,False
C_scale_peer,2027뒤에도눈있다2026.06.15 (월) 15:18,b68c863b3e7ee5d24f7eb2ccbdf18383,2127,2029,,,,,,,,,False
C_scale_peer,"2028바뷰뷰2026.06.14 (일) 19:482,1",153f28bc51764c3b03d34ea06492f727,2126,2030,,,,,,,,,False
C_scale_peer,2029지 효 님2026.06.07 (일) 18:062,a388ae59fb88e3e1326bb2db52d4a3ee,2125,2031,,,,,,,,,False
C_scale_peer,2030리쥬 Lizyu2026.06.10 (수) 14:,961788b44b8bea389168b5bdcec3dc8a,2124,2032,,,,,,,,,False
C_scale_peer,"2031햄군2026.06.16 (화) 06:422,12",b88b8e192c9a738cb0c46c66e8c278a0,2124,2033,,,,,,,,,False
C_scale_peer,2032JJIMJJIM 찜찜2026.05.23 (토) ,640a5704bb99bcf6dce2ee885519fbac,2123,2034,,,,,,,,,False
C_scale_peer,2033게임하는노래쟁이2026.06.14 (일) 13:,1a335b5adbea3bc385cbed645d142114,2122,2035,,,,,,,,,False
C_scale_peer,"2034카 알2026.06.15 (월) 15:422,1",341e9802f482e3645de371b5b788893c,2121,2036,,,,,,,,,False
C_scale_peer,2035프로펫 Prophet2026.06.13 (토) ,947b1744d7347b8d8321cf88a003d19e,2120,2037,,,,,,,,,False
C_scale_peer,2036아탕 Ahtang2026.06.16 (화) 05,c4355058a6bae351ca229b38c0db4a2c,2119,2038,,,,,,,,,False
C_scale_peer,2037리나앤타냐2026.06.16 (화) 12:302,1c7b7019482efba3abfdc88aa6139f8f,2119,2039,,,,,,,,,False
C_scale_peer,"2038Haz22026.06.15 (월) 17:422,",7e2760be39382cec86494749f60b97cf,2116,2040,,,,,,,,,False
C_scale_peer,2039루아 블루벨2026.06.15 (월) 07:54,c84df61388f2c2bb8afac273bfd4d90b,2115,2041,,,,,,,,,False
C_scale_peer,2040록시 스윗랜드2026.06.16 (화) 07:1,1309200594b756a46edaab8a8c7bdc21,2114,2042,,,,,,,,,False
C_scale_peer,"2041만나몽2026.06.15 (월) 17:482,1",0aa1a483b07d684580025e628b09f1c6,2109,2043,,,,,,,,,False
C_scale_peer,2042프로핏 Profit2026.06.12 (금) 0,ef63f3ccc77294f4d201007bcd6a245b,2107,2044,,,,,,,,,False
C_scale_peer,"2043시냐2026.06.09 (화) 15:002,10",af4142f7ac522404bb646658825a12dc,2105,2045,,,,,,,,,False
C_scale_peer,2044로비아히나 HINA2026.06.14 (일) 1,71c22f544782791a135ba9d14f1c9e3d,2104,2046,,,,,,,,,False
C_scale_peer,"2045밍두2026.06.14 (일) 15:482,10",b6a1a1b3e7bd6a8860d61c09a6b79df5,2104,2047,,,,,,,,,False
C_scale_peer,2046아오세이 준2026.06.16 (화) 12:30,4e784e3a590ae48ecf6385d9a6065f83,2104,2048,,,,,,,,,False
C_scale_peer,2047자빈1232026.06.16 (화) 12:302,df0e20ff2e2b966a2e4032054741c2e4,2101,2049,,,,,,,,,False
C_scale_peer,2048스즈네 Suzune2026.06.16 (화) 1,bbbcc4a89ad406826a1d0e4a74ad19cd,2100,2050,,,,,,,,,False
C_scale_peer,"2049콩난이2026.06.16 (화) 12:302,0",bcf03700c8b1034217de08323e4a7ae2,2098,2051,,,,,,,,,False
C_scale_peer,"2050민지b2026.06.16 (화) 08:422,0",897fa2922e9ecb01471ffd2acf57d66e,2095,2052,,,,,,,,,False
C_scale_peer,2051이시이 에리카2026.06.16 (화) 12:3,beda2a4fa434a1f442b8a5e7a0c9d07d,2094,2053,,,,,,,,,False
C_scale_peer,"2052이상2상2026.04.16 (목) 12:482,",bc9d5b15be1191c19b88932a035dfd06,2094,2054,,,,,,,,,False
C_scale_peer,"2053시루폰2026.06.11 (목) 15:302,0",6eef3e379c71bb0f8a44cb50ff1a671a,2091,2055,,,,,,,,,False
C_scale_peer,"2054최단지2026.06.15 (월) 05:242,0",4542703ce5b7e1daf1901bb8b9eb0222,2090,2056,,,,,,,,,False
C_scale_peer,"2055우 레2026.06.14 (일) 13:302,0",5de1197616c27e9cc8fc3d6521fe62dc,2089,2057,,,,,,,,,False
C_scale_peer,"2056윤니2026.06.15 (월) 13:482,08",d9a29b08c23aa0f98224c7083d4b435c,2087,2058,,,,,,,,,False
C_scale_peer,2057보름 borum2026.06.15 (월) 15:,426ab2a2f7c9ff7b7cacfdf7a50a902b,2085,2059,,,,,,,,,False
C_scale_peer,"2058피 P2026.06.11 (목) 15:482,0",422c6e67e7697ae9f62e7cde3d5e29f6,2084,2060,,,,,,,,,False
C_scale_peer,2059감정적으로겜함2026.06.13 (토) 16:1,d6f09af711aa2ccd6b23d4d235d14028,2079,2061,,,,,,,,,False
C_scale_peer,"2060주린2026.06.16 (화) 12:302,07",1bb9948c902ac2cc49ca7c53e0a87134,2078,2062,,,,,,,,,False
C_scale_peer,"2061실력과운2026.06.16 (화) 09:422,",3862be61dc1e9b6ea3eced5090f664bd,2078,2063,,,,,,,,,False
C_scale_peer,2062에이스에이스2026.06.16 (화) 12:30,892766d15996c98280bf5767458488ef,2077,2064,,,,,,,,,False
C_scale_peer,"2063빵지콩2026.06.15 (월) 12:362,0",ab2dfa50fc970fbba8fa3f253dd2093d,2076,2065,,,,,,,,,False
C_scale_peer,2064렌야 베레타2026.06.15 (월) 17:00,691e659eb962f340b42b2a145d196b0b,2075,2066,,,,,,,,,False
C_scale_peer,2065우주미아 kuse2026.06.15 (월) 10,d848cc2ec73d9f8fb9653ba45fd4a17e,2074,2067,,,,,,,,,False
C_scale_peer,"2066키미밍2026.06.14 (일) 13:362,0",0a66bfb1e2630e459cab1218c84bc1c4,2073,2068,,,,,,,,,False
C_scale_peer,2067아르세리나2026.06.14 (일) 13:542,206871f14ad714c23e075962dfbdf38d,2069,2069,,,,,,,,,False
C_scale_peer,"2068밍율이2026.06.15 (월) 19:182,0",460dce236c318610e114204b1292adc0,2068,2070,,,,,,,,,False
C_scale_peer,"2069진유연2026.06.13 (토) 16:422,0",5528b971123df85b8334bb17d799c268,2065,2071,,,,,,,,,False
C_scale_peer,"2070완벽이2026.06.14 (일) 14:062,0",fec16ad2a78e64670556d9e03505816e,2065,2072,,,,,,,,,False
C_scale_peer,2071KeSPA2026.05.10 (일) 10:182,edcac79ba0e6488c571298e285406fe5,2065,2073,,,,,,,,,False
C_scale_peer,2072쿠모리 키피2026.06.15 (월) 14:06,4a6b20709a851aa6dca927935e3bf6e1,2064,2074,,,,,,,,,False
C_scale_peer,2073토돌 Todol2026.06.16 (화) 12:,3d27b8e43cf670665184d291eb143832,2064,2075,,,,,,,,,False
C_scale_peer,"2074돌 카사2026.06.16 (화) 10:482,",06b9893c6d74cea0c031b0270600f365,2063,2076,,,,,,,,,False
C_scale_peer,2075미즈히로 슈우2026.06.15 (월) 14:0,955918278967f073ca7b11f922e65c3e,2063,2077,,,,,,,,,False
C_scale_peer,2076아키 STAVE2026.06.15 (월) 11:,2ad80fa7eeea71459da4fa79063ee46e,2061,2078,,,,,,,,,False
C_scale_peer,2077내리다는살인이다2026.06.15 (월) 09:,a0bf9c0f83e08741813eda8de7febb73,2060,2079,,,,,,,,,False
C_scale_peer,2078흰색토깽이2026.06.14 (일) 15:122,0064f3b8baad3fe5766c1bb0b30a5088,2059,2080,,,,,,,,,False
C_scale_peer,"2079유키유타2026.06.13 (토) 15:302,",89e309a202e4363bbb999f7e761eae2f,2059,2081,,,,,,,,,False
C_scale_peer,"2080최윤주2026.06.15 (월) 14:242,0",beb86ff995f8e03eb2e24b49f2a30e8b,2058,2082,,,,,,,,,False
C_scale_peer,"2081김홀앵2026.06.16 (화) 12:302,0",8479b18ef921765922514a0ddfdb3251,2055,2083,,,,,,,,,False
C_scale_peer,"2082달은월2026.06.16 (화) 12:302,0",d8f9cfab91b27abb7b3f7f2c1a186e29,2050,2084,,,,,,,,,False
C_scale_peer,"2083이니리즘2026.04.26 (일) 12:062,",0e4facc308975ce6246d8d9dc05aa180,2048,2085,,,,,,,,,False
C_scale_peer,"2084윤 씨2026.06.15 (월) 11:302,0",45b1c3a2b3f5902ca007b7b994b671d5,2047,2086,,,,,,,,,False
C_scale_peer,2085삿땅 Sattan2026.06.16 (화) 12,cdedd10b0a6c0c007a028a4f15c82ad1,2047,2087,,,,,,,,,False
C_scale_peer,"2086애밍이2026.06.16 (화) 12:302,0",42424af0cbb0ac88344691fec14c7159,2045,2088,,,,,,,,,False
C_scale_peer,"2087쏭이2026.06.16 (화) 11:362,04",0bdd2da7d5dd4c68b00fb6471ab36809,2044,2089,,,,,,,,,False
C_scale_peer,"2088박닝겐2026.06.14 (일) 14:122,0",f7a48f0faecb9dcf07c58b7ec34a5b68,2042,2090,,,,,,,,,False
C_scale_peer,"2089매 곡2026.06.16 (화) 12:302,0",03ec0c3aebe61478b93880b95a6afbb6,2042,2091,,,,,,,,,False
C_scale_peer,2090두리 Doori2026.06.07 (일) 06:,ed5311b26b1aa25357ac00c576c36814,2042,2092,,,,,,,,,False
C_scale_peer,2091골프존 GTOUR2026.05.30 (토) 10,1466e3476aa8e46f0fae6a6a5b04316e,2041,2093,,,,,,,,,False
C_scale_peer,"2092얀제리2026.06.16 (화) 07:002,0",e0f485296633184ce2048e8f0270345e,2039,2094,,,,,,,,,False
C_scale_peer,2093온더스포츠2026.06.16 (화) 09:542,f6449667f5e99fb0c0ca02bff389e703,2038,2095,,,,,,,,,False
C_scale_peer,2094Karmis2026.06.16 (화) 10:30,a4d9e386706be239c59717f867e3fb3d,2037,2096,,,,,,,,,False
C_scale_peer,"2095선우현2026.06.15 (월) 11:062,0",bb7184e008e0429545c151032edec627,2037,2097,,,,,,,,,False
C_scale_peer,"2096난귝2026.06.15 (월) 15:302,03",4a6c23fb40ac7ed997fe67d8abab083a,2036,2098,,,,,,,,,False
C_scale_peer,"2097벨져2026.06.15 (월) 16:062,03",0bc77a1bc69b821f817084c11cd68d96,2035,2099,,,,,,,,,False
C_scale_peer,"2098낭고망고2026.06.15 (월) 13:242,",1704f87e2e9995143a98df6dacc32f0e,2033,2100,,,,,,,,,False
C_scale_peer,"2099강시나2026.06.16 (화) 12:302,0",5f719bd1503f427ecf780da6ab10dcd6,2029,2101,,,,,,,,,False
C_scale_peer,2100Dolphin은혜핀2026.06.06 (토) 1,7fa9d37cfc28cd1104f4cd1636057a66,2029,2102,,,,,,,,,False
C_scale_peer,"2101멜삐2026.06.16 (화) 10:482,02",425366ceabbd175f051db2e87c3db139,2026,2103,,,,,,,,,False
C_scale_peer,"2102킴연잎2026.06.15 (월) 13:542,0",f9e2f2309d88f0410b480c54f90d7f15,2025,2104,,,,,,,,,False
C_scale_peer,"2103레피돌2026.06.15 (월) 15:062,0",c4a867051fca980c13961bb6d88b1b2d,2025,2105,,,,,,,,,False
C_scale_peer,"2104이치순2026.06.16 (화) 12:302,0",c15ed54604bc9b0533e047636c0d77cc,2025,2106,,,,,,,,,False
C_scale_peer,"2105대가울2026.06.13 (토) 08:062,0",adeb7ab9d551519ccfae37b3788c40f1,2025,2107,,,,,,,,,False
C_scale_peer,"2106박짱쿠2026.06.15 (월) 15:002,0",67185fb5d9fb3fb668f0f862f21cb8e8,2024,2108,,,,,,,,,False
C_scale_peer,"2107코메2026.06.16 (화) 12:302,02",fde66e266136cea72f06a13b7c8f484a,2024,2109,,,,,,,,,False
C_scale_peer,"2108시권2026.06.16 (화) 12:302,02",1825d8692fa33e01f977af68d843a15d,2022,2110,,,,,,,,,False
C_scale_peer,2109아 이 미2026.06.14 (일) 18:062,a04c0da91309c8e7334b4ceab8dd0dc8,2021,2111,,,,,,,,,False
C_scale_peer,2110백유진 BAEK YUJIN2026.06.15 (,1295f0e76d2090192a32ef5b45466315,2020,2112,,,,,,,,,False
C_scale_peer,"2111립답2026.06.16 (화) 05:122,01",527cdff1e808397bc51c865e9b635adf,2019,2113,,,,,,,,,False
C_scale_peer,"2112삐요라네2026.06.14 (일) 16:422,",d0fa09a3d46f46d5bd6df03a1358f3f6,2019,2114,,,,,,,,,False
C_scale_peer,"2113담익지2026.06.16 (화) 12:302,0",b3faaa462d5ed590e966e7ee8936fa53,2016,2115,,,,,,,,,False
C_scale_peer,2114난 슬플때 풀캠을 돌아2026.06.14 (일),4bcce6c8f4eeec960e55ffd33b6bcef1,2015,2116,,,,,,,,,False
C_scale_peer,"2115와삽이2026.06.10 (수) 17:002,0",9ba4a6ae6e4b42eb92c0d5180de177c1,2014,2117,,,,,,,,,False
C_scale_peer,"2116이장댕2026.06.14 (일) 16:182,0",3435724ab5b1e597b456ed545541410f,2013,2118,,,,,,,,,False
C_scale_peer,"2117밤시안2026.06.16 (화) 12:302,0",3ed9232281eb3c1fe3b111b48fc15e3e,2012,2119,,,,,,,,,False
C_scale_peer,2118컬링한스푼2026.06.16 (화) 08:122,800fc6d1e7f6db2a0a66ae41f5833a77,2011,2120,,,,,,,,,False
C_scale_peer,"2119찌이콩2026.06.16 (화) 07:482,0",7e4e05f9b6fd0862d2c9cc0d01a51ee3,2011,2121,,,,,,,,,False
C_scale_peer,2120라모 LAMO2026.06.16 (화) 05:1,c663e425e015731a5665a57fbac30bb6,2009,2122,,,,,,,,,False
C_scale_peer,"2121다로로다2026.06.12 (금) 11:362,",5a59d4dd7262de34b353041befd4678d,2008,2123,,,,,,,,,False
C_scale_peer,2122마지텐시02026.06.16 (화) 08:482,705b6a18ecb39d2bd7ed6cca5e320d87,2008,2124,,,,,,,,,False
C_scale_peer,"2123한 여로2026.06.15 (월) 09:062,",bf2ec61665b6f09ae656c67d3162a99a,2006,2125,,,,,,,,,False
C_scale_peer,"2124냐땅이2026.06.16 (화) 12:302,0",2f050f29c9924122356ac91765f17e56,2006,2126,,,,,,,,,False
C_scale_peer,2125까까모리a2026.06.16 (화) 03:062,c0879e746bb53ae852381b6f5ae1447f,2003,2127,,,,,,,,,False
C_scale_peer,2126스텐다드QK2026.06.09 (화) 14:06,eca15d2adbee346e82a647904c1559fd,2003,2128,,,,,,,,,False
SUBJECT,김달수 Dalsu,dcbccbf2d8e2a1b095244c5856d3613a,3760,1269,,78,165,2449,31.4,0.4727,0.6513,리그 오브 레전드,True
