channelId,platform,name,rank,stream_hours,peak_viewers,avg_viewers,viewership,band,follower,category_1,category_1_share,category_2,category_2_share,category_3,category_3_share,total_categories,is_general_game,gg_reason,exclude_reason,collected_at
52ff9eaafb087636fbb24022702063a2,naverchzzk,,,,,,,,1090,다크 앤 다커,97.8,패스 오브 엑자일 2,2.2,,0,2,false,single_game_dominant,,2026-06-15T10:45:06.271409
ace4b66067bd8dc9e41e63a164629c62,naverchzzk,,,,,,,,321,,0,,0,,0,0,unknown,no_category_data,,2026-06-15T10:45:12.454871
c4f1b02d66e4992013fc16e47c1a0cac,naverchzzk,,,,,,,,659,이터널 리턴,100.0,,0,,0,1,false,single_game_dominant,,2026-06-15T10:45:20.178103
b8c83d297dbb590645a14e4d1c09cd7a,naverchzzk,,,,,,,,339,,0,,0,,0,0,unknown,no_category_data,,2026-06-15T10:45:26.582290
d17583cf1aed984164ad75bbccb3dfc0,naverchzzk,,,,,,,,853,,0,,0,,0,0,unknown,no_category_data,,2026-06-15T10:45:33.037929
eaa3d33a92b7fb253dd88bcf718b1897,naverchzzk,,,,,,,,812,마인크래프트,34.0,talk,22.5,스펠렁키 2,15.1,8,true,multi_game,,2026-06-15T10:45:40.493846
aad9c4cb77bebbdd8c22ffc69758c4ee,naverchzzk,,,,,,,,207,,0,,0,,0,0,unknown,no_category_data,,2026-06-15T10:45:46.717593
f4600443e10b8b2a34cf732090194e49,naverchzzk,,,,,,,,610,,0,,0,,0,0,unknown,no_category_data,,2026-06-15T10:45:52.982206
6375c3213eb6ea68d04628030e55fe31,naverchzzk,,,,,,,,56,썸썸 편의점,80.2,종합 게임,19.8,,0,2,false,single_game_dominant,,2026-06-15T10:45:59.109828
75b261dd8fa90993a3cd188c5a5c59e4,naverchzzk,,,,,,,,437,로스트아크,37.6,히어로즈 오브 더 스톰,22.9,리그 오브 레전드,14.1,13,true,multi_game,,2026-06-15T10:46:06.347904
0b38d2478ca0b3f06e4b5ed428f29990,naverchzzk,,,,,,,,89,,0,,0,,0,0,unknown,no_category_data,,2026-06-15T10:46:12.620497
2677fdd49085bb2a1d777cce53f82875,naverchzzk,,,,,,,,427,마인크래프트,78.1,붉은사막,14.3,talk,3.9,4,false,single_game_or_non_game,,2026-06-15T10:46:19.750818
adeaafc6b493e9869bd34a0a3dc3dc33,naverchzzk,,,,,,,,199,포켓로그,54.4,그림/아트,13.2,talk,12.6,7,false,single_game_or_non_game,,2026-06-15T10:46:26.826050
b83cb1969ea811b12bd27428cc81a3d2,naverchzzk,,,,,,,,773,디제이맥스 리스펙트 V,38.0,talk,26.1,사운드 볼텍스 나블라,18.5,5,true,multi_game,,2026-06-15T10:46:34.007431
e3f0483056b34299ea8c4ee35d2fe514,naverchzzk,,,,,,,,873,,0,,0,,0,0,unknown,no_category_data,,2026-06-15T10:46:40.243823
6d229d127560ea141da4b7ac7c4b154f,naverchzzk,,,,,,,,373,,0,,0,,0,0,unknown,no_category_data,,2026-06-15T10:46:46.446526
616a7baad8f2024221a94e3d65211c19,naverchzzk,,,,,,,,612,그림/아트,100.0,,0,,0,1,false,single_game_dominant,,2026-06-15T10:46:53.593728
1ce66c140fc5a93e049dd9b0b8b3ec3c,naverchzzk,,,,,,,,1774,talk,44.8,서브노티카 2,12.5,고독방송,8.9,11,false,single_game_or_non_game,,2026-06-15T10:47:00.982219
746f125b065c42a1151b42e81c4b430e,naverchzzk,,,,,,,,1213,프래그마타,51.4,talk,48.6,,0,2,false,single_game_or_non_game,,2026-06-15T10:47:08.249109
f7593dce8c3a5ebcafc81f3c611e3f62,naverchzzk,,,,,,,,223,워 썬더,44.0,아르마 3,35.3,멧챠 카멜레온,16.3,4,true,multi_game,,2026-06-15T10:47:15.369415
8b34d47fdb46d307da5e8be96c049d8b,naverchzzk,,,,,,,,206,talk,54.6,마인크래프트,23.1,종합 게임,13.9,4,false,talk_primary,,2026-06-15T10:47:21.557098
5a11e1cd1e5f2ec76a538555f4ecfaa8,naverchzzk,,,,,,,,1455,,0,,0,,0,0,unknown,no_category_data,,2026-06-15T10:47:27.735658
48697d0ca4d9e7717a4b2f882aa573b7,naverchzzk,,,,,,,,248,,0,,0,,0,0,unknown,no_category_data,,2026-06-15T10:47:34.715599
04ff1ae94f6842dafce46f5fcd940144,naverchzzk,,,,,,,,1004,talk,96.8,음악/노래,3.2,,0,2,false,talk_primary,,2026-06-15T10:47:40.966377
78c05a1da762389c081b5a02410d3da2,naverchzzk,,,,,,,,544,,0,,0,,0,0,unknown,no_category_data,,2026-06-15T10:47:47.342188
2d8f6eb4401daf75b453f8d573718bd9,naverchzzk,,,,,,,,496,팰월드,39.1,PUBG: 배틀그라운드,22.3,파워워시 시뮬레이터 2,17.3,9,true,multi_game,,2026-06-15T10:47:54.602584
bf9a9f3f3c14adbbd8d4eae35aadb4e6,naverchzzk,,,,,,,,254,성검전설 3 TRIALS of MANA,40.8,하데스,22.4,트로피코 6,16.3,6,true,multi_game,,2026-06-15T10:48:02.144558
9d7026843017d103982bc5401b949429,naverchzzk,,,,,,,,377,talk,91.8,음악/노래,8.2,,0,2,false,talk_primary,,2026-06-15T10:48:09.546944
fd53f22f8bb7613092e0b7cd4bcc52fb,naverchzzk,,,,,,,,701,talk,54.3,승리의 여신: 니케,15.4,데이브 더 다이버,15.1,6,false,talk_primary,,2026-06-15T10:48:15.787057
4fcb5361f489a91ec28e014f51fa7f54,naverchzzk,,,,,,,,654,발로란트,65.0,마인크래프트,14.2,디아블로 4: 증오의 군주,8.3,6,false,single_game_or_non_game,,2026-06-15T10:48:22.962800
d33d9a317e4816e2f080fbfe283a57de,naverchzzk,,,,,,,,505,이터널 리턴,56.5,talk,23.2,종합 게임,8.7,5,false,single_game_or_non_game,,2026-06-15T10:48:30.298504
ec8148af6ed4f786a5298e22ce97a709,naverchzzk,,,,,,,,173,talk,71.2,포켓몬스터 스칼렛 · 바이올렛,28.8,,0,2,false,talk_primary,,2026-06-15T10:48:36.450019
b4557755c435debbfdf25f9d00ee421d,naverchzzk,,,,,,,,258,,0,,0,,0,0,unknown,no_category_data,,2026-06-15T10:48:42.858271
c62d0f7e20bc514cccb598a03e04c09a,naverchzzk,,,,,,,,769,메이플스토리,100.0,,0,,0,1,false,single_game_dominant,,2026-06-15T10:48:50.164864
2145feb5769a3da05750c1ce623bc77d,naverchzzk,,,,,,,,210,데드 바이 데이라이트,100.0,,0,,0,1,false,single_game_dominant,,2026-06-15T10:48:57.231836
2f7e14ba8a74c3fd3ef58becd0f73d55,naverchzzk,,,,,,,,1804,talk,69.7,오버워치,12.8,아크 레이더스,5.7,7,false,talk_primary,,2026-06-15T10:49:08.068343
ad8ae16f1e9f24c2d90ba3fb2762339a,naverchzzk,,,,,,,,453,메이플스토리 월드,67.0,서브노티카 2,30.5,리그 오브 레전드,2.5,3,true,multi_game,,2026-06-15T10:49:15.620576
a90164b758c7a4b085d82174efd469ad,naverchzzk,,,,,,,,454,데드 바이 데이라이트,97.3,리그 오브 레전드,2.7,,0,2,false,single_game_dominant,,2026-06-15T10:49:24.829384
ae601a5619064bbe35bca3fadae9863a,naverchzzk,,,,,,,,494,,0,,0,,0,0,unknown,no_category_data,,2026-06-15T10:49:31.027771
604785632040d70658cf5c5e76ac2532,naverchzzk,,,,,,,,723,로스트아크,92.9,리그 오브 레전드,5.8,종합 게임,0.8,4,false,single_game_dominant,,2026-06-15T10:49:38.247419
f110daf205bf63919ed4c221a7c65dbe,naverchzzk,,,,,,,,403,비세이지,22.1,로스트아크,19.1,SCP: 시크릿 래버러토리,12.3,15,true,multi_game,,2026-06-15T10:49:45.830075
da714e509e48e7a37bdbcede79988c09,naverchzzk,,,,,,,,727,리그 오브 레전드,54.4,talk,18.5,종합 게임,10.0,7,false,single_game_or_non_game,,2026-06-15T10:49:53.314829
de99687affdde8fb36e4dfb1a3af9f9f,naverchzzk,,,,,,,,330,톰 클랜시의 레인보우 식스 시즈 X,51.0,Once Human,49.0,,0,2,true,multi_game,,2026-06-15T10:50:00.802540
be5c4e0c823679cd8f7c6321b7465389,naverchzzk,,,,,,,,1111,talk,37.6,림버스 컴퍼니,25.2,투 더 문,9.5,9,false,single_game_or_non_game,,2026-06-15T10:50:07.234028
bb6f8d2740487f06e54a6f658a344a04,naverchzzk,,,,,,,,869,,0,,0,,0,0,unknown,no_category_data,,2026-06-15T10:50:13.485826
68aaff581f4ca32ad5a1db6807dce0a9,naverchzzk,,,,,,,,365,talk,36.8,발로란트,31.9,마인크래프트,16.6,11,true,multi_game,,2026-06-15T10:50:19.832432
5e5fd9e3f5f711efff94b8e4b1d6c0e8,naverchzzk,,,,,,,,432,talk,52.5,이터널 리턴,20.7,마인크래프트,10.0,13,false,talk_primary,,2026-06-15T10:50:28.093717
f73a61d2d97a63ce39311b5d58d729d9,naverchzzk,,,,,,,,205,talk,92.8,종합 게임,7.2,,0,2,false,talk_primary,,2026-06-15T10:50:34.321225
ab759115ffda068364fb72e585d04072,naverchzzk,,,,,,,,191,talk,18.6,모여봐요 동물의 숲,16.4,셀레스트,14.1,19,false,single_game_or_non_game,,2026-06-15T10:50:41.616407
aaea0f307b2c8bf0e6f608a51facb4ce,naverchzzk,,,,,,,,549,talk,36.0,PUBG: 배틀그라운드,22.7,이환,9.8,8,false,single_game_or_non_game,,2026-06-15T10:50:49.148322
97258346ef627c2a78cca93fab886cd3,naverchzzk,,,,,,,,857,마인크래프트,30.8,패스 오브 엑자일 2,21.0,세키로: 섀도우 다이 트와이스,15.1,12,true,multi_game,,2026-06-15T10:50:57.494722
5d12c8615046a3e5513b149ac9380916,naverchzzk,,,,,,,,5496,토탈 워: 워해머 3,73.4,컴퍼니 오브 히어로즈 3,20.5,"워해머 40,000: 메카니쿠스 II",3.5,5,true,multi_game,,2026-06-15T10:51:05.382553
6b2ab41069d571ec5a7886d734cdf2c3,naverchzzk,,,,,,,,835,콜 오브 듀티 : 워존,72.5,FC온라인,15.5,2026 FIFA 북중미 월드컵,11.2,5,true,multi_game,,2026-06-15T10:51:12.752230
8144ee9fb778f2814d4b7dc47f10b7b0,naverchzzk,,,,,,,,646,talk,52.5,림버스 컴퍼니,27.5,리그 오브 레전드,12.5,4,false,talk_primary,,2026-06-15T10:51:20.595614
345e150051f66de22bdc2566a5604b00,naverchzzk,,,,,,,,1279,몬스터 헌터 와일즈,46.5,talk,25.2,ASMR,8.3,11,false,single_game_or_non_game,,2026-06-15T10:51:28.079979
e4d0fa060028d8b5a1601fb97859883a,naverchzzk,,,,,,,,400,,0,,0,,0,0,unknown,no_category_data,,2026-06-15T10:51:34.332892
43e3c57feed0478ff9812109a40f9fe8,naverchzzk,,,,,,,,1188,마인크래프트,45.5,talk,28.2,PUBG: 배틀그라운드,12.9,7,false,single_game_or_non_game,,2026-06-15T10:51:41.976711
46509f87524b9234c712ec488eb7ec2c,naverchzzk,,,,,,,,800,PUBG: 배틀그라운드,63.1,코어 키퍼,21.9,스피시즈: 언노운,6.1,11,true,multi_game,,2026-06-15T10:51:49.831047
e9096bb99df570645e9e0b055517a218,naverchzzk,,,,,,,,477,오버워치,98.7,패스트 푸드 시뮬레이터,0.8,음악/노래,0.4,3,false,single_game_dominant,,2026-06-15T10:51:56.675695
857174c4d4ce7272ac42f9ca4e22b998,naverchzzk,,,,,,,,267,데드 바이 데이라이트,74.3,이스케이프 프롬 타르코프,14.1,림버스 컴퍼니,7.9,4,false,single_game_or_non_game,,2026-06-15T10:52:04.184525
e0b9b6b2d187e8b87df14e71332945f8,naverchzzk,,,,,,,,459,종합 게임,100.0,,0,,0,1,true,gg_primary,,2026-06-15T10:52:10.444603
a124c617c0f6c922058dfbd603b1abf9,naverchzzk,,,,,,,,377,이환,61.3,스텔라 블레이드,24.2,붉은사막,14.5,3,true,multi_game,,2026-06-15T10:52:19.385715
32a1346a7f42f3cdd1d64f1441117a5d,naverchzzk,,,,,,,,959,,0,,0,,0,0,unknown,no_category_data,,2026-06-15T10:52:26.211109
2695dfcea0029dfd9a22a6c28300771a,naverchzzk,,,,,,,,214,로스트아크,100.0,,0,,0,1,false,single_game_dominant,,2026-06-15T10:52:32.653735
6d9374770381dd20d2c63e987b9e735a,naverchzzk,,,,,,,,168,,0,,0,,0,0,unknown,no_category_data,,2026-06-15T10:52:38.844461
420728e601f2f4bbcb9cad159f071cec,naverchzzk,,,,,,,,848,스타 시티즌,47.8,이스케이프 프롬 타르코프,21.6,톰 클랜시의 레인보우 식스 시즈 X,14.0,11,true,multi_game,,2026-06-15T10:52:46.865677
95bd4df15fe8774da29943163566de4f,naverchzzk,,,,,,,,1295,,0,,0,,0,0,unknown,no_category_data,,2026-06-15T10:52:53.189444
2a3216353b321cca65b9853a4dd37ff7,naverchzzk,,,,,,,,373,,0,,0,,0,0,unknown,no_category_data,,2026-06-15T10:52:59.706237
5737774cd8a4f53a5857a64a71d7c507,naverchzzk,,,,,,,,205,포르자 호라이즌 6,100.0,,0,,0,1,false,single_game_dominant,,2026-06-15T10:53:06.023220
ea4f4915f741d6ce7a35c67ad837a43c,naverchzzk,,,,,,,,1920,로스트아크,100.0,,0,,0,1,false,single_game_dominant,,2026-06-15T10:53:13.836185
45909bf628e4e204775c02402f68419a,naverchzzk,,,,,,,,235,종합 게임,63.6,PUBG: 배틀그라운드,36.4,마인크래프트,0.0,3,true,gg_primary,,2026-06-15T10:53:21.351719
15025d616518761242b9e05b41cd4cd4,naverchzzk,,,,,,,,759,붉은사막,42.7,원신,21.2,음악/노래,21.0,9,true,multi_game,,2026-06-15T10:53:33.451953
92ff5da70430cedcb354f4e4a9c63d12,naverchzzk,,,,,,,,608,디제이맥스 리스펙트 V,99.0,이지투온 리부트: R,1.0,,0,2,false,single_game_dominant,,2026-06-15T10:53:40.881003
b1861a0cd502f5defe50b8468aa639c6,naverchzzk,,,,,,,,421,talk,100.0,,0,,0,1,false,talk_primary,,2026-06-15T10:53:48.191070
1311651e34d0c30b2c75089b9f8d17be,naverchzzk,,,,,,,,278,프랫폴,46.8,요트 다이스,27.7,talk,25.5,3,true,multi_game,,2026-06-15T10:53:54.552804
032aacd8f74538959646a77c2474b5bb,naverchzzk,,,,,,,,390,아레나 브레이크아웃,84.7,리그 오브 레전드,9.1,talk,2.7,7,false,single_game_dominant,,2026-06-15T10:54:02.315547
0843131c65569a4b2944121f54e26c8f,naverchzzk,,,,,,,,1420,오버워치,99.5,발로란트,0.4,리그 오브 레전드,0.2,3,false,single_game_dominant,,2026-06-15T10:54:10.206499
a3159ede4324f6ba46b08254a2c196e2,naverchzzk,,,,,,,,622,talk,100.0,,0,,0,1,false,talk_primary,,2026-06-15T10:54:16.722622
2f3fea3818e2e4c8c108472bab5c26c6,naverchzzk,,,,,,,,252,발로란트,87.9,종합 게임,12.1,,0,2,false,single_game_dominant,,2026-06-15T10:54:23.118655
5b6a3ba3b299212e53b03c4de79f1ce8,naverchzzk,,,,,,,,413,철권 8,34.0,talk,32.6,슬레이 더 스파이어 2,14.1,7,false,single_game_or_non_game,,2026-06-15T10:54:30.688053
2bb719c821588d9cd9dfd847e17ea183,naverchzzk,,,,,,,,256,talk,65.6,이환,22.2,2026 FIFA 북중미 월드컵,10.5,4,false,talk_primary,,2026-06-15T10:54:37.895518
6bc83d2a18d722a0b4d03917bde007d8,naverchzzk,,,,,,,,2745,패스 오브 엑자일 2,99.2,토치라이트: 인피니트,0.5,"여름미녀, 심장 폭주 주의보!",0.2,3,false,single_game_dominant,,2026-06-15T10:54:45.978792
d20ec8d214348b4360dfcc7c8ad23a8f,naverchzzk,,,,,,,,2680,talk,72.3,카운터 스트라이크 2,7.5,오버워치,7.1,8,false,talk_primary,,2026-06-15T10:54:53.155367
8f6552c384bf388fc1037cf0729b2e77,naverchzzk,,,,,,,,444,리그 오브 레전드,26.9,발로란트,16.3,talk,13.5,19,true,multi_game,,2026-06-15T10:55:01.486192
ef7a367a7921b9db93c88083d97e68e2,naverchzzk,,,,,,,,420,리니지 클래식,96.6,구스 구스 덕,3.4,,0,2,false,single_game_dominant,,2026-06-15T10:55:08.730940
22471db05fca8f4a23fbf386af158dd4,naverchzzk,,,,,,,,1989,talk,35.1,패스 오브 엑자일 2,22.1,스타듀 밸리,18.7,10,true,multi_game,,2026-06-15T10:55:56.395527
6dbe5f736cf47dbca1bc0c85c53070c7,naverchzzk,,,,,,,,3383,패스 오브 엑자일 2,96.7,리그 오브 레전드,1.3,슬레이 더 스파이어 2,1.1,4,false,single_game_dominant,,2026-06-15T10:56:00.831697
fad981710a240c690f46d635231a3e78,naverchzzk,,,,,,,,793,검은사막,93.0,레드 데드 리뎀션 2,2.0,리그 오브 레전드,1.4,8,false,single_game_dominant,,2026-06-15T10:56:04.511350
4f4f3cb93bcf02b24b1316e2b0705ec1,naverchzzk,,,,,,,,197,,0,,0,,0,0,unknown,no_category_data,,2026-06-15T10:56:07.224617
d31188683a1feacb422e449a1f7324cd,naverchzzk,,,,,,,,1145,talk,33.9,프랫폴,25.0,R.E.P.O.,12.5,11,false,single_game_or_non_game,,2026-06-15T10:56:10.952160
6f4bbb221957ce2824fd6afd51b7a56e,naverchzzk,,,,,,,,227,,0,,0,,0,0,unknown,no_category_data,,2026-06-15T10:56:13.609258
c43bb1e044d387717daf4113989590de,naverchzzk,,,,,,,,729,아크: 서바이벌 이볼브드,59.8,시드 마이어의 문명 VI,10.5,림버스 컴퍼니,8.6,9,false,single_game_or_non_game,,2026-06-15T10:56:17.454987
d761ed6e15808891b740fda8c77cfae3,naverchzzk,,,,,,,,116,,0,,0,,0,0,unknown,no_category_data,,2026-06-15T10:56:20.135495
a545b7ff99ccd8b6102ee102c54a208a,naverchzzk,,,,,,,,1223,로스트아크,41.3,talk,16.1,메이플스토리,13.6,8,false,single_game_or_non_game,,2026-06-15T10:56:24.185664
f44a14716f255c1473a92776d1d54cdf,naverchzzk,,,,,,,,338,talk,34.2,이터널 리턴,28.0,Grand Theft Auto V,25.1,7,true,multi_game,,2026-06-15T10:56:27.756671
75dd8cb7fac635ef21c5842a3ed51a3d,naverchzzk,,,,,,,,217,talk,86.7,포켓몬 포코피아,11.0,오버워치,2.3,3,false,talk_primary,,2026-06-15T10:56:31.452250
5a11119fa3fb104328dc57321dcb3a46,naverchzzk,,,,,,,,699,,0,,0,,0,0,unknown,no_category_data,,2026-06-15T10:56:34.165435
b0ef38aa07d1339d9c356e4c66941e69,naverchzzk,,,,,,,,1362,리그 오브 레전드,99.4,PUBG: 배틀그라운드,0.6,종합 게임,0.0,3,false,single_game_dominant,,2026-06-15T10:56:38.348853
d52007301dabc77f3efc84d948df8727,naverchzzk,,,,,,,,447,talk,64.2,명조:워더링 웨이브,27.6,종합 게임,5.5,4,false,talk_primary,,2026-06-15T10:56:42.055897
ce31de9b9a68805be3d6ecee0c2a82d5,naverchzzk,,,,,,,,411,,0,,0,,0,0,unknown,no_category_data,,2026-06-15T10:56:44.816265
720ef735dc2f43dd94b6af0b52a12d74,naverchzzk,,,,,,,,288,발로란트,71.7,talk,15.7,종합 게임,7.0,6,false,single_game_or_non_game,,2026-06-15T10:56:48.350355
1d80bc7f8a45856473e4d04da144a936,naverchzzk,,,,,,,,1029,,0,,0,,0,0,unknown,no_category_data,,2026-06-15T10:56:51.317139
315f7590d9517c9976aaa337665be95a,naverchzzk,,,,,,,,786,마인크래프트,67.8,talk,16.1,모여봐요 동물의 숲,5.5,9,false,single_game_or_non_game,,2026-06-15T10:56:55.085885
bf87ac434a8a0d7e3a552b8efd152da5,naverchzzk,,,,,,,,251,,0,,0,,0,0,unknown,no_category_data,,2026-06-15T11:02:48.869846
df48808062ec837bf245f30bb4b62482,naverchzzk,,,,,,,,244,,0,,0,,0,0,unknown,no_category_data,,2026-06-15T11:02:49.003162
0b79caf64301eed5e2b93a75485feebf,naverchzzk,,,,,,,,661,,0,,0,,0,0,unknown,no_category_data,,2026-06-15T11:02:49.082231
18e72d38acbd6fb781f4c1107d8a9896,naverchzzk,,,,,,,,741,talk,27.1,PUBG: 배틀그라운드,21.3,마인크래프트,12.6,12,false,single_game_or_non_game,,2026-06-15T11:02:49.880519
0ff9e4797d50773b16ef95d28ea93c1b,naverchzzk,,,,,,,,300,,0,,0,,0,0,unknown,no_category_data,,2026-06-15T11:02:54.190163
dca58faa9c1705766da6e3469c6c2d67,naverchzzk,,,,,,,,598,,0,,0,,0,0,unknown,no_category_data,,2026-06-15T11:02:54.999110
4e81ec644ffc7efedc67a158a7e8273c,naverchzzk,,,,,,,,615,패스 오브 엑자일 2,81.6,디아블로 4: 증오의 군주,18.4,,0,2,false,single_game_dominant,,2026-06-15T11:02:55.282572
214f80f8a2d9cf9299ac64cd3ee183e0,naverchzzk,,,,,,,,1085,PUBG: 배틀그라운드,71.1,오버워치,18.6,talk,10.3,3,true,multi_game,,2026-06-15T11:02:55.526379
5ae0a54ed8df7d89e9a95a2fae17f881,naverchzzk,,,,,,,,310,,0,,0,,0,0,unknown,no_category_data,,2026-06-15T11:02:56.896424
1435ef89d72aab2f68d1b8cbd042bd57,naverchzzk,,,,,,,,678,,0,,0,,0,0,unknown,no_category_data,,2026-06-15T11:02:59.692817
5bff90210f95c7f20c123ac593b874ab,naverchzzk,,,,,,,,236,,0,,0,,0,0,unknown,no_category_data,,2026-06-15T11:03:00.270416
502f2a93037ff6984286d4104c1cac73,naverchzzk,,,,,,,,1306,음악/노래,70.6,성세천하: 여제의 탄생 Ⅱ,16.7,디렉티브 8020,12.7,3,true,multi_game,,2026-06-15T11:03:01.467050
a0c7f1c0e1cbe17f74c92b48cc114f0d,naverchzzk,,,,,,,,488,마인크래프트,49.9,발헤임,20.1,PUBG: 배틀그라운드,9.8,8,true,multi_game,,2026-06-15T11:03:02.410948
f7de2dc0fbb6bad92cb7179a3679766f,naverchzzk,,,,,,,,172,,0,,0,,0,0,unknown,no_category_data,,2026-06-15T11:03:03.124576
d05816eb74c052f8871d7c5161e9875b,naverchzzk,,,,,,,,281,talk,65.0,테트리스,19.3,종합 게임,8.4,6,false,talk_primary,,2026-06-15T11:03:05.738931
a22483324bac8937ba7cbb9852375063,naverchzzk,,,,,,,,317,팀파이트 매니저 2,34.3,림버스 컴퍼니,28.0,talk,15.2,7,true,multi_game,,2026-06-15T11:03:06.202625
ab557717b55a504d8c5ee7b5f83b25a6,naverchzzk,,,,,,,,928,talk,74.1,ASMR,25.9,,0,2,false,talk_primary,,2026-06-15T11:03:06.801155
a674afc08e040e7f6be4874afcd59697,naverchzzk,,,,,,,,236,마인크래프트,75.0,오버워치,25.0,talk,0.0,3,true,multi_game,,2026-06-15T11:03:07.327632
2f03fccfb6a616c59edfb0692285be30,naverchzzk,,,,,,,,1807,,0,,0,,0,0,unknown,no_category_data,,2026-06-15T11:03:08.314769
21967d3ee32a1db3fca76881d431fc81,naverchzzk,,,,,,,,495,,0,,0,,0,0,unknown,no_category_data,,2026-06-15T11:03:09.456195
1cd18c882250a90543e60a7af5e90513,naverchzzk,,,,,,,,361,,0,,0,,0,0,unknown,no_category_data,,2026-06-15T11:03:09.828025
476992b104a37748a66080e357ed9b95,naverchzzk,,,,,,,,75,블루 아카이브,100.0,종합 게임,0.0,,0,2,false,single_game_dominant,,2026-06-15T11:03:10.100509
75214f65409a42bc2e21d355ce15a58e,naverchzzk,,,,,,,,113,,0,,0,,0,0,unknown,no_category_data,,2026-06-15T11:03:10.855633
23c6c2947be330954efabed50a02d3f6,naverchzzk,,,,,,,,1838,마인크래프트,44.7,로스트아크,39.0,PUBG: 배틀그라운드,12.0,5,true,multi_game,,2026-06-15T11:03:13.541962
cd4f67139abac51abe4fcbe8b3a58891,naverchzzk,,,,,,,,684,마인크래프트,34.4,이환,22.7,talk,12.4,11,true,multi_game,,2026-06-15T11:03:15.480917
818dfe3dafab3d24ed73a3ea9f0bc9f3,naverchzzk,,,,,,,,325,,0,,0,,0,0,unknown,no_category_data,,2026-06-15T11:03:16.822685
c9ae4e77f7b0e89e09573a3cab786d70,naverchzzk,,,,,,,,563,아레나 브레이크아웃,88.9,왕좌의 게임: 킹스로드,4.2,talk,3.1,7,false,single_game_dominant,,2026-06-15T11:03:16.850573
a145e40ade94d26e189fc99c26fd1d6a,naverchzzk,,,,,,,,358,talk,77.8,승리의 여신: 니케,22.2,,0,2,false,talk_primary,,2026-06-15T11:03:16.930530
6c9caa482ce4e5f237edc5988efcfe0f,naverchzzk,,,,,,,,405,블러드본,51.6,talk,24.1,ELDEN RING 밤의 통치자,14.0,6,false,single_game_or_non_game,,2026-06-15T11:03:20.870835
6679d750a1130321415c77c7538d230f,naverchzzk,,,,,,,,358,,0,,0,,0,0,unknown,no_category_data,,2026-06-15T11:03:21.766911
ef0cd53567b922d2d38834bbb9cd67d0,naverchzzk,,,,,,,,713,로스트아크,42.2,PUBG: 배틀그라운드,25.5,연운,23.8,5,true,multi_game,,2026-06-15T11:03:25.731749
11ac97ff4ba6f995d8cc8e9eaa3fe413,naverchzzk,,,,,,,,3200,talk,51.1,리그 오브 레전드,10.6,발로란트,8.1,11,false,talk_primary,,2026-06-15T11:03:26.031362
cd0e5a9c9d29adf385adb3949be4b58f,naverchzzk,,,,,,,,877,그림/아트,78.9,talk,12.5,월드 오브 탱크,3.3,7,false,single_game_or_non_game,,2026-06-15T11:03:27.840943
c98118d67256b1ba59b5dc3136962c85,naverchzzk,,,,,,,,100,철권 8,53.2,talk,26.2,리그 오브 레전드,9.8,7,false,single_game_or_non_game,,2026-06-15T11:03:28.663739
5729a0158507aba08ff89db5bc3f9fad,naverchzzk,,,,,,,,435,,0,,0,,0,0,unknown,no_category_data,,2026-06-15T11:03:29.097042
0a41e482881b5f79059952c6c6f73b47,naverchzzk,,,,,,,,404,,0,,0,,0,0,unknown,no_category_data,,2026-06-15T11:03:29.104555
73734613d23b30997c4ea879a085280c,naverchzzk,,,,,,,,515,스타듀 밸리,49.7,돈 스타브 투게더,24.0,talk,17.0,8,true,multi_game,,2026-06-15T11:03:33.966709
eeb9080ebfab18537d597bbaadbad116,naverchzzk,,,,,,,,168,,0,,0,,0,0,unknown,no_category_data,,2026-06-15T11:03:34.119294
9e4ca45f17c48ff95313eb4bfb6a3c2a,naverchzzk,,,,,,,,978,talk,52.5,림버스 컴퍼니,22.5,이터널 리턴,16.8,4,false,talk_primary,,2026-06-15T11:03:34.430451
918da8b2f34e8adeb1a32e10e4c1d4e3,naverchzzk,,,,,,,,165,파이널판타지14,50.0,P의 거짓,45.6,talk,4.4,3,true,multi_game,,2026-06-15T11:03:34.887076
6995e1395ee113ee9c9c8a90fcfc8afe,naverchzzk,,,,,,,,155,,0,,0,,0,0,unknown,no_category_data,,2026-06-15T11:03:38.826585
6ead822eba3002cb7e7948cc0696f35b,naverchzzk,,,,,,,,1077,talk,40.7,발로란트,27.1,로스트아크,14.7,5,false,single_game_or_non_game,,2026-06-15T11:03:39.786984
9069ee53c9fd974f60a98e0b6f20dbb3,naverchzzk,,,,,,,,1158,로스트아크,71.2,PUBG: 배틀그라운드,25.5,발로란트,3.3,3,true,multi_game,,2026-06-15T11:03:40.478839
24145f9c3720d0e3b00d745ee5a352dc,naverchzzk,,,,,,,,307,talk,57.1,발로란트,33.3,리그 오브 레전드,9.5,4,false,talk_primary,,2026-06-15T11:03:40.661015
437f173b1b1fcd17a2a74b112743b5f1,naverchzzk,,,,,,,,720,,0,,0,,0,0,unknown,no_category_data,,2026-06-15T11:03:41.494743
8f12089a7cf0fa2423bed699c69a9293,naverchzzk,,,,,,,,1230,,0,,0,,0,0,unknown,no_category_data,,2026-06-15T11:03:45.748096
288f7aafe3877bb18a4aacced0467667,naverchzzk,,,,,,,,6457,talk,86.8,친구모아 아일랜드 두근두근 라이프,11.7,마인크래프트,1.5,3,false,talk_primary,,2026-06-15T11:03:46.389624
16586a11cf23fe99b1bae676e2ff1a1d,naverchzzk,,,,,,,,697,리그 오브 레전드,89.3,talk,10.7,,0,2,false,single_game_dominant,,2026-06-15T11:03:46.919540
d1c8d9fd2b0bfe5582dd81b25457bacc,naverchzzk,,,,,,,,1382,컴퍼니 오브 히어로즈 3,34.0,스타크래프트 II : 공허의 유산,25.5,러스트,13.5,13,true,multi_game,,2026-06-15T11:03:48.176541
c2ca9188620036100734685dfeb6bb9c,naverchzzk,,,,,,,,376,,0,,0,,0,0,unknown,no_category_data,,2026-06-15T11:03:49.000163
291cc526a5fb9db31abdcf2152b0af84,naverchzzk,,,,,,,,980,발로란트,74.5,래프트,6.8,오버워치,6.4,8,false,single_game_or_non_game,,2026-06-15T11:03:54.155851
a7f56244ffbdaf7e7c7df3168b8ae09b,naverchzzk,,,,,,,,376,에픽세븐,80.7,용과 같이0 맹세의 장소 Director's Cut,10.3,저지 아이즈: 사신의 유언 Remastered,3.8,7,false,single_game_dominant,,2026-06-15T11:03:54.398615
6f51b386c998630b92fbcbe854d1bc97,naverchzzk,,,,,,,,1011,월드 오브 워크래프트: 한밤,100.0,,0,,0,1,false,single_game_dominant,,2026-06-15T11:03:54.425365
c6d00dc51e90827efd9b5f2dc60f84ec,naverchzzk,,,,,,,,107,,0,,0,,0,0,unknown,no_category_data,,2026-06-15T11:03:54.439910
e51fdfe6ebd8edf23398bc0515868a51,naverchzzk,,,,,,,,106,마인크래프트,100.0,,0,,0,1,false,single_game_dominant,,2026-06-15T11:03:58.307468
5dd646676fa0b3a3e40dc416e95e123d,naverchzzk,,,,,,,,238,,0,,0,,0,0,unknown,no_category_data,,2026-06-15T11:03:59.162290
10f093aaae8b3a73abeb38a71f2fbf93,naverchzzk,,,,,,,,1479,talk,56.5,PUBG: 배틀그라운드,5.9,마인크래프트,5.5,17,false,talk_primary,,2026-06-15T11:04:00.878533
75b8f02fd195d29ea9d4885682c5c2b2,naverchzzk,,,,,,,,203,돈 스타브 투게더,63.2,윈터 버로우,21.8,더 롱 다크,15.0,3,true,multi_game,,2026-06-15T11:04:01.428262
960dcceeb602aa8320179d425897af1c,naverchzzk,,,,,,,,282,talk,52.5,종합 게임,30.0,로스트아크,17.5,3,false,talk_primary,,2026-06-15T11:04:01.653613
fb153e253e105ea3872af76da4d3580c,naverchzzk,,,,,,,,114,,0,,0,,0,0,unknown,no_category_data,,2026-06-15T11:04:02.090356
1b9d1f530ee2bf4f2107184d0b4b1450,naverchzzk,,,,,,,,133,,0,,0,,0,0,unknown,no_category_data,,2026-06-15T11:04:04.486700
0cd041dee3d90ecccee26af586fd630e,naverchzzk,,,,,,,,506,,0,,0,,0,0,unknown,no_category_data,,2026-06-15T11:04:07.004647
2f602c4e41a86198d20580df040d702d,naverchzzk,,,,,,,,367,오버워치,35.3,이터널 리턴,18.7,더 롱 다크,12.7,17,true,multi_game,,2026-06-15T11:04:08.861641
2016cbe6748f5caec06017011d05e007,naverchzzk,,,,,,,,1097,마비노기 모바일,41.5,마인크래프트,30.5,PUBG: 배틀그라운드,8.4,11,true,multi_game,,2026-06-15T11:04:08.868766
9808a894f837d6a892de0099080f451f,naverchzzk,,,,,,,,229,발로란트,50.4,이스케이프 프롬 타르코프,14.0,리그 오브 레전드,9.4,10,false,single_game_or_non_game,,2026-06-15T11:04:10.222448
b24a3bc8d6c5479b20ae69148bd79934,naverchzzk,,,,,,,,226,돈 스타브 투게더,49.9,메이플스토리 월드,19.3,리그 오브 레전드,14.1,9,true,multi_game,,2026-06-15T11:04:12.464617
e31b6a9075ce390fb4130dfb88f43492,naverchzzk,,,,,,,,603,로보토미 코퍼레이션,81.8,talk,18.2,,0,2,false,single_game_dominant,,2026-06-15T11:04:13.593868
9a5a0c9ff2972c4b314707749308eff4,naverchzzk,,,,,,,,900,,0,,0,,0,0,unknown,no_category_data,,2026-06-15T11:04:13.831090
12b5a1a9d67d0a5c9f4e5bb1ed3d8d57,naverchzzk,,,,,,,,3287,talk,79.2,리그 오브 레전드,15.1,산소미포함,5.7,3,false,talk_primary,,2026-06-15T11:04:15.362125
6e684c512ed9aa131aa07743798eff63,naverchzzk,,,,,,,,711,오버워치,30.0,마인크래프트,20.7,talk,19.0,11,true,multi_game,,2026-06-15T11:04:19.075046
c7bd6837ce7cb25a03cd151aefba3380,naverchzzk,,,,,,,,179,,0,,0,,0,0,unknown,no_category_data,,2026-06-15T11:04:19.564546
82a2e3842251a7769df0470a84f4e4bc,naverchzzk,,,,,,,,372,talk,76.9,멧챠 카멜레온,12.0,프랫폴,11.1,3,false,talk_primary,,2026-06-15T11:04:20.109602
483c06a22852b9937659be530e01bb52,naverchzzk,,,,,,,,539,메이플스토리,93.8,메이플스토리 월드,3.7,리그 오브 레전드,2.5,3,false,single_game_dominant,,2026-06-15T11:04:20.208204
fbdbef595207d2d0ec6c95ef0a3c0d09,naverchzzk,,,,,,,,348,talk,94.6,PUBG: 배틀그라운드,3.1,악의,2.3,3,false,talk_primary,,2026-06-15T11:04:22.203654
d705a068dc90f8feb4604c3d527f3ab3,naverchzzk,,,,,,,,444,,0,,0,,0,0,unknown,no_category_data,,2026-06-15T11:04:22.997559
f0dc304eab6232881f3194f330fbd0de,naverchzzk,,,,,,,,589,,0,,0,,0,0,unknown,no_category_data,,2026-06-15T11:04:23.762978
499c46d590b9f559edeff2b6e650e99f,naverchzzk,,,,,,,,235,히어로즈 오브 더 스톰,85.9,스타크래프트 II : 공허의 유산,6.0,먹방/쿡방,3.1,5,false,single_game_dominant,,2026-06-15T11:04:24.402287
98e2354c4d0200710adbc9a96a042c10,naverchzzk,,,,,,,,1425,,0,,0,,0,0,unknown,no_category_data,,2026-06-15T11:04:27.552522
d70275acad39178c9ced7644e5dfd7db,naverchzzk,,,,,,,,432,이터널 리턴,100.0,,0,,0,1,false,single_game_dominant,,2026-06-15T11:04:28.031988
3d8463e734ffe235654b5e4dca19ede8,naverchzzk,,,,,,,,562,로스트아크,49.9,톰 클랜시의 레인보우 식스 시즈 X,41.8,talk,3.2,6,true,multi_game,,2026-06-15T11:04:28.486014
2fb116958ef310466ab72fa401413084,naverchzzk,,,,,,,,594,talk,46.4,메이플스토리 월드,7.8,리그 오브 레전드,7.2,11,false,single_game_or_non_game,,2026-06-15T11:04:29.555234
78e264d13612666c36eba77ffb199c1e,naverchzzk,,,,,,,,521,,0,,0,,0,0,unknown,no_category_data,,2026-06-15T11:04:32.298513
088a2dcd2514b3a275ea93140ee619d9,naverchzzk,,,,,,,,871,,0,,0,,0,0,unknown,no_category_data,,2026-06-15T11:04:33.517294
34431dabd2a6999ecb93e54a8c1e746e,naverchzzk,,,,,,,,266,슈퍼 마리오 메이커 2,43.2,요시와 신기한 도감,20.9,미나 더 할로워,14.8,11,true,multi_game,,2026-06-15T11:04:33.994860
6297688b7efad99687f11fae5546c6ba,naverchzzk,,,,,,,,313,talk,30.1,코어 키퍼,26.9,스플래툰 3,16.1,6,true,multi_game,,2026-06-15T11:04:34.546776
5a59d4dd7262de34b353041befd4678d,naverchzzk,,,,,,,,2008,그림/아트,80.1,talk,19.9,,0,2,false,single_game_dominant,,2026-06-15T11:04:37.697504
7a8ce0cbe4c3580e8a5e83013ce89e7c,naverchzzk,,,,,,,,1375,그림/아트,79.4,오버워치,20.6,,0,2,false,single_game_or_non_game,,2026-06-15T11:04:37.922979
21ff48244dba27fce3b6346f17b1523e,naverchzzk,,,,,,,,250,talk,54.0,몬스터 헌터 와일즈,19.0,페르소나5: 더 팬텀 X,18.3,4,false,talk_primary,,2026-06-15T11:04:38.443706
db17eb2953da3fc0532bd62d17a02d5a,naverchzzk,,,,,,,,556,오버워치,64.0,리그 오브 레전드,8.4,메이플스토리 월드,8.0,11,false,single_game_or_non_game,,2026-06-15T11:04:38.789151
091b185da74898f669c6aa0d51bf0931,naverchzzk,,,,,,,,736,,0,,0,,0,0,unknown,no_category_data,,2026-06-15T11:05:13.899565
fd5f5abb7f917e3390f381f0975cfdab,naverchzzk,,,,,,,,548,,0,,0,,0,0,unknown,no_category_data,,2026-06-15T11:05:14.808817
f7c9055fd23f21d1e8af3a1305982366,naverchzzk,,,,,,,,520,talk,48.6,마법소녀의 마녀재판,24.3,명조:워더링 웨이브,5.4,12,false,single_game_or_non_game,,2026-06-15T11:05:15.081405
34bb67294b827b59a3c0153da427384b,naverchzzk,,,,,,,,888,월드 오브 워쉽,100.0,,0,,0,1,false,single_game_dominant,,2026-06-15T11:05:15.158432
8550431198a38bf41ff2ff810b4a9685,naverchzzk,,,,,,,,284,talk,100.0,,0,,0,1,false,talk_primary,,2026-06-15T11:05:16.425735
f535bb79ba5053fcc7e35ee69c3cf3c2,naverchzzk,,,,,,,,187,,0,,0,,0,0,unknown,no_category_data,,2026-06-15T11:05:19.324805
f4f45ab50bfb6a7e1440c937f00829b8,naverchzzk,,,,,,,,286,talk,40.5,파피 플레이타임 - 챕터 4,25.3,이스케이프 프롬 덕코프,11.2,7,false,single_game_or_non_game,,2026-06-15T11:05:19.881957
793045572859bb73cbc266534c6844f6,naverchzzk,,,,,,,,1114,talk,59.9,음악/노래,35.8,피크,2.6,4,false,talk_primary,,2026-06-15T11:05:21.168122
b13f4e1d0cd2a40e5aa56bb003bfad4b,naverchzzk,,,,,,,,237,다키스트 던전,83.3,폴아웃 4,6.8,2026 FIFA 북중미 월드컵,4.6,7,false,single_game_dominant,,2026-06-15T11:05:21.981923
accad1f06cd4e335b6632cb5b683a442,naverchzzk,,,,,,,,2266,,0,,0,,0,0,unknown,no_category_data,,2026-06-15T11:05:22.724835
5da7e72088bf9aba5cff61f311e0ca0d,naverchzzk,,,,,,,,156,음악/노래,71.7,talk,11.3,종합 게임,9.2,7,false,single_game_or_non_game,,2026-06-15T11:05:26.022984
0869b41d220c19c3ec2b7638166bf14d,naverchzzk,,,,,,,,350,메이플스토리 월드,46.5,리그 오브 레전드,46.2,talk,5.4,4,true,multi_game,,2026-06-15T11:05:26.224628
2a63af1259b8aa7d22a4aa893e5941e1,naverchzzk,,,,,,,,88,붉은사막,53.3,둠 2,30.7,브로테이토,12.0,4,true,multi_game,,2026-06-15T11:05:27.509911
bd372c4734629432e2aa8884eb9d7746,naverchzzk,,,,,,,,220,talk,73.1,마인크래프트,8.2,파워워시 시뮬레이터 2,6.7,7,false,talk_primary,,2026-06-15T11:05:29.002440
0e4bb6d486c4becea425f9c71baa8c43,naverchzzk,,,,,,,,363,,0,,0,,0,0,unknown,no_category_data,,2026-06-15T11:05:29.816759
15750e8b5a4896096a932cda9ff867e4,naverchzzk,,,,,,,,77,,0,,0,,0,0,unknown,no_category_data,,2026-06-15T11:05:29.831108
6ec3586ae74128ebcfe6ecf3cc782ac0,naverchzzk,,,,,,,,183,talk,21.6,데드 바이 데이라이트,20.2,종합 게임,13.2,22,false,single_game_or_non_game,,2026-06-15T11:05:32.692090
82d88e89bcf5e44709f77332a5369f7f,naverchzzk,,,,,,,,186,,0,,0,,0,0,unknown,no_category_data,,2026-06-15T11:05:34.822177
bd6f446cc6c68197da059c5cacde649a,naverchzzk,,,,,,,,212,데이즈 곤,34.8,서브노티카 2,20.6,007 퍼스트 라이트,14.3,8,true,multi_game,,2026-06-15T11:05:35.136541
d44a6318c886e1ac26a5bad7d9540357,naverchzzk,,,,,,,,202,talk,97.8,오버워치,2.2,,0,2,false,talk_primary,,2026-06-15T11:05:36.313695
b7ff4c42208361ee3db594b3688674fc,naverchzzk,,,,,,,,156,talk,37.2,블루 아카이브,21.9,리그 오브 레전드,19.2,9,true,multi_game,,2026-06-15T11:05:36.321782
976c10b095d8f0a9388e86a844977f59,naverchzzk,,,,,,,,736,talk,63.1,디아블로 4: 증오의 군주,36.9,마인크래프트,0.0,3,false,talk_primary,,2026-06-15T11:05:41.744558
beda2a4fa434a1f442b8a5e7a0c9d07d,naverchzzk,,,,,,,,2092,마인크래프트,39.8,음악/노래,27.4,talk,11.6,10,true,multi_game,,2026-06-15T11:05:42.431278
1761e3c1478391dfe94cdce450d6fa03,naverchzzk,,,,,,,,359,talk,97.3,마인크래프트,2.2,종합 게임,0.5,3,false,talk_primary,,2026-06-15T11:05:43.034809
603c12c76c5b487c0a620a4781602755,naverchzzk,,,,,,,,1433,PUBG: 배틀그라운드,41.9,인슈라오디드,26.3,talk,8.2,10,true,multi_game,,2026-06-15T11:05:43.662841
6babfd26fe05dc4308052e3705e99c4f,naverchzzk,,,,,,,,612,,0,,0,,0,0,unknown,no_category_data,,2026-06-15T11:05:44.568613
7b0b0dbb267aa347e42f08b68d656d00,naverchzzk,,,,,,,,470,talk,52.9,R.E.P.O.,26.5,다잉 라이트,20.6,3,false,talk_primary,,2026-06-15T11:05:47.515464
e0fb046a1fd72b1b1a762b1a0d99545a,naverchzzk,,,,,,,,221,talk,53.3,커피 토크,30.0,"좋은 피자, 위대한 피자",10.0,4,false,talk_primary,,2026-06-15T11:05:48.105484
09ab5a820633bb87ab008bef322ab77d,naverchzzk,,,,,,,,331,talk,39.9,두근두근 문예부!,29.0,블루 아카이브,28.3,4,true,multi_game,,2026-06-15T11:05:48.188445
53a5d2ce0aed9590f3a665e568e8175f,naverchzzk,,,,,,,,838,로스트아크,100.0,,0,,0,1,false,single_game_dominant,,2026-06-15T11:05:49.635426
29e4d60aa482d94ee7961db8e0944245,naverchzzk,,,,,,,,335,데드 바이 데이라이트,83.0,에브리씽 이즈 크랩: 동물 진화 로그라이트,11.4,팀파이트 매니저 2,5.7,3,false,single_game_dominant,,2026-06-15T11:05:50.763983
2ee891cc4e649125e093f271e540be12,naverchzzk,,,,,,,,81,,0,,0,,0,0,unknown,no_category_data,,2026-06-15T11:05:51.812244
5be672c0593fb290655f95089ef120c7,naverchzzk,,,,,,,,438,,0,,0,,0,0,unknown,no_category_data,,2026-06-15T11:05:52.882486
ae02633e2225ebe35ad996f93223baf1,naverchzzk,,,,,,,,129,FC온라인,65.7,리그 오브 레전드,23.5,종합 게임,3.3,10,true,multi_game,,2026-06-15T11:05:53.908744
3714abaad373bd2d9123ffee31dab350,naverchzzk,,,,,,,,355,talk,69.8,스플릿 픽션,9.0,전략적 팀 전투 : 우주의 신들,6.1,11,false,talk_primary,,2026-06-15T11:05:55.823856
988f20a316ea027d844792057af8ce73,naverchzzk,,,,,,,,2893,발로란트,99.3,품멜 파티,0.5,오버워치,0.3,3,false,single_game_dominant,,2026-06-15T11:05:56.945462
7ac6393f10dd8261c444203a15dfa560,naverchzzk,,,,,,,,1762,talk,84.9,종합 게임,15.1,,0,2,false,talk_primary,,2026-06-15T11:05:57.093996
0bf633adc568e61505aa27398a5692c1,naverchzzk,,,,,,,,468,이터널 리턴,100.0,,0,,0,1,false,single_game_dominant,,2026-06-15T11:05:57.612067
42741b07963d0005c32e94e5ac15938e,naverchzzk,,,,,,,,411,발로란트,78.4,리그 오브 레전드,21.6,,0,2,true,multi_game,,2026-06-15T11:05:58.483550
ee0280bb59c348df2d4042cfab1b62b3,naverchzzk,,,,,,,,78,talk,77.0,몬스터 헌터 와일즈,18.0,종합 게임,4.9,3,false,talk_primary,,2026-06-15T11:06:01.884809
c7ea85d74975109eb9b45472e8754456,naverchzzk,,,,,,,,381,,0,,0,,0,0,unknown,no_category_data,,2026-06-15T11:06:02.014527
f6d2f00e05c5af5ac98c20a2611954af,naverchzzk,,,,,,,,966,발로란트,48.6,마인크래프트,27.5,ELDEN RING 밤의 통치자,5.5,12,true,multi_game,,2026-06-15T11:06:03.426383
cc0a71dad2ffcfc969b283531d926986,naverchzzk,,,,,,,,1154,talk,95.5,마인크래프트,4.5,,0,2,false,talk_primary,,2026-06-15T11:06:05.714117
5e54837ec1845d33077f82d2ecfef732,naverchzzk,,,,,,,,23,,0,,0,,0,0,unknown,no_category_data,,2026-06-15T11:06:06.143116
0620b50934f58b684d7aa06a813ccb48,naverchzzk,,,,,,,,4052,오버워치,39.7,PUBG: 배틀그라운드,20.9,발로란트,20.3,15,true,multi_game,,2026-06-15T11:06:06.597094
cc1a8f0008972cade59bfc3215e2540b,naverchzzk,,,,,,,,476,,0,,0,,0,0,unknown,no_category_data,,2026-06-15T11:07:18.220470
1639faa549b04fc50d103bcff183dab5,naverchzzk,,,,,,,,1398,,0,,0,,0,0,unknown,no_category_data,,2026-06-15T11:07:19.148529
e5c088b7846ce73c07e27d9bacc719f0,naverchzzk,,,,,,,,498,에이펙스 레전드,78.2,오버워치,15.8,talk,4.2,6,true,multi_game,,2026-06-15T11:07:19.836619
05a9553a99ff92ad313fceb6f6c9a385,naverchzzk,,,,,,,,743,오버워치,61.7,스타크래프트 II : 공허의 유산,38.3,,0,2,true,multi_game,,2026-06-15T11:07:22.793786
07a6761d8a919d1c99761a94f3dd6030,naverchzzk,,,,,,,,174,패스 오브 엑자일 2,55.5,점프 킹 퀘스트,10.6,두근두근타운,10.6,16,false,single_game_or_non_game,,2026-06-15T11:07:25.582598
a369bdb46c01c07233b3c792c739c8a2,naverchzzk,,,,,,,,603,talk,62.7,언더테일,20.9,종합 게임,16.4,3,false,talk_primary,,2026-06-15T11:07:25.879853
5cbd1dd003f2fabd6b701e12312d14c1,naverchzzk,,,,,,,,395,종합 게임,55.6,그림/아트,33.3,talk,11.1,3,true,gg_primary,,2026-06-15T11:07:28.202380
8496664e44757c15a397b61b5f5e38db,naverchzzk,,,,,,,,619,,0,,0,,0,0,unknown,no_category_data,,2026-06-15T11:07:30.662336
094b81111104a42fda7e5cfcd0f9932d,naverchzzk,,,,,,,,2517,,0,,0,,0,0,unknown,no_category_data,,2026-06-15T11:07:34.951082
9b7304df7b3b6e16b2637a284f30671a,naverchzzk,,,,,,,,926,음악/노래,32.0,전략적 팀 전투 : 우주의 신들,23.5,talk,14.4,7,true,multi_game,,2026-06-15T11:07:35.313312
68225c50d9635acc39452c980d90d56f,naverchzzk,,,,,,,,1167,,0,,0,,0,0,unknown,no_category_data,,2026-06-15T11:07:36.278097
f9b103b19063188d024e818dbdd9748a,naverchzzk,,,,,,,,257,talk,65.8,마인크래프트,10.1,R.E.P.O.,7.6,11,false,talk_primary,,2026-06-15T11:07:42.516768
fcc93979b0e8460a0843e5df512952fc,naverchzzk,,,,,,,,197,슬레이 더 스파이어 2,93.8,코어 키퍼,2.2,포 더 킹 2,1.6,5,false,single_game_dominant,,2026-06-15T11:07:42.999118
95d92c716ddc4603bf42023a0fa6f301,naverchzzk,,,,,,,,646,talk,100.0,,0,,0,1,false,talk_primary,,2026-06-15T11:07:43.461089
c19e421ee1c856781552542c05c7904d,naverchzzk,,,,,,,,710,,0,,0,,0,0,unknown,no_category_data,,2026-06-15T11:07:48.744049
af647834a0836fd33f597b0f45879573,naverchzzk,,,,,,,,655,마구마구 PC,100.0,,0,,0,1,false,single_game_dominant,,2026-06-15T11:07:49.038449
ceb2576f6c1425508abe7c45cc4f285f,naverchzzk,,,,,,,,802,발더스 게이트 3,69.1,서브노티카 2,19.7,talk,5.3,5,true,multi_game,,2026-06-15T11:07:49.657841
6a990370659e297954bd26e44785e6da,naverchzzk,,,,,,,,620,전략적 팀 전투 : 우주의 신들,58.8,리그 오브 레전드,41.2,,0,2,true,multi_game,,2026-06-15T11:07:53.980368
1c71c89528c5edc8f4867efb19a78210,naverchzzk,,,,,,,,425,,0,,0,,0,0,unknown,no_category_data,,2026-06-15T11:07:54.696675
e0ecdf2c06a74ea5b1fc6b7e8d626dd6,naverchzzk,,,,,,,,617,음악/노래,33.6,숲속의 작은 마녀,31.7,talk,13.8,7,true,multi_game,,2026-06-15T11:07:56.040144
dc96def1f0610ce19aa30ec1016054c4,naverchzzk,,,,,,,,1032,talk,23.6,마인크래프트,21.6,리그 오브 레전드,18.9,18,true,multi_game,,2026-06-15T11:08:00.624687
5dce7c018787d78c1a7c4ecea03a14a2,naverchzzk,,,,,,,,2602,talk,49.7,발로란트,16.1,구스 구스 덕,11.6,8,false,single_game_or_non_game,,2026-06-15T11:08:01.528000
73166fe04cc5f9e782a3de5e9812e613,naverchzzk,,,,,,,,300,브라운더스트2,100.0,,0,,0,1,false,single_game_dominant,,2026-06-15T11:08:01.616682
e6857a2eac4ec1d9a2831bccb9241c04,naverchzzk,,,,,,,,275,,0,,0,,0,0,unknown,no_category_data,,2026-06-15T11:08:05.537705
f9b62def21576b134034869b76879b0e,naverchzzk,,,,,,,,2620,,0,,0,,0,0,unknown,no_category_data,,2026-06-15T11:08:07.217443
cfdc4413efd1cd52631f62b3b331a85d,naverchzzk,,,,,,,,791,마인크래프트,57.4,이환,19.6,오버워치,14.6,9,true,multi_game,,2026-06-15T11:08:07.972770
84844bd3f9a6f165b4e6ce8f276b80e8,naverchzzk,,,,,,,,1048,,0,,0,,0,0,unknown,no_category_data,,2026-06-15T11:08:09.954711
28abfb08c404655c55e8be4ad348007e,naverchzzk,,,,,,,,577,그림/아트,90.4,메트로이드 프라임 4 비욘드,6.9,친구모아 아일랜드 두근두근 라이프,2.7,3,false,single_game_dominant,,2026-06-15T11:08:12.330458
18ffb2428468a374ff831998b697fb38,naverchzzk,,,,,,,,198,명조:워더링 웨이브,58.0,길티기어 -스트라이브-,29.5,이환,10.7,4,true,multi_game,,2026-06-15T11:08:14.955007
70895b31033b26c15a0abc1f51836cea,naverchzzk,,,,,,,,296,이터널 리턴,48.7,talk,40.2,메이플스토리,7.7,4,false,single_game_or_non_game,,2026-06-15T11:08:15.602881
78b641850433aab4322e941a10fe1a38,naverchzzk,,,,,,,,348,파이널판타지14,100.0,,0,,0,1,false,single_game_dominant,,2026-06-15T11:08:18.096633
3f863e3d6d8705e9b14f50adf64a8926,naverchzzk,,,,,,,,345,,0,,0,,0,0,unknown,no_category_data,,2026-06-15T11:08:20.659910
0e1fbe9e77b27a5b9219ecb7370b75f1,naverchzzk,,,,,,,,684,림버스 컴퍼니,43.3,오버워치,22.4,그림/아트,20.9,6,true,multi_game,,2026-06-15T11:08:20.678125
ad084189cba82c875247c49475a59bfc,naverchzzk,,,,,,,,343,코어 키퍼,51.6,음악/노래,33.4,talk,10.3,4,true,multi_game,,2026-06-15T11:08:23.597256
a162c36e28fb4228369606ef6733a966,naverchzzk,,,,,,,,202,,0,,0,,0,0,unknown,no_category_data,,2026-06-15T11:08:26.126711
e4bb773b8165f73b311c6e7fe9ede0eb,naverchzzk,,,,,,,,1109,talk,46.4,몬스터 헌터 와일즈,11.1,슬레이 더 스파이어 2,5.5,16,false,single_game_or_non_game,,2026-06-15T11:08:26.880988
da009fd29ca190250f3f730d5588ff12,naverchzzk,,,,,,,,1117,발로란트,41.5,talk,17.9,스타크래프트 : 리마스터,6.0,18,false,single_game_or_non_game,,2026-06-15T11:08:29.543595
74bb98d7fcd3f4fe483d411754f5c1b3,naverchzzk,,,,,,,,394,,0,,0,,0,0,unknown,no_category_data,,2026-06-15T11:08:31.001863
758ad50d2b5a257aaa1725121bb21d4d,naverchzzk,,,,,,,,153,철권 8,70.6,종합 게임,12.1,포르자 호라이즌 6,8.4,8,false,single_game_or_non_game,,2026-06-15T11:08:32.382998
137c3d09d24cffd151b69e84b8e395c0,naverchzzk,,,,,,,,1587,talk,82.7,리그 오브 레전드,6.1,고리: 귀여운 학살자,3.7,7,false,talk_primary,,2026-06-15T11:08:35.172647
7d33104091739c2ebd8c7d5b457cd3c4,naverchzzk,,,,,,,,1920,이터널 리턴,58.1,talk,23.6,음악/노래,18.3,3,true,multi_game,,2026-06-15T11:08:36.919857
9b1a5ffb472bb636f1b7bb717a839460,naverchzzk,,,,,,,,602,,0,,0,,0,0,unknown,no_category_data,,2026-06-15T11:08:37.097185
0bbc83c41d6afd6c3d38efaa9c87fb10,naverchzzk,,,,,,,,278,마인크래프트,77.8,PUBG: 배틀그라운드,5.9,SCP: 시크릿 래버러토리,4.4,8,false,single_game_or_non_game,,2026-06-15T11:08:41.229396
1a01afe6ee9a1ea89aa2bf6642ec716a,naverchzzk,,,,,,,,1438,,0,,0,,0,0,unknown,no_category_data,,2026-06-15T11:08:42.689506
01f4ffeee12e66dfdfb7871285d08772,naverchzzk,,,,,,,,1603,이터널 리턴,88.5,아우터 와일즈,8.7,승리의 여신: 니케,2.0,4,false,single_game_dominant,,2026-06-15T11:08:44.131655
031b449b775643f14305202f923c2d25,naverchzzk,,,,,,,,158,,0,,0,,0,0,unknown,no_category_data,,2026-06-15T11:08:45.665198
e9812beeef8fd5213a5bd49efbedc80c,naverchzzk,,,,,,,,781,헬다이버즈 2,42.8,talk,20.9,블루 아카이브,19.8,6,true,multi_game,,2026-06-15T11:08:47.451360
840292d57bcbff98546931b564560714,naverchzzk,,,,,,,,534,talk,75.4,음악/노래,6.7,스포일러가 너무 심한 RPG ―최후의 적의 정체는 용사의 아버지―,6.0,6,false,talk_primary,,2026-06-15T11:08:49.575847
739a929dbea35139808ee35e95b93b76,naverchzzk,,,,,,,,1411,,0,,0,,0,0,unknown,no_category_data,,2026-06-15T11:08:50.611877
45719fdfbc86ce19b30efeba5da67d1a,naverchzzk,,,,,,,,471,,0,,0,,0,0,unknown,no_category_data,,2026-06-15T11:08:52.421778
15f5b11d15548107aec04e1fb154692d,naverchzzk,,,,,,,,218,talk,72.0,종합 게임,28.0,,0,2,false,talk_primary,,2026-06-15T11:08:54.109968
fc463a000289c4e7b212ad6a8f8c793e,naverchzzk,,,,,,,,900,talk,71.7,프로젝트 좀보이드,14.1,메이플스토리 월드,8.1,4,false,talk_primary,,2026-06-15T11:08:55.998104
ca8e93b250f1e386b5d4d8001f34ed9c,naverchzzk,,,,,,,,241,종합 게임,37.0,림버스 컴퍼니,35.8,명조:워더링 웨이브,21.0,4,true,gg_primary,,2026-06-15T11:08:57.741556
8d779b0ec7d2ed361d6d0f88c6de067f,naverchzzk,,,,,,,,198,,0,,0,,0,0,unknown,no_category_data,,2026-06-15T11:08:58.644417
cc112827a7d852ac5e0f25cef137bf35,naverchzzk,,,,,,,,58,,0,,0,,0,0,unknown,no_category_data,,2026-06-15T11:09:00.476328
cc0f6848d0058e9f80222c451df4cc42,naverchzzk,,,,,,,,82,,0,,0,,0,0,unknown,no_category_data,,2026-06-15T11:09:02.261670
a9b4be50a3d2b04baf5b10b29fe24538,naverchzzk,,,,,,,,330,talk,97.7,갤럭시 버거,2.3,,0,2,false,talk_primary,,2026-06-15T11:09:04.175161
2b20d5bb9035b2d0e0308483bbd039c7,naverchzzk,,,,,,,,576,PUBG: 배틀그라운드,65.9,이스케이프 더 백룸,24.4,talk,9.8,3,true,multi_game,,2026-06-15T11:09:06.331685
81e56b6322bb77143c0b2b57d27486d0,naverchzzk,,,,,,,,4051,talk,100.0,,0,,0,1,false,talk_primary,,2026-06-15T11:09:07.847989
a61548f98c66ddfc3a4e65c2775c1345,naverchzzk,,,,,,,,137,고전 게임,100.0,,0,,0,1,false,single_game_dominant,,2026-06-15T11:09:08.872019
45e5485b04ef40e9aa2729aedcbb70f5,naverchzzk,,,,,,,,908,원신,31.0,명조:워더링 웨이브,31.0,이환,10.9,7,true,multi_game,,2026-06-15T11:09:12.964763
5dc83cad52d41bd6e2322108035642de,naverchzzk,,,,,,,,636,,0,,0,,0,0,unknown,no_category_data,,2026-06-15T11:09:13.368308
370fc5c581eff6847906cbcf8d0c2236,naverchzzk,,,,,,,,522,로스트아크,89.1,마인크래프트,6.4,클레트카,1.4,7,false,single_game_dominant,,2026-06-15T11:09:14.998891
f57572bb866da126a05053bdd7ad5250,naverchzzk,,,,,,,,416,,0,,0,,0,0,unknown,no_category_data,,2026-06-15T11:09:17.937734
978dc1f1d4a082bca04a09af1f17951b,naverchzzk,,,,,,,,857,월드 오브 워크래프트: 한밤,96.3,서브노티카 2,3.7,,0,2,false,single_game_dominant,,2026-06-15T11:09:20.298509
c9bf18c54cc3d8505eb80d61db0cae30,naverchzzk,,,,,,,,543,talk,41.3,친구모아 아일랜드 두근두근 라이프,9.0,007 퍼스트 라이트,9.0,14,false,single_game_or_non_game,,2026-06-15T11:09:20.949727
d6b817e15c34bea2b1e67e4e9dd8ff2a,naverchzzk,,,,,,,,87,,0,,0,,0,0,unknown,no_category_data,,2026-06-15T11:09:22.362553
550eb3dd499cf1cb52bfc548267ed241,naverchzzk,,,,,,,,276,블루 프로토콜: 스타 레조넌스,43.9,윈드로즈,24.3,talk,11.3,8,true,multi_game,,2026-06-15T11:09:27.246313
1cbdf8ff442bcfd48aa50f5196ed72ab,naverchzzk,,,,,,,,270,오버워치,45.0,talk,22.9,PUBG: 배틀그라운드,14.3,6,false,single_game_or_non_game,,2026-06-15T11:09:27.605620
859dade854204ad1d411399e1ed6fc2a,naverchzzk,,,,,,,,726,PUBG: 배틀그라운드,100.0,,0,,0,1,false,single_game_dominant,,2026-06-15T11:09:27.757165
72d5ec100cda5bae4166b634608a7bb2,naverchzzk,,,,,,,,240,,0,,0,,0,0,unknown,no_category_data,,2026-06-15T11:09:32.986790
4789b659b7df2c29516d03eeb81e234d,naverchzzk,,,,,,,,352,로스트아크,100.0,,0,,0,1,false,single_game_dominant,,2026-06-15T11:09:33.620276
8e14c2cfd4737a9341d5256300f1101c,naverchzzk,,,,,,,,321,헬다이버즈 2,90.4,파 파 웨스트,8.0,렐릭 가디언 - 타워 디펜스,1.6,3,false,single_game_dominant,,2026-06-15T11:09:33.869258
740ed5dcda7cd8705bea82b2a1bfd3dd,naverchzzk,,,,,,,,149,talk,55.8,메이플스토리 월드,42.9,종합 게임,1.3,3,false,talk_primary,,2026-06-15T11:09:38.522131
fcd4ce022946c8c762a7c2ed6fd1a48e,naverchzzk,,,,,,,,401,,0,,0,,0,0,unknown,no_category_data,,2026-06-15T11:09:38.819042
ecc7d30bd67507f40703c96be23b39d6,naverchzzk,,,,,,,,169,,0,,0,,0,0,unknown,no_category_data,,2026-06-15T11:09:38.975985
dc9c4208e2dac456cdad66e83d5ce496,naverchzzk,,,,,,,,149,,0,,0,,0,0,unknown,no_category_data,,2026-06-15T11:09:44.007976
e097c40c4c0028d24f54303862f0e6eb,naverchzzk,,,,,,,,510,,0,,0,,0,0,unknown,no_category_data,,2026-06-15T11:09:44.333273
0ca6cc34392a23c15dcb664a9320b228,naverchzzk,,,,,,,,629,,0,,0,,0,0,unknown,no_category_data,,2026-06-15T11:09:44.385004
a4bc8942ef93143e6b8dd8e481fd32f6,naverchzzk,,,,,,,,374,talk,55.4,종합 게임,44.6,,0,2,false,talk_primary,,2026-06-15T11:09:49.569071
7800f6f77b65e03d4cfe19c5d189a887,naverchzzk,,,,,,,,326,메이플스토리 월드,50.5,talk,20.9,산나비,6.1,17,false,single_game_or_non_game,,2026-06-15T11:09:51.194028
5c7cbc5fee57ae3895c2b48a73967fe3,naverchzzk,,,,,,,,269,스테퍼 케이스:초능력 추리 어드벤처,37.3,talk,35.4,명일방주: 엔드필드,12.4,5,false,single_game_or_non_game,,2026-06-15T11:09:51.309819
ca7953eaa5c2c7dfc54438b8a064abca,naverchzzk,,,,,,,,175,talk,36.7,마인크래프트,30.0,ASMR,16.7,5,true,multi_game,,2026-06-15T11:09:54.082550
cf93eb6222613ee7a576300dff5ad145,naverchzzk,,,,,,,,673,talk,66.4,마인크래프트,21.9,종합 게임,5.0,8,false,talk_primary,,2026-06-15T11:09:58.166718
e758f13487fd986b83ebf1d568c6f8ff,naverchzzk,,,,,,,,555,패스 오브 엑자일 2,30.2,에이펙스 레전드,27.8,PUBG: 배틀그라운드,11.2,16,true,multi_game,,2026-06-15T11:09:58.434156
7c1c2d6357c152c8e6d1077492c0ae7f,naverchzzk,,,,,,,,123,,0,,0,,0,0,unknown,no_category_data,,2026-06-15T11:09:58.887137
55a7da1833e7278fce037caadbfdac3f,naverchzzk,,,,,,,,805,유희왕 마스터 듀얼,100.0,,0,,0,1,false,single_game_dominant,,2026-06-15T11:10:05.920370
84f55076ddd46928145f22951c77d897,naverchzzk,,,,,,,,513,talk,48.9,승리의 여신: 니케,24.3,아주르 프로밀리아,12.5,7,false,single_game_or_non_game,,2026-06-15T11:10:06.536210
3af352e2154b54b0271719c237197b5b,naverchzzk,,,,,,,,4221,로블록스,78.3,브롤스타즈,14.7,발로란트,4.3,4,false,single_game_or_non_game,,2026-06-15T11:10:07.345666
938ef70f3550930baabd7d20be01090a,naverchzzk,,,,,,,,182,talk,100.0,,0,,0,1,false,talk_primary,,2026-06-15T11:10:12.298105
54198e7d549f568f1377b332e46722c8,naverchzzk,,,,,,,,1019,talk,88.6,그림/아트,4.6,백룸컴퍼니,3.4,4,false,talk_primary,,2026-06-15T11:10:12.597443
12cb5b777f06094b6b513a7f9dc93fdf,naverchzzk,,,,,,,,1090,talk,78.7,더 게임 오브 라이프 포 닌텐도 스위치,5.2,스테퍼 케이스:초능력 추리 어드벤처,4.3,11,false,talk_primary,,2026-06-15T11:10:13.690231
5d4006f6b16c4b0a8463808613f51818,naverchzzk,,,,,,,,577,로스트아크,66.8,마인크래프트,29.7,데드 바이 데이라이트,1.2,6,true,multi_game,,2026-06-15T11:10:20.820659
5868ec959831189c5194f3efe976ea4c,naverchzzk,,,,,,,,762,PUBG: 배틀그라운드,80.3,발로란트,12.4,talk,7.3,3,false,single_game_dominant,,2026-06-15T11:10:20.841609
e799423c240870b488036713d5cfa9a6,naverchzzk,,,,,,,,848,로스트아크,41.3,오버워치,18.6,마인크래프트,12.0,10,true,multi_game,,2026-06-15T11:10:21.083578
6a5ac2954c2dd7d04caa01a5bd864f24,naverchzzk,,,,,,,,737,talk,84.4,명조:워더링 웨이브,13.5,종합 게임,2.1,3,false,talk_primary,,2026-06-15T11:10:29.126816
60a7aa473b9ee5ef38a05f0e68e86752,naverchzzk,,,,,,,,860,오버워치,34.1,세키로: 섀도우 다이 트와이스,33.6,연운,12.6,11,true,multi_game,,2026-06-15T11:10:29.441457
4d82d16a0ad210babdc8d808cb4fd888,naverchzzk,,,,,,,,1028,메이플스토리 월드,64.2,talk,31.7,마인크래프트,2.0,7,false,single_game_or_non_game,,2026-06-15T11:10:29.461310
5419c338b1d88f91ccd3dfc713453131,naverchzzk,,,,,,,,537,,0,,0,,0,0,unknown,no_category_data,,2026-06-15T11:10:34.704750
e0ad4408ce12f4792205db8b9393e09f,naverchzzk,,,,,,,,266,,0,,0,,0,0,unknown,no_category_data,,2026-06-15T11:10:35.105029
8d02a531cdb13aa25e607025a57a0d06,naverchzzk,,,,,,,,721,talk,100.0,,0,,0,1,false,talk_primary,,2026-06-15T11:10:36.041081
56b418034fbf47adfcb283e24e7f7818,naverchzzk,,,,,,,,410,,0,,0,,0,0,unknown,no_category_data,,2026-06-15T11:10:40.728332
5ccbdc7242e14899efd5aafe48446b0f,naverchzzk,,,,,,,,702,,0,,0,,0,0,unknown,no_category_data,,2026-06-15T11:10:41.320507
266e1788e959702dd7675a35aab0213b,naverchzzk,,,,,,,,323,마비노기 모바일,98.7,파스모포비아,0.8,종합 게임,0.6,3,false,single_game_dominant,,2026-06-15T11:10:42.059143
8fce6f18426d3b89b67955e41facf87e,naverchzzk,,,,,,,,436,왕좌의 게임: 킹스로드,96.5,디아블로 4: 증오의 군주,3.5,talk,0.1,3,false,single_game_dominant,,2026-06-15T11:10:48.653037
e1ba50f32199fac8ab4a81965ec240f3,naverchzzk,,,,,,,,346,talk,91.0,리그 오브 레전드,5.3,PUBG: 배틀그라운드,3.0,4,false,talk_primary,,2026-06-15T11:10:49.100525
4a08704e0c809f0e3017c3b4aacc17f3,naverchzzk,,,,,,,,376,이터널 리턴,52.1,리그 오브 레전드,8.8,talk,8.5,10,false,single_game_or_non_game,,2026-06-15T11:10:49.277131
795fbc24c554fdeab40fca69a29cf05a,naverchzzk,,,,,,,,183,talk,27.3,새티스팩토리,23.2,서브노티카 2,19.7,8,true,multi_game,,2026-06-15T11:10:54.725707
e0691c5b584b50d866aa2337765ef38e,naverchzzk,,,,,,,,619,,0,,0,,0,0,unknown,no_category_data,,2026-06-15T11:10:55.373936
7b88f07fe0d8eb7b2ec875dfaf8f5199,naverchzzk,,,,,,,,123,오버워치,86.2,골목길 : 귀흔,13.8,,0,2,false,single_game_dominant,,2026-06-15T11:10:56.210291
9ce8b0f2112001e9ac1a2652fd8fc99c,naverchzzk,,,,,,,,188,,0,,0,,0,0,unknown,no_category_data,,2026-06-15T11:11:02.088367
92f8e0ccfc794287049d27034d5ed540,naverchzzk,,,,,,,,713,명조:워더링 웨이브,39.4,원신,18.3,마인크래프트,10.3,13,true,multi_game,,2026-06-15T11:11:02.269125
89cb11d6357da916eaece62cac2137ca,naverchzzk,,,,,,,,3735,talk,41.1,ASMR,26.0,승리의 여신: 니케,13.9,5,false,single_game_or_non_game,,2026-06-15T11:11:02.643960
ab51fbce256761013c040f2d4bcfcdf5,naverchzzk,,,,,,,,254,,0,,0,,0,0,unknown,no_category_data,,2026-06-15T11:11:07.280049
a4cafea80fb04123cb4c185417cf9cbd,naverchzzk,,,,,,,,230,,0,,0,,0,0,unknown,no_category_data,,2026-06-15T11:11:07.597755
6cc2111a55cead9aecd7ce7a09135fd2,naverchzzk,,,,,,,,128,,0,,0,,0,0,unknown,no_category_data,,2026-06-15T11:11:07.613308
49233fb6a81a4e54d49dfb28336e1778,naverchzzk,,,,,,,,1403,음악/노래,51.5,talk,32.1,레이튼 교수와 이상한 마을 HD,8.5,5,false,single_game_or_non_game,,2026-06-15T11:11:16.104125
f6b5490d530b2a8cd2fae10f240a121b,naverchzzk,,,,,,,,177,슬레이 더 스파이어 2,21.1,붕괴: 스타레일,17.4,프로젝트 좀보이드,16.5,7,true,multi_game,,2026-06-15T11:11:16.226835
9e6c7e677c1269d8ba58af02b74af33c,naverchzzk,,,,,,,,1232,PUBG: 배틀그라운드,98.0,마인크래프트,2.0,,0,2,false,single_game_dominant,,2026-06-15T11:11:16.966155
8025b423ddd69bce43ae5a35a06021ac,naverchzzk,,,,,,,,730,,0,,0,,0,0,unknown,no_category_data,,2026-06-15T11:11:21.130287
b9958d700143d3a6e4f0332ee50b7824,naverchzzk,,,,,,,,224,,0,,0,,0,0,unknown,no_category_data,,2026-06-15T11:11:21.337833
834ef3a1469984dc7bbb98da6fe7ca75,naverchzzk,,,,,,,,591,,0,,0,,0,0,unknown,no_category_data,,2026-06-15T11:11:21.801229
8ed0d9ec472c280f670194add725bf44,naverchzzk,,,,,,,,112,,0,,0,,0,0,unknown,no_category_data,,2026-06-15T11:11:26.712840
ad225b5d4a569992ab15d4bdb0da8e7f,naverchzzk,,,,,,,,1067,talk,84.6,폴가이즈,5.1,음악/노래,4.9,6,false,talk_primary,,2026-06-15T11:11:28.509800
4cb4055aa64659f0cdd6e9ac0f222819,naverchzzk,,,,,,,,444,아레나 브레이크아웃,97.1,오버워치,2.2,슬레이 더 스파이어 2,0.5,4,false,single_game_dominant,,2026-06-15T11:11:29.126836
32fceb638007ab3e36365605d98603bb,naverchzzk,,,,,,,,140,바이오하자드 RE:4,100.0,,0,,0,1,false,single_game_dominant,,2026-06-15T11:11:31.272120
e0da96eb70d78d720b9f7a618615bbc6,naverchzzk,,,,,,,,255,,0,,0,,0,0,unknown,no_category_data,,2026-06-15T11:11:34.272756
ff35aa7010473cdeeac7264a1987b374,naverchzzk,,,,,,,,435,마인크래프트,38.8,talk,29.7,발로란트,23.7,6,true,multi_game,,2026-06-15T11:11:34.488040
2367586dde9ffad86e5e16b277621f43,naverchzzk,,,,,,,,514,talk,46.2,그림/아트,17.0,코어 키퍼,12.3,8,false,single_game_or_non_game,,2026-06-15T11:11:35.872106
5676cbc3b42e3c178d0085853985c02c,naverchzzk,,,,,,,,218,talk,75.6,종합 게임,18.9,음악/노래,5.6,3,false,talk_primary,,2026-06-15T11:11:39.866588
32d58af988d49b7d3b15bf50e55fb38b,naverchzzk,,,,,,,,232,talk,91.0,작혼: 리치 마작,7.9,리그 오브 레전드,1.1,3,false,talk_primary,,2026-06-15T11:11:40.491380
962f53e110ab09f206aeff1faa05b76a,naverchzzk,,,,,,,,581,,0,,0,,0,0,unknown,no_category_data,,2026-06-15T11:11:40.686790
e9aa4d2addef412c9f1a970d1c766356,naverchzzk,,,,,,,,482,talk,66.7,명조:워더링 웨이브,33.3,,0,2,false,talk_primary,,2026-06-15T11:11:45.065849
d932a30331d10b47979be09d9610e538,naverchzzk,,,,,,,,43,,0,,0,,0,0,unknown,no_category_data,,2026-06-15T11:11:45.368547
05fd91b686b43ed369baa9d440f49ef8,naverchzzk,,,,,,,,254,,0,,0,,0,0,unknown,no_category_data,,2026-06-15T11:11:45.709869
aed68cf0aa890fac805af8dc68a23a28,naverchzzk,,,,,,,,1519,,0,,0,,0,0,unknown,no_category_data,,2026-06-15T11:11:50.407393
d3804d8d3503e061c9834e797a618f00,naverchzzk,,,,,,,,76,,0,,0,,0,0,unknown,no_category_data,,2026-06-15T11:11:51.980375
99a8e51190fbc56db10f96860f5ba105,naverchzzk,,,,,,,,119,마인크래프트,34.1,이터널 리턴,31.1,서브노티카 2,14.7,13,true,multi_game,,2026-06-15T11:11:52.800888
4f565c9478f9bae5771fc492ee11c813,naverchzzk,,,,,,,,209,,0,,0,,0,0,unknown,no_category_data,,2026-06-15T11:11:54.802634
9ddc876305ac727695fce08754a7570f,naverchzzk,,,,,,,,541,팀파이트 매니저 2,45.0,talk,45.0,금태양 시뮬레이터,9.9,3,false,single_game_or_non_game,,2026-06-15T11:11:56.495112
fe7d899e8a273cb45df0f22be486b2ca,naverchzzk,,,,,,,,324,,0,,0,,0,0,unknown,no_category_data,,2026-06-15T11:11:57.627444
003c6899484a5848c18d6fcdd3c8a5d5,naverchzzk,,,,,,,,365,,0,,0,,0,0,unknown,no_category_data,,2026-06-15T11:11:59.431036
470e8a9841ed519964ca381b14507300,naverchzzk,,,,,,,,262,메이플스토리 월드,67.0,"여름미녀, 심장 폭주 주의보!",12.6,겟 투 워크,11.7,5,false,single_game_or_non_game,,2026-06-15T11:12:01.183444
160d0c5775a5bcdcbedbcf95e59a2851,naverchzzk,,,,,,,,1059,리그 오브 레전드,87.6,블루 아카이브,4.1,프랫폴,2.5,10,false,single_game_dominant,,2026-06-15T11:12:03.505360
d777edf28d4e27ee8449bf465d36a693,naverchzzk,,,,,,,,762,talk,60.6,음악/노래,22.9,승리의 여신: 니케,3.9,7,false,talk_primary,,2026-06-15T11:12:05.785918
c4b4485b3c78d42c0850d97ffe8505de,naverchzzk,,,,,,,,448,talk,20.7,이터널 리턴,20.2,발로란트,16.0,10,true,multi_game,,2026-06-15T11:12:06.687136
e953e45c0300bf36c1f4db19a11b6d78,naverchzzk,,,,,,,,1115,메이플스토리,93.1,오버워치,4.5,2026 FIFA 북중미 월드컵,1.2,5,false,single_game_dominant,,2026-06-15T11:12:09.136099
1d446da0fdb4e08a65524c0fe3c02a27,naverchzzk,,,,,,,,187,발로란트,91.7,더 롱 다크,6.2,오버워치,2.1,3,false,single_game_dominant,,2026-06-15T11:12:11.422913
f437d365c75865ce0d17f44244f29fdb,naverchzzk,,,,,,,,406,슬레이 더 스파이어 2,56.5,종합 게임,23.9,talk,8.7,6,true,multi_game,,2026-06-15T11:12:11.685758
2710e2a02058fd48fe9fc3cd913fe58a,naverchzzk,,,,,,,,294,,0,,0,,0,0,unknown,no_category_data,,2026-06-15T11:12:13.724710
aab56112e83730832c17229ab971ac49,naverchzzk,,,,,,,,412,오버워치,32.1,두근두근타운,28.5,오버쿡! 2,10.1,10,true,multi_game,,2026-06-15T11:12:17.817447
7c55f6ef57ef4ef3b93d3e2c2ba89a1c,naverchzzk,,,,,,,,1331,,0,,0,,0,0,unknown,no_category_data,,2026-06-15T11:12:19.098483
c6f50911c7a5b5bf6a06435fd0dceeda,naverchzzk,,,,,,,,1846,PUBG: 배틀그라운드,23.2,talk,23.1,리그 오브 레전드,22.4,8,true,multi_game,,2026-06-15T11:12:19.582880
5c47bb81427c7ae4149d8d0cc37b27d4,naverchzzk,,,,,,,,791,,0,,0,,0,0,unknown,no_category_data,,2026-06-15T11:12:25.742554
fe83bc73a50dfcad2e41733bf7ac68aa,naverchzzk,,,,,,,,70,마인크래프트,84.0,종합 게임,16.0,리그 오브 레전드,0.0,4,false,single_game_dominant,,2026-06-15T11:12:25.952736
9b6e0afd45946153eeb1e2dc98122c5c,naverchzzk,,,,,,,,526,원신,28.6,명조:워더링 웨이브,26.5,명일방주: 엔드필드,20.4,8,true,multi_game,,2026-06-15T11:12:26.408329
6f95005e0c1914a011a291773abd3f6b,naverchzzk,,,,,,,,300,,0,,0,,0,0,unknown,no_category_data,,2026-06-15T11:12:30.710900
e0a8bb18e362a97a9d0ab52b555e8d85,naverchzzk,,,,,,,,159,,0,,0,,0,0,unknown,no_category_data,,2026-06-15T11:12:31.377075
a6fac29f616815e4643f48afd97eb5fb,naverchzzk,,,,,,,,610,메이플스토리 월드,100.0,서든어택,0.0,,0,2,false,single_game_dominant,,2026-06-15T11:12:31.624788
76f22778a3f1b11af27aa9031cb8912e,naverchzzk,,,,,,,,373,,0,,0,,0,0,unknown,no_category_data,,2026-06-15T11:12:37.094272
c9b3756167e0924f7288b1550d0d4108,naverchzzk,,,,,,,,554,,0,,0,,0,0,unknown,no_category_data,,2026-06-15T11:12:37.437110
ec00cded5a90b53ca59abd5744674fd6,naverchzzk,,,,,,,,1388,철권 8,80.1,talk,17.6,페르시아의 왕자: 잃어버린 왕관,2.3,3,false,single_game_dominant,,2026-06-15T11:12:37.694097
7a7c9c862320a70932efb12363f4d5c8,naverchzzk,,,,,,,,238,,0,,0,,0,0,unknown,no_category_data,,2026-06-15T11:12:41.801262
98c93c6e89f2154f9b15f51e6f0d5b1f,naverchzzk,,,,,,,,246,,0,,0,,0,0,unknown,no_category_data,,2026-06-15T11:12:43.318090
dcfcc0a07605df5f213bc2e32e3e170a,naverchzzk,,,,,,,,138,클로저스,96.5,종합 게임,3.5,,0,2,false,single_game_dominant,,2026-06-15T11:12:44.401920
8decf93d651cfafba3add5d6098c132d,naverchzzk,,,,,,,,496,talk,100.0,,0,,0,1,false,talk_primary,,2026-06-15T11:12:46.724051
a242701c91ae3c4d47bfad996c557dc6,naverchzzk,,,,,,,,658,talk,29.5,이스케이프 프롬 덕코프,17.6,오버워치,14.6,11,false,single_game_or_non_game,,2026-06-15T11:12:49.137115
ed3f2dce901914625aaff4e8e694d99a,naverchzzk,,,,,,,,229,아주르 프로밀리아,100.0,talk,0.0,,0,2,false,single_game_dominant,,2026-06-15T11:12:49.212030
43341c5abdd1fb6b3645d195977a1c10,naverchzzk,,,,,,,,830,talk,63.1,블루 아카이브,13.6,음악/노래,11.0,10,false,talk_primary,,2026-06-15T11:12:52.150082
0a31778fcb07be161a0124bbc152f0e9,naverchzzk,,,,,,,,423,발로란트,38.7,talk,25.2,R.E.P.O.,14.1,7,false,single_game_or_non_game,,2026-06-15T11:12:54.302203
d6905ae5d59aa2a0bc4f569b2b03f559,naverchzzk,,,,,,,,1237,,0,,0,,0,0,unknown,no_category_data,,2026-06-15T11:12:54.376004
95b25727ed8aa7f7864869426b35e054,naverchzzk,,,,,,,,42,,0,,0,,0,0,unknown,no_category_data,,2026-06-15T11:13:00.044193
0a9315685a2938bf2c8a1a3c88ea537d,naverchzzk,,,,,,,,879,데드 바이 데이라이트,89.6,프리스타일풋볼z,2.8,리그 오브 레전드,2.1,8,false,single_game_dominant,,2026-06-15T11:13:00.194937
96bee0e03c0400f5043053bce8ac4917,naverchzzk,,,,,,,,423,마비노기 모바일,95.7,프랫폴,4.3,,0,2,false,single_game_dominant,,2026-06-15T11:13:01.347004
8e4d815891a22e90ffe89c92fe1db2bc,naverchzzk,,,,,,,,156,그림/아트,100.0,,0,,0,1,false,single_game_dominant,,2026-06-15T11:13:05.986748
f621adba4ce4f4edf2b26053cdc85473,naverchzzk,,,,,,,,81,,0,,0,,0,0,unknown,no_category_data,,2026-06-15T11:13:06.882014
fde81d8b103d31e00d2072dee062062a,naverchzzk,,,,,,,,204,오버워치,36.0,리그 오브 레전드,23.2,마인크래프트,23.2,4,true,multi_game,,2026-06-15T11:13:08.570850
cf6b57edb9802ee82215fb0e6624b840,naverchzzk,,,,,,,,2691,메이플스토리 월드,29.0,리그 오브 레전드,26.1,전략적 팀 전투 : 우주의 신들,23.7,6,true,multi_game,,2026-06-15T11:13:11.045725
e18eace67d30937b09b6ad5874e03591,naverchzzk,,,,,,,,225,서브노티카 2,25.7,"랜치 시뮬레이터: 빌드, 헌트, 팜",25.3,왕좌의 게임: 킹스로드,13.8,8,true,multi_game,,2026-06-15T11:13:13.392866
0d15584ea32058be4c6900a65eccfdd9,naverchzzk,,,,,,,,451,,0,,0,,0,0,unknown,no_category_data,,2026-06-15T11:13:13.474118
0bd6f955c2c205459f572931ebc7a568,naverchzzk,,,,,,,,97,,0,,0,,0,0,unknown,no_category_data,,2026-06-15T11:13:15.569229
452000f2c4fc90accd560299f9795119,naverchzzk,,,,,,,,217,음악/노래,88.6,talk,11.4,,0,2,false,single_game_dominant,,2026-06-15T11:13:18.800782
c31f2a8af143e558d8e6aaeba695c0d1,naverchzzk,,,,,,,,426,발로란트,42.5,PUBG: 배틀그라운드,32.0,로스트아크,19.4,6,true,multi_game,,2026-06-15T11:13:20.160916
d7797e0cef83ce47fb1df50901e8c433,naverchzzk,,,,,,,,773,talk,35.0,PUBG: 배틀그라운드,30.4,스톰 스트라이커,21.5,8,true,multi_game,,2026-06-15T11:13:22.074032
5a907d9b9bb311fbfba1fa8ed3facefc,naverchzzk,,,,,,,,881,로스트아크,86.8,데드 바이 데이라이트,4.0,흉우,3.9,6,false,single_game_dominant,,2026-06-15T11:13:24.794678
fb3cb9224df3ff8b2d44b5a08c9c3fc7,naverchzzk,,,,,,,,67,,0,,0,,0,0,unknown,no_category_data,,2026-06-15T11:13:25.195681
96d273f37dd20e5ba803cac26bdcb404,naverchzzk,,,,,,,,103,할로우 나이트: 실크송,27.9,종합 게임,12.0,마인크래프트,11.3,15,false,single_game_or_non_game,,2026-06-15T11:13:28.318280
afad22d650d6c4671eccadada37ddc6a,naverchzzk,,,,,,,,351,로블록스,35.1,마인크래프트,23.5,오버워치,19.8,7,true,multi_game,,2026-06-15T11:13:30.071264
0322a871babf64f364eb5647722c94b4,naverchzzk,,,,,,,,439,talk,92.9,돈 스타브 투게더,5.5,소드 오브 콘발라리아,1.5,3,false,talk_primary,,2026-06-15T11:13:30.905813
5c91f788c088d20838b4b483012bf0bb,naverchzzk,,,,,,,,12,,0,,0,,0,0,unknown,no_category_data,,2026-06-15T11:13:32.732511
3d2cfe73040184e902e2ab3e83a0920d,naverchzzk,,,,,,,,3179,레드 데드 리뎀션 2,37.0,로스트아크,34.1,호그와트 레거시,9.8,7,true,multi_game,,2026-06-15T11:13:34.941290
9afdb8a6b0ee50dda08e321afb1ab096,naverchzzk,,,,,,,,194,,0,,0,,0,0,unknown,no_category_data,,2026-06-15T11:13:35.477798
af584df3df0035329710f237422035bd,naverchzzk,,,,,,,,283,talk,39.0,에이리언: 아이솔레이션,23.9,007 퍼스트 라이트,15.0,8,true,multi_game,,2026-06-15T11:13:38.922047
c4e7acdbed24d3643d88218c6ec66f00,naverchzzk,,,,,,,,452,종합 게임,68.3,서브노티카 2,31.7,,0,2,true,gg_primary,,2026-06-15T11:13:41.325571
0333292f549241969e80a81c1186774d,naverchzzk,,,,,,,,124,음악/노래,91.3,talk,8.7,,0,2,false,single_game_dominant,,2026-06-15T11:13:41.564977
4303c495421b0c3e1c3681393aa51532,naverchzzk,,,,,,,,74,,0,,0,,0,0,unknown,no_category_data,,2026-06-15T11:13:43.294837
6ba2558873d251d9430a526f35571500,naverchzzk,,,,,,,,128,,0,,0,,0,0,unknown,no_category_data,,2026-06-15T11:13:46.788353
66e30fe72a952b05d877cb54707232e0,naverchzzk,,,,,,,,813,FC온라인,76.9,이스케이프 프롬 타르코프,8.5,전략적 팀 전투 : 우주의 신들,7.4,6,false,single_game_or_non_game,,2026-06-15T11:13:47.824259
a69cde62e00086cfcf1c6733758cad9c,naverchzzk,,,,,,,,704,음악/노래,44.2,talk,20.3,PUBG: 배틀그라운드,17.1,9,true,multi_game,,2026-06-15T11:13:48.155377
4e3cc81f72b39a248cd890143760ac79,naverchzzk,,,,,,,,181,,0,,0,,0,0,unknown,no_category_data,,2026-06-15T11:13:51.232805
5012a61310fbff066ae5bb50474a821f,naverchzzk,,,,,,,,272,,0,,0,,0,0,unknown,no_category_data,,2026-06-15T11:13:52.852109
57ffdec8a8506629371fee663a6583b1,naverchzzk,,,,,,,,278,talk,71.2,연운,24.1,림보,4.7,3,false,talk_primary,,2026-06-15T11:13:53.938078
9418deb81101c1799a0eba297d2785f0,naverchzzk,,,,,,,,667,,0,,0,,0,0,unknown,no_category_data,,2026-06-15T11:13:55.892896
61a338d5687709e881a552773f437360,naverchzzk,,,,,,,,90,,0,,0,,0,0,unknown,no_category_data,,2026-06-15T11:13:57.331478
6c60b89efa2bddd83c317081a35e9456,naverchzzk,,,,,,,,414,,0,,0,,0,0,unknown,no_category_data,,2026-06-15T11:13:58.379720
999363d5c6f44e4bdef7946833405db5,naverchzzk,,,,,,,,1250,월드 오브 워크래프트: 한밤,88.0,돈 스타브 투게더,3.6,디아블로 4: 증오의 군주,2.7,9,false,single_game_dominant,,2026-06-15T11:14:04.804787
28087efd3897d10dc58de6c6334f8110,naverchzzk,,,,,,,,1885,로스트아크,97.3,PUBG: 배틀그라운드,0.9,전략적 팀 전투 : 우주의 신들,0.7,9,false,single_game_dominant,,2026-06-15T11:14:05.972553
3cc92ec03a85885d2d86fc80bb9b6073,naverchzzk,,,,,,,,898,승리의 여신: 니케,61.1,talk,24.2,명조:워더링 웨이브,7.1,9,false,single_game_or_non_game,,2026-06-15T11:14:06.134230
c85522130a50966f9624b4650a66b5d5,naverchzzk,,,,,,,,1145,데드 바이 데이라이트,87.5,오버워치,7.9,talk,2.4,4,false,single_game_dominant,,2026-06-15T11:14:11.872305
89b6a86bed8d52c050828c546441c91b,naverchzzk,,,,,,,,1806,,0,,0,,0,0,unknown,no_category_data,,2026-06-15T11:14:12.360932
b6c46ee1d111a301b6b0ccb93e9a7ce7,naverchzzk,,,,,,,,448,레이싱 마스터,100.0,,0,,0,1,false,single_game_dominant,,2026-06-15T11:14:12.643980
60d5306cb51dffb91133bb7dd0faab1a,naverchzzk,,,,,,,,465,,0,,0,,0,0,unknown,no_category_data,,2026-06-15T11:14:16.820624
01b52e18580fb116d0e71e222b4d17f3,naverchzzk,,,,,,,,297,talk,100.0,,0,,0,1,false,talk_primary,,2026-06-15T11:14:17.837454
204098cb693d4a4b59cb6891ae5a283b,naverchzzk,,,,,,,,390,로스트아크,100.0,,0,,0,1,false,single_game_dominant,,2026-06-15T11:14:18.885464
f44c9e03dc7488770b51ccac31cda3b4,naverchzzk,,,,,,,,1065,talk,38.6,마인크래프트,34.0,이터널 리턴,3.8,17,false,single_game_or_non_game,,2026-06-15T11:14:23.270339
8f3a838b58863216f20ec67a648a757b,naverchzzk,,,,,,,,343,메이플스토리 월드,45.2,로스트아크,43.9,리그 오브 레전드,6.0,5,true,multi_game,,2026-06-15T11:14:24.185844
515ebb908a3ccae1a12cdf5d60c6b2af,naverchzzk,,,,,,,,1462,talk,61.2,마인크래프트,17.4,친구모아 아일랜드 두근두근 라이프,4.0,14,false,talk_primary,,2026-06-15T11:14:25.391550
53672dc7aa21cdb3c3a5d1a00522af75,naverchzzk,,,,,,,,310,음악/노래,100.0,,0,,0,1,false,single_game_dominant,,2026-06-15T11:14:27.679846
f563f5e28d9ea60a8558dfff1d67c085,naverchzzk,,,,,,,,404,승리의 여신: 니케,73.9,명조:워더링 웨이브,12.3,데드 바이 데이라이트,6.1,6,false,single_game_or_non_game,,2026-06-15T11:14:33.334948
8c022c8573f112e50687bd3aa437be7e,naverchzzk,,,,,,,,1505,발로란트,69.5,talk,11.8,오버워치,6.6,10,false,single_game_or_non_game,,2026-06-15T11:14:34.709016
99802e23e44720c720cff02556587224,naverchzzk,,,,,,,,507,,0,,0,,0,0,unknown,no_category_data,,2026-06-15T11:14:34.918679
d0770c6667b33e0a1e9c1ab5bc1c09c4,naverchzzk,,,,,,,,341,서브노티카 2,75.4,종합 게임,8.5,이환,6.2,6,false,single_game_or_non_game,,2026-06-15T11:14:37.927204
3a4a064cc4d4f41c6c97d18c1b6ae20d,naverchzzk,,,,,,,,166,데드 바이 데이라이트,100.0,,0,,0,1,false,single_game_dominant,,2026-06-15T11:14:40.294539
93282fa44e0f5e3ae03f17591583169b,naverchzzk,,,,,,,,384,디제이맥스 리스펙트 V,74.0,이지투온 리부트: R,8.1,블루 아카이브,2.6,13,false,single_game_or_non_game,,2026-06-15T11:14:40.741267
14e6d0d5fb48108f49ed4c0bca476f76,naverchzzk,,,,,,,,292,음악/노래,100.0,,0,,0,1,false,single_game_dominant,,2026-06-15T11:14:42.529470
b49144fba067fc93e5f4f4b6275444c0,naverchzzk,,,,,,,,1310,,0,,0,,0,0,unknown,no_category_data,,2026-06-15T11:14:51.348462
454b28a20b12e0ba8786780ca35677d7,naverchzzk,,,,,,,,676,VR챗,58.0,이환,15.7,이스케이프 프롬 타르코프,7.2,10,true,multi_game,,2026-06-15T11:14:51.689231
e5ebcbd89a085b4a821b3a192ac2410d,naverchzzk,,,,,,,,803,talk,66.0,에브리씽 이즈 크랩: 동물 진화 로그라이트,11.7,음악/노래,5.3,11,false,talk_primary,,2026-06-15T11:14:51.959101
e662937f2f47470337ef7e74431ffa71,naverchzzk,,,,,,,,546,,0,,0,,0,0,unknown,no_category_data,,2026-06-15T11:14:58.176071
3ffe4839d956e1218fe2ab71f64d9411,naverchzzk,,,,,,,,37,,0,,0,,0,0,unknown,no_category_data,,2026-06-15T11:14:59.348894
9a3b850e79c26b175ec675ab0faaa9bb,naverchzzk,,,,,,,,590,바이오하자드 RE:4,47.8,talk,17.4,프래그마타,13.0,5,false,single_game_or_non_game,,2026-06-15T11:15:00.585705
185b0d994ce21441aae5dc45d389fc5c,naverchzzk,,,,,,,,501,,0,,0,,0,0,unknown,no_category_data,,2026-06-15T11:15:09.168980
4aba47ade974f9d246a544d9217fb887,naverchzzk,,,,,,,,231,,0,,0,,0,0,unknown,no_category_data,,2026-06-15T11:15:10.732533
36ea6259fd19618c52bc02a5bb9adc10,naverchzzk,,,,,,,,589,오버워치,87.6,에이펙스 레전드,9.8,talk,1.6,4,false,single_game_dominant,,2026-06-15T11:15:11.499138
19e33e7c0f088ef91a4916549c95ca09,naverchzzk,,,,,,,,523,톰 클랜시의 레인보우 식스 시즈 X,38.5,발로란트,15.6,마인크래프트,10.2,10,true,multi_game,,2026-06-15T11:15:18.339587
0529e92ebfb81152c50a7ec4ec6a706f,naverchzzk,,,,,,,,403,파이널판타지14,93.9,포켓몬 포코피아,6.1,,0,2,false,single_game_dominant,,2026-06-15T11:15:20.206582
c716c82d8e7ecdd300ad5743f153c15f,naverchzzk,,,,,,,,798,talk,82.9,리그 오브 레전드,17.1,,0,2,false,talk_primary,,2026-06-15T11:15:20.225002
4c295c5b815a329637ec287a91a4f5f1,naverchzzk,,,,,,,,1848,오버워치,47.8,마인크래프트,35.1,talk,13.8,4,true,multi_game,,2026-06-15T11:15:27.116879
2906c5fade8ca21963b8dbd5d0f0b07f,naverchzzk,,,,,,,,1223,음악/노래,50.5,SD건담 지 제네레이션 이터널,39.8,서브노티카 2,5.0,8,true,multi_game,,2026-06-15T11:15:29.280593
575a597f7070c423ceaee624f7d15fb8,naverchzzk,,,,,,,,130,프로젝트 좀보이드,41.5,딩컴,26.3,팰월드,17.1,9,true,multi_game,,2026-06-15T11:15:29.462273
0263031c149810d46e9dde56bb061b35,naverchzzk,,,,,,,,97,,0,,0,,0,0,unknown,no_category_data,,2026-06-15T11:15:31.572193
f4134ceb21084644a9c721df42732021,naverchzzk,,,,,,,,291,발로란트,100.0,,0,,0,1,false,single_game_dominant,,2026-06-15T11:15:38.251291
e82f539e1feea2838cf539de9a7c93d0,naverchzzk,,,,,,,,787,메이플스토리 월드,50.4,PUBG: 배틀그라운드,42.7,마인크래프트,6.9,3,true,multi_game,,2026-06-15T11:15:38.426372
85dba554217ae20be2e5ab924b2f6e9a,naverchzzk,,,,,,,,2634,talk,29.7,음악/노래,18.9,리그 오브 레전드,11.5,19,false,single_game_or_non_game,,2026-06-15T11:15:39.590009
ea22d2eccdb4ddbd66ae72a14db695e7,naverchzzk,,,,,,,,189,슬레이 더 스파이어 2,32.9,스테퍼 케이스:초능력 추리 어드벤처,22.0,마인크래프트,19.0,9,true,multi_game,,2026-06-15T11:15:47.960675
a9e338cd08f0eb3ad3311d1d466244ba,naverchzzk,,,,,,,,845,전략적 팀 전투 : 우주의 신들,37.5,talk,28.8,발로란트,13.3,8,false,single_game_or_non_game,,2026-06-15T11:15:50.648853
66d9b111b4e8449a91b5bfd26ccc9f8c,naverchzzk,,,,,,,,1549,talk,55.7,서브노티카 2,14.0,승리의 여신: 니케,12.8,9,false,talk_primary,,2026-06-15T11:15:53.635705
71de1142db8ec7107b4f2f1946b8ece7,naverchzzk,,,,,,,,479,,0,,0,,0,0,unknown,no_category_data,,2026-06-15T11:15:57.239751
04ae49dc28a563231b8fc569849490ed,naverchzzk,,,,,,,,421,림버스 컴퍼니,80.6,talk,15.8,음악/노래,3.6,3,false,single_game_dominant,,2026-06-15T11:15:57.392735
950d3a146bc83a8d978df75f5f76ca20,naverchzzk,,,,,,,,604,talk,39.4,명조:워더링 웨이브,27.1,산소미포함,13.1,7,false,single_game_or_non_game,,2026-06-15T11:15:58.555561
390fcc73d57ae42786ee95ce06966b7c,naverchzzk,,,,,,,,1712,,0,,0,,0,0,unknown,no_category_data,,2026-06-15T11:16:05.281558
c29e8afadedf28cca6280eef94a3ab6b,naverchzzk,,,,,,,,264,,0,,0,,0,0,unknown,no_category_data,,2026-06-15T11:16:05.439390
fd0245f956b2b5330e7edd4f93755d6e,naverchzzk,,,,,,,,166,시사/경제,99.4,친구모아 아일랜드 두근두근 라이프,0.6,,0,2,false,single_game_dominant,,2026-06-15T11:16:05.882093
a3a372502401ec9432df71c0985b714b,naverchzzk,,,,,,,,248,talk,100.0,,0,,0,1,false,talk_primary,,2026-06-15T11:16:10.224819
99a237b69bc7c928f124d05a83d74548,naverchzzk,,,,,,,,17,,0,,0,,0,0,unknown,no_category_data,,2026-06-15T11:16:11.484678
e613f09589340e95284ec220d90c4470,naverchzzk,,,,,,,,930,로스트아크,100.0,,0,,0,1,false,single_game_dominant,,2026-06-15T11:16:12.175835
0e71d78bcf9f67c1c0e0b23b65d52ee3,naverchzzk,,,,,,,,58,야구,61.7,PUBG: 배틀그라운드,7.6,야구부 스토리,6.8,9,false,single_game_or_non_game,,2026-06-15T11:16:16.595953
294fc19687f5b1bc115644aa56416f0b,naverchzzk,,,,,,,,9,,0,,0,,0,0,unknown,no_category_data,,2026-06-15T11:16:17.172369
6e324c751cb3a015ad9c3a00b4f4dd04,naverchzzk,,,,,,,,98,,0,,0,,0,0,unknown,no_category_data,,2026-06-15T11:16:17.268395
5a577d615e946b0620794ce698560270,naverchzzk,,,,,,,,430,발로란트,52.1,talk,20.7,종합 게임,14.9,5,false,single_game_or_non_game,,2026-06-15T11:16:21.841007
a6bdbcf164b9932927af80e06c6b57d1,naverchzzk,,,,,,,,269,,0,,0,,0,0,unknown,no_category_data,,2026-06-15T11:16:23.247566
b39b948f0badf0bcb312cb5eccd3e7ad,naverchzzk,,,,,,,,306,talk,53.4,발로란트,32.1,아이 펠 포 허,8.4,5,false,talk_primary,,2026-06-15T11:16:24.606613
70fa77d1ba25eb98b50a60d4660f301d,naverchzzk,,,,,,,,930,PUBG: 배틀그라운드,70.2,메이플스토리,9.4,마인크래프트,7.6,12,false,single_game_or_non_game,,2026-06-15T11:16:28.915981
4f7db3e75413d2855395d33f809099d0,naverchzzk,,,,,,,,262,발로란트,84.0,악의,16.0,,0,2,false,single_game_dominant,,2026-06-15T11:16:29.058606
e3e439030d599dcc232683e0957224ad,naverchzzk,,,,,,,,437,talk,80.6,그림/아트,10.8,오버워치,5.8,4,false,talk_primary,,2026-06-15T11:16:31.180491
bafe147dd43514c312fac24e64935cf2,naverchzzk,,,,,,,,369,리그 오브 레전드,63.8,스타크래프트 : 리마스터,12.8,PUBG: 배틀그라운드,8.4,13,false,single_game_or_non_game,,2026-06-15T11:16:39.016121
b980cbfbec06c9fb7011f0a9d1e65dfb,naverchzzk,,,,,,,,329,talk,46.8,리그 오브 레전드,18.8,음악/노래,12.2,14,false,single_game_or_non_game,,2026-06-15T11:16:41.418313
de632cb776f032b9e05e536f73ff355a,naverchzzk,,,,,,,,209,몬스터 헌터 라이즈: 선브레이크,52.8,발더스 게이트 3,45.3,2026 FIFA 북중미 월드컵,1.3,4,true,multi_game,,2026-06-15T11:16:44.877047
2d70996a97c4a764a0eadd5184385b67,naverchzzk,,,,,,,,173,이환,80.0,마비노기,17.1,승리의 여신: 니케,2.9,3,false,single_game_dominant,,2026-06-15T11:17:28.262179
65ad160e0fadf4e8ae9ff482e775bde2,naverchzzk,,,,,,,,195,에이펙스 레전드,32.4,디제이맥스 리스펙트 V,29.4,메이플스토리 월드,20.6,7,true,multi_game,,2026-06-15T11:17:28.409998
167c85d17bc16bb92d3cb6f36ef454b1,naverchzzk,,,,,,,,432,그림/아트,41.6,talk,34.3,성세천하: 여제의 탄생 Ⅱ,6.4,8,false,single_game_or_non_game,,2026-06-15T11:17:28.482388
a976a50b310701ac13ed2c5391064168,naverchzzk,,,,,,,,2580,리그 오브 레전드,30.7,승리의 여신: 니케,20.4,음악/노래,19.1,8,true,multi_game,,2026-06-15T11:17:29.592317
dac05ddb3f7d5e200d9e9b45c48cac46,naverchzzk,,,,,,,,129,오버워치,48.7,리그 오브 레전드,30.8,다크 앤 다커,15.4,4,true,multi_game,,2026-06-15T11:17:31.106933
c87082f2036c02210ba53acb73572d1e,naverchzzk,,,,,,,,647,그림/아트,44.4,더 와일드 앳 하트,38.9,서브노티카 2,16.7,4,true,multi_game,,2026-06-15T11:17:31.897253
5a22153ac87e26101da328f434925f5f,naverchzzk,,,,,,,,1063,,0,,0,,0,0,unknown,no_category_data,,2026-06-15T11:17:39.161190
d13681e24a8c23bbe128ad4d9c23bda0,naverchzzk,,,,,,,,820,림버스 컴퍼니,73.8,작혼: 리치 마작,15.9,talk,10.3,3,true,multi_game,,2026-06-15T11:17:40.761573
e1f446c1641c9ddec7bd0451b0b2aaa0,naverchzzk,,,,,,,,309,,0,,0,,0,0,unknown,no_category_data,,2026-06-15T11:17:41.158520
d15da629ae823054d94ff7dc099224ae,naverchzzk,,,,,,,,139,윈드로즈,35.8,마법 주문 팀,22.4,PUBG: 배틀그라운드,17.2,6,true,multi_game,,2026-06-15T11:17:41.942198
bfffce25eb58668496c65699d04f910e,naverchzzk,,,,,,,,319,마인크래프트,41.9,헬다이버즈 2,28.5,talk,17.3,6,true,multi_game,,2026-06-15T11:17:41.970792
1b41099074b5897ec31fb25f48a8d76b,naverchzzk,,,,,,,,514,메이플스토리 월드,36.1,talk,22.2,마인크래프트,21.5,7,true,multi_game,,2026-06-15T11:17:43.771209
f3e77ee6a4513f5f1839b7d93ee18ef1,naverchzzk,,,,,,,,701,PUBG: 배틀그라운드,48.5,발로란트,33.5,전략적 팀 전투 : 우주의 신들,10.6,7,true,multi_game,,2026-06-15T11:17:49.375828
6585935775c599bf888775be229a0284,naverchzzk,,,,,,,,1597,음악/노래,100.0,,0,,0,1,false,single_game_dominant,,2026-06-15T11:17:49.988077
80b7fdac9e8897fc189ae6ca7ce354f8,naverchzzk,,,,,,,,2014,,0,,0,,0,0,unknown,no_category_data,,2026-06-15T11:17:50.342564
a276a61e580188faa7de8c5e004391ac,naverchzzk,,,,,,,,256,,0,,0,,0,0,unknown,no_category_data,,2026-06-15T11:17:52.305970
8f6e71635fcb56907e76182bd18e6def,naverchzzk,,,,,,,,251,리틀 나이트메어 VR: 왜곡된 메아리,22.9,VR챗,18.5,종합 게임,15.8,8,true,multi_game,,2026-06-15T11:17:54.740778
d2bc4b7eaa9d270057dc3a31b12360f6,naverchzzk,,,,,,,,311,메이플스토리 월드,74.3,리그 오브 레전드,8.0,음악/노래,5.5,11,false,single_game_or_non_game,,2026-06-15T11:17:55.891330
bd6b0970a82da977daf50c1c48716ad8,naverchzzk,,,,,,,,449,,0,,0,,0,0,unknown,no_category_data,,2026-06-15T11:18:14.395949
d75caac298cf9fbb6ef4acf21a9bca7b,naverchzzk,,,,,,,,453,,0,,0,,0,0,unknown,no_category_data,,2026-06-15T11:18:14.988543
f3d4431e76019af2d5fac74e93e307df,naverchzzk,,,,,,,,286,talk,100.0,,0,,0,1,false,talk_primary,,2026-06-15T11:18:15.490954
aaffd3ae676132ae81048bad20e4504f,naverchzzk,,,,,,,,942,리그 오브 레전드,94.7,마인크래프트,5.1,talk,0.2,3,false,single_game_dominant,,2026-06-15T11:18:16.917597
cbe60d2e8a0db68d9cea2ad9019e7e72,naverchzzk,,,,,,,,578,연운,91.6,오버워치,8.0,talk,0.4,3,false,single_game_dominant,,2026-06-15T11:18:17.659185
eba1dda1fc8f221e66cd26fe3783f2b7,naverchzzk,,,,,,,,109,이터널 리턴,33.6,림버스 컴퍼니,24.3,명조:워더링 웨이브,18.4,10,true,multi_game,,2026-06-15T11:18:19.209727
dfb07d90f27c75fe70eb2e0b2d26890d,naverchzzk,,,,,,,,194,,0,,0,,0,0,unknown,no_category_data,,2026-06-15T11:18:37.058805
6d38d77c2a86aa48679f078f33aebaab,naverchzzk,,,,,,,,440,,0,,0,,0,0,unknown,no_category_data,,2026-06-15T11:18:37.925979
dc0af4a53adfadef79baa2da14817823,naverchzzk,,,,,,,,1277,마인크래프트,65.0,구스 구스 덕,32.5,talk,2.5,4,true,multi_game,,2026-06-15T11:18:39.959930
2e8557af72357a91fe78ead2e7bd98df,naverchzzk,,,,,,,,4320,원신,100.0,,0,,0,1,false,single_game_dominant,,2026-06-15T11:18:45.813499
b67c9a92626c373572a0e038bd4c7141,naverchzzk,,,,,,,,288,림월드,26.2,리그 오브 레전드,20.9,발로란트,19.0,9,true,multi_game,,2026-06-15T11:18:45.815900
bb8b8ed32e1da10a232835f3c7e9ffd6,naverchzzk,,,,,,,,1959,리그 오브 레전드,40.4,talk,30.4,메이플스토리 월드,27.1,6,true,multi_game,,2026-06-15T11:18:46.965662
38e7ca33ff57726b4e258666f28026a8,naverchzzk,,,,,,,,284,,0,,0,,0,0,unknown,no_category_data,,2026-06-15T11:18:52.586729
52aa8c15ca1a89d453f9a84d89496744,naverchzzk,,,,,,,,287,talk,90.0,음악/노래,10.0,,0,2,false,talk_primary,,2026-06-15T11:19:03.562183
02e4168e293a4c3c7adf915be8b39b9d,naverchzzk,,,,,,,,235,,0,,0,,0,0,unknown,no_category_data,,2026-06-15T11:19:04.505926
29cb56a1f0099694e2f0cca765bbab97,naverchzzk,,,,,,,,586,헬다이버즈 2,33.6,Once Human,27.7,윈드로즈,20.0,7,true,multi_game,,2026-06-15T11:19:05.315850
1222205011fdd76b663d7b082effcc38,naverchzzk,,,,,,,,4294,천하제일상거상,92.8,talk,5.1,마인크래프트,1.2,5,false,single_game_dominant,,2026-06-15T11:19:05.335607
4a92debd85469caf3fc0dd27117e388f,naverchzzk,,,,,,,,415,메이플스토리 월드,66.0,talk,23.9,리그 오브 레전드,8.3,4,false,single_game_or_non_game,,2026-06-15T11:19:11.454750
fd63dc8ed9457fcf190dbd71978e32fa,naverchzzk,,,,,,,,619,파이널판타지14,60.9,백룸컴퍼니,17.2,그림/아트,8.6,5,true,multi_game,,2026-06-15T11:19:16.920161
f69dd5e068c4a9bc9fcf1ce2ab6da299,naverchzzk,,,,,,,,430,,0,,0,,0,0,unknown,no_category_data,,2026-06-15T11:19:18.861560
c934dbd976bb77f3679371186933dba1,naverchzzk,,,,,,,,201,,0,,0,,0,0,unknown,no_category_data,,2026-06-15T11:19:23.562757
3d167b474db14f454803578eb72f5792,naverchzzk,,,,,,,,127,,0,,0,,0,0,unknown,no_category_data,,2026-06-15T11:19:24.584905
56d0e4a5bb8ef2c3ce8767db7459bda8,naverchzzk,,,,,,,,1001,이터널 리턴,83.1,talk,10.2,몬스터 헌터 와일즈,2.7,6,false,single_game_dominant,,2026-06-15T11:19:24.723334
b61999886b91fb3fa362cf17fef0fd31,naverchzzk,,,,,,,,719,이스케이프 프롬 타르코프,45.2,포르자 호라이즌 6,15.1,컴퍼니 오브 히어로즈 3,9.0,14,true,multi_game,,2026-06-15T11:19:26.667448
e2acc1d0e0edce09d5c44fe1788a2cfd,naverchzzk,,,,,,,,381,talk,50.7,음악/노래,49.3,,0,2,false,talk_primary,,2026-06-15T11:19:27.914892
7a4ee609df9c4c531688f2928813d116,naverchzzk,,,,,,,,191,메이플스토리,49.2,로스트아크,41.3,종합 게임,6.3,4,true,multi_game,,2026-06-15T11:19:28.108182
87f93f96dc019b0227f582eefa0122f2,naverchzzk,,,,,,,,61,,0,,0,,0,0,unknown,no_category_data,,2026-06-15T11:19:31.386790
b514c5af0ccb1ec3be17833205b700c8,naverchzzk,,,,,,,,3036,talk,100.0,,0,,0,1,false,talk_primary,,2026-06-15T11:19:33.484814
b3aed32fb4b62f27765a4d890acbd695,naverchzzk,,,,,,,,885,talk,86.0,성세천하: 여제의 탄생 Ⅱ,9.8,승리의 여신: 니케,4.2,3,false,talk_primary,,2026-06-15T11:19:34.236809
e7a885524d20f656650a3e062b1b2ac4,naverchzzk,,,,,,,,407,그림/아트,95.5,talk,2.4,종합 게임,2.1,3,false,single_game_dominant,,2026-06-15T11:19:34.644811
1bfa1eb94e515d7abd6a89e50e0fed5e,naverchzzk,,,,,,,,27,,0,,0,,0,0,unknown,no_category_data,,2026-06-15T11:19:35.770174
693c862a6a133c08dd9e2840fc4ee38c,naverchzzk,,,,,,,,235,,0,,0,,0,0,unknown,no_category_data,,2026-06-15T11:19:36.225499
db9383fa30c3ec00a89e87b0cacd6fd5,naverchzzk,,,,,,,,387,PUBG: 배틀그라운드,83.2,오버워치,9.6,종합 게임,5.4,4,false,single_game_dominant,,2026-06-15T11:19:39.902297
331b7b43e8bf19b5b31b58f976a87c57,naverchzzk,,,,,,,,426,,0,,0,,0,0,unknown,no_category_data,,2026-06-15T11:19:41.695005
1a201f3e112ce5231376e415c8a96e4e,naverchzzk,,,,,,,,479,,0,,0,,0,0,unknown,no_category_data,,2026-06-15T11:19:44.974446
448b04a5049a5099ac3777f8bf7b2cd4,naverchzzk,,,,,,,,70,PUBG: 배틀그라운드,52.6,로스트아크,47.4,,0,2,true,multi_game,,2026-06-15T11:19:48.234604
415b9ce46293de161b59748d31cb6eb5,naverchzzk,,,,,,,,430,VR챗,40.6,PUBG: 배틀그라운드,22.2,바이오하자드 7 레지던트 이블,20.0,5,true,multi_game,,2026-06-15T11:19:49.520633
14a147ac667ed76ae97fe61cb6837c32,naverchzzk,,,,,,,,582,그림/아트,53.7,talk,20.3,리플레이스드,15.7,5,false,single_game_or_non_game,,2026-06-15T11:19:50.731028
a6f0d16ad4129ab4a0285bba509dc762,naverchzzk,,,,,,,,1917,,0,,0,,0,0,unknown,no_category_data,,2026-06-15T11:19:50.743675
ae19c2a719bbde1e62812ad11b783fb3,naverchzzk,,,,,,,,483,,0,,0,,0,0,unknown,no_category_data,,2026-06-15T11:19:55.876891
d52a1590fe8cb87e4afc3714e453864f,naverchzzk,,,,,,,,194,스타크래프트 : 리마스터,35.6,메이플스토리 월드,33.3,스타크래프트 II : 공허의 유산,11.7,12,true,multi_game,,2026-06-15T11:19:57.454199
34cddb250556ceb1d9fa24d9d5da8bba,naverchzzk,,,,,,,,268,,0,,0,,0,0,unknown,no_category_data,,2026-06-15T11:19:58.854930
743df51bd174bf0b12e2e6db5faa3746,naverchzzk,,,,,,,,80,,0,,0,,0,0,unknown,no_category_data,,2026-06-15T11:20:03.784809
efdab1b9a95b483eb66472bf79603006,naverchzzk,,,,,,,,921,로스트아크,46.5,마인크래프트,18.2,talk,11.9,12,true,multi_game,,2026-06-15T11:20:06.305647
18c014f651c59766bd1051d10df4009c,naverchzzk,,,,,,,,518,talk,100.0,,0,,0,1,false,talk_primary,,2026-06-15T11:20:07.041938
2b2e925f4e9d88a2eb5b5dca2f837dd8,naverchzzk,,,,,,,,980,발로란트,80.5,talk,14.1,마블 라이벌즈,5.5,3,false,single_game_dominant,,2026-06-15T11:20:07.194020
1db9f87ba70abaf66ffba818be053dca,naverchzzk,,,,,,,,643,,0,,0,,0,0,unknown,no_category_data,,2026-06-15T11:20:08.630249
76363b659a74107b5739092e8f65a179,naverchzzk,,,,,,,,644,던전앤파이터,74.8,리그 오브 레전드,5.0,코어 키퍼,4.7,11,false,single_game_or_non_game,,2026-06-15T11:20:09.278029
b558770f5ba12f26941df0c86dadd0fb,naverchzzk,,,,,,,,103,PUBG: 배틀그라운드,100.0,,0,,0,1,false,single_game_dominant,,2026-06-15T11:20:11.430982
c09629f10c5fde6e846eb0158f604fb5,naverchzzk,,,,,,,,174,,0,,0,,0,0,unknown,no_category_data,,2026-06-15T11:20:18.511010
8edb3df561efb7f67f3b4533ee285574,naverchzzk,,,,,,,,542,talk,80.5,리그 오브 레전드,12.6,백룸컴퍼니,5.6,4,false,talk_primary,,2026-06-15T11:20:20.707385
73acb2cd71f6320da98033dfe5d66e1a,naverchzzk,,,,,,,,376,,0,,0,,0,0,unknown,no_category_data,,2026-06-15T11:20:23.850968
521c53c568a092d465731973d8157b08,naverchzzk,,,,,,,,248,talk,78.6,붕괴: 스타레일,21.4,,0,2,false,talk_primary,,2026-06-15T11:20:25.858798
cd39eb1fd30b5b53672512871f81c3e3,naverchzzk,,,,,,,,6749,PUBG: 배틀그라운드,88.1,마인크래프트,10.6,라이어스 바,1.1,4,false,single_game_dominant,,2026-06-15T11:20:26.362674
26400b1d866968038c685561ef3a21d0,naverchzzk,,,,,,,,1796,talk,20.3,마인크래프트,13.9,발더스 게이트 3,13.1,17,false,single_game_or_non_game,,2026-06-15T11:20:27.993258
f576226965e8b09282d69ae37614f03e,naverchzzk,,,,,,,,656,리그 오브 레전드,37.4,명조:워더링 웨이브,17.2,머시나리움,13.0,6,true,multi_game,,2026-06-15T11:20:31.585610
05dab24ff7ad9b372e8e11ba558913dd,naverchzzk,,,,,,,,355,더 위쳐 3: 와일드 헌트,54.6,프래그마타,28.4,이환,9.6,4,true,multi_game,,2026-06-15T11:20:32.790090
aefc4c204f45091c920891bb1e3f6cf5,naverchzzk,,,,,,,,679,talk,54.5,리그 오브 레전드,28.1,림버스 컴퍼니,3.8,12,false,talk_primary,,2026-06-15T11:20:33.742280
a90e0239669c22406bfd7ac86073c312,naverchzzk,,,,,,,,154,,0,,0,,0,0,unknown,no_category_data,,2026-06-15T11:20:34.393859
ef357a1462b3a58d60806457e1dfe49b,naverchzzk,,,,,,,,241,패스 오브 엑자일 2,65.4,포르자 호라이즌 6,34.2,디아블로 4: 증오의 군주,0.3,3,true,multi_game,,2026-06-15T11:20:36.259734
179e8d554f3719ea5d8a716f4e5f5062,naverchzzk,,,,,,,,559,,0,,0,,0,0,unknown,no_category_data,,2026-06-15T11:20:36.347936
36f0fa2a9b80f3431f8622c7809a4020,naverchzzk,,,,,,,,466,스타크래프트 : 리마스터,84.6,디제이맥스 리스펙트 V,8.6,리그 오브 레전드,4.7,6,false,single_game_dominant,,2026-06-15T11:20:40.130033
8c3c09fc3f677f6e4f3277a81cddd4e3,naverchzzk,,,,,,,,7,,0,,0,,0,0,unknown,no_category_data,,2026-06-15T11:20:42.616740
4f14cfb2247ecfd0e0ea359168f4c746,naverchzzk,,,,,,,,1241,오버워치,100.0,,0,,0,1,false,single_game_dominant,,2026-06-15T11:20:43.378224
96c0fb64fc4f2bd4e411193d491042c2,naverchzzk,,,,,,,,102,talk,73.4,서브노티카 2,14.9,PUBG: 배틀그라운드,11.7,3,false,talk_primary,,2026-06-15T11:20:46.034202
9a1cd444522ea6c676f40d1eae24e2a9,naverchzzk,,,,,,,,151,검은 신화: 오공,56.8,talk,32.2,챈트 오브 세나르,7.0,5,false,single_game_or_non_game,,2026-06-15T11:20:46.678432
8072bbfbad1d04b3ae3f0dd00246ff11,naverchzzk,,,,,,,,1858,로스트아크,54.1,talk,41.6,폴가이즈,4.3,3,false,single_game_or_non_game,,2026-06-15T11:20:47.611767
820466f7826e3e4d58aa8e945cbaa065,naverchzzk,,,,,,,,266,포켓몬 레전드 Z-A,79.6,포켓몬 챔피언스,20.4,,0,2,true,multi_game,,2026-06-15T11:20:48.986082
9d350e1456cb78f1529a0ab5f9ad31ac,naverchzzk,,,,,,,,641,talk,92.3,그림자 복도,3.5,포장마차 : 한국 길거리 음식 경영시뮬레이터,1.5,6,false,talk_primary,,2026-06-15T11:20:52.052923
63d8710c5e32af202c0064c392930e26,naverchzzk,,,,,,,,550,talk,100.0,,0,,0,1,false,talk_primary,,2026-06-15T11:20:52.663981
b2f1e9a53c7c4dc205a176f96498314f,naverchzzk,,,,,,,,458,talk,77.4,명조:워더링 웨이브,13.9,스타크래프트 : 리마스터,6.3,5,false,talk_primary,,2026-06-15T11:20:55.837356
28236115d7b3509d87b9826c65fcc066,naverchzzk,,,,,,,,322,발로란트,100.0,PUBG: 배틀그라운드,0.0,,0,2,false,single_game_dominant,,2026-06-15T11:20:57.136309
c842035a59111b1585583c4fbc044eef,naverchzzk,,,,,,,,1239,talk,67.1,인조이,17.0,프래그마타,6.8,6,false,talk_primary,,2026-06-15T11:20:57.511565
344d03f36e24cbb6ec6cb123a99c7467,naverchzzk,,,,,,,,195,세키로: 섀도우 다이 트와이스,41.0,페이크북,17.6,레드 데드 리뎀션 2,12.4,8,true,multi_game,,2026-06-15T11:20:59.518641
cfbf1a864eb633882ca9c4366c1d412c,naverchzzk,,,,,,,,497,talk,35.5,마인크래프트,26.8,Grand Theft Auto V,20.0,6,true,multi_game,,2026-06-15T11:21:06.130452
00ffeff7c58f865e343e602505ae5fb8,naverchzzk,,,,,,,,666,,0,,0,,0,0,unknown,no_category_data,,2026-06-15T11:21:06.467941
5eb1ab44f855942d5d5359e7b7c032bf,naverchzzk,,,,,,,,639,오버워치,96.5,talk,3.5,,0,2,false,single_game_dominant,,2026-06-15T11:21:07.902873
0fdacd2524efad7ed69387db31e6433b,naverchzzk,,,,,,,,431,오버워치,100.0,,0,,0,1,false,single_game_dominant,,2026-06-15T11:21:15.057906
7879064a16e9446429d64ca26adf45a3,naverchzzk,,,,,,,,432,talk,21.5,하데스,16.2,페르소나 5 더 로열,14.9,11,false,single_game_or_non_game,,2026-06-15T11:21:16.393120
d826b553f9fccba89c47f4b942afd80a,naverchzzk,,,,,,,,288,PUBG: 배틀그라운드,51.7,마비노기 모바일,30.3,프랫폴,11.2,4,true,multi_game,,2026-06-15T11:21:17.041803
4c90c976e47a93c3c1f47335727fefc1,naverchzzk,,,,,,,,19,,0,,0,,0,0,unknown,no_category_data,,2026-06-15T11:21:18.886385
3c42b65e48417c04ddbdef8b48587ece,naverchzzk,,,,,,,,141,,0,,0,,0,0,unknown,no_category_data,,2026-06-15T11:21:19.878007
a0184ab51a6d2b3d00c828dab6ae3d61,naverchzzk,,,,,,,,491,talk,71.4,리그 오브 레전드,22.2,전략적 팀 전투 : 우주의 신들,4.2,5,false,talk_primary,,2026-06-15T11:21:21.948618
0c59e90167149e4e36448714dea1aef6,naverchzzk,,,,,,,,233,프래그마타,57.4,철권 8,29.6,마비노기 모바일,9.3,4,true,multi_game,,2026-06-15T11:21:23.071167
4cacafc2e67178966d86aca06a6cc711,naverchzzk,,,,,,,,945,,0,,0,,0,0,unknown,no_category_data,,2026-06-15T11:21:25.192410
26cb88136894b2a4d1bb02d5e0dabe47,naverchzzk,,,,,,,,185,마비노기 모바일,90.0,종합 게임,8.4,멧챠 카멜레온,1.4,4,false,single_game_dominant,,2026-06-15T11:21:29.152290
5962dbb3995b7da3888113b0a716b212,naverchzzk,,,,,,,,135,철권 8,38.8,라스베이거스 시뮬레이터,11.2,성세천하: 여제의 탄생,9.7,14,false,single_game_or_non_game,,2026-06-15T11:21:30.369795
2975129e0557ee8a25af1548da727bbb,naverchzzk,,,,,,,,218,,0,,0,,0,0,unknown,no_category_data,,2026-06-15T11:21:32.364884
1ee276d1341460703fe423e5ea90122d,naverchzzk,,,,,,,,201,리그 오브 레전드,90.8,메이플스토리,3.4,오버워치,1.8,7,false,single_game_dominant,,2026-06-15T11:21:32.543256
bc9d5b15be1191c19b88932a035dfd06,naverchzzk,,,,,,,,2094,,0,,0,,0,0,unknown,no_category_data,,2026-06-15T11:21:32.870383
aec82f4f492b74a12f78e67b7bbd22d8,naverchzzk,,,,,,,,147,,0,,0,,0,0,unknown,no_category_data,,2026-06-15T11:21:33.442230
b21e866d9da1019b2acba3c99bfe7d66,naverchzzk,,,,,,,,628,로스트아크,58.6,몬스터 헌터 와일즈,27.3,림버스 컴퍼니,10.8,4,true,multi_game,,2026-06-15T11:21:45.212355
ed7e15b7d609c9f18b649cfe8de245a0,naverchzzk,,,,,,,,432,던전앤파이터,98.1,골목길 : 귀흔,1.9,,0,2,false,single_game_dominant,,2026-06-15T11:21:46.884705
bb3b2d8b6e2a205fbfa5654a24612d92,naverchzzk,,,,,,,,699,로스트아크,99.3,"시켜주세요, 산책! (시크릿 플러스)",0.5,전략적 팀 전투 : 우주의 신들,0.2,3,false,single_game_dominant,,2026-06-15T11:21:47.217190
67bd4438bdee4bd1b80ae3783d96fd64,naverchzzk,,,,,,,,443,명조:워더링 웨이브,47.8,talk,27.7,서브노티카,13.7,4,false,single_game_or_non_game,,2026-06-15T11:21:47.652110
811430053a47f0c6e95fb55b9d587660,naverchzzk,,,,,,,,1314,로스트아크,35.6,메이플스토리 월드,26.8,리그 오브 레전드,17.3,8,true,multi_game,,2026-06-15T11:21:47.909077
4429d81c74c44ca19350b182c457b655,naverchzzk,,,,,,,,357,talk,37.3,메이플스토리,21.1,음악/노래,20.6,9,true,multi_game,,2026-06-15T11:21:47.957625
8792c51d7295758e91b0e2a7d0271646,naverchzzk,,,,,,,,283,사이퍼즈,68.3,talk,14.2,PUBG: 배틀그라운드,9.6,5,false,single_game_or_non_game,,2026-06-15T11:21:54.165625
b8c177e5c274f3005936e6594fdb1de5,naverchzzk,,,,,,,,1021,talk,54.9,이환,12.6,파이널판타지14,10.7,10,false,talk_primary,,2026-06-15T11:21:55.876023
0cb6f327ee0af98474ffcb374652ac5c,naverchzzk,,,,,,,,766,,0,,0,,0,0,unknown,no_category_data,,2026-06-15T11:21:58.433983
3622f6512c54dacffa28f9401716477a,naverchzzk,,,,,,,,352,,0,,0,,0,0,unknown,no_category_data,,2026-06-15T11:22:00.119883
333f0a1afc7146aa801a022e115da512,naverchzzk,,,,,,,,414,히어로즈 오브 더 스톰,100.0,,0,,0,1,false,single_game_dominant,,2026-06-15T11:22:00.334386
6687ef385743cb1d13136c96353b3882,naverchzzk,,,,,,,,708,마인크래프트,38.8,talk,35.5,음악/노래,20.8,5,true,multi_game,,2026-06-15T11:22:05.218573
939059ace200f5f15f77cd46fdad437b,naverchzzk,,,,,,,,621,발로란트,100.0,talk,0.0,,0,2,false,single_game_dominant,,2026-06-15T11:22:09.586060
e369d97c0405fd95a78e9f34566d7355,naverchzzk,,,,,,,,634,talk,33.2,원신,25.9,프로젝트 좀보이드,23.4,7,true,multi_game,,2026-06-15T11:22:10.844134
932fd7ce9d130902677ea6d2eeaf24ab,naverchzzk,,,,,,,,213,,0,,0,,0,0,unknown,no_category_data,,2026-06-15T11:22:11.514973
b8c37fa1394ce191fd1d66b604c7d459,naverchzzk,,,,,,,,460,talk,50.8,원샷,17.8,레프트 4 데드 2,13.1,5,false,talk_primary,,2026-06-15T11:22:11.851194
549c2b8a5786f9d28c497bcd19c5dfc7,naverchzzk,,,,,,,,376,림버스 컴퍼니,78.4,프로젝트 세카이 컬러풀 스테이지! feat.하츠네 미쿠,13.5,종합 게임,8.1,3,false,single_game_or_non_game,,2026-06-15T11:22:13.680694
625c91bcdcd92cdc32cefb58f4e94d91,naverchzzk,,,,,,,,4630,이터널 리턴,100.0,,0,,0,1,false,single_game_dominant,,2026-06-15T11:22:15.081522
55afb58359c6bdaf42f6da0cc1917461,naverchzzk,,,,,,,,284,전략적 팀 전투 : 우주의 신들,88.2,리그 오브 레전드,10.3,메이플스토리,1.5,3,false,single_game_dominant,,2026-06-15T11:22:19.660441
4f51e0afb09f4f5662cd0b7292e29b1f,naverchzzk,,,,,,,,538,PUBG: 배틀그라운드,85.7,talk,14.3,,0,2,false,single_game_dominant,,2026-06-15T11:22:21.268351
9b8dcf4b7fabfb5ea097bb4076703fb7,naverchzzk,,,,,,,,1382,발로란트,92.3,오버워치,3.8,talk,3.8,3,false,single_game_dominant,,2026-06-15T11:22:21.702921
ed4143d5347f9b62d945f4c607014d80,naverchzzk,,,,,,,,317,,0,,0,,0,0,unknown,no_category_data,,2026-06-15T11:22:22.232440
46f5753bb65e24690eb1c26bd37a69bc,naverchzzk,,,,,,,,408,,0,,0,,0,0,unknown,no_category_data,,2026-06-15T11:22:24.618931
4abbf05c1820f3e3e84f34b468ab0542,naverchzzk,,,,,,,,801,마인크래프트,81.3,Once Human,18.7,,0,2,false,single_game_dominant,,2026-06-15T11:22:24.984155
d76b69f55249731f87d026992287041d,naverchzzk,,,,,,,,406,그림/아트,89.0,종합 게임,6.3,talk,2.7,4,false,single_game_dominant,,2026-06-15T11:22:28.427509
3412af6f12c693a772bdb9b25b36cb3f,naverchzzk,,,,,,,,424,talk,100.0,,0,,0,1,false,talk_primary,,2026-06-15T11:22:29.691934
338379ad76b227d3bf53d8b363f92971,naverchzzk,,,,,,,,327,,0,,0,,0,0,unknown,no_category_data,,2026-06-15T11:22:29.824691
12d9272f06bbf4d44ffa76e5fedb35f4,naverchzzk,,,,,,,,277,,0,,0,,0,0,unknown,no_category_data,,2026-06-15T11:22:30.308195
583260a5baea6bfe13cb56d59b67d61c,naverchzzk,,,,,,,,1084,,0,,0,,0,0,unknown,no_category_data,,2026-06-15T11:22:32.676286
98c64c1c8d784cd5378acbe6c2abfab4,naverchzzk,,,,,,,,360,발로란트,64.3,R.E.P.O.,32.1,플록 어라운드,3.6,4,true,multi_game,,2026-06-15T11:22:32.839982
5185db4599d9cdf4150a706aa5b567c7,naverchzzk,,,,,,,,170,,0,,0,,0,0,unknown,no_category_data,,2026-06-15T11:22:40.862509
ed9af61311a62311e7800d3e5df8259f,naverchzzk,,,,,,,,334,PUBG: 배틀그라운드,75.0,메이플스토리 월드,18.8,talk,6.2,3,true,multi_game,,2026-06-15T11:22:41.405149
0599ec323b25a2a37fae8bd40f3beabf,naverchzzk,,,,,,,,396,,0,,0,,0,0,unknown,no_category_data,,2026-06-15T11:22:41.628275
4a3e2b0aa2d81cc3b7cb015180c24d2c,naverchzzk,,,,,,,,849,그림/아트,94.0,블루 아카이브,6.0,,0,2,false,single_game_dominant,,2026-06-15T11:22:43.754224
d130fed4e09166a286a1998f47e603e9,naverchzzk,,,,,,,,152,talk,36.3,음악/노래,26.4,프래그마타,19.4,5,true,multi_game,,2026-06-15T11:22:44.836058
a3085f465c1a39ed66ce984da46f8fc8,naverchzzk,,,,,,,,1030,로스트아크,32.5,음악/노래,27.4,던전앤파이터,22.7,8,true,multi_game,,2026-06-15T11:22:45.087668
74b9541130dbde4af69f84c280619d05,naverchzzk,,,,,,,,443,,0,,0,,0,0,unknown,no_category_data,,2026-06-15T11:22:49.660469
476311a9e1aad84d26e05f331a389a04,naverchzzk,,,,,,,,1363,,0,,0,,0,0,unknown,no_category_data,,2026-06-15T11:22:50.170816
291129e87182a60b9b53adbf4916c74f,naverchzzk,,,,,,,,372,,0,,0,,0,0,unknown,no_category_data,,2026-06-15T11:22:50.193837
05fe02d8c773959466abd4cd2f700cd8,naverchzzk,,,,,,,,1138,,0,,0,,0,0,unknown,no_category_data,,2026-06-15T11:22:51.358778
cfc5f779ee9d5c6c75bc3b3e821019a4,naverchzzk,,,,,,,,9238,리그 오브 레전드,98.1,2026 FIFA 북중미 월드컵,1.9,,0,2,false,single_game_dominant,,2026-06-15T11:22:54.645583
9809b3db226b07fc5b1abe7c9814f18b,naverchzzk,,,,,,,,368,talk,53.3,명조:워더링 웨이브,32.1,리그 오브 레전드,9.7,4,false,talk_primary,,2026-06-15T11:22:54.725387
4affe07d311572ed6a18ebadf77bd306,naverchzzk,,,,,,,,175,이터널 리턴,57.8,talk,20.5,종합 게임,10.8,4,false,single_game_or_non_game,,2026-06-15T11:22:58.285747
20ff9a783e623de63dd4053b6bfc59fe,naverchzzk,,,,,,,,420,,0,,0,,0,0,unknown,no_category_data,,2026-06-15T11:22:59.509433
1b49bf1c9553e087ab55bc7a3e948796,naverchzzk,,,,,,,,536,,0,,0,,0,0,unknown,no_category_data,,2026-06-15T11:23:00.265912
46fc2feb245563cc1814bd4b54d6f759,naverchzzk,,,,,,,,439,talk,100.0,,0,,0,1,false,talk_primary,,2026-06-15T11:23:00.324999
d10f81a4b250e70db897666bd5225fb0,naverchzzk,,,,,,,,446,,0,,0,,0,0,unknown,no_category_data,,2026-06-15T11:23:02.671371
cba1f1757f68b1d8a2db714c8aa705d9,naverchzzk,,,,,,,,571,,0,,0,,0,0,unknown,no_category_data,,2026-06-15T11:23:02.915717
8d78289d5a6095485df9e08c853e69ef,naverchzzk,,,,,,,,45,,0,,0,,0,0,unknown,no_category_data,,2026-06-15T11:23:09.964001
e93827c3fdd26bbe0d1b2123ee9af7c8,naverchzzk,,,,,,,,93,데드락,100.0,,0,,0,1,false,single_game_dominant,,2026-06-15T11:23:10.418865
694f88835e9ccbb82346b846c3ebc264,naverchzzk,,,,,,,,262,,0,,0,,0,0,unknown,no_category_data,,2026-06-15T11:23:13.090429
796e34d5a72314121a1cb24fd8ac38c0,naverchzzk,,,,,,,,106,,0,,0,,0,0,unknown,no_category_data,,2026-06-15T11:23:15.579260
f4cd3d838307ddc09da0afe1768691e0,naverchzzk,,,,,,,,287,사이퍼즈,51.0,talk,16.2,음악/노래,15.0,10,true,multi_game,,2026-06-15T11:23:17.496277
37dd097a9cd651718f900c82e6183fd0,naverchzzk,,,,,,,,207,로스트아크,89.7,스타크래프트 : 리마스터,3.2,프래그마타,2.9,6,false,single_game_dominant,,2026-06-15T11:23:20.556179
3893acad87cc1d479b9f61f2e732a75a,naverchzzk,,,,,,,,229,,0,,0,,0,0,unknown,no_category_data,,2026-06-15T11:23:23.444947
e07bb54beb8b83b3c6feb2876b78a7e8,naverchzzk,,,,,,,,1306,,0,,0,,0,0,unknown,no_category_data,,2026-06-15T11:23:25.656782
e9a5166eac2610b0fdb2e9ef3e59c142,naverchzzk,,,,,,,,238,,0,,0,,0,0,unknown,no_category_data,,2026-06-15T11:23:28.008490
e8df653cc829665d27dafe727ff48e3c,naverchzzk,,,,,,,,1103,이터널 리턴,68.2,마인크래프트,22.3,러스트,8.8,7,true,multi_game,,2026-06-15T11:23:28.420866
8840e6587106713e56f3267a193ae6b8,naverchzzk,,,,,,,,1042,음악/노래,74.0,talk,20.2,그림/아트,2.2,5,false,single_game_or_non_game,,2026-06-15T11:23:29.685366
89b2761d93b1bbe9e1e77ba7d6b80e6c,naverchzzk,,,,,,,,1286,라그나로크 온라인,62.9,talk,19.7,더 게임 오브 라이프 포 닌텐도 스위치,16.7,4,true,multi_game,,2026-06-15T11:23:29.795837
499af79ecabb96a3f6ea6c51de3a8d41,naverchzzk,,,,,,,,376,talk,100.0,,0,,0,1,false,talk_primary,,2026-06-15T11:23:31.938944
24f51e6111cb2f34eccacd7ec0c2c952,naverchzzk,,,,,,,,1401,,0,,0,,0,0,unknown,no_category_data,,2026-06-15T11:23:33.110427
1fe2e7d8fb5395008ac9846124774e6f,naverchzzk,,,,,,,,3493,talk,100.0,,0,,0,1,false,talk_primary,,2026-06-15T11:23:36.412093
71cb568181cf8893ee3444c6033bfe5d,naverchzzk,,,,,,,,1523,,0,,0,,0,0,unknown,no_category_data,,2026-06-15T11:23:36.595212
a33e83cbeb0340d5aa432df11e42f6ab,naverchzzk,,,,,,,,7670,,0,,0,,0,0,unknown,no_category_data,,2026-06-15T11:23:38.187680
1aa3470fd27f8ea289ea933e1b22c495,naverchzzk,,,,,,,,95,talk,100.0,,0,,0,1,false,talk_primary,,2026-06-15T11:23:39.433470
cbbed4b9f547f2811a4cb79e10f4552f,naverchzzk,,,,,,,,995,PUBG: 배틀그라운드,30.8,로스트아크,20.8,마인크래프트,16.0,14,true,multi_game,,2026-06-15T11:23:39.532504
1162f959f6cc26814d16f5d364d43a06,naverchzzk,,,,,,,,1876,talk,27.6,마인크래프트,15.3,블루 아카이브,15.2,19,true,multi_game,,2026-06-15T11:23:41.546000
593500ff13bc3e54edfdd7b42136feae,naverchzzk,,,,,,,,283,친구모아 아일랜드 두근두근 라이프,78.1,음악/노래,21.9,,0,2,true,multi_game,,2026-06-15T11:23:44.813891
bcc40a65be1d0e68b0ae44c1d6dcdcf5,naverchzzk,,,,,,,,249,,0,,0,,0,0,unknown,no_category_data,,2026-06-15T11:23:44.828100
6ade9bad7b95782152e05803fde27b5b,naverchzzk,,,,,,,,417,talk,96.8,왕좌의 게임: 킹스로드,3.2,,0,2,false,talk_primary,,2026-06-15T11:23:46.534734
09967c3d509368377a48f11afe36f065,naverchzzk,,,,,,,,137,,0,,0,,0,0,unknown,no_category_data,,2026-06-15T11:23:47.787066
89aaac5f6a5b6e3738246314f95a4ca9,naverchzzk,,,,,,,,392,talk,100.0,,0,,0,1,false,talk_primary,,2026-06-15T11:23:48.775635
126f58d5c8105d3e3cfd300d1cb73e05,naverchzzk,,,,,,,,489,,0,,0,,0,0,unknown,no_category_data,,2026-06-15T11:23:49.334834
0b59862b053241da4030539aa627b48a,naverchzzk,,,,,,,,3846,,0,,0,,0,0,unknown,no_category_data,,2026-06-15T11:23:53.689048
c9dc205ac495d296638327c6ae471a65,naverchzzk,,,,,,,,676,레드 데드 리뎀션 2,22.3,007 퍼스트 라이트,16.4,talk,14.9,11,true,multi_game,,2026-06-15T11:23:55.060780
b5084c2c6d6585b141abad1eac6dd3fb,naverchzzk,,,,,,,,531,리그 오브 레전드,87.0,PUBG: 배틀그라운드,10.1,명조:워더링 웨이브,2.9,3,false,single_game_dominant,,2026-06-15T11:23:55.359496
6fbc36bb2d845184cd3019ee9b37bf8f,naverchzzk,,,,,,,,396,,0,,0,,0,0,unknown,no_category_data,,2026-06-15T11:23:56.028928
67ae0ee7711e6d062f0eab55d3edf139,naverchzzk,,,,,,,,432,,0,,0,,0,0,unknown,no_category_data,,2026-06-15T11:23:56.775690
595bbfa43930b5180422aeedce160aff,naverchzzk,,,,,,,,247,talk,58.3,종합 게임,41.7,,0,2,false,talk_primary,,2026-06-15T11:23:56.947784
ff776adaa27d335b6b45a17e3a5fc233,naverchzzk,,,,,,,,696,,0,,0,,0,0,unknown,no_category_data,,2026-06-15T11:24:01.246146
589807ec314c2f02f524fa176c801596,naverchzzk,,,,,,,,598,,0,,0,,0,0,unknown,no_category_data,,2026-06-15T11:24:03.274697
df13bebe0342e9fa942277ee9ea478c2,naverchzzk,,,,,,,,288,talk,35.9,리그 오브 레전드,29.0,마인크래프트,16.6,5,true,multi_game,,2026-06-15T11:24:05.648235
f0bf83485dd5c40698da0d6208f4aea0,naverchzzk,,,,,,,,235,talk,100.0,,0,,0,1,false,talk_primary,,2026-06-15T11:24:05.779015
d18469c1857ac1e2ed157f8c3b829f6f,naverchzzk,,,,,,,,68,스타크래프트 II : 공허의 유산,65.4,하스스톤,34.6,,0,2,true,multi_game,,2026-06-15T11:24:05.920099
34d8c6707022b00e68b96437c5f8b4b9,naverchzzk,,,,,,,,1597,명조:워더링 웨이브,20.9,talk,13.8,이환,11.0,14,false,single_game_or_non_game,,2026-06-15T11:24:06.457054
478203d56b33ffa56698704011d8c396,naverchzzk,,,,,,,,93,,0,,0,,0,0,unknown,no_category_data,,2026-06-15T11:24:08.867788
1bd9850c7abe04d48914579d5b9a9949,naverchzzk,,,,,,,,222,GTFO,54.3,talk,25.9,리그 오브 레전드,19.8,3,true,multi_game,,2026-06-15T11:24:16.056952
bbd2d69263dca80321325dbdbb454ac0,naverchzzk,,,,,,,,792,,0,,0,,0,0,unknown,no_category_data,,2026-06-15T11:24:18.857911
9998f364623faddade8c3479e84eeaed,naverchzzk,,,,,,,,743,승리의 여신: 니케,56.4,talk,43.6,,0,2,false,single_game_or_non_game,,2026-06-15T11:24:20.028036
8ccafc2b8c69009b47f8754943ba757e,naverchzzk,,,,,,,,739,PUBG: 배틀그라운드,58.3,붕괴: 스타레일,41.7,talk,0.0,3,true,multi_game,,2026-06-15T11:24:20.220289
68ab427590ea28f308ac992602399c06,naverchzzk,,,,,,,,341,블루 아카이브,61.3,talk,21.8,트릭컬 리바이브,6.5,11,false,single_game_or_non_game,,2026-06-15T11:24:22.006256
ee114a804c00bc122d7a425367016b7e,naverchzzk,,,,,,,,726,기동전사 건담 배틀 오퍼레이션 2,53.1,talk,27.3,유희왕 마스터 듀얼,7.1,9,false,single_game_or_non_game,,2026-06-15T11:24:22.306018
a178cde93c3246f71eae6e87b2d9d658,naverchzzk,,,,,,,,332,talk,54.4,발로란트,25.6,프래그마타,11.4,5,false,talk_primary,,2026-06-15T11:24:24.609647
18cf9c112efd66d41507302b610e0286,naverchzzk,,,,,,,,250,,0,,0,,0,0,unknown,no_category_data,,2026-06-15T11:24:26.381956
59e6772077fff1d814c53c95985245a5,naverchzzk,,,,,,,,1822,마인크래프트,30.3,PUBG: 배틀그라운드,28.0,리그 오브 레전드,12.5,13,true,multi_game,,2026-06-15T11:24:32.426643
66d0fa6ca91cf2d56a65eddf9b64abbf,naverchzzk,,,,,,,,198,,0,,0,,0,0,unknown,no_category_data,,2026-06-15T11:24:32.633311
74476771f6072bf8166543fbe4a2fb4d,naverchzzk,,,,,,,,588,talk,29.0,워프레임,27.7,이스케이프 프롬 타르코프,24.4,7,true,multi_game,,2026-06-15T11:24:33.489199
509bcbae6481ea04b95e9644a2990b50,naverchzzk,,,,,,,,33,산소미포함,80.0,종합 게임,10.5,PUBG: 배틀그라운드,8.2,4,false,single_game_dominant,,2026-06-15T11:24:34.707392
75293eddfa6275b8653e20ef9edddee9,naverchzzk,,,,,,,,1528,talk,51.3,그림/아트,47.7,음악/노래,1.0,3,false,talk_primary,,2026-06-15T11:24:35.815947
0c1ebe682954cab09753e0ab1db91ecb,naverchzzk,,,,,,,,642,PUBG: 배틀그라운드,99.6,서든어택,0.4,이스케이프 프롬 타르코프,0.0,3,false,single_game_dominant,,2026-06-15T11:24:36.324745
85cd5a47dda5c245507ca762519ae750,naverchzzk,,,,,,,,413,디아블로 4: 증오의 군주,34.4,talk,33.5,디아블로 4: 증오의 그릇,30.7,4,true,multi_game,,2026-06-15T11:24:40.624715
834d6f831f661bd60b20a65c9868351d,naverchzzk,,,,,,,,561,,0,,0,,0,0,unknown,no_category_data,,2026-06-15T11:24:40.822972
bc18ba1e22958e21b33fe93716f4be47,naverchzzk,,,,,,,,349,,0,,0,,0,0,unknown,no_category_data,,2026-06-15T11:24:41.355960
e5de4cb4736349d196e2aee04a7c8c36,naverchzzk,,,,,,,,775,,0,,0,,0,0,unknown,no_category_data,,2026-06-15T11:24:42.403708
79fee0d4acfb423b44e6c9d723a2b4fa,naverchzzk,,,,,,,,131,마비노기 모바일,60.5,이환,9.0,메이플스토리 월드,7.7,11,false,single_game_or_non_game,,2026-06-15T11:24:45.443923
55ddbd6694714144e7b670e6280e7f3f,naverchzzk,,,,,,,,239,FC온라인,100.0,,0,,0,1,false,single_game_dominant,,2026-06-15T11:24:45.647574
1ec2e3db83c779994c7ba9ee75c40d2f,naverchzzk,,,,,,,,41,talk,54.5,종합 게임,27.1,발로란트,7.5,8,false,talk_primary,,2026-06-15T11:24:56.147653
d469a0cd001dec2f473e061dd3586751,naverchzzk,,,,,,,,770,talk,56.5,코어 키퍼,22.0,종합 게임,21.5,3,false,talk_primary,,2026-06-15T11:24:56.378472
d675685d693422e47734b359097a5c20,naverchzzk,,,,,,,,202,,0,,0,,0,0,unknown,no_category_data,,2026-06-15T11:24:57.469857
aac9c3eb8e66d3caf47924074386fdc5,naverchzzk,,,,,,,,822,talk,43.0,서브노티카 2,16.0,발더스 게이트 3,14.4,8,false,single_game_or_non_game,,2026-06-15T11:24:58.267263
cb344727c37cb5b7ceebc615cd5aafe4,naverchzzk,,,,,,,,684,명조:워더링 웨이브,100.0,,0,,0,1,false,single_game_dominant,,2026-06-15T11:24:58.371202
d1bc0251d482b2912cea69bfb7cc3ab2,naverchzzk,,,,,,,,1029,talk,86.4,오버워치,7.1,종합 게임,3.3,4,false,talk_primary,,2026-06-15T11:24:58.557889
7e26cad65033ee369d6cbe15bfbe8895,naverchzzk,,,,,,,,340,,0,,0,,0,0,unknown,no_category_data,,2026-06-15T11:25:08.975715
93f6df1fb0507e0a7ac1dce6ce5cd456,naverchzzk,,,,,,,,204,,0,,0,,0,0,unknown,no_category_data,,2026-06-15T11:25:11.552969
4e1747422ac6d0a1bd11978595f62d8a,naverchzzk,,,,,,,,249,발로란트,67.3,talk,13.6,R.E.P.O.,6.1,6,false,single_game_or_non_game,,2026-06-15T11:25:12.393896
ddb3db87f286724bf41134bcb5a49f6a,naverchzzk,,,,,,,,278,이스케이프 프롬 타르코프,28.4,엘든 링,24.4,페르소나 5 더 로열,20.3,9,true,multi_game,,2026-06-15T11:25:13.930435
5eb0c20917cb0580f69218bb32a67ff6,naverchzzk,,,,,,,,376,마인크래프트,34.6,그림/아트,19.3,talk,11.3,11,false,single_game_or_non_game,,2026-06-15T11:25:14.198927
220f3aba2e9e05f32fc802bd533d12bb,naverchzzk,,,,,,,,220,종합 게임,43.3,그림/아트,41.0,두근두근타운,8.4,6,true,gg_primary,,2026-06-15T11:25:14.269123
2f5547829812875c0371efa5d08a5a68,naverchzzk,,,,,,,,439,전략적 팀 전투 : 우주의 신들,100.0,talk,0.0,,0,2,false,single_game_dominant,,2026-06-15T11:25:16.434163
d703becd72cc5931739bdf0bca306a1c,naverchzzk,,,,,,,,1004,다키스트 던전,29.4,우산 금지,16.4,코스믹 쿱,16.0,7,true,multi_game,,2026-06-15T11:25:23.377120
56c07d0d662020e6576dbf95fb19979c,naverchzzk,,,,,,,,707,원신,94.6,이환,5.4,,0,2,false,single_game_dominant,,2026-06-15T11:25:24.973910
ca381f78ec830a1339b7b074671c4148,naverchzzk,,,,,,,,896,,0,,0,,0,0,unknown,no_category_data,,2026-06-15T11:25:25.880986
9bd3ef73263e65019d9b48de8400c5f2,naverchzzk,,,,,,,,942,talk,77.6,발로란트,8.1,리그 오브 레전드,7.8,4,false,talk_primary,,2026-06-15T11:25:26.462553
6c849635a97b5ef9079a10c065a01fda,naverchzzk,,,,,,,,621,,0,,0,,0,0,unknown,no_category_data,,2026-06-15T11:25:27.305831
e18489700cccdcfbdab88cec544b071d,naverchzzk,,,,,,,,709,"워해머 40,000: 스페이스 마린 2",100.0,,0,,0,1,false,single_game_dominant,,2026-06-15T11:25:28.195827
2a0ba67673d12887b98c3e936b62363f,naverchzzk,,,,,,,,253,talk,100.0,,0,,0,1,false,talk_primary,,2026-06-15T11:25:31.308360
6d91b40d26cde873d24142b0a3627b58,naverchzzk,,,,,,,,382,,0,,0,,0,0,unknown,no_category_data,,2026-06-15T11:25:42.864064
159ebabf2dae33a4f3c09ebf9a034f40,naverchzzk,,,,,,,,998,파이널판타지14,52.4,talk,25.4,데드 바이 데이라이트,22.2,3,true,multi_game,,2026-06-15T11:25:43.800513
3f7bb7e74cf789f823ef354f33752350,naverchzzk,,,,,,,,122,,0,,0,,0,0,unknown,no_category_data,,2026-06-15T11:25:44.202813
026a41685abd2f62d8827d77c541f46e,naverchzzk,,,,,,,,391,talk,74.1,크라임 씬 클리너,9.6,톰 클랜시의 레인보우 식스 시즈 X,9.6,5,false,talk_primary,,2026-06-15T11:25:45.588637
9d25cdcccd0c7121d5349d42907b51b3,naverchzzk,,,,,,,,305,로스트아크,82.6,델타포스,10.4,talk,4.1,7,false,single_game_dominant,,2026-06-15T11:25:45.611153
0c874526f4c3d6bbbe1ea00e41db2d81,naverchzzk,,,,,,,,544,로스트아크,76.1,발로란트,7.9,PUBG: 배틀그라운드,7.2,10,false,single_game_or_non_game,,2026-06-15T11:25:45.715622
ae103b5772a4f2825eee0ab8757f5ef5,naverchzzk,,,,,,,,1592,talk,100.0,,0,,0,1,false,talk_primary,,2026-06-15T11:25:51.776091
9757033b435489ee0a533d17075f4a91,naverchzzk,,,,,,,,835,,0,,0,,0,0,unknown,no_category_data,,2026-06-15T11:25:52.375737
c2b97cee68ec8954b89284695adbc7ba,naverchzzk,,,,,,,,46,이스케이프 프롬 타르코프,100.0,,0,,0,1,false,single_game_dominant,,2026-06-15T11:25:55.308884
6c868b24af54e1e23bba7850d709432b,naverchzzk,,,,,,,,378,음악/노래,66.0,종합 게임,18.7,도시전설 해체센터,10.7,5,true,multi_game,,2026-06-15T11:25:55.698365
730c0ca739198ca1b3748ce4a7153acc,naverchzzk,,,,,,,,1383,talk,100.0,,0,,0,1,false,talk_primary,,2026-06-15T11:25:56.299091
74efa31dae2e8fb5ba5fa618b836cbb7,naverchzzk,,,,,,,,279,그림/아트,87.5,서브노티카 2,6.2,토탈 워: 워해머 3,4.4,5,false,single_game_dominant,,2026-06-15T11:25:57.027727
68feed47132a6205f11b4499384e8537,naverchzzk,,,,,,,,141,로스트아크,97.6,종합 게임,2.4,,0,2,false,single_game_dominant,,2026-06-15T11:26:01.104062
e56d02a4ea94cb7674b8649ca3f91193,naverchzzk,,,,,,,,871,talk,88.4,음악/노래,7.6,프래그마타,4.0,3,false,talk_primary,,2026-06-15T11:26:03.344752
621d8f5d431afa29cc951d945bf5c348,naverchzzk,,,,,,,,34,,0,,0,,0,0,unknown,no_category_data,,2026-06-15T11:26:06.265813
9884ce8e0181c1b96c2f82ad695c77bc,naverchzzk,,,,,,,,187,,0,,0,,0,0,unknown,no_category_data,,2026-06-15T11:26:07.457234
50b5f47d108df94dad79a581153268ec,naverchzzk,,,,,,,,685,talk,39.9,언더테일,32.8,피크,22.0,5,true,multi_game,,2026-06-15T11:26:07.827594
e54fb667c2edae6a168c6708b17720a9,naverchzzk,,,,,,,,1069,talk,26.8,마인크래프트,11.8,원신,10.0,20,false,single_game_or_non_game,,2026-06-15T11:26:08.265776
24d290945e380b7da71548ba0cdd9626,naverchzzk,,,,,,,,768,talk,48.7,이환,14.3,데드 바이 데이라이트,8.2,13,false,single_game_or_non_game,,2026-06-15T11:26:10.412106
75ffb6af7dd9bfc283e26c38d6a14d8f,naverchzzk,,,,,,,,438,포르자 호라이즌 6,100.0,,0,,0,1,false,single_game_dominant,,2026-06-15T11:26:10.905753
762a0fa256163e6869a449def2b24aa7,naverchzzk,,,,,,,,24,종합 게임,100.0,,0,,0,1,true,gg_primary,,2026-06-15T11:26:16.692131
6210dd61d4c940be64435a1c994d7062,naverchzzk,,,,,,,,41,,0,,0,,0,0,unknown,no_category_data,,2026-06-15T11:26:17.405178
48228b0d7555ba4d06d09477b2568040,naverchzzk,,,,,,,,3499,talk,39.4,에브리씽 이즈 크랩: 동물 진화 로그라이트,20.0,언더테일,19.5,5,true,multi_game,,2026-06-15T11:26:24.705065
f8acbd3934d616b54c3ae1b85556049c,naverchzzk,,,,,,,,557,talk,99.3,오버워치,0.7,,0,2,false,talk_primary,,2026-06-15T11:26:25.812554
d149be69cebd79ab7aef4d18f5b1a2f0,naverchzzk,,,,,,,,420,오버워치,33.6,포트나이트,29.9,에이펙스 레전드,17.8,7,true,multi_game,,2026-06-15T11:26:28.385928
cbbe3b870447db6139d1a0b1dff0c640,naverchzzk,,,,,,,,315,로스트아크,95.3,PUBG: 배틀그라운드,3.0,그리스,1.7,3,false,single_game_dominant,,2026-06-15T11:26:28.606239
6e976999fb675988d907b59cec1fe9fe,naverchzzk,,,,,,,,693,리그 오브 레전드,93.1,마인크래프트,2.9,오버워치,2.4,4,false,single_game_dominant,,2026-06-15T11:26:34.661907
8aead192bd48b6035c5ab2c5a417fdfd,naverchzzk,,,,,,,,730,오버워치,90.6,talk,6.3,아이작의 번제: 리버스,2.0,4,false,single_game_dominant,,2026-06-15T11:26:34.876044
efca38e5443c1255143145b2dbc97e20,naverchzzk,,,,,,,,345,PUBG: 배틀그라운드,86.7,talk,13.3,종합 게임,0.0,4,false,single_game_dominant,,2026-06-15T11:26:37.747873
8fdca1080858c4b1cab83b42e6a8b376,naverchzzk,,,,,,,,73,그림/아트,61.1,talk,38.9,,0,2,false,single_game_or_non_game,,2026-06-15T11:26:39.422117
5d7f8a961cecff7b7e071f71eaa93593,naverchzzk,,,,,,,,855,talk,62.6,마인크래프트,23.3,음악/노래,7.7,5,false,talk_primary,,2026-06-15T11:26:40.328220
ce4e60da4e14dcf0c91d3a2c876ce260,naverchzzk,,,,,,,,517,R.E.P.O.,82.9,PUBG: 배틀그라운드,11.1,talk,3.2,8,false,single_game_dominant,,2026-06-15T11:26:43.362156
ccbf668b24789d6a37ec170fe8c9dbc8,naverchzzk,,,,,,,,153,,0,,0,,0,0,unknown,no_category_data,,2026-06-15T11:26:43.749688
40008e6c620868f1b29d3627cd931ea1,naverchzzk,,,,,,,,613,talk,44.4,음악/노래,9.0,포장마차 : 한국 길거리 음식 경영시뮬레이터,6.7,15,false,single_game_or_non_game,,2026-06-15T11:26:45.601890
9e90a323cc7d81012681dbcbad274ed9,naverchzzk,,,,,,,,444,talk,23.3,언젠가는 도착해,19.9,그림/아트,14.4,9,false,single_game_or_non_game,,2026-06-15T11:26:47.464519
e02181865a2e823da84a9773ced2d096,naverchzzk,,,,,,,,4393,,0,,0,,0,0,unknown,no_category_data,,2026-06-15T11:26:48.284821
fac88ee3e8da84fc20f053e80efd0f26,naverchzzk,,,,,,,,857,,0,,0,,0,0,unknown,no_category_data,,2026-06-15T11:26:49.255096
8e7ddfd80e5b61794b473e29bad4481f,naverchzzk,,,,,,,,323,talk,100.0,,0,,0,1,false,talk_primary,,2026-06-15T11:26:51.807448
1bba9dea7f936bdcfe06962bcf0d686a,naverchzzk,,,,,,,,3499,talk,65.5,엘든 링,17.5,다크 소울 3,6.3,8,false,talk_primary,,2026-06-15T11:26:54.052694
d8d084e9469e3ce4e0625016495ad3ef,naverchzzk,,,,,,,,544,로블록스,53.9,발로란트,14.9,브롤스타즈,12.2,8,false,single_game_or_non_game,,2026-06-15T11:26:59.471383
75418733357aa813ccb5b5685374d9c6,naverchzzk,,,,,,,,494,,0,,0,,0,0,unknown,no_category_data,,2026-06-15T11:26:59.968786
4ae03f81a7dd2aa680457590f5c39e41,naverchzzk,,,,,,,,388,이스케이프 프롬 타르코프,51.4,로스트아크,37.2,서브노티카 2,4.7,5,true,multi_game,,2026-06-15T11:27:01.768158
59b715d00a73ca256b5dca23ccef5e29,naverchzzk,,,,,,,,169,,0,,0,,0,0,unknown,no_category_data,,2026-06-15T11:27:01.940799
e05c8891e93374198178980e691cba4b,naverchzzk,,,,,,,,239,PUBG: 배틀그라운드,40.1,종합 게임,19.5,talk,14.8,13,true,multi_game,,2026-06-15T11:27:02.345642
604f11fdb18c7e75003c514586df7202,naverchzzk,,,,,,,,172,,0,,0,,0,0,unknown,no_category_data,,2026-06-15T11:27:02.735871
3051cd7d208efc32387541bfa3fcfb4f,naverchzzk,,,,,,,,358,,0,,0,,0,0,unknown,no_category_data,,2026-06-15T11:27:08.096964
20e1785f62a34d58a91fdd3d5a16c3db,naverchzzk,,,,,,,,327,talk,56.6,마인크래프트,29.4,음악/노래,14.0,3,false,talk_primary,,2026-06-15T11:27:08.979630
a98c7d5704460f619c17f70e25de55da,naverchzzk,,,,,,,,93,러시안 피싱 4,100.0,,0,,0,1,false,single_game_dominant,,2026-06-15T11:27:11.587524
d3c073c7c9294a5f053cad51680c52cb,naverchzzk,,,,,,,,324,,0,,0,,0,0,unknown,no_category_data,,2026-06-15T11:27:12.117041
c483beec9d580f315146c05c3ac2677a,naverchzzk,,,,,,,,337,몬스터 헌터 와일즈,41.3,talk,30.4,PUBG: 배틀그라운드,12.7,5,false,single_game_or_non_game,,2026-06-15T11:27:12.204747
9d9370f302917a9e9ca4532869964566,naverchzzk,,,,,,,,724,서브노티카,51.6,리그 오브 레전드,35.6,talk,7.6,4,true,multi_game,,2026-06-15T11:27:12.638086
5d6662aec97d61fa92f33fc7a03424e1,naverchzzk,,,,,,,,448,,0,,0,,0,0,unknown,no_category_data,,2026-06-15T11:27:15.582121
ccb632006d58d325e3a4262cc2288252,naverchzzk,,,,,,,,144,,0,,0,,0,0,unknown,no_category_data,,2026-06-15T11:27:16.455578
7b7285626b4ca493d0f8c03fa6e05693,naverchzzk,,,,,,,,1792,로스트아크,85.0,talk,5.7,오버워치,3.7,6,false,single_game_dominant,,2026-06-15T11:27:25.295738
4f4e727649533b23297437080365a8f4,naverchzzk,,,,,,,,632,마인크래프트,74.3,음악/노래,22.2,리그 오브 레전드,3.6,3,true,multi_game,,2026-06-15T11:27:27.424901
021a78322abdd15b63996518c16cabef,naverchzzk,,,,,,,,812,talk,83.5,발로란트,10.5,오버워치,6.0,3,false,talk_primary,,2026-06-15T11:27:27.535738
84920669661479cca386f08b90076e31,naverchzzk,,,,,,,,937,메이플스토리 월드,35.4,리그 오브 레전드,33.9,talk,26.0,4,true,multi_game,,2026-06-15T11:27:27.834076
d7cd766c1034e466726724f1dd8f4e24,naverchzzk,,,,,,,,561,승리의 여신: 니케,30.6,talk,27.6,붕괴: 스타레일,23.2,8,true,multi_game,,2026-06-15T11:27:28.385751
9ecc77db4166d6707f9da2051179abea,naverchzzk,,,,,,,,568,talk,56.3,음악/노래,37.5,종합 게임,6.1,3,false,talk_primary,,2026-06-15T11:27:28.436104
45b622c608bae5d184c50988b74dc067,naverchzzk,,,,,,,,231,사이퍼즈,78.6,데드 바이 데이라이트,6.5,슬레이 더 스파이어 2,6.2,8,false,single_game_or_non_game,,2026-06-15T11:27:33.774782
5c4aa3df651e502d8b2c43819e5a0170,naverchzzk,,,,,,,,420,,0,,0,,0,0,unknown,no_category_data,,2026-06-15T11:27:37.130912
9178825e6c5f0fcaefe652f1132788e8,naverchzzk,,,,,,,,284,talk,100.0,,0,,0,1,false,talk_primary,,2026-06-15T11:27:38.089131
a9bf98c5e4d4678dedf97cda9158ddac,naverchzzk,,,,,,,,410,,0,,0,,0,0,unknown,no_category_data,,2026-06-15T11:27:38.670886
d35c13d3bac76ad1f2dd997436be66d9,naverchzzk,,,,,,,,380,나 혼자만 레벨업:어라이즈,52.5,몬길: STAR DIVE,35.4,리밋 제로 브레이커스,12.1,3,true,multi_game,,2026-06-15T11:27:38.718132
73f2f0d9a5e80faa25be3667259671d5,naverchzzk,,,,,,,,469,발로란트,65.3,talk,26.1,PUBG: 배틀그라운드,7.0,4,false,single_game_or_non_game,,2026-06-15T11:27:38.724120
112677e72fc763fa4bd7a15a21cbc6c2,naverchzzk,,,,,,,,1049,Once Human,55.6,talk,12.5,마인크래프트,9.3,11,false,single_game_or_non_game,,2026-06-15T11:27:45.659138
f77bc81ccb9d757a3083bf13c6368e53,naverchzzk,,,,,,,,119,talk,100.0,,0,,0,1,false,talk_primary,,2026-06-15T11:27:46.676441
9f7b7be545d0afa5f23cd3e4a0cfb673,naverchzzk,,,,,,,,299,,0,,0,,0,0,unknown,no_category_data,,2026-06-15T11:27:49.639874
cd15908f32301f8412a8d8edb8f6de91,naverchzzk,,,,,,,,392,talk,66.7,마비노기 모바일,33.3,,0,2,false,talk_primary,,2026-06-15T11:27:51.109689
d2d57640fee0a0ce08f634ec1541bdfa,naverchzzk,,,,,,,,432,talk,57.0,PUBG: 배틀그라운드,12.8,마인크래프트,8.4,7,false,talk_primary,,2026-06-15T11:27:57.211397
cb7d1e6c4dc995ddb1244e5a31598b6f,naverchzzk,,,,,,,,352,talk,43.9,마인크래프트,23.2,발로란트,18.6,11,true,multi_game,,2026-06-15T11:27:57.490442
1d1a9932d7ffe8bc9ccdf226dd9156f5,naverchzzk,,,,,,,,169,,0,,0,,0,0,unknown,no_category_data,,2026-06-15T11:27:58.498478
8ac83235e18c1430496c5414475cd54d,naverchzzk,,,,,,,,320,,0,,0,,0,0,unknown,no_category_data,,2026-06-15T11:27:59.915943
1a7e31c679bb6eae4dd6b63e6427247f,naverchzzk,,,,,,,,731,talk,27.5,PUBG: 배틀그라운드,23.7,붉은사막,21.4,12,true,multi_game,,2026-06-15T11:28:05.151556
cf963020ce85c8b8e57c27bfc78ae114,naverchzzk,,,,,,,,524,메이플스토리 월드,95.7,종합 게임,3.0,데드 바이 데이라이트,1.2,3,false,single_game_dominant,,2026-06-15T11:28:07.775035
6bf99c910e8d0b128dbaee30d478af3e,naverchzzk,,,,,,,,498,,0,,0,,0,0,unknown,no_category_data,,2026-06-15T11:28:09.982452
e3baf850b2c63df0fd9b3c4e90f48915,naverchzzk,,,,,,,,69,,0,,0,,0,0,unknown,no_category_data,,2026-06-15T11:28:11.396879
3a8413e6b65c492851a9fe6557238405,naverchzzk,,,,,,,,149,,0,,0,,0,0,unknown,no_category_data,,2026-06-15T11:28:13.624800
5fe954ca81b8f91d92cbff4c7e5fd54e,naverchzzk,,,,,,,,765,이스케이프 프롬 타르코프,100.0,,0,,0,1,false,single_game_dominant,,2026-06-15T11:28:15.939187
6e37a2a9434edc5a633f83483ab37b2f,naverchzzk,,,,,,,,471,talk,33.2,작혼: 리치 마작,20.7,애니메이션,17.1,6,true,multi_game,,2026-06-15T11:28:17.968146
ad4580b7ee4c9d37b00f31590a94f460,naverchzzk,,,,,,,,18,,0,,0,,0,0,unknown,no_category_data,,2026-06-15T11:28:21.123104
4f0f6cfad399fa8bb016bd3953f8e159,naverchzzk,,,,,,,,1195,talk,98.1,오버워치,1.9,,0,2,false,talk_primary,,2026-06-15T11:28:22.255866
48cc990d6893a22e0ce3f74ad909f797,naverchzzk,,,,,,,,1060,,0,,0,,0,0,unknown,no_category_data,,2026-06-15T11:28:22.639349
8e85f09a471934d92a3ec460dda11537,naverchzzk,,,,,,,,656,메이플스토리 월드,93.4,2026 FIFA 북중미 월드컵,4.4,talk,2.2,3,false,single_game_dominant,,2026-06-15T11:28:23.117453
14c9254bd30c6d52beb2bd6680980ce0,naverchzzk,,,,,,,,565,파이널판타지14,97.4,프로젝트 좀보이드,2.0,스타듀 밸리,0.6,3,false,single_game_dominant,,2026-06-15T11:28:25.304960
2d33b295b6336916b4884ad5985e6c24,naverchzzk,,,,,,,,181,FC온라인,39.9,바이오하자드 5 : 골드 에디션,25.4,talk,18.1,6,true,multi_game,,2026-06-15T11:28:25.595127
2a53adf05f634016c2b164bb0a882777,naverchzzk,,,,,,,,1299,메이플스토리 월드,79.4,리그 오브 레전드,6.3,talk,3.3,11,false,single_game_or_non_game,,2026-06-15T11:28:34.897682
7e2cbeb075a84bcc1b3a8e83cec2da60,naverchzzk,,,,,,,,471,,0,,0,,0,0,unknown,no_category_data,,2026-06-15T11:28:36.845883
aebc65dfdd603262bbaa9e0c8b357b34,naverchzzk,,,,,,,,185,돈 스타브 투게더,31.1,서브노티카 2,25.3,리그 오브 레전드,17.4,8,true,multi_game,,2026-06-15T11:28:37.161878
dc0e260ff4a5bfad95782cf7918b02bb,naverchzzk,,,,,,,,1310,발로란트,66.1,파피 플레이타임,13.4,Grand Theft Auto V,9.9,5,false,single_game_or_non_game,,2026-06-15T11:28:37.411153
4aee05bc501a6e50c5aec035c063f5f0,naverchzzk,,,,,,,,1027,로스트아크,96.9,talk,3.1,,0,2,false,single_game_dominant,,2026-06-15T11:28:37.623942
b57df0961976d903da875930a4a0aa19,naverchzzk,,,,,,,,602,talk,73.3,음악/노래,18.2,종합 게임,6.1,5,false,talk_primary,,2026-06-15T11:28:37.905702
4c8d80539aab8798d3115fefd7e00d4d,naverchzzk,,,,,,,,42,,0,,0,,0,0,unknown,no_category_data,,2026-06-15T11:28:42.353810
0962d3970ac70fb9efa571ed150ce7a2,naverchzzk,,,,,,,,44,이터널 리턴,100.0,,0,,0,1,false,single_game_dominant,,2026-06-15T11:28:46.704729
ec413be87d3cf584afa7f39158acd13a,naverchzzk,,,,,,,,497,,0,,0,,0,0,unknown,no_category_data,,2026-06-15T11:28:48.083792
0e29213484f7b270fb4a7224c3b3130d,naverchzzk,,,,,,,,502,이터널 리턴,42.0,서든어택,13.6,마인크래프트,9.1,10,false,single_game_or_non_game,,2026-06-15T11:28:50.293047
2ef0dbecc062a8a9b8ecb34cf3e5fa78,naverchzzk,,,,,,,,281,,0,,0,,0,0,unknown,no_category_data,,2026-06-15T11:28:51.493967
10ef27487253c7c01ed7cd711ad6c9ec,naverchzzk,,,,,,,,628,오버워치,51.2,마인크래프트,23.3,talk,15.8,5,true,multi_game,,2026-06-15T11:28:51.685755
491b9e277f1cf6c4e27ddea9dffd137e,naverchzzk,,,,,,,,828,로스트아크,49.8,마인크래프트,25.9,메이플스토리 월드,7.2,11,true,multi_game,,2026-06-15T11:28:51.749972
f9f904c8ee75e25100aa5034bb78356c,naverchzzk,,,,,,,,377,발로란트,55.4,R.E.P.O.,16.8,마인크래프트,11.7,10,true,multi_game,,2026-06-15T11:28:55.698171
35a51e16dc6223623f9b8a01744b4a54,naverchzzk,,,,,,,,437,여행,100.0,,0,,0,1,false,single_game_dominant,,2026-06-15T11:28:56.085284
5ddc632973d609264e978c64326a4268,naverchzzk,,,,,,,,1162,던전앤파이터,41.3,talk,26.3,리듬 닥터,14.5,5,false,single_game_or_non_game,,2026-06-15T11:28:57.800198
c4564837532af5729dae98cc74528474,naverchzzk,,,,,,,,341,,0,,0,,0,0,unknown,no_category_data,,2026-06-15T11:29:01.624823
b7264b88c26d79b1c57d15af08c9d361,naverchzzk,,,,,,,,801,,0,,0,,0,0,unknown,no_category_data,,2026-06-15T11:29:01.802238
1b6b11ef6687b254663654cb4c15d839,naverchzzk,,,,,,,,259,마비노기 모바일,59.5,메이플스토리 월드,16.3,talk,8.6,12,true,multi_game,,2026-06-15T11:29:02.600179
5e38b329f603b7e548248cd7da59a5fa,naverchzzk,,,,,,,,1631,,0,,0,,0,0,unknown,no_category_data,,2026-06-15T11:29:03.975763
52c744c4ebb5a19b5d151dc939f9be8b,naverchzzk,,,,,,,,798,,0,,0,,0,0,unknown,no_category_data,,2026-06-15T11:29:04.764864
594d1f70832071f0f46adc34120e1e10,naverchzzk,,,,,,,,182,,0,,0,,0,0,unknown,no_category_data,,2026-06-15T11:29:06.067396
39beba96a36c6a595cedb1bf2b769c7e,naverchzzk,,,,,,,,118,과학/기술,67.6,메이플스토리,23.4,매지컬 프린세스,5.4,5,true,multi_game,,2026-06-15T11:29:10.965068
44aef2d7c970436509ba2245ffdf2bfb,naverchzzk,,,,,,,,764,,0,,0,,0,0,unknown,no_category_data,,2026-06-15T11:29:12.330923
5b91eb17cb5f839bb6df200fa31f82dd,naverchzzk,,,,,,,,2194,패스 오브 엑자일 2,23.7,몬길: STAR DIVE,20.2,V 라이징,16.1,16,true,multi_game,,2026-06-15T11:29:13.185941
61856900e8d44fda8314cfe72ddeb341,naverchzzk,,,,,,,,180,,0,,0,,0,0,unknown,no_category_data,,2026-06-15T11:29:13.733128
6b2fdec7fde40fefbf3ea9f7a55924d3,naverchzzk,,,,,,,,1443,발로란트,75.2,구스 구스 덕,17.4,talk,7.4,3,true,multi_game,,2026-06-15T11:29:14.425995
db6205453d44246853e261b8d6c5f706,naverchzzk,,,,,,,,515,철권 8,97.1,환원 : 디보션,1.7,오버워치,1.2,3,false,single_game_dominant,,2026-06-15T11:29:15.750123
aa2936a10a2ff585acc50f40cdd361d7,naverchzzk,,,,,,,,284,로블록스,95.0,파티 애니멀즈,5.0,,0,2,false,single_game_dominant,,2026-06-15T11:29:20.202118
1a635a02601ada4d570f5a685cfd896e,naverchzzk,,,,,,,,419,,0,,0,,0,0,unknown,no_category_data,,2026-06-15T11:29:22.084008
34a2bd4f5988e37693e94306f0bfe57f,naverchzzk,,,,,,,,59,동방감주전 ~ Legacy of Lunatic Kingdom.,76.6,talk,23.4,,0,2,false,single_game_or_non_game,,2026-06-15T11:29:29.480678
3dfc0d7fde4b44b89b897958956c4c77,naverchzzk,,,,,,,,1957,발로란트,48.9,talk,25.1,서브노티카 2,5.9,16,false,single_game_or_non_game,,2026-06-15T11:29:30.728895
59b11630e1049ea8bea45b8bab2f8459,naverchzzk,,,,,,,,717,톰 클랜시의 레인보우 식스 시즈 X,100.0,,0,,0,1,false,single_game_dominant,,2026-06-15T11:29:31.077290
6512b7d061edad5c7bf6c45ff2297cc4,naverchzzk,,,,,,,,4,,0,,0,,0,0,unknown,no_category_data,,2026-06-15T11:29:31.623979
f638e750b76165c23e4f1530c166df1a,naverchzzk,,,,,,,,36281,talk,43.6,PUBG: 배틀그라운드,16.1,이터널 리턴,10.0,14,false,single_game_or_non_game,,2026-06-15T11:29:32.669634
289b4a059e63d65bc4a834256df36052,naverchzzk,,,,,,,,1168,,0,,0,,0,0,unknown,no_category_data,,2026-06-15T11:29:32.878235
921d22dba1c9a2dc1b51f348bd953f77,naverchzzk,,,,,,,,537,,0,,0,,0,0,unknown,no_category_data,,2026-06-15T11:29:37.225733
bfa087d8101ca861c37862d58428b5e9,naverchzzk,,,,,,,,737,유희왕 마스터 듀얼,18.4,워프레임,16.7,스타크래프트 II : 공허의 유산,15.3,10,true,multi_game,,2026-06-15T11:29:44.656077
aee61e81bb92a9688139b7642ed94866,naverchzzk,,,,,,,,1466,talk,100.0,,0,,0,1,false,talk_primary,,2026-06-15T11:29:44.670345
71d666b3b9024c896f945c4359c86ffe,naverchzzk,,,,,,,,828,메이플스토리 월드,99.0,PUBG: 배틀그라운드,1.0,,0,2,false,single_game_dominant,,2026-06-15T11:29:45.587917
6a8ad09c19f973c0ba767c7ba282ed89,naverchzzk,,,,,,,,190,,0,,0,,0,0,unknown,no_category_data,,2026-06-15T11:29:46.595705
bf96ae020fb172fbc423a26c46c0d390,naverchzzk,,,,,,,,743,메이플스토리,88.9,피크,3.6,PUBG: 배틀그라운드,2.4,6,false,single_game_dominant,,2026-06-15T11:29:47.064947
14ee35d95d24a6f698b36e8bd9831d4c,naverchzzk,,,,,,,,405,talk,29.6,발로란트,28.3,파슬 시뮬레이터,19.7,9,true,multi_game,,2026-06-15T11:29:47.710166
a0011535375a564856c886cd3062a7f0,naverchzzk,,,,,,,,280,,0,,0,,0,0,unknown,no_category_data,,2026-06-15T11:29:56.075833
15b9210f9eb6bd4081932d088dcbd9b6,naverchzzk,,,,,,,,150,종합 게임,40.5,이터널 리턴,23.4,talk,22.5,9,true,gg_primary,,2026-06-15T11:29:59.801328
e878f751a023d84cde31e0243996bc6c,naverchzzk,,,,,,,,369,새티스팩토리,34.7,서브노티카 2,31.7,V 라이징,25.3,4,true,multi_game,,2026-06-15T11:29:59.824762
bfd8d25138cdd5c8a34b67f26243ad97,naverchzzk,,,,,,,,324,명조:워더링 웨이브,43.7,다키스트 던전,16.0,이환,15.6,8,true,multi_game,,2026-06-15T11:30:00.395690
a61fec5c3a414e246521a8dd2843f44a,naverchzzk,,,,,,,,513,두근두근타운,44.2,talk,35.0,발로란트,12.1,5,false,single_game_or_non_game,,2026-06-15T11:30:05.248280
f54600cabd303ad19fa01c6bee171beb,naverchzzk,,,,,,,,518,리그 오브 레전드,66.7,talk,33.3,,0,2,false,single_game_or_non_game,,2026-06-15T11:30:05.471838
1661dbbcc64a20e6ceec83db3a9609a7,naverchzzk,,,,,,,,101,스타듀 밸리,100.0,,0,,0,1,false,single_game_dominant,,2026-06-15T11:30:07.800748
b624f947fdb0ca6b3d4d2d390af7b925,naverchzzk,,,,,,,,165,talk,50.0,52헤르츠,32.4,피노토피아: 어웨이크닝,17.6,3,false,talk_primary,,2026-06-15T11:30:10.282737
52f7a8e6ba6923cc0bc222ec888398a8,naverchzzk,,,,,,,,45,파이널판타지14,21.3,매드 파더,19.1,머시나리움,19.1,7,true,multi_game,,2026-06-15T11:30:10.621605
d7b0d70b81852c3cd617e98daeca397f,naverchzzk,,,,,,,,403,메이플스토리,32.6,테일즈런너,25.1,이터널 리턴,22.8,8,true,multi_game,,2026-06-15T11:30:11.306686
8bf42354d758bbda151dfe04418bf669,naverchzzk,,,,,,,,485,로스트아크,95.4,리그 오브 레전드,2.3,리썰 컴퍼니,2.3,3,false,single_game_dominant,,2026-06-15T11:30:16.055944
4d2e851fd6c0286387ea6a2f7ad43a31,naverchzzk,,,,,,,,210,,0,,0,,0,0,unknown,no_category_data,,2026-06-15T11:30:16.467611
9b610061e3ae6e8106aa92f93879bc44,naverchzzk,,,,,,,,1000,talk,85.9,2026 FIFA 북중미 월드컵,14.1,,0,2,false,talk_primary,,2026-06-15T11:30:18.994750
3435724ab5b1e597b456ed545541410f,naverchzzk,,,,,,,,2013,PUBG: 배틀그라운드,33.4,talk,22.3,메이플스토리 월드,12.3,15,false,single_game_or_non_game,,2026-06-15T11:30:23.717661
3be666bea7cf1a85e85657c253c048c0,naverchzzk,,,,,,,,244,talk,25.7,델타포스,16.4,사이퍼즈,14.8,15,false,single_game_or_non_game,,2026-06-15T11:30:23.724964
e37767a6bea556e696006afd9423c59e,naverchzzk,,,,,,,,533,림월드,96.2,VR챗,3.8,,0,2,false,single_game_dominant,,2026-06-15T11:30:25.358131
16440f017efce95ea2a8b7cacef89952,naverchzzk,,,,,,,,189,,0,,0,,0,0,unknown,no_category_data,,2026-06-15T11:30:25.497587
60e4124ff996a35e2fd81aa1fe0c8a14,naverchzzk,,,,,,,,154,,0,,0,,0,0,unknown,no_category_data,,2026-06-15T11:30:26.653835
236efc21a937bd9e8a6f44bffd298048,naverchzzk,,,,,,,,594,로스트아크,70.1,리그 오브 레전드,19.2,PUBG: 배틀그라운드,6.2,6,true,multi_game,,2026-06-15T11:30:26.862367
aa713128d9ea869e92e7d700baa7ad17,naverchzzk,,,,,,,,290,,0,,0,,0,0,unknown,no_category_data,,2026-06-15T11:30:31.729076
c3968c70381aa4d67506e93adf039b45,naverchzzk,,,,,,,,954,델타포스,100.0,,0,,0,1,false,single_game_dominant,,2026-06-15T11:30:31.827671
32af8e90fcbbb88f8a05be00293ca339,naverchzzk,,,,,,,,306,음악/노래,82.1,talk,7.4,R.E.P.O.,4.3,6,false,single_game_dominant,,2026-06-15T11:30:34.443997
4daf6545a0eae0b092be5ca66fa83211,naverchzzk,,,,,,,,704,,0,,0,,0,0,unknown,no_category_data,,2026-06-15T11:30:34.776495
1e33bb262625cad481e739a5975be205,naverchzzk,,,,,,,,46,,0,,0,,0,0,unknown,no_category_data,,2026-06-15T11:30:36.181424
12f8f0f69c99dcdc5a183fab820a62d7,naverchzzk,,,,,,,,863,PUBG: 배틀그라운드,52.8,리그 오브 레전드,42.3,talk,4.9,3,true,multi_game,,2026-06-15T11:30:36.904810
8731b3ef7b9c1f31100d9363a659d1ca,naverchzzk,,,,,,,,339,,0,,0,,0,0,unknown,no_category_data,,2026-06-15T11:30:40.109602
386bc8b5b0592cf52049f9c9657b8958,naverchzzk,,,,,,,,1640,,0,,0,,0,0,unknown,no_category_data,,2026-06-15T11:30:40.178969
b150befc8b71f97927f443a8066ad89c,naverchzzk,,,,,,,,296,talk,81.8,PUBG: 배틀그라운드,18.2,,0,2,false,talk_primary,,2026-06-15T11:30:43.319940
a887a129edce774905b6332c36ed71cb,naverchzzk,,,,,,,,58,,0,,0,,0,0,unknown,no_category_data,,2026-06-15T11:30:45.624891
f03b876f0cb215b7f8dba83c42bcedb7,naverchzzk,,,,,,,,66,명조:워더링 웨이브,61.3,명일방주: 엔드필드,38.7,,0,2,true,multi_game,,2026-06-15T11:30:45.867257
d44e0ee22e283843ea90ea7d8036fb17,naverchzzk,,,,,,,,465,talk,100.0,,0,,0,1,false,talk_primary,,2026-06-15T11:30:46.869613
64356e2829e64756b9d61e5c5df741d0,naverchzzk,,,,,,,,847,talk,100.0,,0,,0,1,false,talk_primary,,2026-06-15T11:30:48.562446
0e245e728e6a43b8e3c7c8dd80c9a8da,naverchzzk,,,,,,,,934,오버워치,54.3,talk,45.7,,0,2,false,single_game_or_non_game,,2026-06-15T11:30:51.142289
6450054c9780ea8f922e2f74a1f05ad6,naverchzzk,,,,,,,,502,,0,,0,,0,0,unknown,no_category_data,,2026-06-15T11:30:51.481248
d27aa8b36153469303374ef5c695f0f7,naverchzzk,,,,,,,,135,스타크래프트 : 리마스터,31.2,P의 거짓,14.7,talk,14.7,12,false,single_game_or_non_game,,2026-06-15T11:30:54.837173
616482511d9c68753b7284df45961671,naverchzzk,,,,,,,,186,섀도우버스 월즈 비욘드,57.9,원신,42.1,젠레스 존 제로,0.0,3,true,multi_game,,2026-06-15T11:30:55.529390
ba3714b463cac4ea8e5feccd467ea9fd,naverchzzk,,,,,,,,747,,0,,0,,0,0,unknown,no_category_data,,2026-06-15T11:30:56.316223
30d69fcfd0e2d2a8b6204eb0c01f896a,naverchzzk,,,,,,,,176,,0,,0,,0,0,unknown,no_category_data,,2026-06-15T11:30:57.125020
7603f835d7834a70db7f94dc307a8f00,naverchzzk,,,,,,,,517,,0,,0,,0,0,unknown,no_category_data,,2026-06-15T11:31:00.855954
643a31d23267b95580ffb178eec96353,naverchzzk,,,,,,,,452,마블 라이벌즈,98.2,포켓몬스터 브릴리언트 다이아몬드 · 샤이닝 펄,1.8,,0,2,false,single_game_dominant,,2026-06-15T11:31:02.015700
ff23ee49280d40f24ce042686cebde8c,naverchzzk,,,,,,,,874,원신,100.0,,0,,0,1,false,single_game_dominant,,2026-06-15T11:31:03.113203
4a27b1f75a07815023a1f55c17b09385,naverchzzk,,,,,,,,1759,,0,,0,,0,0,unknown,no_category_data,,2026-06-15T11:31:05.208522
377a0ac92591e876e77e38b49c3d0894,naverchzzk,,,,,,,,13,,0,,0,,0,0,unknown,no_category_data,,2026-06-15T11:31:05.300340
c2e56cb368b287b32f656470fa9fee3b,naverchzzk,,,,,,,,588,talk,37.1,PUBG: 배틀그라운드,34.3,레이싱 마스터,6.8,11,false,single_game_or_non_game,,2026-06-15T11:31:05.413378
2e58a44483883a540f2a04f51b245f93,naverchzzk,,,,,,,,2863,이스케이프 프롬 타르코프,98.8,프랫폴,1.2,,0,2,false,single_game_dominant,,2026-06-15T11:31:10.714966
3c41025e31a94000bbc223721d779bf0,naverchzzk,,,,,,,,1057,talk,60.3,림버스 컴퍼니,10.3,승리의 여신: 니케,9.2,10,false,talk_primary,,2026-06-15T11:31:11.905737
3d59977912c00826250450a20ca51a6b,naverchzzk,,,,,,,,751,전략적 팀 전투 : 우주의 신들,53.5,오버워치,44.2,리그 오브 레전드,1.3,4,true,multi_game,,2026-06-15T11:31:18.671335
c5c2428f8e1a7db9809533a7a95b22ef,naverchzzk,,,,,,,,102,마인크래프트,35.1,종합 게임,25.9,talk,13.2,8,true,multi_game,,2026-06-15T11:31:22.208880
34d7bfe15a60b9aac81636863de9efd0,naverchzzk,,,,,,,,270,음악/노래,49.9,talk,20.3,산나비,19.7,4,true,multi_game,,2026-06-15T11:31:23.794669
7deb5a2c969e5da04629d42799c23972,naverchzzk,,,,,,,,410,로스트아크,47.5,PUBG: 배틀그라운드,25.9,마인크래프트,13.8,7,true,multi_game,,2026-06-15T11:31:24.233278
333aa52f03be30da2711d789101a37b0,naverchzzk,,,,,,,,464,그림/아트,80.7,리그 오브 레전드,9.0,talk,3.5,8,false,single_game_dominant,,2026-06-15T11:31:26.255883
8740c7fe14a7b1a75985c1207abdba83,naverchzzk,,,,,,,,84,talk,68.2,갬블 위드 유어 프렌즈,31.8,,0,2,false,talk_primary,,2026-06-15T11:31:26.815720
e51738ceb088aa082fd7485c0e065639,naverchzzk,,,,,,,,44,고전 게임,65.5,사이버펑크 2077: 팬텀 리버티,10.3,모험가 엘리엇의 천 년 이야기,8.6,13,false,single_game_or_non_game,,2026-06-15T11:31:28.035612
d42defbddda54d24c40d77ea47f2c985,naverchzzk,,,,,,,,229,talk,96.6,종합 게임,3.4,,0,2,false,talk_primary,,2026-06-15T11:31:30.882737
5e2c1d367b0c280867a50b1e6ab70099,naverchzzk,,,,,,,,665,톰 클랜시의 더 디비전 2,62.3,방 탈출 시뮬레이터2,11.1,파워워시 시뮬레이터 2,8.5,8,false,single_game_or_non_game,,2026-06-15T11:31:32.703468
3a70243a4e996355ae7b541df76aa0e9,naverchzzk,,,,,,,,906,talk,49.7,마인크래프트,27.0,림버스 컴퍼니,9.6,8,false,single_game_or_non_game,,2026-06-15T11:31:33.453994
3df39f1dfdabf08267cfaadb419f722d,naverchzzk,,,,,,,,309,,0,,0,,0,0,unknown,no_category_data,,2026-06-15T11:31:34.245056
13a23a51016dbfe1329ba6f6c18c2565,naverchzzk,,,,,,,,338,talk,100.0,,0,,0,1,false,talk_primary,,2026-06-15T11:31:34.907665
179009932790836bff9b1dc19e696397,naverchzzk,,,,,,,,29,왕좌의 게임: 킹스로드,84.2,로스트아크,5.2,종합 게임,4.8,6,false,single_game_dominant,,2026-06-15T11:31:36.557938
496ff6be27df16c9fc19bea7411f0b4d,naverchzzk,,,,,,,,237,승리의 여신: 니케,88.9,종합 게임,8.0,talk,3.1,3,false,single_game_dominant,,2026-06-15T11:31:39.456205
4cbd873fbc5c30b0b38f87f93b35fd35,naverchzzk,,,,,,,,661,종합 게임,100.0,PUBG: 배틀그라운드,0.0,,0,2,true,gg_primary,,2026-06-15T11:31:40.612834
cf543141bdd80cb03f178a92808c8f12,naverchzzk,,,,,,,,56,,0,,0,,0,0,unknown,no_category_data,,2026-06-15T11:31:41.435873
ea9b89f17a6f91530214e9773b99f551,naverchzzk,,,,,,,,137,talk,44.0,로블록스,30.3,마인크래프트,6.7,10,false,single_game_or_non_game,,2026-06-15T11:31:45.550430
98d6ddd815c2e1d5faeac62d43f79d34,naverchzzk,,,,,,,,378,섀도우버스 월즈 비욘드,65.1,그랑블루 판타지 Versus -RISING-,22.3,엘든 링,10.0,6,true,multi_game,,2026-06-15T11:31:45.878057
0340f00f809c5ebbb5e8fdfeeb428f2c,naverchzzk,,,,,,,,337,,0,,0,,0,0,unknown,no_category_data,,2026-06-15T11:31:45.910517
253a1167139d39a42cbbf3bc0faeb3d2,naverchzzk,,,,,,,,129,로스트아크,86.5,talk,7.8,종합 게임,3.0,4,false,single_game_dominant,,2026-06-15T11:31:48.489979
c229e6ea809e224cf14409f89cf14c65,naverchzzk,,,,,,,,68,talk,38.2,종합 게임,25.7,마인크래프트,20.8,5,true,multi_game,,2026-06-15T11:31:51.560565
8ba8a4c982fb96399b52e61f9c09a98e,naverchzzk,,,,,,,,1019,마블 라이벌즈,43.7,야구,29.2,마인크래프트,17.2,4,true,multi_game,,2026-06-15T11:31:51.884211
7004b819f9233bc1f41537d60b4091e4,naverchzzk,,,,,,,,185,talk,74.8,세키로: 섀도우 다이 트와이스,25.2,,0,2,false,talk_primary,,2026-06-15T11:31:54.873866
bd1d5c73de2c23ab381b80491a4656d0,naverchzzk,,,,,,,,390,,0,,0,,0,0,unknown,no_category_data,,2026-06-15T11:31:55.059236
0dd4fede65bfebc039005f63c4d4e6d6,naverchzzk,,,,,,,,1121,PUBG: 배틀그라운드,72.6,마인크래프트,21.8,파피 플레이타임 - 챕터 3,2.8,6,true,multi_game,,2026-06-15T11:31:56.129499
460dce236c318610e114204b1292adc0,naverchzzk,,,,,,,,2072,로스트아크,86.9,talk,8.7,이터널 리턴,3.4,5,false,single_game_dominant,,2026-06-15T11:31:57.625823
36d46bffc6a0f78ffb81ffce100657f1,naverchzzk,,,,,,,,311,매지컬 프린세스,82.3,시드 마이어의 문명 VII,17.7,,0,2,false,single_game_dominant,,2026-06-15T11:32:00.874690
b4a361de2b3575c09b92cc2ef358925f,naverchzzk,,,,,,,,1180,talk,69.9,파피 플레이타임 - 챕터 4,19.1,전략적 팀 전투 : 우주의 신들,5.0,5,false,talk_primary,,2026-06-15T11:32:02.531827
e924628df8130b64fbc2aac849d49ce7,naverchzzk,,,,,,,,283,오버워치,26.3,talk,25.1,이환,18.0,13,true,multi_game,,2026-06-15T11:32:06.954699
8d94a3bf279923277adb9ad2bda3557d,naverchzzk,,,,,,,,518,,0,,0,,0,0,unknown,no_category_data,,2026-06-15T11:32:08.335759
ddc5f864c894cf5a1c8ffb8359485f98,naverchzzk,,,,,,,,1707,오버워치,57.4,데드 바이 데이라이트,26.8,에이펙스 레전드,7.8,7,true,multi_game,,2026-06-15T11:32:11.364690
d9f5d3214892bc0ab7d3b63c112fa66e,naverchzzk,,,,,,,,220,마법소녀의 마녀재판,75.9,talk,24.1,,0,2,false,single_game_or_non_game,,2026-06-15T11:32:14.553151
89d78a2a79c9cf307c4417166fae31df,naverchzzk,,,,,,,,890,talk,83.6,포장마차 : 한국 길거리 음식 경영시뮬레이터,8.1,콜 오브 듀티: 모던 워페어,4.9,6,false,talk_primary,,2026-06-15T11:32:17.238381
15b0dacfbcbb09fc177c41677837e3f3,naverchzzk,,,,,,,,77,,0,,0,,0,0,unknown,no_category_data,,2026-06-15T11:32:18.772277
23e5273d9b34ec0dc762f007dc0d4a99,naverchzzk,,,,,,,,1510,PUBG: 배틀그라운드,47.9,talk,39.1,서브노티카 2,13.0,3,false,single_game_or_non_game,,2026-06-15T11:32:23.290160
6e13479f8efa1926a0536a35eae38492,naverchzzk,,,,,,,,107,메이플스토리,100.0,,0,,0,1,false,single_game_dominant,,2026-06-15T11:32:26.049161
1bb9948c902ac2cc49ca7c53e0a87134,naverchzzk,,,,,,,,2076,리그 오브 레전드,33.0,talk,29.2,발로란트,12.3,8,false,single_game_or_non_game,,2026-06-15T11:32:27.398881
c5c955169e905b0c022781763c4d425c,naverchzzk,,,,,,,,938,로스트아크,25.8,talk,22.1,세키로: 섀도우 다이 트와이스,16.0,9,true,multi_game,,2026-06-15T11:32:30.896013
942e6175f68ad4d7e0fee2f8a80578c4,naverchzzk,,,,,,,,437,로스트아크,100.0,,0,,0,1,false,single_game_dominant,,2026-06-15T11:32:31.814000
d80e9ffc6d7c620ba80c65608e446cda,naverchzzk,,,,,,,,855,,0,,0,,0,0,unknown,no_category_data,,2026-06-15T11:32:32.077770
e7eefe449f692de1510563a12f67ee84,naverchzzk,,,,,,,,345,,0,,0,,0,0,unknown,no_category_data,,2026-06-15T11:32:33.020364
e57de38ea9a8889f28565ef01ccb9c72,naverchzzk,,,,,,,,470,두근두근타운,100.0,,0,,0,1,false,single_game_dominant,,2026-06-15T11:32:33.689869
8d417e7e6567b857f3e17d8f89f8ed97,naverchzzk,,,,,,,,492,마비노기 모바일,53.6,야구,25.5,talk,16.5,5,true,multi_game,,2026-06-15T11:32:35.959820
9b95df50fb61822ab8fc4a266904873d,naverchzzk,,,,,,,,243,talk,90.8,팀파이트 매니저 2,5.6,리그 오브 레전드,3.6,3,false,talk_primary,,2026-06-15T11:32:40.145818
cd62a274247d3e7f326cda91c1202a91,naverchzzk,,,,,,,,146,Grand Theft Auto V,100.0,,0,,0,1,false,single_game_dominant,,2026-06-15T11:32:42.044004
947e5bfff47591f0389574dc5a17ca4b,naverchzzk,,,,,,,,563,,0,,0,,0,0,unknown,no_category_data,,2026-06-15T11:32:46.462382
c06c811ecf6963b165273bf8595261d5,naverchzzk,,,,,,,,185,리그 오브 레전드,82.9,2026 FIFA 북중미 월드컵,12.2,음악/노래,3.4,5,false,single_game_dominant,,2026-06-15T11:32:48.719486
6d395c84c99777272f872171b4dfc122,naverchzzk,,,,,,,,1752,talk,87.5,사이버펑크 2077,3.1,미메시스,2.2,10,false,talk_primary,,2026-06-15T11:32:49.816755
1424e4d6523bea72e2a4e973d5ca0736,naverchzzk,,,,,,,,187,,0,,0,,0,0,unknown,no_category_data,,2026-06-15T11:32:50.041623
84f9105eec43bf59d0004ed798d0f73f,naverchzzk,,,,,,,,804,이환,31.3,talk,25.7,오버워치,17.9,8,true,multi_game,,2026-06-15T11:32:50.986403
34a65919d1efc5def1cfc0bbb516a958,naverchzzk,,,,,,,,47,리그 오브 레전드,66.0,종합 게임,20.0,talk,10.0,5,true,multi_game,,2026-06-15T11:32:52.041637
e5f904b34b81f6be6d5b7321a34514be,naverchzzk,,,,,,,,122,,0,,0,,0,0,unknown,no_category_data,,2026-06-15T11:32:53.970884
337e0ef4dea2346cf889f52eaf54bf06,naverchzzk,,,,,,,,417,,0,,0,,0,0,unknown,no_category_data,,2026-06-15T11:32:58.816788
cd492960a4f11816a0b011986be4fad8,naverchzzk,,,,,,,,15,종합 게임,98.9,리그 오브 레전드,1.1,,0,2,true,gg_primary,,2026-06-15T11:32:58.820786
8931b58ae4e79f4db8d3d13f4d82abf6,naverchzzk,,,,,,,,9048,,0,,0,,0,0,unknown,no_category_data,,2026-06-15T11:33:01.899008
13c745006b018b1c6eacd68822b8658c,naverchzzk,,,,,,,,939,오버워치,27.6,PUBG: 배틀그라운드,27.6,로스트아크,25.9,6,true,multi_game,,2026-06-15T11:33:02.682992
ba86827d31c6d188831d902218e2079f,naverchzzk,,,,,,,,820,PUBG: 배틀그라운드,44.9,마인크래프트,27.6,talk,14.5,10,true,multi_game,,2026-06-15T11:33:03.332758
8f2fc68b36380973d38b47f79237bee7,naverchzzk,,,,,,,,837,,0,,0,,0,0,unknown,no_category_data,,2026-06-15T11:33:03.666773
c7fafc5792c64fdf20a7f2ab779ac414,naverchzzk,,,,,,,,123,,0,,0,,0,0,unknown,no_category_data,,2026-06-15T11:33:07.272032
cc6fb9255d1c9d07f2485455899da1ea,naverchzzk,,,,,,,,666,talk,61.5,오버워치,14.9,종합 게임,10.1,5,false,talk_primary,,2026-06-15T11:33:07.809881
67842748cc20170ea76bede138802cc7,naverchzzk,,,,,,,,77,talk,100.0,오버워치,0.0,,0,2,false,talk_primary,,2026-06-15T11:33:09.534708
299957bbc6d89e4a64b683a36125e96b,naverchzzk,,,,,,,,796,talk,36.8,발로란트,26.5,스트레이,10.7,7,false,single_game_or_non_game,,2026-06-15T11:33:11.308319
2c4c5d0fc8b9b9cc26e607e60d795287,naverchzzk,,,,,,,,773,,0,,0,,0,0,unknown,no_category_data,,2026-06-15T11:33:11.890486
7a750f9a86b7a2e44f5e6001ba8f226f,naverchzzk,,,,,,,,583,PUBG: 배틀그라운드,74.9,리그 오브 레전드,12.6,겟 투 워크,2.5,10,false,single_game_or_non_game,,2026-06-15T11:33:13.019273
df6659823ef826712589946135b0ec49,naverchzzk,,,,,,,,700,스텔라 블레이드,25.6,서브노티카,22.4,talk,14.5,10,true,multi_game,,2026-06-15T11:33:17.197261
d4d0c350cf9c263b7cfa32ec5c2a1585,naverchzzk,,,,,,,,178,,0,,0,,0,0,unknown,no_category_data,,2026-06-15T11:33:17.801209
8eb2659893b2faca5bec443c28be265e,naverchzzk,,,,,,,,898,마인크래프트,75.4,메이플스토리 월드,19.8,서브노티카 2,3.9,4,true,multi_game,,2026-06-15T11:33:18.056309
ef2b9d61f812a85a0790669aaef4d18b,naverchzzk,,,,,,,,217,포르자 호라이즌 6,35.0,이환,28.3,악의,23.3,5,true,multi_game,,2026-06-15T11:33:19.191924
5ecfab83748ad5e6c67a907e7cefa273,naverchzzk,,,,,,,,1041,,0,,0,,0,0,unknown,no_category_data,,2026-06-15T11:33:19.615074
32f88aaef727ec168619dc3ddd417063,naverchzzk,,,,,,,,2271,,0,,0,,0,0,unknown,no_category_data,,2026-06-15T11:33:21.269753
0d825085a3679d60db78468dbfa33772,naverchzzk,,,,,,,,504,,0,,0,,0,0,unknown,no_category_data,,2026-06-15T11:33:28.565778
3a7b0ec4c1c64ef60930664132e5419a,naverchzzk,,,,,,,,516,talk,57.6,스타듀 밸리,12.3,마인크래프트,9.5,8,false,talk_primary,,2026-06-15T11:33:31.979632
6c4caf71b4389d87d39bb519e9a2278c,naverchzzk,,,,,,,,723,리그 오브 레전드,77.1,talk,7.8,토람 온라인,7.2,5,false,single_game_or_non_game,,2026-06-15T11:33:32.538053
1f8b4a89b140b7dcf51333e26240d505,naverchzzk,,,,,,,,117,,0,,0,,0,0,unknown,no_category_data,,2026-06-15T11:33:33.272108
25dfbb6078c86985dde1a85eed2c967a,naverchzzk,,,,,,,,1082,talk,52.2,프래그마타,17.4,오리와 도깨비불,9.8,8,false,talk_primary,,2026-06-15T11:33:33.449206
242bb575412a700177801054a8f8ec6b,naverchzzk,,,,,,,,163,talk,52.7,종합 게임,47.3,,0,2,false,talk_primary,,2026-06-15T11:33:33.464991
b77e710014bf058b0f996a06c4e873e2,naverchzzk,,,,,,,,236,,0,,0,,0,0,unknown,no_category_data,,2026-06-15T11:33:36.431575
56e416b2dffb4fb3409d600fbec0d689,naverchzzk,,,,,,,,404,,0,,0,,0,0,unknown,no_category_data,,2026-06-15T11:33:46.353937
6ba21489b20de48d446a7cf6fae9d387,naverchzzk,,,,,,,,224,그림/아트,77.3,talk,22.7,포켓로그,0.0,3,false,single_game_or_non_game,,2026-06-15T11:33:46.573031
84801f1865c992d74e715ab0734acb5b,naverchzzk,,,,,,,,80,리그 오브 레전드,36.6,마인크래프트,35.8,종합 게임,9.2,11,true,multi_game,,2026-06-15T11:33:48.159169
2a8712b58b30da8cee6695d2bcf028bf,naverchzzk,,,,,,,,859,스타 시티즌,98.1,종합 게임,1.1,X4: 파운데이션,0.8,3,false,single_game_dominant,,2026-06-15T11:33:51.200311
03853324b208c0ab35d7cd4f996c6154,naverchzzk,,,,,,,,814,스타듀 밸리,79.1,talk,20.2,피크,0.6,3,false,single_game_or_non_game,,2026-06-15T11:33:51.567417
f19e5e31f13e83d79bf1870e85c7df4d,naverchzzk,,,,,,,,132,음악/노래,43.4,talk,26.0,플래닛 주,24.3,4,true,multi_game,,2026-06-15T11:33:52.669928
77ffad9a3ccb917718d6190bb4f9b82f,naverchzzk,,,,,,,,155,,0,,0,,0,0,unknown,no_category_data,,2026-06-15T11:33:54.610875
118008c4ade404fa72ab12c14d368a43,naverchzzk,,,,,,,,245,PUBG: 배틀그라운드,59.8,전략적 팀 전투 : 우주의 신들,19.8,talk,7.7,8,true,multi_game,,2026-06-15T11:33:56.079670
9964d4dbc35742c87fdd34be5b6513e3,naverchzzk,,,,,,,,721,talk,100.0,,0,,0,1,false,talk_primary,,2026-06-15T11:33:56.978655
ed2194ef40298d24892351a4a4a1811c,naverchzzk,,,,,,,,115,,0,,0,,0,0,unknown,no_category_data,,2026-06-15T11:33:58.797914
983772d36f7af638adc20b497f5ba852,naverchzzk,,,,,,,,205,,0,,0,,0,0,unknown,no_category_data,,2026-06-15T11:33:59.592167
965cd3e9fe66a325a617c5f0e43a7b8b,naverchzzk,,,,,,,,53,리그 오브 레전드,60.8,엘든 링,19.6,사이버펑크 2077,12.2,5,true,multi_game,,2026-06-15T11:34:01.887376
41e9d1dbdc77313bce1ddceefb3e3569,naverchzzk,,,,,,,,2187,,0,,0,,0,0,unknown,no_category_data,,2026-06-15T11:34:02.272179
6323e42faf5f1ca26a6e02ab4188e81c,naverchzzk,,,,,,,,531,,0,,0,,0,0,unknown,no_category_data,,2026-06-15T11:34:06.558567
6b627425e671dc9b717fef90fe67096d,naverchzzk,,,,,,,,232,카운터-스트라이크 온라인,68.2,카운터 스트라이크 2,14.7,리그 오브 레전드,4.3,9,false,single_game_or_non_game,,2026-06-15T11:34:06.978338
b0d916115187b85c7ad69ba349613a27,naverchzzk,,,,,,,,883,,0,,0,,0,0,unknown,no_category_data,,2026-06-15T11:34:09.828308
965266f4ef45fdbad170a304bea8cd83,naverchzzk,,,,,,,,819,talk,62.0,이터널 리턴,19.4,링 피트 어드벤처,3.8,11,false,talk_primary,,2026-06-15T11:34:12.581281
e809c1d76517f9f2bcd67e55de8adb72,naverchzzk,,,,,,,,530,마인크래프트,93.1,talk,3.3,스타듀 밸리,2.3,7,false,single_game_dominant,,2026-06-15T11:34:22.273046
2d63687d668289aa7b7c273ae36a5480,naverchzzk,,,,,,,,612,명조:워더링 웨이브,61.8,talk,29.9,포켓로그,5.7,4,false,single_game_or_non_game,,2026-06-15T11:34:22.879349
24ae64a221b32de36a7ba21dce4337dd,naverchzzk,,,,,,,,680,이스케이프 프롬 타르코프,100.0,,0,,0,1,false,single_game_dominant,,2026-06-15T11:34:28.211447
66cb76116c2045f864e504178f9d0bda,naverchzzk,,,,,,,,167,리그 오브 레전드,93.2,원신,6.8,,0,2,false,single_game_dominant,,2026-06-15T11:34:29.752480
2b6076d06cf75e2ffa15a95165f6e03c,naverchzzk,,,,,,,,856,talk,63.3,음악/노래,15.6,아주르 프로밀리아,6.7,7,false,talk_primary,,2026-06-15T11:34:31.909803
27b38f9ce948643d639f6abfc2788b15,naverchzzk,,,,,,,,3835,음악/노래,46.8,서브노티카,24.6,talk,15.7,7,true,multi_game,,2026-06-15T11:34:38.113365
af18698ace9c2b29ff0941d543db8b7d,naverchzzk,,,,,,,,185,,0,,0,,0,0,unknown,no_category_data,,2026-06-15T11:34:38.955061
939efd46507c177fb35f803777602c5b,naverchzzk,,,,,,,,1470,talk,47.6,원신,36.8,음악/노래,9.4,4,false,single_game_or_non_game,,2026-06-15T11:34:46.698686
36b673c1e07b8958b1423073999227df,naverchzzk,,,,,,,,205,당직근무,100.0,종합 게임,0.0,오버워치,0.0,3,false,single_game_dominant,,2026-06-15T11:34:47.380298
ff4c37df84d01b831c00557c62514ddf,naverchzzk,,,,,,,,1036,원신,88.7,이환,11.3,,0,2,false,single_game_dominant,,2026-06-15T11:34:50.834461
409b129508005dfbdb79381a86bcd2dc,naverchzzk,,,,,,,,398,talk,59.6,음악/노래,40.4,,0,2,false,talk_primary,,2026-06-15T11:34:52.149127
1d89902c6e16ddf0a14f091f59941883,naverchzzk,,,,,,,,747,이터널 리턴,95.6,talk,4.0,에이펙스 레전드,0.4,3,false,single_game_dominant,,2026-06-15T11:34:53.628403
0dc8049ea9f7f7d82799116cca60c36d,naverchzzk,,,,,,,,246,리그 오브 레전드,58.7,종합 게임,15.6,명조:워더링 웨이브,13.2,6,true,multi_game,,2026-06-15T11:35:00.534042
806891fdcad5b9915ab2508b865d8fcc,naverchzzk,,,,,,,,165,,0,,0,,0,0,unknown,no_category_data,,2026-06-15T11:35:04.029332
5327cbd291bbef7637a7b7cf9bf01bae,naverchzzk,,,,,,,,63,,0,,0,,0,0,unknown,no_category_data,,2026-06-15T11:35:04.589047
ef9b65048a0088b13a7a6d4d9b3bab1f,naverchzzk,,,,,,,,222,스톰 스트라이커,38.7,PUBG: 배틀그라운드,17.6,talk,14.1,17,true,multi_game,,2026-06-15T11:35:05.379263
f8692858a8640bffc69acd0d18d484ce,naverchzzk,,,,,,,,1697,이터널 리턴,100.0,,0,,0,1,false,single_game_dominant,,2026-06-15T11:35:05.598635
3f36b9b528c74a41c4c7c220a5cc2f5b,naverchzzk,,,,,,,,422,2026 FIFA 북중미 월드컵,100.0,,0,,0,1,false,single_game_dominant,,2026-06-15T11:35:06.074421
59d3f063a12cc1024d59aaf796474705,naverchzzk,,,,,,,,202,,0,,0,,0,0,unknown,no_category_data,,2026-06-15T11:35:08.239196
97e0e4ed63da4e538f1d19950614436d,naverchzzk,,,,,,,,234,,0,,0,,0,0,unknown,no_category_data,,2026-06-15T11:35:16.941860
9c843cd612d90b87d7495b76255b21ef,naverchzzk,,,,,,,,518,talk,100.0,,0,,0,1,false,talk_primary,,2026-06-15T11:35:18.498294
7eb4fc2ff65bbc59f15e1c7bdeb26541,naverchzzk,,,,,,,,308,디아블로 4: 증오의 군주,75.9,talk,15.7,철권 8,3.6,8,false,single_game_or_non_game,,2026-06-15T11:35:18.677714
00d8e188a0a64f3568c284bc22d4bd50,naverchzzk,,,,,,,,560,발로란트,84.4,talk,13.3,R.E.P.O.,2.2,3,false,single_game_dominant,,2026-06-15T11:35:19.317561
7b624aeb24c6a6be26eb2dea5b6ac69f,naverchzzk,,,,,,,,539,talk,63.0,Once Human,16.4,음악/노래,10.0,6,false,talk_primary,,2026-06-15T11:35:27.423102
e2f98e79a70194da1d2f0ebd250c934d,naverchzzk,,,,,,,,5146,talk,51.7,블루 아카이브,43.6,그림/아트,4.7,3,false,talk_primary,,2026-06-15T11:35:30.819553
442e0ed208fe677635eb95c61f841985,naverchzzk,,,,,,,,64,,0,,0,,0,0,unknown,no_category_data,,2026-06-15T11:35:31.948620
fefedccfe6a4803803a1f1c71ffdbc65,naverchzzk,,,,,,,,1087,로스트아크,92.8,리그 오브 레전드,6.2,PUBG: 배틀그라운드,0.9,4,false,single_game_dominant,,2026-06-15T11:35:34.038751
c2a1d7e80e6f96ea0bb0f18e9b78fe1b,naverchzzk,,,,,,,,610,마비노기,56.3,마비노기 모바일,15.4,그림/아트,11.8,10,true,multi_game,,2026-06-15T11:35:34.207787
449c46f441a7cd324ffe9ddd839163cd,naverchzzk,,,,,,,,257,음악/노래,100.0,,0,,0,1,false,single_game_dominant,,2026-06-15T11:35:34.692738
ac9ca9c8c8126c677dd62f31f1140832,naverchzzk,,,,,,,,1421,,0,,0,,0,0,unknown,no_category_data,,2026-06-15T11:35:45.065159
6b54bf10f2430f449c49ee92d7795ec8,naverchzzk,,,,,,,,1150,리그 오브 레전드,91.8,팀파이트 매니저 2,5.4,에브리씽 이즈 크랩: 동물 진화 로그라이트,1.2,7,false,single_game_dominant,,2026-06-15T11:35:45.800478
624261031c77f220a32f16924ab3b27e,naverchzzk,,,,,,,,1048,오버워치,100.0,,0,,0,1,false,single_game_dominant,,2026-06-15T11:35:46.149238
d342db634142c5cb5e5487e36a7e5f12,naverchzzk,,,,,,,,5087,리그 오브 레전드,89.6,talk,7.6,마인크래프트,1.5,4,false,single_game_dominant,,2026-06-15T11:35:47.715880
0a72faf18ceaed202363d64d9b093dd6,naverchzzk,,,,,,,,17,철권 8,100.0,이터널 리턴,0.0,talk,0.0,3,false,single_game_dominant,,2026-06-15T11:35:48.188355
a0e4a69f9bf6db68c739dbf4e422c95d,naverchzzk,,,,,,,,678,talk,88.7,슈퍼 버니 맨,7.8,융융 전파 신드롬,3.5,3,false,talk_primary,,2026-06-15T11:35:48.354472
1486b63de21e3033f1a72dfbe730db0a,naverchzzk,,,,,,,,1135,talk,100.0,,0,,0,1,false,talk_primary,,2026-06-15T11:35:52.623570
aa1d6251e519b6f81e184c2478923783,naverchzzk,,,,,,,,658,발로란트,49.6,talk,46.9,잇 테이크 투,2.1,4,false,single_game_or_non_game,,2026-06-15T11:35:54.268394
1314c5c2ade28b43082c887abb6ca2cb,naverchzzk,,,,,,,,118,포켓몬스터 스칼렛 · 바이올렛,34.6,모여봐요 동물의 숲,33.6,마리오 카트 월드,15.0,7,true,multi_game,,2026-06-15T11:35:59.009549
0e7533fc66f9917faba7635250534f56,naverchzzk,,,,,,,,458,talk,37.5,리그 오브 레전드,34.8,그림/아트,10.7,9,false,single_game_or_non_game,,2026-06-15T11:35:59.263439
e6913d15fe838c034ccac1c8f3b71b09,naverchzzk,,,,,,,,365,,0,,0,,0,0,unknown,no_category_data,,2026-06-15T11:36:00.103305
4c02d1c8674e99411d047eac8e62cf89,naverchzzk,,,,,,,,274,발로란트,33.3,talk,18.4,슬레이 더 스파이어 2,17.5,13,true,multi_game,,2026-06-15T11:36:05.639525
163bb7fb0c3f04f65ca6371210df008c,naverchzzk,,,,,,,,593,,0,,0,,0,0,unknown,no_category_data,,2026-06-15T11:36:09.825537
19ca3df556c286d28f76e0040ae101b9,naverchzzk,,,,,,,,150,talk,45.1,마인크래프트,25.5,종합 게임,11.8,10,false,single_game_or_non_game,,2026-06-15T11:36:15.262527
a94cf166113fa5377b3ba99bee3abb9e,naverchzzk,,,,,,,,565,발로란트,94.1,R.E.P.O.,5.9,,0,2,false,single_game_dominant,,2026-06-15T11:36:16.379491
808920d55c9991d1480aef7145cb81f7,naverchzzk,,,,,,,,181,리그 오브 레전드,37.6,메이플스토리,18.4,데빌 커넥션,8.5,14,true,multi_game,,2026-06-15T11:36:19.284701
5473b853601f0349f16bf34ebfa7a0e6,naverchzzk,,,,,,,,872,리그 오브 레전드,45.9,talk,34.8,오버워치,19.3,3,true,multi_game,,2026-06-15T11:36:19.708482
cc8423d80462e329b4d22f4277a354a1,naverchzzk,,,,,,,,982,talk,27.5,PUBG: 배틀그라운드,23.6,마인크래프트,10.4,16,false,single_game_or_non_game,,2026-06-15T11:36:20.932730
733c98be047f710d3b1bc7a27b0c83e2,naverchzzk,,,,,,,,612,PUBG: 배틀그라운드,47.0,talk,33.8,오버워치,14.2,4,false,single_game_or_non_game,,2026-06-15T11:36:26.889317
95dcd640c1a36b81f3e26a31bd9b12d0,naverchzzk,,,,,,,,643,몬스터 헌터: 월드,78.4,이터널 리턴,14.9,talk,5.4,4,false,single_game_or_non_game,,2026-06-15T11:36:31.832446
1d9e402348f71677a068ee60c27c75b6,naverchzzk,,,,,,,,737,그림/아트,53.2,talk,16.8,전략적 팀 전투 : 우주의 신들,12.9,7,false,single_game_or_non_game,,2026-06-15T11:36:32.509519
6c219050f6fb34f1d55819d6e328faa8,naverchzzk,,,,,,,,1209,talk,96.9,성세천하: 여제의 탄생 Ⅱ,2.4,두근두근 문예부!,0.7,3,false,talk_primary,,2026-06-15T11:36:33.013790
82387dec17b628b28f2c2c1431a1c8ba,naverchzzk,,,,,,,,706,음악/노래,100.0,,0,,0,1,false,single_game_dominant,,2026-06-15T11:36:33.746027
bc0ba683602f373fbf6caa9961fd541c,naverchzzk,,,,,,,,633,림버스 컴퍼니,27.6,그림/아트,19.6,작혼: 리치 마작,13.2,10,false,single_game_or_non_game,,2026-06-15T11:36:33.818488
4197ae9f5e73d33689db1680f908aae3,naverchzzk,,,,,,,,1264,리그 오브 레전드,89.2,PUBG: 배틀그라운드,10.2,전략적 팀 전투 : 우주의 신들,0.6,3,false,single_game_dominant,,2026-06-15T11:36:35.003261
e8dd4360bb55137036e887e3ce1e9dda,naverchzzk,,,,,,,,1193,,0,,0,,0,0,unknown,no_category_data,,2026-06-15T11:36:46.140010
bd4c0e14f2c3ef2b8c1745df8b380882,naverchzzk,,,,,,,,251,,0,,0,,0,0,unknown,no_category_data,,2026-06-15T11:36:46.421792
217e4a607c724a55f14d9bbcf7323e84,naverchzzk,,,,,,,,574,이터널 리턴,57.5,이환,18.1,talk,9.3,7,true,multi_game,,2026-06-15T11:36:46.661520
4608aff4a15f1d879de25044bbdf2dee,naverchzzk,,,,,,,,337,,0,,0,,0,0,unknown,no_category_data,,2026-06-15T11:36:47.069442
be5d181903ee47f221720ce3647ab0d1,naverchzzk,,,,,,,,188,히어로즈 오브 더 스톰,82.4,P의 거짓,3.1,멧챠 카멜레온,3.0,13,false,single_game_dominant,,2026-06-15T11:36:47.433811
dbd63dd3ceaba2264233868b37316cf4,naverchzzk,,,,,,,,215,파이널판타지14,95.7,몬스터 헌터 와일즈,4.3,,0,2,false,single_game_dominant,,2026-06-15T11:36:47.549054
e10742da5da52e795152051809cc415b,naverchzzk,,,,,,,,95,스타듀 밸리,0,talk,0,,0,2,false,single_game_or_non_game,,2026-06-15T11:37:01.165684
49be92f2582391b27494bfb82a2cfdc8,naverchzzk,,,,,,,,516,,0,,0,,0,0,unknown,no_category_data,,2026-06-15T11:37:03.312352
13c1baecbf5998258f60dd1307a73c72,naverchzzk,,,,,,,,1310,talk,58.8,림버스 컴퍼니,18.1,테트리스,10.4,9,false,talk_primary,,2026-06-15T11:37:05.645622
7f14607b5647c202855fcb4fed5bcb40,naverchzzk,,,,,,,,935,talk,64.3,서브노티카 2,7.4,야구,6.2,13,false,talk_primary,,2026-06-15T11:37:06.584397
63c720eaa750df9883aa4346782dc0ae,naverchzzk,,,,,,,,671,talk,22.2,발더스 게이트 3,17.8,포켓몬 챔피언스,13.9,8,false,single_game_or_non_game,,2026-06-15T11:37:06.763153
c9f8ad7e0e2decf8fbf4481ee661fa42,naverchzzk,,,,,,,,336,트리 오브 세이비어 M,47.4,메이플스토리 월드,38.5,마비노기 모바일,14.2,3,true,multi_game,,2026-06-15T11:37:07.843571
ac13d938c4ee781bf1d915ccfacc349c,naverchzzk,,,,,,,,305,,0,,0,,0,0,unknown,no_category_data,,2026-06-15T11:37:09.581751
8834d8e7182c1c9a59f99a43df0c23ed,naverchzzk,,,,,,,,3503,,0,,0,,0,0,unknown,no_category_data,,2026-06-15T11:37:11.452990
dcaeb4421e3afbe69da21d54918be961,naverchzzk,,,,,,,,389,발로란트,49.2,패스 오브 엑자일 2,34.8,클로버핏,9.9,5,true,multi_game,,2026-06-15T11:37:16.671953
d4ad65ba2f4ff478d170822f5fba7051,naverchzzk,,,,,,,,521,이스케이프 프롬 타르코프,63.2,오버워치,11.8,talk,11.8,6,false,single_game_or_non_game,,2026-06-15T11:37:21.180746
15332d52c8a538668200c000a8f8ccbc,naverchzzk,,,,,,,,1626,그림/아트,100.0,,0,,0,1,false,single_game_dominant,,2026-06-15T11:37:22.396887
058bd5fb4d6bc2f3a1041ddb8d9cab5d,naverchzzk,,,,,,,,412,리그 오브 레전드,100.0,,0,,0,1,false,single_game_dominant,,2026-06-15T11:37:22.599332
dc5928bfbe7fc91bad7d807c778cf135,naverchzzk,,,,,,,,256,talk,46.6,서브노티카 2,16.3,붉은사막,14.4,7,false,single_game_or_non_game,,2026-06-15T11:37:22.822304
1ea4511c7aa12cbca6b0b10940472ba5,naverchzzk,,,,,,,,519,talk,65.7,발로란트,21.9,백룸컴퍼니,10.5,4,false,talk_primary,,2026-06-15T11:37:23.343769
70d4c17a7420222f5a249b9e943e2ea8,naverchzzk,,,,,,,,1001,talk,55.3,데드 바이 데이라이트,12.4,PUBG: 배틀그라운드,9.9,11,false,talk_primary,,2026-06-15T11:37:25.545572
038e99efd22cb49722e674afd8735879,naverchzzk,,,,,,,,702,talk,100.0,,0,,0,1,false,talk_primary,,2026-06-15T11:37:28.741773
87529fdfbf4da36e0631d107600aac4c,naverchzzk,,,,,,,,119,,0,,0,,0,0,unknown,no_category_data,,2026-06-15T11:37:33.446099
4fbdc7acfb5e760777c59e51c2a6c632,naverchzzk,,,,,,,,448,,0,,0,,0,0,unknown,no_category_data,,2026-06-15T11:37:33.914571
7b3ef16f63d62e9a3b6ce0e42bcaecae,naverchzzk,,,,,,,,164,파이널판타지14,100.0,,0,,0,1,false,single_game_dominant,,2026-06-15T11:37:34.187939
a666be415c6fa2646d7cf48e6e16744e,naverchzzk,,,,,,,,795,스타크래프트 : 리마스터,31.2,던전앤파이터,23.3,talk,19.5,11,true,multi_game,,2026-06-15T11:37:34.516857
14683fe384d581027aaae10625c21fcd,naverchzzk,,,,,,,,257,,0,,0,,0,0,unknown,no_category_data,,2026-06-15T11:37:34.569416
c6083d0dbc1e85e5454aa8153b72176b,naverchzzk,,,,,,,,443,talk,100.0,,0,,0,1,false,talk_primary,,2026-06-15T11:37:36.957596
c93f481153099b51b0b4f86ea9b8e1c2,naverchzzk,,,,,,,,435,,0,,0,,0,0,unknown,no_category_data,,2026-06-15T11:37:42.401387
4df87b5fa0cbd973966493976163a842,naverchzzk,,,,,,,,143,슬레이 더 스파이어 2,100.0,,0,,0,1,false,single_game_dominant,,2026-06-15T11:37:45.408248
5b7a9831e616af0fad2787c72012e6e1,naverchzzk,,,,,,,,296,,0,,0,,0,0,unknown,no_category_data,,2026-06-15T11:37:45.926419
7cf9c7994bb5d948f595c764351dea0c,naverchzzk,,,,,,,,516,,0,,0,,0,0,unknown,no_category_data,,2026-06-15T11:37:46.729926
58ff653b1ca8ff2c7f352dab48a8f9e4,naverchzzk,,,,,,,,1195,음악/노래,40.0,마비노기 모바일,35.5,스크릿치 스크래치,7.0,8,true,multi_game,,2026-06-15T11:37:46.997778
7dab11f569b26f69e759883909f9bb4c,naverchzzk,,,,,,,,610,원신,59.2,명일방주: 엔드필드,15.1,이환,14.2,6,true,multi_game,,2026-06-15T11:37:47.122632
c2ccc938fb8f114edd3afe4e5bfc2501,naverchzzk,,,,,,,,155,겟 투 워크,42.9,슬레이 더 스파이어 2,42.9,온리 업!,14.3,4,true,multi_game,,2026-06-15T11:37:50.704831
448ed399e7ec6243e6cd01597d7122d3,naverchzzk,,,,,,,,15,,0,,0,,0,0,unknown,no_category_data,,2026-06-15T11:37:58.046725
c46f09e0047c2f3779ca1f93d15a1358,naverchzzk,,,,,,,,445,이환,65.7,이터널 리턴,23.1,포켓몬 챔피언스,11.2,3,true,multi_game,,2026-06-15T11:37:58.122012
aa64bb6f4f9169ecf0967f38a2487386,naverchzzk,,,,,,,,487,,0,,0,,0,0,unknown,no_category_data,,2026-06-15T11:37:58.432131
f1788ecebeeb3384d87c9bdbac9517e3,naverchzzk,,,,,,,,1389,talk,38.6,승리의 여신: 니케,19.2,음악/노래,15.9,8,true,multi_game,,2026-06-15T11:37:58.898405
4052747a2d94f8a9c84b45e6221da276,naverchzzk,,,,,,,,3329,PUBG: 배틀그라운드,90.7,스타듀 밸리,5.5,노움 강도단,3.6,4,false,single_game_dominant,,2026-06-15T11:37:59.393838
cc9551b16e63c5fc2e9112af9d9da64e,naverchzzk,,,,,,,,329,,0,,0,,0,0,unknown,no_category_data,,2026-06-15T11:37:59.444295
8bb5f9dd1d106d3e63648422a0b524ab,naverchzzk,,,,,,,,443,,0,,0,,0,0,unknown,no_category_data,,2026-06-15T11:38:08.592662
bbbe0b74d38dccb4f346b7e15c01369e,naverchzzk,,,,,,,,82,,0,,0,,0,0,unknown,no_category_data,,2026-06-15T11:38:09.962865
2f8dd6c2a9526fb581a3d3cb6c7e85ff,naverchzzk,,,,,,,,64,리그 오브 레전드,58.3,포켓몬 챔피언스,33.3,세피리아,5.6,4,true,multi_game,,2026-06-15T11:38:11.485702
445460cef3d93e5a7945caf621cdc2c8,naverchzzk,,,,,,,,253,이터널 리턴,100.0,,0,,0,1,false,single_game_dominant,,2026-06-15T11:38:12.952226
9c526070a3570abcb1a5ecae3a27d889,naverchzzk,,,,,,,,255,talk,59.1,림버스 컴퍼니,12.7,음악/노래,10.1,9,false,talk_primary,,2026-06-15T11:38:13.325944
c1fff7c09364995853a887468cace330,naverchzzk,,,,,,,,672,로스트아크,75.8,철권 8,16.5,마인크래프트,2.9,8,true,multi_game,,2026-06-15T11:38:14.044335
fa21070505ffa9faf59b818ce4febdac,naverchzzk,,,,,,,,726,음악/노래,100.0,,0,,0,1,false,single_game_dominant,,2026-06-15T11:38:16.198552
325de82082f5e336e1afb5eee0c86e2a,naverchzzk,,,,,,,,547,talk,87.9,피크,2.9,하프라이프,2.4,11,false,talk_primary,,2026-06-15T11:38:19.139525
1a459125fd409c2a21b454c36dae2df9,naverchzzk,,,,,,,,461,,0,,0,,0,0,unknown,no_category_data,,2026-06-15T11:38:19.649047
0f871216d83e9798ae2edf04f5be6814,naverchzzk,,,,,,,,142,,0,,0,,0,0,unknown,no_category_data,,2026-06-15T11:38:21.450623
82900ec3a5ee55bf558fdd2ffe0c6529,naverchzzk,,,,,,,,430,,0,,0,,0,0,unknown,no_category_data,,2026-06-15T11:38:22.183360
9bd7de2f52f10c5eae1c0d5b5e481dfc,naverchzzk,,,,,,,,374,리그 오브 레전드,100.0,,0,,0,1,false,single_game_dominant,,2026-06-15T11:38:23.455971
edf705cb2963075b35a1bfe2f2c74ebc,naverchzzk,,,,,,,,150,로스트아크,82.8,PUBG: 배틀그라운드,9.4,오버워치,4.5,4,false,single_game_dominant,,2026-06-15T11:38:23.787731
eab4125c178f2c12b79fbc850766989b,naverchzzk,,,,,,,,150,,0,,0,,0,0,unknown,no_category_data,,2026-06-15T11:38:26.960444
a6bcc399841a9df2156e52a1e4261559,naverchzzk,,,,,,,,614,,0,,0,,0,0,unknown,no_category_data,,2026-06-15T11:38:27.951471
42bae5cb655191f6c3f7907c09b4e3b8,naverchzzk,,,,,,,,171,,0,,0,,0,0,unknown,no_category_data,,2026-06-15T11:38:30.285491
4fc7d79ffc71d26372fd191e935a8cd5,naverchzzk,,,,,,,,786,,0,,0,,0,0,unknown,no_category_data,,2026-06-15T11:38:31.922967
151127c2f4f8367e8a039dcb92135ff1,naverchzzk,,,,,,,,499,,0,,0,,0,0,unknown,no_category_data,,2026-06-15T11:38:32.491767
63469702fe599d25dc77ec38c62b0483,naverchzzk,,,,,,,,186,talk,70.0,마인크래프트,17.3,음악/노래,4.5,7,false,talk_primary,,2026-06-15T11:38:34.238638
adeb6716a54ce46e48a66a9a7af517d5,naverchzzk,,,,,,,,93,,0,,0,,0,0,unknown,no_category_data,,2026-06-15T11:38:34.722385
7cbadb9e5be64755764ff34582b51c42,naverchzzk,,,,,,,,176,,0,,0,,0,0,unknown,no_category_data,,2026-06-15T11:38:35.629107
a7766a42915a1ddd130eac7685279434,naverchzzk,,,,,,,,1278,,0,,0,,0,0,unknown,no_category_data,,2026-06-15T11:38:38.264136
1b2a6f24cd074e6d4f5eb91fd348a1ba,naverchzzk,,,,,,,,979,talk,47.4,돈트 스크림 투게더,11.9,오버워치,9.8,7,false,single_game_or_non_game,,2026-06-15T11:38:39.958511
419ffcd3e656f710413991830db844e8,naverchzzk,,,,,,,,333,페이트/그랜드 오더,100.0,,0,,0,1,false,single_game_dominant,,2026-06-15T11:38:40.375421
4ae9c34e289d953051169d791e5d65ae,naverchzzk,,,,,,,,51,,0,,0,,0,0,unknown,no_category_data,,2026-06-15T11:38:42.486015
8770cc1d072787233feccfc1d245d821,naverchzzk,,,,,,,,686,,0,,0,,0,0,unknown,no_category_data,,2026-06-15T11:38:44.551583
e6bfb4e092b6bc5f600bae24fcc7c962,naverchzzk,,,,,,,,412,마인크래프트,64.1,오버워치,21.9,talk,5.1,7,true,multi_game,,2026-06-15T11:38:45.369287
83a6328c13213270db7657dc3c4b7b6c,naverchzzk,,,,,,,,360,talk,38.1,리그 오브 레전드,26.0,서브노티카,13.1,7,false,single_game_or_non_game,,2026-06-15T11:38:47.041624
9e73cdffdd1c8502bd3b5f97579335b0,naverchzzk,,,,,,,,490,,0,,0,,0,0,unknown,no_category_data,,2026-06-15T11:38:47.770513
ee7cf462fcf313e813ac9808ee583154,naverchzzk,,,,,,,,182,,0,,0,,0,0,unknown,no_category_data,,2026-06-15T11:38:51.310577
9a8764348abb994dc1f73f5f490b8cd1,naverchzzk,,,,,,,,420,로스트아크,93.4,데이브 더 다이버,2.6,리그 오브 레전드,2.3,6,false,single_game_dominant,,2026-06-15T11:38:51.637595
e54a87e90db72374f53efbb0e2688e28,naverchzzk,,,,,,,,539,,0,,0,,0,0,unknown,no_category_data,,2026-06-15T11:38:52.891663
db8c2f4b478e9aaca4a42a45e5e89b7f,naverchzzk,,,,,,,,173,talk,79.6,종합 게임,6.7,산나비,6.3,7,false,talk_primary,,2026-06-15T11:38:54.471128
5b78a2610119f246785e67761edf2125,naverchzzk,,,,,,,,3332,talk,38.0,이터널 리턴,25.4,음악/노래,9.5,15,false,single_game_or_non_game,,2026-06-15T11:38:58.763227
3c3fed0f28a0e80d5e91829ab9e22037,naverchzzk,,,,,,,,1763,검은사막,32.8,두근두근타운,27.5,talk,8.9,12,true,multi_game,,2026-06-15T11:39:00.839155
5256a6d90bbe8b14c6a903464ea8ec9b,naverchzzk,,,,,,,,481,,0,,0,,0,0,unknown,no_category_data,,2026-06-15T11:39:02.295402
b965a71b3cf88792b4e58bf95a299fc9,naverchzzk,,,,,,,,1166,talk,60.8,음악/노래,12.2,발로란트,7.1,12,false,talk_primary,,2026-06-15T11:39:06.378391
14ecc41502024fb6403943d15845ee1f,naverchzzk,,,,,,,,476,이환,39.0,스트리노바,31.0,듀엣 나이트 어비스,12.1,7,true,multi_game,,2026-06-15T11:39:06.699054
9d1cb439b10828e9f26a87c3c89048f1,naverchzzk,,,,,,,,789,talk,49.1,오버워치,20.3,종합 게임,10.3,8,false,single_game_or_non_game,,2026-06-15T11:39:07.027853
e1d5943708eb356617c62c02283b069a,naverchzzk,,,,,,,,124,,0,,0,,0,0,unknown,no_category_data,,2026-06-15T11:39:07.149493
92e70c0dd7f07085e41e28cb49c1187a,naverchzzk,,,,,,,,477,메이플스토리 월드,79.6,영화,11.2,종합 게임,7.1,4,false,single_game_or_non_game,,2026-06-15T11:39:09.700132
555506516fda877471100c5632d7a3a3,naverchzzk,,,,,,,,296,마비노기,100.0,,0,,0,1,false,single_game_dominant,,2026-06-15T11:39:10.045660
577bad2bd3f403aa8a66aa3b7bbfbff2,naverchzzk,,,,,,,,601,,0,,0,,0,0,unknown,no_category_data,,2026-06-15T11:39:16.108567
8f848e62b8f2911059aa908f5a1a37db,naverchzzk,,,,,,,,278,포켓몬 챔피언스,96.1,철권 8,3.9,,0,2,false,single_game_dominant,,2026-06-15T11:39:16.600059
d4a6025f4dd646edef953aa5b4230718,naverchzzk,,,,,,,,181,마블 라이벌즈,100.0,,0,,0,1,false,single_game_dominant,,2026-06-15T11:39:17.213654
ad7866d6a70722a3f9068468432c0a0b,naverchzzk,,,,,,,,314,,0,,0,,0,0,unknown,no_category_data,,2026-06-15T11:39:17.564673
9745dcd47be75a7a23cfba2d7167aaa0,naverchzzk,,,,,,,,208,블루 아카이브,100.0,음악/노래,0.0,,0,2,false,single_game_dominant,,2026-06-15T11:39:18.121868
0062278491547029587444f1e48d2850,naverchzzk,,,,,,,,67,,0,,0,,0,0,unknown,no_category_data,,2026-06-15T11:39:18.231830
44524e46cb34569a7ad0c2e26fd0ac00,naverchzzk,,,,,,,,290,,0,,0,,0,0,unknown,no_category_data,,2026-06-15T11:39:27.440094
f79e286dc7dabecd68430d8c52e471e8,naverchzzk,,,,,,,,1348,,0,,0,,0,0,unknown,no_category_data,,2026-06-15T11:39:30.734283
5ed72eae088b44c60065099056bf769f,naverchzzk,,,,,,,,1167,,0,,0,,0,0,unknown,no_category_data,,2026-06-15T11:39:31.346697
86934caf8c62b9bb4e2338db47cb0c56,naverchzzk,,,,,,,,3917,발로란트,79.4,리그 오브 레전드,12.1,샌드: 레이더스 오브 소피,4.8,4,false,single_game_or_non_game,,2026-06-15T11:39:34.383362
56f43cb7b86c6ef81d1e09f7a39fc39c,naverchzzk,,,,,,,,450,리그 오브 레전드,94.5,종합 게임,5.5,,0,2,false,single_game_dominant,,2026-06-15T11:39:38.436116
1beca8e84512278850d9c96b4dcf4f23,naverchzzk,,,,,,,,384,발로란트,33.3,오버워치,26.5,로블록스,21.3,7,true,multi_game,,2026-06-15T11:39:38.529022
01f5a74e96719a89305fd79cc6f96903,naverchzzk,,,,,,,,244,,0,,0,,0,0,unknown,no_category_data,,2026-06-15T11:39:40.534488
d1375ed34cc3504c2a7c3b3f8f315281,naverchzzk,,,,,,,,135,,0,,0,,0,0,unknown,no_category_data,,2026-06-15T11:39:43.255087
3d070e1621dd510c5def4e81704f60c1,naverchzzk,,,,,,,,331,talk,21.4,R.E.P.O.,20.4,리그 오브 레전드,17.3,8,true,multi_game,,2026-06-15T11:39:44.827611
c80d9db160b267a846faf47a8a021a9a,naverchzzk,,,,,,,,338,음악/노래,94.9,talk,5.1,,0,2,false,single_game_dominant,,2026-06-15T11:39:44.848274
21947317fa4900f42065eea91775060d,naverchzzk,,,,,,,,520,talk,82.9,음악/노래,10.1,테일즈런너,2.8,6,false,talk_primary,,2026-06-15T11:39:50.675418
19e50acc081bbbe156c836dde6becb65,naverchzzk,,,,,,,,3884,talk,36.1,다키스트 던전,19.6,명조:워더링 웨이브,11.4,11,false,single_game_or_non_game,,2026-06-15T11:39:50.908633
ba7def75c5c321c01871a05627411c74,naverchzzk,,,,,,,,599,talk,100.0,,0,,0,1,false,talk_primary,,2026-06-15T11:39:51.495382
6b0ff94648d69467df7af3bc2c8ba413,naverchzzk,,,,,,,,197,메이플스토리 월드,91.7,talk,2.6,썸썸 편의점,1.9,8,false,single_game_dominant,,2026-06-15T11:39:51.608365
628dcfbd67c5426f1252d46e55d5ccec,naverchzzk,,,,,,,,495,,0,,0,,0,0,unknown,no_category_data,,2026-06-15T11:39:53.485538
41984c9eecf441fba9d19648d7bb4c4b,naverchzzk,,,,,,,,165,talk,82.6,점프 킹,3.1,"노, 아임 낫 어 휴먼",2.7,14,false,talk_primary,,2026-06-15T11:39:53.789517
d8c558f1dffe45f196a4744636d78586,naverchzzk,,,,,,,,134,talk,100.0,,0,,0,1,false,talk_primary,,2026-06-15T11:40:00.259531
bf1487deb5f18bd3bbd9acfd993bbd1d,naverchzzk,,,,,,,,285,,0,,0,,0,0,unknown,no_category_data,,2026-06-15T11:40:01.271130
297e7610a3e139ea8c55ded2abc2d42b,naverchzzk,,,,,,,,449,,0,,0,,0,0,unknown,no_category_data,,2026-06-15T11:40:02.182961
9315d18973d155b57ebc9cf284bb3298,naverchzzk,,,,,,,,357,talk,100.0,,0,,0,1,false,talk_primary,,2026-06-15T11:40:02.614109
c79f689321a1bb3716db40c9545c995f,naverchzzk,,,,,,,,66,,0,,0,,0,0,unknown,no_category_data,,2026-06-15T11:40:03.148518
534a7e9a29751c79d4983f5dce8b829b,naverchzzk,,,,,,,,465,그림셔,75.7,드로바 - 포세이큰 킨,15.7,talk,3.8,5,true,multi_game,,2026-06-15T11:40:03.908229
296641e7acf12bcca31c5565f615fc98,naverchzzk,,,,,,,,31,서브노티카 2,100.0,,0,,0,1,false,single_game_dominant,,2026-06-15T11:40:09.966167
cc7904e68cd9002d7ec7b357d2b3b053,naverchzzk,,,,,,,,513,데드 바이 데이라이트,41.2,LEGO Batman: 레거시 오브 더 다크나이트,23.8,스타크래프트 : 리마스터,15.3,6,true,multi_game,,2026-06-15T11:40:13.827942
6a33bd277c8b9a676f47a187a00e6a68,naverchzzk,,,,,,,,543,로스트아크,99.6,전략적 팀 전투 : 우주의 신들,0.4,,0,2,false,single_game_dominant,,2026-06-15T11:40:14.139405
c8d16a0e6ad693bc5ba1cb6a0f8aa6a3,naverchzzk,,,,,,,,1072,,0,,0,,0,0,unknown,no_category_data,,2026-06-15T11:40:15.318209
afabb96ca7daa24cac0c6c1392c1d8fc,naverchzzk,,,,,,,,1338,리그 오브 레전드,100.0,,0,,0,1,false,single_game_dominant,,2026-06-15T11:40:15.485444
b8067de0de6e5ac75b3ac1731da7653f,naverchzzk,,,,,,,,300,PUBG: 배틀그라운드,76.5,아크 레이더스,18.6,데드 바이 데이라이트,3.8,4,true,multi_game,,2026-06-15T11:40:16.287173
6f7b270601097f9a44e544deaad8ec6c,naverchzzk,,,,,,,,46,프리스타일풋볼z,57.9,할로우 나이트: 실크송,26.3,"워해머 40,000: 스페이스 마린 2",15.8,3,true,multi_game,,2026-06-15T11:40:18.259718
f01dcf77d57c6afd06a06dd7f08bc8a1,naverchzzk,,,,,,,,651,월드 오브 워크래프트: 한밤,100.0,,0,,0,1,false,single_game_dominant,,2026-06-15T11:40:22.402302
0df1f345842034d3482b87d68b07e5c3,naverchzzk,,,,,,,,121,,0,,0,,0,0,unknown,no_category_data,,2026-06-15T11:40:25.539123
8a1654622aa102cd8fec5345ab82e31f,naverchzzk,,,,,,,,82,PUBG: 배틀그라운드,42.0,몬스터 헌터 월드: 아이스본,39.5,talk,6.0,9,true,multi_game,,2026-06-15T11:40:27.635032
958d152278df4bb56b4a12fbeca17a2c,naverchzzk,,,,,,,,2290,발로란트,62.3,talk,28.8,왕좌의 게임: 킹스로드,8.9,3,false,single_game_or_non_game,,2026-06-15T11:40:29.401821
085f18e4b23902408cfc79a64d6d92aa,naverchzzk,,,,,,,,573,검은사막,100.0,,0,,0,1,false,single_game_dominant,,2026-06-15T11:40:29.943238
01c7568a59f0e8ed9a02d8f5d49f8fe9,naverchzzk,,,,,,,,389,던전앤파이터,86.8,리그 오브 레전드,12.9,오버워치,0.2,4,false,single_game_dominant,,2026-06-15T11:40:30.594500
270b1c629013679b7341b0e764c0fc0a,naverchzzk,,,,,,,,2709,리그 오브 레전드,39.0,승리의 여신: 니케,30.6,talk,22.4,4,true,multi_game,,2026-06-15T11:40:32.908476
05770f1dcdcc4ad7d10829d6672c790a,naverchzzk,,,,,,,,505,이터널 리턴,54.3,talk,31.7,두근두근타운,13.2,5,false,single_game_or_non_game,,2026-06-15T11:40:34.651706
4743e7cac3a3f65e9bbbca6617191ac6,naverchzzk,,,,,,,,100,,0,,0,,0,0,unknown,no_category_data,,2026-06-15T11:40:35.149508
9717695e632af79c61925f9724161eec,naverchzzk,,,,,,,,364,,0,,0,,0,0,unknown,no_category_data,,2026-06-15T11:40:37.218481
3678981cf82795017a3c3a166190a7cf,naverchzzk,,,,,,,,123,,0,,0,,0,0,unknown,no_category_data,,2026-06-15T11:40:37.589672
5b07481a41ea0511342ed3201ad94b5e,naverchzzk,,,,,,,,415,,0,,0,,0,0,unknown,no_category_data,,2026-06-15T11:40:38.278583
d020be642e76b65b3915e6b2e151b127,naverchzzk,,,,,,,,275,,0,,0,,0,0,unknown,no_category_data,,2026-06-15T11:40:40.354199
874072e376528b587c3770107fefcd77,naverchzzk,,,,,,,,1579,,0,,0,,0,0,unknown,no_category_data,,2026-06-15T11:40:42.210795
947926cc7ae6832062fafec15b874202,naverchzzk,,,,,,,,177,메이플스토리 월드,73.6,발로란트,10.2,음악/노래,6.1,7,false,single_game_or_non_game,,2026-06-15T11:40:42.759196
9599f01098d556fb959f4d590cbf535e,naverchzzk,,,,,,,,368,로스트아크,82.8,발로란트,11.3,마인크래프트,5.8,3,false,single_game_dominant,,2026-06-15T11:40:49.851246
aefca423a77ac17399e2bf5f479f9af8,naverchzzk,,,,,,,,423,talk,50.0,마인크래프트,16.3,Grand Theft Auto V,6.9,20,false,talk_primary,,2026-06-15T11:40:50.881391
9770df8dbe8a52b78498fc006e728ddb,naverchzzk,,,,,,,,1445,그림/아트,72.8,이환,9.7,트릭컬 리바이브,8.9,8,false,single_game_or_non_game,,2026-06-15T11:40:51.992760
8e5e48f6aff1f698c53309c4ba582553,naverchzzk,,,,,,,,1160,talk,64.3,음악/노래,23.5,아이작의 번제: 리버스,9.4,5,false,talk_primary,,2026-06-15T11:40:52.411374
d6095ced2cd46cef6ef5dcc984b0589e,naverchzzk,,,,,,,,425,배틀필드 6,92.0,데드락,2.8,종합 게임,2.7,6,false,single_game_dominant,,2026-06-15T11:40:52.751810
aa6fd11803339726bad71855f8c8aee9,naverchzzk,,,,,,,,1198,로스트아크,87.2,이터널 리턴,5.7,리그 오브 레전드,2.0,10,false,single_game_dominant,,2026-06-15T11:40:53.322200
3487b950d71cf6a7b350974b80acc704,naverchzzk,,,,,,,,347,,0,,0,,0,0,unknown,no_category_data,,2026-06-15T11:40:58.969563
79e24d5a6b1dc525322e99bfabe3be4b,naverchzzk,,,,,,,,552,로스트아크,96.9,짱구는 못말려 나와 박사의 여름 방학 ~끝나지 않는 7일간의 여행~,3.1,,0,2,false,single_game_dominant,,2026-06-15T11:40:59.461067
36f6246e1269ea59e8efdd7f5c40af68,naverchzzk,,,,,,,,832,리그 오브 레전드,100.0,,0,,0,1,false,single_game_dominant,,2026-06-15T11:41:00.964970
7d6b59ee351ba76ef248e51f55954b28,naverchzzk,,,,,,,,4279,,0,,0,,0,0,unknown,no_category_data,,2026-06-15T11:41:01.270309
e6e7cec7e5337ddd16ddd6aa712a7b01,naverchzzk,,,,,,,,609,,0,,0,,0,0,unknown,no_category_data,,2026-06-15T11:41:01.619434
9c55795b79e82c362c4852626ee91f38,naverchzzk,,,,,,,,256,,0,,0,,0,0,unknown,no_category_data,,2026-06-15T11:41:01.722706
b6ee1220b25bcfa0f90a8b1af23aff43,naverchzzk,,,,,,,,615,프로젝트 좀보이드,89.5,프로스트펑크,4.2,talk,3.4,5,false,single_game_dominant,,2026-06-15T11:41:06.974554
c248ffc043d138f1665d7c6b72c1aaac,naverchzzk,,,,,,,,361,이터널 리턴,70.8,talk,29.2,,0,2,false,single_game_or_non_game,,2026-06-15T11:41:07.102384
7c0c6884bfc79bf5854cbd45775cc1ec,naverchzzk,,,,,,,,171,,0,,0,,0,0,unknown,no_category_data,,2026-06-15T11:41:12.405502
329f0db79b942e2df6dceefe6868b18e,naverchzzk,,,,,,,,291,데드 바이 데이라이트,100.0,,0,,0,1,false,single_game_dominant,,2026-06-15T11:41:14.122930
7e8fa02130c868d597938accf64eb89c,naverchzzk,,,,,,,,900,PUBG: 배틀그라운드,37.6,리그 오브 레전드,19.7,VR챗,16.2,16,true,multi_game,,2026-06-15T11:41:15.314254
0c3b6dece9bf8fead6f4917ba749214c,naverchzzk,,,,,,,,1199,오버워치,94.9,서든어택,2.6,멧챠 카멜레온,1.1,5,false,single_game_dominant,,2026-06-15T11:41:16.922430
230384dde00b04200f1f7afc711dd7ad,naverchzzk,,,,,,,,1333,,0,,0,,0,0,unknown,no_category_data,,2026-06-15T11:41:17.596247
f76184f7ca4926984da2a7705a1bfb5d,naverchzzk,,,,,,,,354,talk,40.4,PUBG: 배틀그라운드,27.7,이터널 리턴,21.3,6,true,multi_game,,2026-06-15T11:41:19.039383
f1df3a0710d3a5590c39554e07b504da,naverchzzk,,,,,,,,110,,0,,0,,0,0,unknown,no_category_data,,2026-06-15T11:41:20.531544
66c55c027e6d96c84e256c857c8ddfc1,naverchzzk,,,,,,,,405,마비노기,81.4,talk,9.5,이터널 리턴,9.0,3,false,single_game_dominant,,2026-06-15T11:41:24.641397
b8e0447327a3b6011f1f2c240e406c8e,naverchzzk,,,,,,,,3366,talk,100.0,,0,,0,1,false,talk_primary,,2026-06-15T11:41:25.825577
aacf1093b80469e3e402393540a13afc,naverchzzk,,,,,,,,697,에이펙스 레전드,40.2,talk,34.8,로스트아크,12.2,6,false,single_game_or_non_game,,2026-06-15T11:41:25.999330
a4e3c05c728ecc5439ae2e20c4be0b44,naverchzzk,,,,,,,,105,,0,,0,,0,0,unknown,no_category_data,,2026-06-15T11:41:26.587448
0b014ae0b4073efaa54a4949dde9e514,naverchzzk,,,,,,,,56,,0,,0,,0,0,unknown,no_category_data,,2026-06-15T11:41:27.099732
6da1933effcba9ccde0b2a64c3610384,naverchzzk,,,,,,,,229,,0,,0,,0,0,unknown,no_category_data,,2026-06-15T11:41:28.214103
3e4cec21aa539da475b12e6f294ee766,naverchzzk,,,,,,,,2318,ASMR,64.9,talk,12.6,라이브러리안: 타이디 업 더 아케인 라이브러리!,7.6,7,false,single_game_or_non_game,,2026-06-15T11:41:32.432538
5b0e3efd66b2e18c80a5cb63b5939bf0,naverchzzk,,,,,,,,531,,0,,0,,0,0,unknown,no_category_data,,2026-06-15T11:41:36.008242
575d84f764a2128a68f5c3bccb4f992d,naverchzzk,,,,,,,,2295,,0,,0,,0,0,unknown,no_category_data,,2026-06-15T11:41:36.337995
a6dd8bb6eb6209cf58fb4cb77f772198,naverchzzk,,,,,,,,1213,발로란트,87.0,오버쿡! 2,13.0,,0,2,false,single_game_dominant,,2026-06-15T11:41:36.675822
8822551135e036a677d9506706d91201,naverchzzk,,,,,,,,1384,talk,37.0,사이퍼즈,13.3,PUBG: 배틀그라운드,10.7,12,false,single_game_or_non_game,,2026-06-15T11:41:37.638398
139fbfd918b455f91b6c56ad161fb67e,naverchzzk,,,,,,,,34,마인크래프트,27.3,활협전,19.3,talk,18.7,9,true,multi_game,,2026-06-15T11:41:38.206233
b5e1c4e35d9973c22012bac9439bf4fc,naverchzzk,,,,,,,,100,,0,,0,,0,0,unknown,no_category_data,,2026-06-15T11:41:39.906602
1cc3624e2abd6edbd903bdb1c74d9568,naverchzzk,,,,,,,,601,,0,,0,,0,0,unknown,no_category_data,,2026-06-15T11:41:45.671481
f2ca155c45dec7465ad06e60aa2d82a7,naverchzzk,,,,,,,,210,talk,80.4,PUBG: 배틀그라운드,12.8,프랫폴,4.5,4,false,talk_primary,,2026-06-15T11:41:47.472931
7b0943fed2fb8b923744ade7b82665c6,naverchzzk,,,,,,,,140,,0,,0,,0,0,unknown,no_category_data,,2026-06-15T11:41:48.142341
c254a6567243bcbf170a31d65dbc19aa,naverchzzk,,,,,,,,647,talk,23.1,리그 오브 레전드,23.0,워프레임,13.7,13,false,single_game_or_non_game,,2026-06-15T11:41:48.599982
25acf3b7dd77b9512f92064b5a9bdeca,naverchzzk,,,,,,,,1013,talk,56.1,음악/노래,43.9,,0,2,false,talk_primary,,2026-06-15T11:41:48.861516
dd6006b80e344811cc15af56b82b33c1,naverchzzk,,,,,,,,1462,talk,61.2,메이플스토리 월드,16.8,로블록스,9.4,6,false,talk_primary,,2026-06-15T11:41:48.882378
76f375db8538f841e9ca063a5bd47e7b,naverchzzk,,,,,,,,583,talk,57.6,종이 혼례복2 장령촌,22.7,종이 혼례복 3 원앙빚,19.7,3,false,talk_primary,,2026-06-15T11:41:54.199499
1dfd20a9a40494f80147385efa679d7e,naverchzzk,,,,,,,,160,,0,,0,,0,0,unknown,no_category_data,,2026-06-15T11:41:55.384068
da47aebfb57cc67229f9d4bba73b16d5,naverchzzk,,,,,,,,146,,0,,0,,0,0,unknown,no_category_data,,2026-06-15T11:41:58.532616
7d4a400e578c32c36929c44edbba31e9,naverchzzk,,,,,,,,366,전략적 팀 전투 : 우주의 신들,100.0,,0,,0,1,false,single_game_dominant,,2026-06-15T11:41:58.644494
3805914c782bbb3719fa5c87c53a32a3,naverchzzk,,,,,,,,93,,0,,0,,0,0,unknown,no_category_data,,2026-06-15T11:41:58.837838
14f87cd9b5114589f49deb1ab501b574,naverchzzk,,,,,,,,734,마인크래프트,77.7,음악/노래,9.4,talk,8.5,7,false,single_game_or_non_game,,2026-06-15T11:41:59.618250
771d95cf36c670ff5c037f2dae345b23,naverchzzk,,,,,,,,423,그림/아트,44.9,talk,39.7,디제이맥스 리스펙트 V,10.3,4,false,single_game_or_non_game,,2026-06-15T11:42:05.668746
fb8567c7d851c077dfecafe7d79aeb46,naverchzzk,,,,,,,,122,,0,,0,,0,0,unknown,no_category_data,,2026-06-15T11:42:11.877751
609d75ab216128bd997d7a31eabd43be,naverchzzk,,,,,,,,791,음악/노래,26.4,엘소드,20.4,트릭컬 리바이브,16.1,12,true,multi_game,,2026-06-15T11:42:12.159986
05151dfd27965f59665d409b22554f77,naverchzzk,,,,,,,,419,talk,32.6,마인크래프트,31.9,오버워치,12.7,13,false,single_game_or_non_game,,2026-06-15T11:42:16.431276
83a09ee99f65844635276b634016c09a,naverchzzk,,,,,,,,345,talk,55.7,디제이맥스 리스펙트 V,29.3,슬레이 더 스파이어 2,8.2,6,false,talk_primary,,2026-06-15T11:42:16.891956
8c5de12eafdbb4932043f06deaac1735,naverchzzk,,,,,,,,561,R.E.P.O.,43.6,프래그마타,31.2,오버워치,11.1,6,true,multi_game,,2026-06-15T11:42:16.943673
1c979fa9a807a59ab4661fddbd3b918c,naverchzzk,,,,,,,,482,발로란트,40.5,데드 바이 데이라이트,25.8,리그 오브 레전드,10.0,10,true,multi_game,,2026-06-15T11:42:17.546557
538f914a53182fa491098f38b0f19490,naverchzzk,,,,,,,,273,talk,100.0,,0,,0,1,false,talk_primary,,2026-06-15T11:42:19.768627
8ea0296dae6f069dac53fffc3e7fc2c7,naverchzzk,,,,,,,,1230,던전앤파이터,44.4,이환,22.1,명조:워더링 웨이브,19.3,7,true,multi_game,,2026-06-15T11:42:21.406206
d0bdcc05b60848aa8ccea0033298a84f,naverchzzk,,,,,,,,172,,0,,0,,0,0,unknown,no_category_data,,2026-06-15T11:42:27.442864
c12f64dab382d08541a4d816cbd4f00c,naverchzzk,,,,,,,,307,톰 클랜시의 레인보우 식스 시즈 X,35.1,마인크래프트,27.3,붉은사막,24.1,5,true,multi_game,,2026-06-15T11:42:29.349184
eca0ae56070acb3cb84c3b9d7a9eabc1,naverchzzk,,,,,,,,571,승리의 여신: 니케,35.0,talk,32.7,로스트아크,25.3,4,true,multi_game,,2026-06-15T11:42:30.745701
d98f5978848c87aeda836e5aa7d7369d,naverchzzk,,,,,,,,661,메이플스토리,50.7,스플릿 픽션,19.0,이터널 리턴,11.3,7,true,multi_game,,2026-06-15T11:42:30.888611
606ca6f02b06efec3f64439cb5c6d85b,naverchzzk,,,,,,,,637,talk,60.9,엘든 링,13.9,프로젝트 좀보이드,9.6,6,false,talk_primary,,2026-06-15T11:42:31.136107
cb5947ecd83d2c2f85483459f3c2b1ba,naverchzzk,,,,,,,,2528,카트라이더,71.3,리그 오브 레전드,8.7,언더테일,7.5,7,false,single_game_or_non_game,,2026-06-15T11:42:31.634471
e973f5e82c98bb810c77b093466c48f2,naverchzzk,,,,,,,,90,,0,,0,,0,0,unknown,no_category_data,,2026-06-15T11:42:35.143736
e9ec4a33d898faa7c0135197ba008255,naverchzzk,,,,,,,,195,메이플스토리 월드,83.0,바이오하자드 빌리지,7.0,붕괴: 스타레일,5.7,4,false,single_game_dominant,,2026-06-15T11:42:40.398517
8444820d3802eac0e076edfa7d11bee3,naverchzzk,,,,,,,,404,talk,30.7,음악/노래,20.3,이환,18.0,11,true,multi_game,,2026-06-15T11:42:41.792481
cca2845f66abad5cbb5d5b55c7ae6f1b,naverchzzk,,,,,,,,974,,0,,0,,0,0,unknown,no_category_data,,2026-06-15T11:42:42.148566
b8add08b305e9d84bdadddd851600c13,naverchzzk,,,,,,,,166,,0,,0,,0,0,unknown,no_category_data,,2026-06-15T11:42:42.509578
6abfe789303df335b9b074205f728a5e,naverchzzk,,,,,,,,359,talk,80.2,그림/아트,18.4,슬레이 더 스파이어 2,1.4,3,false,talk_primary,,2026-06-15T11:42:43.058631
c56554cfdb83c10b2d1c9e181be6a08f,naverchzzk,,,,,,,,417,,0,,0,,0,0,unknown,no_category_data,,2026-06-15T11:42:43.192865
dcbe240fe3f32e4d21d73f28b27d882c,naverchzzk,,,,,,,,787,,0,,0,,0,0,unknown,no_category_data,,2026-06-15T11:42:47.898298
c5359dd12c106197645c73b3b27b01e3,naverchzzk,,,,,,,,1800,,0,,0,,0,0,unknown,no_category_data,,2026-06-15T11:42:52.596245
efa089f2a40ce5532715f70b3c1710b7,naverchzzk,,,,,,,,1550,talk,80.1,음악/노래,19.9,,0,2,false,talk_primary,,2026-06-15T11:42:55.880187
106c4781d9fbd86b203efa7db1ee5912,naverchzzk,,,,,,,,238,마인크래프트,46.4,talk,16.2,마비노기 모바일,13.1,12,false,single_game_or_non_game,,2026-06-15T11:42:58.399873
da9c7e0d7c5192f3b48978404dd65f64,naverchzzk,,,,,,,,416,마인크래프트,43.9,talk,15.7,음악/노래,10.6,9,false,single_game_or_non_game,,2026-06-15T11:42:58.818650
64e32833f0dee198debc4e469aaedb93,naverchzzk,,,,,,,,338,리그 오브 레전드,87.3,돈 스타브 투게더,12.7,,0,2,false,single_game_dominant,,2026-06-15T11:42:59.276645
6b90a502ce8975b3da5b3709669c16b1,naverchzzk,,,,,,,,894,이터널 리턴,62.6,talk,37.4,,0,2,false,single_game_or_non_game,,2026-06-15T11:42:59.668325
c5bb710224090f71d27387f5e88e1306,naverchzzk,,,,,,,,288,데이 아 빌리언즈,94.5,리그 오브 레전드,3.4,talk,2.1,3,false,single_game_dominant,,2026-06-15T11:43:01.479307
bd668f4d836bcf7ff59be75d3059c5ab,naverchzzk,,,,,,,,1606,PUBG: 배틀그라운드,56.7,talk,19.7,리그 오브 레전드,7.4,9,false,single_game_or_non_game,,2026-06-15T11:43:09.838188
0a4184eb0941abbac349356ecd5e434b,naverchzzk,,,,,,,,318,오버워치,51.0,슬레이 더 스파이어 2,17.6,불과 얼음의 춤,8.0,11,true,multi_game,,2026-06-15T11:43:10.230845
fb337abf1f7c0de45a926eab1b802fa9,naverchzzk,,,,,,,,75,,0,,0,,0,0,unknown,no_category_data,,2026-06-15T11:43:10.581437
250d866fa3ca79790f5896ebc6bbba01,naverchzzk,,,,,,,,2755,,0,,0,,0,0,unknown,no_category_data,,2026-06-15T11:43:10.999887
6cf2f6030cf2b81e0cee8c0febaa080d,naverchzzk,,,,,,,,110,언차티드 4: 해적왕과 최후의 보물,45.7,오버워치,29.6,림보,10.4,7,true,multi_game,,2026-06-15T11:43:11.982674
49473c5292125314e936d5e1f53922ca,naverchzzk,,,,,,,,164,오버워치,32.3,talk,25.2,마인크래프트,15.3,9,true,multi_game,,2026-06-15T11:43:12.295954
5a82c8d4950d5c771ce10e5f1bc6c686,naverchzzk,,,,,,,,196,,0,,0,,0,0,unknown,no_category_data,,2026-06-15T11:43:22.141956
95ed6c84d89ed0555e276489fdb3784c,naverchzzk,,,,,,,,1826,,0,,0,,0,0,unknown,no_category_data,,2026-06-15T11:43:23.962919
4c9c2ce216dd84f9116b1d64c8ba8799,naverchzzk,,,,,,,,48,좀비고등학교,67.8,종합 게임,16.8,talk,15.3,3,true,multi_game,,2026-06-15T11:43:24.031132
b459eab91a5190c9b80816294e16d2d2,naverchzzk,,,,,,,,176,,0,,0,,0,0,unknown,no_category_data,,2026-06-15T11:43:24.219008
5961aa7fe34af131c5f6a21acff8564d,naverchzzk,,,,,,,,1042,발로란트,100.0,,0,,0,1,false,single_game_dominant,,2026-06-15T11:43:24.903604
43a4406f08a64c85f62855bcbac9d032,naverchzzk,,,,,,,,307,디제이맥스 리스펙트 V,57.6,작혼: 리치 마작,8.2,마인크래프트,7.2,15,false,single_game_or_non_game,,2026-06-15T11:43:25.061670
e9587ac3351ccc37561eaed4d0b54dc4,naverchzzk,,,,,,,,188,talk,48.1,PUBG: 배틀그라운드,33.8,리그 오브 레전드,5.5,11,false,single_game_or_non_game,,2026-06-15T11:43:30.677906
41fab4991c97b48fa1b47ed2a4f9876c,naverchzzk,,,,,,,,161,,0,,0,,0,0,unknown,no_category_data,,2026-06-15T11:43:34.558286
63759f243b97f91e981f4abdaf175dc1,naverchzzk,,,,,,,,1316,,0,,0,,0,0,unknown,no_category_data,,2026-06-15T11:43:34.559755
141b73b8cd999e0f4274c76a669cd35e,naverchzzk,,,,,,,,448,talk,91.8,아니마 : 성인들을 위한 잔혹동화,8.2,,0,2,false,talk_primary,,2026-06-15T11:43:35.194793
78efc40c4fbeadb1701876e1b8356855,naverchzzk,,,,,,,,586,오버워치,41.4,포켓몬 레전드 Z-A,30.8,포켓몬 챔피언스,10.6,5,true,multi_game,,2026-06-15T11:43:35.694072
7c05655499d23030b6c7a2b5aa4637c7,naverchzzk,,,,,,,,1294,디제이맥스 리스펙트 V,39.6,talk,27.9,블루 아카이브,21.8,5,true,multi_game,,2026-06-15T11:43:35.932330
67b160c97b4b04aecfdee08958ca2c34,naverchzzk,,,,,,,,2385,ASMR,96.1,talk,2.9,종합 게임,1.0,3,false,single_game_dominant,,2026-06-15T11:43:39.088204
763f9bcc441cd4c6e45514157ca765a7,naverchzzk,,,,,,,,155,,0,,0,,0,0,unknown,no_category_data,,2026-06-15T11:43:45.020923
216a737ed7dc9cb829669d48b0fe4246,naverchzzk,,,,,,,,556,승리의 여신: 니케,70.9,전략적 팀 전투 : 우주의 신들,29.1,,0,2,true,multi_game,,2026-06-15T11:43:45.637868
e084c8a8ba77c1551ee45104679fd355,naverchzzk,,,,,,,,622,,0,,0,,0,0,unknown,no_category_data,,2026-06-15T11:43:47.109195
757838c9ba360f36355ab9402dd274da,naverchzzk,,,,,,,,1082,구스 구스 덕,33.6,서브노티카 2,21.9,백룸: 이스케이프 투게더,21.1,5,true,multi_game,,2026-06-15T11:43:48.733110
552d974527bebaafa1e2a5f3757a4db3,naverchzzk,,,,,,,,860,talk,64.9,오버워치,12.8,림버스 컴퍼니,7.2,6,false,talk_primary,,2026-06-15T11:43:49.217925
59b51f53be39f7203090a72993bc054e,naverchzzk,,,,,,,,189,에이펙스 레전드,91.2,포르자 호라이즌 6,6.4,오버워치,2.0,4,false,single_game_dominant,,2026-06-15T11:43:50.140798
6b45e3918a3eb66939b49ebbdb7c8686,naverchzzk,,,,,,,,459,이터널 리턴,70.6,붕괴: 스타레일,16.5,talk,12.9,3,true,multi_game,,2026-06-15T11:43:55.060873
a6bae213a5c14ad2d7bcb3a1be64929c,naverchzzk,,,,,,,,171,,0,,0,,0,0,unknown,no_category_data,,2026-06-15T11:43:55.080617
daf6fbe48048c5d1cde48f3d51ef09b6,naverchzzk,,,,,,,,4649,,0,,0,,0,0,unknown,no_category_data,,2026-06-15T11:43:56.636127
510f7bde9ed689ee0951891479a93926,naverchzzk,,,,,,,,847,,0,,0,,0,0,unknown,no_category_data,,2026-06-15T11:44:00.008150
a528ea01dcd33f79f453e0826383c94a,naverchzzk,,,,,,,,292,,0,,0,,0,0,unknown,no_category_data,,2026-06-15T11:44:00.994227
67cc9c8cdd9bf845c47a1c669b160cfb,naverchzzk,,,,,,,,174,델타포스,64.5,콜 오브 듀티: 블랙 옵스 7,24.4,"워해머 40,000: 스페이스 마린 2",5.8,5,true,multi_game,,2026-06-15T11:44:01.488627
57f8e003c7da36002f4465017b786203,naverchzzk,,,,,,,,97,,0,,0,,0,0,unknown,no_category_data,,2026-06-15T11:44:04.259277
2e6e7ab6e1aac3f0e2105af44eb59630,naverchzzk,,,,,,,,15636,talk,73.5,프래그마타,14.7,마인크래프트,11.7,3,false,talk_primary,,2026-06-15T11:44:05.817406
49049c315335e20075e6100c5418188d,naverchzzk,,,,,,,,638,전략적 팀 전투 : 우주의 신들,100.0,리그 오브 레전드,0.0,PUBG: 배틀그라운드,0.0,3,false,single_game_dominant,,2026-06-15T11:44:05.910114
b2332a97ce27b190dbeb59a6ec5715ed,naverchzzk,,,,,,,,707,talk,44.1,음악/노래,25.8,애니메이션,9.0,10,false,single_game_or_non_game,,2026-06-15T11:44:10.156034
ceee602058dfc1cc216e2e832b27d9fc,naverchzzk,,,,,,,,1720,talk,40.1,마인크래프트,35.4,프래그마타,11.2,9,false,single_game_or_non_game,,2026-06-15T11:44:11.414551
30c30c58d1a7e1d8c220ef376f608a4d,naverchzzk,,,,,,,,60,,0,,0,,0,0,unknown,no_category_data,,2026-06-15T11:44:12.226188
ade3a3a232a03194be408834cb7f6e9d,naverchzzk,,,,,,,,317,리그 오브 레전드,99.0,talk,1.0,,0,2,false,single_game_dominant,,2026-06-15T11:44:12.298654
8cf0a765bf57fec6f0dd47db4b6ad8d2,naverchzzk,,,,,,,,344,아레나 브레이크아웃,61.8,백룸: 애프리헨션,16.4,락다운 프로토콜,10.9,6,true,multi_game,,2026-06-15T11:44:14.543397
8b36e226b7d7dcbd3fb360fc41d10a15,naverchzzk,,,,,,,,680,명조:워더링 웨이브,72.9,LEGO Batman: 레거시 오브 더 다크나이트,18.2,원신,8.3,4,true,multi_game,,2026-06-15T11:44:15.146260
defe8b3d1bd84baab4c665c32409ca62,naverchzzk,,,,,,,,381,talk,57.4,마피아42,18.8,R.E.P.O.,14.4,6,false,talk_primary,,2026-06-15T11:44:19.548643
d7ad22d05b127ae2c126b87233049c08,naverchzzk,,,,,,,,655,,0,,0,,0,0,unknown,no_category_data,,2026-06-15T11:44:19.804625
0fea122e4b5aac40de60b35db128dd83,naverchzzk,,,,,,,,181,talk,100.0,,0,,0,1,false,talk_primary,,2026-06-15T11:44:20.499306
01e1862a606724a2adf7f11907e3dfd6,naverchzzk,,,,,,,,1227,,0,,0,,0,0,unknown,no_category_data,,2026-06-15T11:44:20.711262
f55671543eefb9d04c44e19be4646ae1,naverchzzk,,,,,,,,779,,0,,0,,0,0,unknown,no_category_data,,2026-06-15T11:44:22.212868
fc763c8b33cfe51142ab1f00302a6b91,naverchzzk,,,,,,,,510,,0,,0,,0,0,unknown,no_category_data,,2026-06-15T11:44:22.725116
9b53ecefd604a27718e9e7224233ef43,naverchzzk,,,,,,,,155,사이버펑크 2077,100.0,,0,,0,1,false,single_game_dominant,,2026-06-15T11:44:31.834419
04cc2c37e1c3cbf7e163129c86931ae2,naverchzzk,,,,,,,,320,오버워치,77.3,talk,9.4,에브리씽 이즈 크랩: 동물 진화 로그라이트,3.4,9,false,single_game_or_non_game,,2026-06-15T11:44:33.600264
38e5442eba787b8cc1251c7d36fc66b6,naverchzzk,,,,,,,,1178,,0,,0,,0,0,unknown,no_category_data,,2026-06-15T11:44:33.781717
aa5a8b7bebf80b7c54652c9532781db2,naverchzzk,,,,,,,,474,PUBG: 배틀그라운드,33.0,talk,14.9,돈 스타브 투게더,12.8,8,false,single_game_or_non_game,,2026-06-15T11:44:34.002394
25752408691dcc83e355a22b0697813e,naverchzzk,,,,,,,,772,마인크래프트,34.0,talk,28.3,발로란트,9.8,15,false,single_game_or_non_game,,2026-06-15T11:44:34.658368
9427624920ef00dfa8bd271c9705d4d4,naverchzzk,,,,,,,,424,파이널판타지14,90.8,디지몬 스토리 타임 스트레인저,6.5,애니메이션,2.1,4,false,single_game_dominant,,2026-06-15T11:44:35.600717
edcb1d4cf9573daa0d012b7b5e7423c4,naverchzzk,,,,,,,,275,,0,,0,,0,0,unknown,no_category_data,,2026-06-15T11:44:39.251704
e9d9347835a407682ebe16c7a2e594b1,naverchzzk,,,,,,,,56,,0,,0,,0,0,unknown,no_category_data,,2026-06-15T11:44:44.509206
d35aac818c3d52ee1fafd6e822b5b1cf,naverchzzk,,,,,,,,656,,0,,0,,0,0,unknown,no_category_data,,2026-06-15T11:44:44.784638
0d785bf0d6d9d4b9258ab67695412cb9,naverchzzk,,,,,,,,209,발로란트,27.4,리그 오브 레전드,22.4,talk,18.2,7,true,multi_game,,2026-06-15T11:44:45.754358
efffffa2fa6a57a7d341995563f384c4,naverchzzk,,,,,,,,306,talk,100.0,,0,,0,1,false,talk_primary,,2026-06-15T11:44:45.909131
84a1ae7be09f95fa295ea35f6cff2f7d,naverchzzk,,,,,,,,473,talk,81.8,오버워치,12.1,서브노티카 2,6.1,3,false,talk_primary,,2026-06-15T11:44:46.037770
95e423601436eddf88806b91f5d67762,naverchzzk,,,,,,,,269,이환,78.9,메이플스토리 월드,14.2,talk,3.2,5,false,single_game_or_non_game,,2026-06-15T11:44:47.894677
60e16054cc28827f06cec578a0573675,naverchzzk,,,,,,,,282,,0,,0,,0,0,unknown,no_category_data,,2026-06-15T11:44:54.133174
181e3f15ba58a650ead3775719e97864,naverchzzk,,,,,,,,291,PUBG: 배틀그라운드,33.8,talk,28.2,레드 데드 리뎀션 2,21.1,5,true,multi_game,,2026-06-15T11:44:54.839571
268fef545ff9c0a3d653cbb965c0115a,naverchzzk,,,,,,,,216,,0,,0,,0,0,unknown,no_category_data,,2026-06-15T11:45:00.253549
3c0bfa300b9d04900628a1f83def63ee,naverchzzk,,,,,,,,569,발로란트,100.0,,0,,0,1,false,single_game_dominant,,2026-06-15T11:45:01.713250
168a966b6e016048eeac22150b0a67dd,naverchzzk,,,,,,,,148,마인크래프트,30.9,명조:워더링 웨이브,25.0,talk,25.0,4,true,multi_game,,2026-06-15T11:45:02.493858
c201f998ec02724540195e7ea6722a8e,naverchzzk,,,,,,,,539,발로란트,53.0,talk,39.9,피크,4.2,6,false,single_game_or_non_game,,2026-06-15T11:45:04.450208
2d56a90737dc6a5680624814c7ac4671,naverchzzk,,,,,,,,1087,패스 오브 엑자일 2,74.6,메이플스토리 월드,16.6,리그 오브 레전드,6.6,5,true,multi_game,,2026-06-15T11:45:07.507360
9356b93c40906604795e1ba0becbafa6,naverchzzk,,,,,,,,400,두근두근타운,37.5,talk,35.6,데이브 더 다이버,15.5,8,true,multi_game,,2026-06-15T11:45:07.514115
5645cff9faaca4b80925899574b22e8b,naverchzzk,,,,,,,,351,에이펙스 레전드,77.1,talk,22.9,,0,2,false,single_game_or_non_game,,2026-06-15T11:45:08.218317
2556759c462c65f8820c7cdf2a80f556,naverchzzk,,,,,,,,110,,0,,0,,0,0,unknown,no_category_data,,2026-06-15T11:45:09.184565
109ba2110924f371bd8ff711b45f9a8e,naverchzzk,,,,,,,,196,,0,,0,,0,0,unknown,no_category_data,,2026-06-15T11:45:10.021421
5ccf61e2cda6364867fec1fdb7bec125,naverchzzk,,,,,,,,210,,0,,0,,0,0,unknown,no_category_data,,2026-06-15T11:45:11.984108
7ac1088508be07a801855ce257157e6b,naverchzzk,,,,,,,,79,,0,,0,,0,0,unknown,no_category_data,,2026-06-15T11:45:15.587463
789a0181deb955bf914d284f5bf87d43,naverchzzk,,,,,,,,264,,0,,0,,0,0,unknown,no_category_data,,2026-06-15T11:45:15.979443
0d56f52697d09ba6ede06b3487eb7125,naverchzzk,,,,,,,,170,,0,,0,,0,0,unknown,no_category_data,,2026-06-15T11:45:16.778685
a8b57b6aa24ac7d56d15c6a3a73cdd55,naverchzzk,,,,,,,,107,,0,,0,,0,0,unknown,no_category_data,,2026-06-15T11:45:18.069393
afbc7f1c433a0d5a1dd97bc548caca94,naverchzzk,,,,,,,,681,아레나 브레이크아웃,63.7,마인크래프트,15.7,리그 오브 레전드,9.6,9,true,multi_game,,2026-06-15T11:45:18.759635
6d705e771d02e31473b84b3eb9988ec6,naverchzzk,,,,,,,,2375,리그 오브 레전드,78.1,talk,12.9,이터널 리턴,7.1,5,false,single_game_or_non_game,,2026-06-15T11:45:20.753317
8f82c4bb6b76ce07f5e068c04ee9649a,naverchzzk,,,,,,,,3314,,0,,0,,0,0,unknown,no_category_data,,2026-06-15T11:45:24.024145
0f6af517c66a6ce1f5049172eab608f8,naverchzzk,,,,,,,,714,talk,55.7,이터널 리턴,22.7,종합 게임,16.5,4,false,talk_primary,,2026-06-15T11:45:26.074260
07ac8754c66c3386175997930747a681,naverchzzk,,,,,,,,1,,0,,0,,0,0,unknown,no_category_data,,2026-06-15T11:45:26.153526
6615f99faee0e23d185383fc78eed31e,naverchzzk,,,,,,,,624,,0,,0,,0,0,unknown,no_category_data,,2026-06-15T11:45:27.115126
11787179a78926a4162f5022ddfca762,naverchzzk,,,,,,,,246,스타듀 밸리,34.8,talk,21.1,HITMAN 암살자의 세계,10.6,9,false,single_game_or_non_game,,2026-06-15T11:45:28.437367
875d2d6b168ffda1ea062313de2bb8dc,naverchzzk,,,,,,,,1705,로스트아크,68.8,PUBG: 배틀그라운드,17.4,리그 오브 레전드,4.1,8,true,multi_game,,2026-06-15T11:45:30.981957
6f881cc3dea69579a0827613170c9cb8,naverchzzk,,,,,,,,302,리그 오브 레전드,100.0,,0,,0,1,false,single_game_dominant,,2026-06-15T11:45:32.716039
08cee9247de73d51c65e358b6e5b4f99,naverchzzk,,,,,,,,52,,0,,0,,0,0,unknown,no_category_data,,2026-06-15T11:45:34.138553
25b4bf105f0f46dcf7048acc6d1129d5,naverchzzk,,,,,,,,349,,0,,0,,0,0,unknown,no_category_data,,2026-06-15T11:45:34.488347
b05ed5c070aba8b66c28286b7ca154c8,naverchzzk,,,,,,,,86,,0,,0,,0,0,unknown,no_category_data,,2026-06-15T11:45:35.158654
d0b1def5113fcb2575270a9f3889a2ff,naverchzzk,,,,,,,,1492,,0,,0,,0,0,unknown,no_category_data,,2026-06-15T11:45:36.345003
7f7fb3505f56a686f5cfa91d8e0ea51b,naverchzzk,,,,,,,,398,명일방주: 엔드필드,46.7,블루 아카이브,18.9,붉은사막,14.1,12,true,multi_game,,2026-06-15T11:45:39.486430
fded220a0d3715dfd5f644d85b462ae0,naverchzzk,,,,,,,,1267,talk,23.8,코어 키퍼,22.2,마작일번가,19.3,8,true,multi_game,,2026-06-15T11:45:40.297395
31faeb0b90ae1c5f93790aff47a49676,naverchzzk,,,,,,,,13,,0,,0,,0,0,unknown,no_category_data,,2026-06-15T11:45:41.651370
4860203c80ae76f3517107160875e277,naverchzzk,,,,,,,,281,,0,,0,,0,0,unknown,no_category_data,,2026-06-15T11:45:42.218908
de6749f9c1601313def186e4a383b0ca,naverchzzk,,,,,,,,50,,0,,0,,0,0,unknown,no_category_data,,2026-06-15T11:45:42.718352
2bffa5293c5de79234c66996adc8121f,naverchzzk,,,,,,,,1703,,0,,0,,0,0,unknown,no_category_data,,2026-06-15T11:45:43.892140
f404d5ebcc97be2fefc09600aef89a68,naverchzzk,,,,,,,,134,talk,100.0,,0,,0,1,false,talk_primary,,2026-06-15T11:45:47.122291
d53fdb85d1130d1b247f97e529c06a73,naverchzzk,,,,,,,,278,talk,48.6,마인크래프트,34.2,그림/아트,12.6,5,false,single_game_or_non_game,,2026-06-15T11:45:49.129020
078b3e26437673dfd94cae4a11b4c27d,naverchzzk,,,,,,,,262,,0,,0,,0,0,unknown,no_category_data,,2026-06-15T11:45:52.226917
4314d5bc878a410965548f360a6a6630,naverchzzk,,,,,,,,2773,talk,25.1,마인크래프트,18.6,팩토리오,10.6,9,false,single_game_or_non_game,,2026-06-15T11:45:52.251466
4a45c588be58b2fa9636dc29cafac85b,naverchzzk,,,,,,,,480,오버워치,100.0,,0,,0,1,false,single_game_dominant,,2026-06-15T11:45:52.738399
9aea77a5894e5c29ff14ad157187f4a3,naverchzzk,,,,,,,,1397,오버워치,100.0,,0,,0,1,false,single_game_dominant,,2026-06-15T11:45:53.656214
77612dca8fd05982c7236afba458d20d,naverchzzk,,,,,,,,1057,디지몬 스토리 사이버 슬루스 해커스 메모리,59.6,talk,32.4,성세천하: 여제의 탄생 Ⅱ,8.0,3,false,single_game_or_non_game,,2026-06-15T11:45:55.614576
2349a5373dfdb8fc3df34e141a2b0570,naverchzzk,,,,,,,,375,코난 엑자일 인핸스드,85.7,talk,14.3,,0,2,false,single_game_dominant,,2026-06-15T11:45:56.551393
b68ba95b8a14caa658bb022d0d158eed,naverchzzk,,,,,,,,357,패스 오브 엑자일 2,100.0,,0,,0,1,false,single_game_dominant,,2026-06-15T11:46:05.078219
6dbaaae18a7749531bc78e4ff7d265d5,naverchzzk,,,,,,,,308,,0,,0,,0,0,unknown,no_category_data,,2026-06-15T11:46:08.309375
5c6407e86ed4ccafde2b49086c0013bb,naverchzzk,,,,,,,,1034,로스트아크,35.1,승리의 여신: 니케,23.5,음악/노래,19.4,9,true,multi_game,,2026-06-15T11:46:08.660008
8b14aeaab59c1896ff9350a4a03515d3,naverchzzk,,,,,,,,1944,음악/노래,25.3,명일방주: 엔드필드,18.5,명조:워더링 웨이브,13.5,9,true,multi_game,,2026-06-15T11:46:08.898328
7acbbd12e70fbd7c09356d06d33c3a05,naverchzzk,,,,,,,,88,리그 오브 레전드,75.6,음악/노래,24.4,,0,2,true,multi_game,,2026-06-15T11:46:09.066222
fba8d7bfecfd1a9924d7b66f686f7675,naverchzzk,,,,,,,,141,talk,88.0,음악/노래,8.5,여동생 운전 가르치기,3.4,3,false,talk_primary,,2026-06-15T11:46:09.533025
8f1520ab0f2c43eace15754139229a72,naverchzzk,,,,,,,,1648,PUBG: 배틀그라운드,70.3,마인크래프트,19.1,talk,7.1,5,true,multi_game,,2026-06-15T11:46:13.792475
c1490b15aea15c4f15c33b4820015702,naverchzzk,,,,,,,,69,,0,,0,,0,0,unknown,no_category_data,,2026-06-15T11:46:18.568931
515f69bb85084498da49e27aa061d4f1,naverchzzk,,,,,,,,1027,,0,,0,,0,0,unknown,no_category_data,,2026-06-15T11:46:21.050684
2a785e0fceded1ebe9211d0c2060710e,naverchzzk,,,,,,,,7029,talk,97.1,나이트 시큐리티,2.9,,0,2,false,talk_primary,,2026-06-15T11:46:22.956032
19f4844716d1e3b550ad94dbf96f557e,naverchzzk,,,,,,,,572,철권 8,72.5,세븐 데이즈 투 다이,8.5,팰월드,7.1,10,false,single_game_or_non_game,,2026-06-15T11:46:23.023559
851e08e9de3975a848457b1d647f627d,naverchzzk,,,,,,,,350,리그 오브 레전드,98.0,성세천하: 여제의 탄생 Ⅱ,2.0,,0,2,false,single_game_dominant,,2026-06-15T11:46:23.129168
348e8c61b1b3ad76546446e92be6e119,naverchzzk,,,,,,,,95,사이퍼즈,100.0,,0,,0,1,false,single_game_dominant,,2026-06-15T11:46:23.841555
9b1ad5b3b181d426a0877c33801e0fa1,naverchzzk,,,,,,,,1454,talk,33.8,이터널 리턴,20.8,PUBG: 배틀그라운드,13.2,13,false,single_game_or_non_game,,2026-06-15T11:46:27.310984
830e45d6981349d93a95e8e601ef3730,naverchzzk,,,,,,,,120,,0,,0,,0,0,unknown,no_category_data,,2026-06-15T11:46:28.493361
b4bdbebe6c04ca481c4a9053adbdd929,naverchzzk,,,,,,,,639,,0,,0,,0,0,unknown,no_category_data,,2026-06-15T11:46:32.110368
aeb7f6cf0d7f8af56797430b5a74f9cd,naverchzzk,,,,,,,,580,talk,96.5,스포츠,2.0,종합 게임,1.5,3,false,talk_primary,,2026-06-15T11:46:33.088388
a7d01d4fc6d9e801f84e4663f549132d,naverchzzk,,,,,,,,429,,0,,0,,0,0,unknown,no_category_data,,2026-06-15T11:46:33.951379
0cf3a9311a42f80c8a1fe7b193b0b773,naverchzzk,,,,,,,,180,서브노티카 2,51.1,오버워치,25.5,두근두근타운,12.8,4,true,multi_game,,2026-06-15T11:46:35.856303
6d92312348f17de35aa222ca3e159256,naverchzzk,,,,,,,,962,포르자 호라이즌 6,47.4,헬다이버즈 2,21.9,던전앤파이터,11.7,9,true,multi_game,,2026-06-15T11:46:36.508715
10403144db4155d1de80b24a8e7e4c8b,naverchzzk,,,,,,,,127,리그 오브 레전드,50.6,talk,29.9,종합 게임,14.0,5,false,single_game_or_non_game,,2026-06-15T11:46:38.185054
76b8c010fb9c9e3e8d7119fb76dba3ee,naverchzzk,,,,,,,,240,,0,,0,,0,0,unknown,no_category_data,,2026-06-15T11:46:45.117666
6b8559d9e47de8da1a8c73fe6cf97e8e,naverchzzk,,,,,,,,1771,talk,53.0,레이튼 교수와 이상한 마을 HD,22.5,리그 오브 레전드,20.7,4,false,talk_primary,,2026-06-15T11:46:46.358499
c1514f4dbc68e0c8377af52d50d3179d,naverchzzk,,,,,,,,843,이터널 리턴,60.1,talk,34.3,이환,5.6,3,false,single_game_or_non_game,,2026-06-15T11:46:46.821931
504797d96f1c749b580baf6442579d96,naverchzzk,,,,,,,,145,디제이맥스 리스펙트 V,48.9,Qwilight,20.0,불과 얼음의 춤,15.6,4,true,multi_game,,2026-06-15T11:46:46.948572
3797f86ab022ae3d29fd626c03871f28,naverchzzk,,,,,,,,411,데드 바이 데이라이트,57.6,오버워치,42.4,,0,2,true,multi_game,,2026-06-15T11:46:47.049260
462e4710dadd0539ec1043d9cd2e4f1a,naverchzzk,,,,,,,,221,talk,65.5,음악/노래,15.5,데이브 더 다이버,14.1,5,false,talk_primary,,2026-06-15T11:46:48.114143
49d04ad7d6ebfeed23ab4308b2160d9b,naverchzzk,,,,,,,,142,붉은사막,81.5,림버스 컴퍼니,14.6,talk,3.9,3,false,single_game_dominant,,2026-06-15T11:46:55.736677
36038018eeae22b1dffe165e365f6d26,naverchzzk,,,,,,,,312,포켓몬 카드 게임 Pocket,60.9,talk,28.3,이지 딜리버리 컴퍼니,6.5,5,false,single_game_or_non_game,,2026-06-15T11:46:58.569661
950ce0fa71fa5165ed55a403d7bfcb17,naverchzzk,,,,,,,,525,,0,,0,,0,0,unknown,no_category_data,,2026-06-15T11:46:58.591637
a4f8dfe4599a7e5c7a033f25e0013426,naverchzzk,,,,,,,,138,,0,,0,,0,0,unknown,no_category_data,,2026-06-15T11:46:58.681766
a47bbfd15ffd002cc91ffd2025d2a8f9,naverchzzk,,,,,,,,224,그림/아트,52.4,talk,16.1,영화,14.9,5,false,single_game_or_non_game,,2026-06-15T11:46:59.331476
026844a8204536d72ea5726486812bdc,naverchzzk,,,,,,,,947,오버워치,87.4,talk,10.6,포장마차 : 한국 길거리 음식 경영시뮬레이터,1.3,4,false,single_game_dominant,,2026-06-15T11:46:59.889143
9b75d507ba833a245eb961b7211dbf1b,naverchzzk,,,,,,,,371,,0,,0,,0,0,unknown,no_category_data,,2026-06-15T11:47:03.243208
7bfcfa6a0742626389c04245c9a7717a,naverchzzk,,,,,,,,14,,0,,0,,0,0,unknown,no_category_data,,2026-06-15T11:47:09.032167
b43414eab48cf1c2c2f333d3ce975509,naverchzzk,,,,,,,,1860,그림/아트,49.1,마인크래프트,29.4,talk,7.8,8,false,single_game_or_non_game,,2026-06-15T11:47:09.973477
bfa08362d2fd460801aadaef6f47c0e0,naverchzzk,,,,,,,,16,,0,,0,,0,0,unknown,no_category_data,,2026-06-15T11:47:10.642519
1bada6ecc5843a3554b48ec404ed8c01,naverchzzk,,,,,,,,469,로스트아크,95.9,talk,4.1,,0,2,false,single_game_dominant,,2026-06-15T11:47:12.394576
5fb0b40bc619e217c0445efb084e90c7,naverchzzk,,,,,,,,1137,PUBG: 배틀그라운드,54.0,전략적 팀 전투 : 우주의 신들,16.2,리그 오브 레전드,11.1,12,true,multi_game,,2026-06-15T11:47:12.772256
3de7c64002392b8ef9f17f9642be1c15,naverchzzk,,,,,,,,1961,talk,46.5,리그 오브 레전드,41.1,프래그마타,12.4,3,false,single_game_or_non_game,,2026-06-15T11:47:13.391429
97b773b3bf54af003417ae9a9aa80d42,naverchzzk,,,,,,,,118,,0,,0,,0,0,unknown,no_category_data,,2026-06-15T11:47:16.506631
aaae106183a61eac7dfa0c4110100cc6,naverchzzk,,,,,,,,3341,,0,,0,,0,0,unknown,no_category_data,,2026-06-15T11:47:19.427392
e549269804504815a4e5c8a12798ca5e,naverchzzk,,,,,,,,518,아크: 서바이벌 이볼브드,37.6,talk,13.4,마인크래프트,12.2,15,false,single_game_or_non_game,,2026-06-15T11:47:19.734374
8e9ba6ef955c153a6d34bf98bb5d4acc,naverchzzk,,,,,,,,622,talk,77.6,코어 키퍼,11.7,발로란트,4.6,5,false,talk_primary,,2026-06-15T11:47:22.665958
cadef0bf1427f29406325725458ebd18,naverchzzk,,,,,,,,195,오버워치,45.2,PUBG: 배틀그라운드,17.1,R.E.P.O.,8.5,8,true,multi_game,,2026-06-15T11:47:23.039260
367e93e4fedba77a0173e5c5e13b95bd,naverchzzk,,,,,,,,379,리그 오브 레전드,100.0,,0,,0,1,false,single_game_dominant,,2026-06-15T11:47:23.408583
be3f9e466460bd29cee2752f4fd1552c,naverchzzk,,,,,,,,473,,0,,0,,0,0,unknown,no_category_data,,2026-06-15T11:47:24.424567
8c627607e27d65bd775fb28ce540f378,naverchzzk,,,,,,,,874,마인크래프트,42.4,talk,37.5,블루 아카이브,10.1,9,false,single_game_or_non_game,,2026-06-15T11:47:31.240300
1547a6855601125eee769544897b3f32,naverchzzk,,,,,,,,513,PUBG: 배틀그라운드,61.2,마비노기 모바일,22.7,talk,13.7,4,true,multi_game,,2026-06-15T11:47:32.611684
1ae50ea713ffed381ad1ebca40207dfd,naverchzzk,,,,,,,,161,,0,,0,,0,0,unknown,no_category_data,,2026-06-15T11:47:33.545198
88f213be21c467f93f2ad58f74165c2f,naverchzzk,,,,,,,,563,,0,,0,,0,0,unknown,no_category_data,,2026-06-15T11:47:33.549115
8ff0b5efb40cab35448098165a829acb,naverchzzk,,,,,,,,251,,0,,0,,0,0,unknown,no_category_data,,2026-06-15T11:47:33.638348
f950f71ec4b752d1c93e80e9b0737a01,naverchzzk,,,,,,,,719,talk,100.0,,0,,0,1,false,talk_primary,,2026-06-15T11:47:34.594800
ed3de286a1b2c6cf46553c7e8214fbe3,naverchzzk,,,,,,,,344,,0,,0,,0,0,unknown,no_category_data,,2026-06-15T11:47:38.826644
e3892d46e50f303f658a1cc737fb302a,naverchzzk,,,,,,,,31,리그 오브 레전드,100.0,,0,,0,1,false,single_game_dominant,,2026-06-15T11:47:43.942376
e3987574140d520286cd8640f06e05d5,naverchzzk,,,,,,,,929,talk,44.5,음악/노래,30.6,PUBG: 배틀그라운드,6.9,7,false,single_game_or_non_game,,2026-06-15T11:47:44.354367
4622f4b68478c16f76135786621107fd,naverchzzk,,,,,,,,875,,0,,0,,0,0,unknown,no_category_data,,2026-06-15T11:47:45.325061
3a66444e44119b4be1eccc56a1d76ddb,naverchzzk,,,,,,,,107,래프트,34.1,메이플스토리 월드,22.6,talk,15.2,10,true,multi_game,,2026-06-15T11:47:48.235859
dbab8fa5c9aa083b65efdd21884d5fe8,naverchzzk,,,,,,,,346,아이온2,100.0,,0,,0,1,false,single_game_dominant,,2026-06-15T11:47:48.393175
aa30b77722fa908e3950d961af023d8f,naverchzzk,,,,,,,,1024,오버워치,85.2,성세천하: 여제의 탄생 Ⅱ,9.0,데드 바이 데이라이트,5.8,3,false,single_game_dominant,,2026-06-15T11:47:48.549453
fca2274e68e7ddc891d8ff498201ee4e,naverchzzk,,,,,,,,477,이터널 리턴,80.5,오버워치,7.8,메이플스토리,7.8,4,false,single_game_dominant,,2026-06-15T11:47:54.087709
0109b5d24a9d02926ee575aa2ea18afa,naverchzzk,,,,,,,,1376,오버워치,100.0,,0,,0,1,false,single_game_dominant,,2026-06-15T11:47:54.131735
687ccb050c6657c4a0cd4748ea6cb25b,naverchzzk,,,,,,,,1340,talk,40.4,그림자 복도,17.4,엘든 링,11.1,11,false,single_game_or_non_game,,2026-06-15T11:47:55.331773
112a6e996c06b8d1e92c35015c54d6e9,naverchzzk,,,,,,,,190,마비노기 모바일,58.2,이환,21.1,포르자 호라이즌 6,18.4,6,true,multi_game,,2026-06-15T11:47:56.917394
d13638dfb88a6a046d18b40b82c72faf,naverchzzk,,,,,,,,455,,0,,0,,0,0,unknown,no_category_data,,2026-06-15T11:47:57.788966
d4fc89f1bd230269df6fd8871902c750,naverchzzk,,,,,,,,413,이터널 리턴,100.0,,0,,0,1,false,single_game_dominant,,2026-06-15T11:47:58.512898
8a6674a5fa606d43b0981acfd9d97051,naverchzzk,,,,,,,,280,,0,,0,,0,0,unknown,no_category_data,,2026-06-15T11:48:04.808635
93805f7af0d01e51b6abc20b39c89f00,naverchzzk,,,,,,,,66,,0,,0,,0,0,unknown,no_category_data,,2026-06-15T11:48:05.942237
e667863ad57a1aa086c50459e4abe642,naverchzzk,,,,,,,,1163,이터널 리턴,27.5,데이브 더 다이버,11.1,로스트아크,7.9,23,false,single_game_or_non_game,,2026-06-15T11:48:08.395376
7d5531a59329821f97a9a32b47defc7d,naverchzzk,,,,,,,,585,델타포스,97.1,talk,1.0,슈퍼 버니 맨,0.6,7,false,single_game_dominant,,2026-06-15T11:48:11.051414
b4b915e23031766086368ff64c659416,naverchzzk,,,,,,,,220,리그 오브 레전드,80.3,음악/노래,13.8,갬블 위드 유어 프렌즈,3.9,4,false,single_game_dominant,,2026-06-15T11:48:11.787770
7fa93cd1099800a0503a78edb9e4225b,naverchzzk,,,,,,,,396,서브노티카 2,63.1,갬블 위드 유어 프렌즈,10.8,페이트/스테이 나이트 리마스터드,8.5,8,false,single_game_or_non_game,,2026-06-15T11:48:12.094350
c4a80de31ccca3bfc1d1258118b78fe7,naverchzzk,,,,,,,,661,talk,100.0,,0,,0,1,false,talk_primary,,2026-06-15T11:48:13.019374
99ec32d9f609de85fb821539a9e84fe3,naverchzzk,,,,,,,,54,,0,,0,,0,0,unknown,no_category_data,,2026-06-15T11:48:13.598739
f4aa319faf781c07e122a0cdc12b915c,naverchzzk,,,,,,,,388,,0,,0,,0,0,unknown,no_category_data,,2026-06-15T11:48:16.886843
639aa73e7d0445bc0970002d3694b404,naverchzzk,,,,,,,,431,스트리트 파이터 6,63.4,talk,36.6,,0,2,false,single_game_or_non_game,,2026-06-15T11:48:20.164293
1adb791862b9443197fd6381b842f267,naverchzzk,,,,,,,,186,,0,,0,,0,0,unknown,no_category_data,,2026-06-15T11:48:20.286881
4846b06d62a13485cb443f11a54b361e,naverchzzk,,,,,,,,108,,0,,0,,0,0,unknown,no_category_data,,2026-06-15T11:48:20.423360
2beb878320f5dfdbff017b82a0dd0b13,naverchzzk,,,,,,,,262,이터널 리턴,85.7,로블록스,14.3,,0,2,false,single_game_dominant,,2026-06-15T11:48:22.488931
d6679bf99c69e551b51c07b493843d28,naverchzzk,,,,,,,,525,talk,66.9,리그 오브 레전드,13.5,호지,10.2,6,false,talk_primary,,2026-06-15T11:48:23.743300
b5abe565bcd6d74990a19f83783d1657,naverchzzk,,,,,,,,456,포켓몬 챔피언스,100.0,,0,,0,1,false,single_game_dominant,,2026-06-15T11:48:24.821595
e0f6ecdc1676402c7a075079c7fc0c8e,naverchzzk,,,,,,,,135,오버워치,93.7,talk,6.3,,0,2,false,single_game_dominant,,2026-06-15T11:48:34.664378
3b5bcfcb824b5b5bf9a100d32616ae44,naverchzzk,,,,,,,,206,고전 게임,66.0,슈퍼로봇대전 Y,10.1,명조:워더링 웨이브,6.9,11,false,single_game_or_non_game,,2026-06-15T11:48:35.500540
a13f3220717310b7d81d0ad07e9129a3,naverchzzk,,,,,,,,235,,0,,0,,0,0,unknown,no_category_data,,2026-06-15T11:48:36.160583
1537a5e12821eebab269ccf5969caf11,naverchzzk,,,,,,,,527,원신,90.0,붕괴: 스타레일,3.9,talk,1.8,7,false,single_game_dominant,,2026-06-15T11:48:36.184450
4372ee91792f385b39ece759d163194e,naverchzzk,,,,,,,,198,talk,67.5,듀엣 나이트 어비스,11.2,성세천하: 여제의 탄생,6.8,7,false,talk_primary,,2026-06-15T11:48:37.031514
ef49fd80d86c6f778e292c2c4cb1a4ab,naverchzzk,,,,,,,,244,talk,64.1,스마일모,17.3,VR챗,11.9,5,false,talk_primary,,2026-06-15T11:48:37.355304
c9d312d764e3c62b37633942a073a1c2,naverchzzk,,,,,,,,236,,0,,0,,0,0,unknown,no_category_data,,2026-06-15T11:48:42.468360
48eef5b45afbff65c507288a91334f15,naverchzzk,,,,,,,,250,,0,,0,,0,0,unknown,no_category_data,,2026-06-15T11:48:44.060180
12057a835999c83bd7405a9eafc16858,naverchzzk,,,,,,,,1582,,0,,0,,0,0,unknown,no_category_data,,2026-06-15T11:48:46.870326
0bd0232bd53becfa335c7a3ed5800938,naverchzzk,,,,,,,,425,,0,,0,,0,0,unknown,no_category_data,,2026-06-15T11:48:47.658509
0a5aa7649b868cc9b373e1a5b74dd73e,naverchzzk,,,,,,,,1422,,0,,0,,0,0,unknown,no_category_data,,2026-06-15T11:48:47.696566
e545320891ee0e2da6b86117307202a4,naverchzzk,,,,,,,,126,talk,82.0,커벌 스페이스 프로그램,10.8,과학/기술,5.0,4,false,talk_primary,,2026-06-15T11:48:48.890802
f9725e50e714bc29acc74a22509cd1b8,naverchzzk,,,,,,,,310,그림/아트,100.0,,0,,0,1,false,single_game_dominant,,2026-06-15T11:48:50.249807
1de5e4dcb99749e095bcf9473388514b,naverchzzk,,,,,,,,118,리그 오브 레전드,65.0,스테퍼 케이스:초능력 추리 어드벤처,17.5,하츠 오브 아이언 4,15.5,4,true,multi_game,,2026-06-15T11:48:52.480276
59b1e830b8a89bc0d102bfa75e980617,naverchzzk,,,,,,,,368,talk,34.7,그림/아트,30.7,로블록스,26.7,4,false,single_game_or_non_game,,2026-06-15T11:48:54.595208
0695d113193d4adca176c5d5cc7a5de9,naverchzzk,,,,,,,,783,음악/노래,100.0,,0,,0,1,false,single_game_dominant,,2026-06-15T11:48:57.606680
a70f99441710d56b6128f6a970e36a20,naverchzzk,,,,,,,,969,먹방/쿡방,50.6,talk,49.4,,0,2,false,single_game_or_non_game,,2026-06-15T11:48:58.495061
1317f1c57e915d93242759951f1bac7b,naverchzzk,,,,,,,,1441,PUBG: 배틀그라운드,87.3,오버워치,8.5,talk,1.8,5,false,single_game_dominant,,2026-06-15T11:48:59.436194
ca9d1aef1c70f6a2107aee491f2282a3,naverchzzk,,,,,,,,33,,0,,0,,0,0,unknown,no_category_data,,2026-06-15T11:48:59.448471
c7df43e51d6782e6656767b2dbd31eef,naverchzzk,,,,,,,,914,,0,,0,,0,0,unknown,no_category_data,,2026-06-15T11:49:00.344464
8daca3f0a1eecd372cd979068fa957cc,naverchzzk,,,,,,,,1077,talk,56.2,성세천하: 여제의 탄생 Ⅱ,16.0,그림/아트,13.9,6,false,talk_primary,,2026-06-15T11:49:03.105486
ad3a1ffcd3dd77fc2825e3af1912eeb3,naverchzzk,,,,,,,,189,,0,,0,,0,0,unknown,no_category_data,,2026-06-15T11:49:05.257283
c7c288122204959ed01d6afed3bcb86e,naverchzzk,,,,,,,,25,,0,,0,,0,0,unknown,no_category_data,,2026-06-15T11:49:06.090919
680cf5e2fd782c9f1f3cfc1327dc967f,naverchzzk,,,,,,,,541,talk,88.1,PUBG: 배틀그라운드,5.4,리그 오브 레전드,2.7,9,false,talk_primary,,2026-06-15T11:49:11.295138
a9c824f57a7e4ccc00b460384c1692b2,naverchzzk,,,,,,,,901,talk,57.1,리그 오브 레전드,34.7,발로란트,3.1,5,false,talk_primary,,2026-06-15T11:49:11.863266
657d1eed3288ff28eede2add0654b27f,naverchzzk,,,,,,,,1058,마인크래프트,71.8,talk,9.5,종합 게임,6.3,8,false,single_game_or_non_game,,2026-06-15T11:49:12.345305
8928cebc3dca42d909f54c4ce27e10d5,naverchzzk,,,,,,,,162,,0,,0,,0,0,unknown,no_category_data,,2026-06-15T11:49:14.558745
f8bf7a53487da93aeb4db79100b5f70a,naverchzzk,,,,,,,,399,사이퍼즈,36.1,헬다이버즈 2,17.9,톰 클랜시의 더 디비전 2,14.5,12,true,multi_game,,2026-06-15T11:49:14.920500
b4967d12d6535c9c8c36536e191f4341,naverchzzk,,,,,,,,198,리그 오브 레전드,57.5,마인크래프트,22.2,Once Human,9.5,7,true,multi_game,,2026-06-15T11:49:15.433477
83f5faaf8cc9bffc5cada44ab860bd80,naverchzzk,,,,,,,,196,오버워치,97.2,종합 게임,1.3,먹방/쿡방,0.9,4,false,single_game_dominant,,2026-06-15T11:49:28.439223
a59de480feec710f42fdac9c18074c0b,naverchzzk,,,,,,,,626,,0,,0,,0,0,unknown,no_category_data,,2026-06-15T11:49:29.220045
5cec5716495eccaa33048162f84d7cc5,naverchzzk,,,,,,,,343,talk,83.9,이환,7.6,오버워치,6.7,6,false,talk_primary,,2026-06-15T11:49:31.445283
0fb76fb8ddafe4dd2895d29b157921ab,naverchzzk,,,,,,,,4337,메이플스토리,95.2,메이플스토리 월드,2.9,PUBG: 배틀그라운드,1.9,3,false,single_game_dominant,,2026-06-15T11:49:31.626137
b920ab1682bb81ac2f299efea6602d3a,naverchzzk,,,,,,,,310,talk,29.5,마인크래프트,27.5,그림/아트,17.1,5,false,single_game_or_non_game,,2026-06-15T11:49:33.558506
2c400067b343346a4470fe621e8bb8ec,naverchzzk,,,,,,,,555,사이퍼즈,73.2,음악/노래,17.5,talk,9.3,3,true,multi_game,,2026-06-15T11:49:34.342543
3e6226a2ac09a9896bfabd379bd6c565,naverchzzk,,,,,,,,517,,0,,0,,0,0,unknown,no_category_data,,2026-06-15T11:49:36.429255
1f80cb2226ad3a01363320fbb80556ed,naverchzzk,,,,,,,,383,디제이맥스 리스펙트 V,31.2,PUBG: 배틀그라운드,27.6,바이오하자드 레퀴엠,17.5,8,true,multi_game,,2026-06-15T11:49:38.113717
fed16392fe566cc0cd16bcae407fc3f0,naverchzzk,,,,,,,,128,다크 앤 다커,80.3,메이플스토리 월드,19.7,,0,2,false,single_game_dominant,,2026-06-15T11:49:39.685255
5b1edd3b95c1513cb502ca2cdd391670,naverchzzk,,,,,,,,4380,림버스 컴퍼니,66.0,talk,18.0,명조:워더링 웨이브,11.1,7,false,single_game_or_non_game,,2026-06-15T11:49:45.210903
d460923399880c9a3d552bcc34364970,naverchzzk,,,,,,,,210,,0,,0,,0,0,unknown,no_category_data,,2026-06-15T11:49:45.294439
527b103675bef7dba8832f9a26a3c45b,naverchzzk,,,,,,,,20,,0,,0,,0,0,unknown,no_category_data,,2026-06-15T11:49:47.358678
0b2381f6dac4afac983bb1f010b2456f,naverchzzk,,,,,,,,83,PUBG: 배틀그라운드,53.6,리그 오브 레전드,14.3,발로란트,14.3,5,false,single_game_or_non_game,,2026-06-15T11:49:48.708813
3415c51b7ef2ff82bcc19e924d29d5aa,naverchzzk,,,,,,,,272,발로란트,68.1,종합 게임,31.9,,0,2,true,multi_game,,2026-06-15T11:49:49.100420
6af98637fc3115f10261a0d5ecb7a5e0,naverchzzk,,,,,,,,346,파이널판타지14,93.6,팰월드,4.8,데드 애즈 디스코,1.6,3,false,single_game_dominant,,2026-06-15T11:49:51.141945
99cf6343319d6b8851a63bf0aad9dd5d,naverchzzk,,,,,,,,275,,0,,0,,0,0,unknown,no_category_data,,2026-06-15T11:49:53.262058
99348bc6deca3a916ab9d81af029c769,naverchzzk,,,,,,,,413,오버워치,93.2,talk,6.8,,0,2,false,single_game_dominant,,2026-06-15T11:49:53.268731
adf3afbb2323c9bbf5fcbe07ce28c253,naverchzzk,,,,,,,,155,,0,,0,,0,0,unknown,no_category_data,,2026-06-15T11:49:54.754712
0efeeb8bad3adbc27ca81e848b1e3ea3,naverchzzk,,,,,,,,376,,0,,0,,0,0,unknown,no_category_data,,2026-06-15T11:49:56.827235
3f9b63757dee26b2458200ddfc2df816,naverchzzk,,,,,,,,218,먹방/쿡방,100.0,,0,,0,1,false,single_game_dominant,,2026-06-15T11:49:58.892692
627069f4be70477d068791adf73d8f69,naverchzzk,,,,,,,,753,아이온2,98.3,오버워치,1.7,,0,2,false,single_game_dominant,,2026-06-15T11:49:59.028451
7f9d276869c011438212d81019690b40,naverchzzk,,,,,,,,105,,0,,0,,0,0,unknown,no_category_data,,2026-06-15T11:50:04.138736
6880fbf3e42e785ca37959ffad7fdf54,naverchzzk,,,,,,,,359,talk,64.9,스타듀 밸리,12.3,종합 게임,8.9,8,false,talk_primary,,2026-06-15T11:50:12.395027
9bbead1c59cd68ca53353d3b458a5ca2,naverchzzk,,,,,,,,150,,0,,0,,0,0,unknown,no_category_data,,2026-06-15T11:50:12.645352
d68facbe4e875ed6d045ae40bdf80338,naverchzzk,,,,,,,,678,음악/노래,72.3,talk,19.6,크레이지 아케이드 비엔비,5.4,4,false,single_game_or_non_game,,2026-06-15T11:50:15.342259
204078d118b1d44096a8ff098a39f077,naverchzzk,,,,,,,,103,오버워치,88.4,talk,5.8,호그와트 레거시,4.3,4,false,single_game_dominant,,2026-06-15T11:50:16.269549
a90a7d59621ff7e3e7bc542bea063ee3,naverchzzk,,,,,,,,361,,0,,0,,0,0,unknown,no_category_data,,2026-06-15T11:50:16.961041
dfa42354d8a3be2a1a473fd670834fe1,naverchzzk,,,,,,,,809,오버워치,53.8,리그 오브 레전드,23.1,talk,23.1,3,true,multi_game,,2026-06-15T11:50:17.221851
f39ed805e5ca5d74f404e3fae60aa0f0,naverchzzk,,,,,,,,155,,0,,0,,0,0,unknown,no_category_data,,2026-06-15T11:50:20.583814
783f8f6a0266784015b9038331dc9706,naverchzzk,,,,,,,,351,PUBG: 배틀그라운드,50.7,아이온2,16.4,레드 데드 리뎀션 2,12.3,8,true,multi_game,,2026-06-15T11:50:21.633370
47384b0a966010c98a3a2f01ebd54dce,naverchzzk,,,,,,,,257,,0,,0,,0,0,unknown,no_category_data,,2026-06-15T11:50:23.058578
ca2365d3b2260e4ea7d9a76ccaf1cb78,naverchzzk,,,,,,,,518,팰월드,42.9,음악/노래,39.9,talk,11.5,5,true,multi_game,,2026-06-15T11:50:26.868680
a9614a5e8a7f0d15353ef7951f576384,naverchzzk,,,,,,,,1371,메이플스토리 월드,62.6,PUBG: 배틀그라운드,18.9,피크,3.5,12,true,multi_game,,2026-06-15T11:50:28.120662
a60888303821eb67872b07fcce22e48f,naverchzzk,,,,,,,,495,talk,37.4,발로란트,16.1,마인크래프트,13.3,11,false,single_game_or_non_game,,2026-06-15T11:50:28.567645
4fb458627d41a6e234bf8b4f9aa29fee,naverchzzk,,,,,,,,242,,0,,0,,0,0,unknown,no_category_data,,2026-06-15T11:50:28.764189
3693554bbcb45295c0fe99c05308048b,naverchzzk,,,,,,,,309,,0,,0,,0,0,unknown,no_category_data,,2026-06-15T11:50:29.389253
24676d7c730c8e4279b0204abe8249cd,naverchzzk,,,,,,,,229,,0,,0,,0,0,unknown,no_category_data,,2026-06-15T11:50:30.469294
56ae795a976fe6c591223ac3b485a330,naverchzzk,,,,,,,,361,,0,,0,,0,0,unknown,no_category_data,,2026-06-15T11:50:34.373429
87fbc027f06343c451f5fcb2721d7996,naverchzzk,,,,,,,,943,,0,,0,,0,0,unknown,no_category_data,,2026-06-15T11:50:38.423461
f67d6183bed4159cd810662efcee913a,naverchzzk,,,,,,,,304,작혼: 리치 마작,99.8,서브노티카 2,0.2,,0,2,false,single_game_dominant,,2026-06-15T11:50:39.918887
412743581928a51e5ba031dfdb9ca31f,naverchzzk,,,,,,,,133,,0,,0,,0,0,unknown,no_category_data,,2026-06-15T11:50:40.025212
85e304d8f40a802dc313c80205b226b6,naverchzzk,,,,,,,,254,,0,,0,,0,0,unknown,no_category_data,,2026-06-15T11:50:40.152493
79f9e243ae642bffacf38bf1e7d5e1fd,naverchzzk,,,,,,,,212,활협전,36.9,talk,25.7,D1AL-ogue,8.7,12,false,single_game_or_non_game,,2026-06-15T11:50:40.681117
86683a9f0710884247f03846c0f343cc,naverchzzk,,,,,,,,134,talk,60.8,파티 애니멀즈,19.4,그림자 복도,5.0,11,false,talk_primary,,2026-06-15T11:50:42.694526
82ae621a3e7044025db1204df22a2a53,naverchzzk,,,,,,,,86,,0,,0,,0,0,unknown,no_category_data,,2026-06-15T11:50:45.834480
83ac85556198c5c49d7f2444691c19a6,naverchzzk,,,,,,,,316,,0,,0,,0,0,unknown,no_category_data,,2026-06-15T11:50:49.430493
a3a81d1d1e1c0c3b063a44952bb23f30,naverchzzk,,,,,,,,881,ASMR,43.5,talk,36.9,그림/아트,16.7,4,false,single_game_or_non_game,,2026-06-15T11:50:49.514395
75d6eb0014597623f6047ad2494d68ee,naverchzzk,,,,,,,,523,이용약관에 동의하고 싶어,77.8,talk,22.2,,0,2,false,single_game_or_non_game,,2026-06-15T11:50:49.951231
20f1805ec778a1d68a5ff47d2d6c4a95,naverchzzk,,,,,,,,317,,0,,0,,0,0,unknown,no_category_data,,2026-06-15T11:50:50.122170
ae44ff1618bd2da5e99ebada3fe919f9,naverchzzk,,,,,,,,658,PUBG: 배틀그라운드,34.1,데드 바이 데이라이트,29.3,talk,15.3,8,true,multi_game,,2026-06-15T11:50:51.725158
e2f583d28e1a25889dce4dcec85ded72,naverchzzk,,,,,,,,1103,발로란트,87.0,talk,13.0,,0,2,false,single_game_dominant,,2026-06-15T11:50:54.435066
c4f8978f10ac4dca364d555551054682,naverchzzk,,,,,,,,140,,0,,0,,0,0,unknown,no_category_data,,2026-06-15T11:50:58.614219
02f34d39af36a065f331645d8c29636a,naverchzzk,,,,,,,,11,,0,,0,,0,0,unknown,no_category_data,,2026-06-15T11:50:59.005888
8d7c970c50889f351e1ce3a8e6dbe93d,naverchzzk,,,,,,,,62,종합 게임,59.6,이나즈마 일레븐: 빅토리 로드,34.9,슬레이 더 스파이어 2,5.5,3,true,gg_primary,,2026-06-15T11:50:59.453237
e96976f73300a8b4e1c60d3dc2754006,naverchzzk,,,,,,,,943,리그 오브 레전드,67.7,마비노기 모바일,18.5,서브노티카 2,9.9,5,true,multi_game,,2026-06-15T11:51:01.396461
4b92feaa17b39739653158cec93db767,naverchzzk,,,,,,,,222,talk,48.4,PUBG: 배틀그라운드,39.3,리그 오브 레전드,6.1,6,false,single_game_or_non_game,,2026-06-15T11:51:02.579093
08d0896a9b909fb82287a0d4ee730827,naverchzzk,,,,,,,,788,talk,100.0,,0,,0,1,false,talk_primary,,2026-06-15T11:51:03.014186
546a7aa809d7569c7e0342b1aa709cdb,naverchzzk,,,,,,,,278,,0,,0,,0,0,unknown,no_category_data,,2026-06-15T11:51:09.885026
fb13bbe18362272a81f5a036675e1f70,naverchzzk,,,,,,,,82,,0,,0,,0,0,unknown,no_category_data,,2026-06-15T11:51:12.141303
c009d7d1c0579bf8fdfdf8e84e1fb55b,naverchzzk,,,,,,,,112,,0,,0,,0,0,unknown,no_category_data,,2026-06-15T11:51:12.505105
34f29a9c33f3e876e833d978b785390a,naverchzzk,,,,,,,,177,서든어택,99.2,PUBG: 배틀그라운드,0.8,talk,0.0,3,false,single_game_dominant,,2026-06-15T11:51:13.000692
de831cf76fb5131f284c85fbf0e633ba,naverchzzk,,,,,,,,175,,0,,0,,0,0,unknown,no_category_data,,2026-06-15T11:51:13.066130
1295f0e76d2090192a32ef5b45466315,naverchzzk,,,,,,,,2020,talk,42.7,리틀 나이트메어 VR: 왜곡된 메아리,13.6,음악/노래,9.7,10,false,single_game_or_non_game,,2026-06-15T11:51:13.127272
0af90e88756cb3c60e505f9731d151bc,naverchzzk,,,,,,,,232,로보토미 코퍼레이션,49.1,talk,18.0,레이튼 교수와 이상한 마을 HD,15.0,8,true,multi_game,,2026-06-15T11:51:18.354853
d20946e7c0c08fa8c31392762383c955,naverchzzk,,,,,,,,1387,,0,,0,,0,0,unknown,no_category_data,,2026-06-15T11:51:25.331084
d0e2023eddd252ad65ed6cbcc58f4ddc,naverchzzk,,,,,,,,94,,0,,0,,0,0,unknown,no_category_data,,2026-06-15T11:51:25.395463
573aba785831e27446c5d765ced4de7b,naverchzzk,,,,,,,,3209,talk,83.9,슬레이 더 스파이어 2,10.1,음악/노래,5.0,4,false,talk_primary,,2026-06-15T11:51:26.710879
9d6de0a964e060e0d5b41ca3f564e486,naverchzzk,,,,,,,,591,talk,29.2,씨 오브 시브즈,22.3,R.E.P.O.,18.3,8,true,multi_game,,2026-06-15T11:51:27.100469
1339955e56603a317eca38fa2b248ed6,naverchzzk,,,,,,,,475,팰월드,18.3,마인크래프트,17.5,승리의 여신: 니케,15.6,13,true,multi_game,,2026-06-15T11:51:28.081830
321e636891d7142669250534b184413c,naverchzzk,,,,,,,,332,오버워치,44.5,로스트아크,40.8,talk,10.4,4,true,multi_game,,2026-06-15T11:51:29.113521
fdab094ce6ea05e04028a4f36b7f3d3c,naverchzzk,,,,,,,,541,,0,,0,,0,0,unknown,no_category_data,,2026-06-15T11:51:34.582089
23f94dbd242a71a629f3ca503aef5156,naverchzzk,,,,,,,,472,리그 오브 레전드,48.6,talk,44.3,음악/노래,4.3,5,false,single_game_or_non_game,,2026-06-15T11:51:35.985101
24a3d04450ff23586d838cc698eda95c,naverchzzk,,,,,,,,242,컴퍼니 오브 히어로즈 3,100.0,,0,,0,1,false,single_game_dominant,,2026-06-15T11:51:38.446885
0e7389f827f942593def9fe946f6a5cb,naverchzzk,,,,,,,,306,,0,,0,,0,0,unknown,no_category_data,,2026-06-15T11:51:39.155469
fd06eb373a4ed7d6721d20b43f872895,naverchzzk,,,,,,,,305,,0,,0,,0,0,unknown,no_category_data,,2026-06-15T11:51:39.427150
f0ee34c9523bac116c71f92558da644c,naverchzzk,,,,,,,,195,talk,48.2,그림/아트,8.2,이스케이프 프롬 타르코프,6.9,19,false,single_game_or_non_game,,2026-06-15T11:51:40.420605
ec9740d802ac8cc0c0f73dc1f341882f,naverchzzk,,,,,,,,21,,0,,0,,0,0,unknown,no_category_data,,2026-06-15T11:51:42.134503
d6eb4db6c5fe636028817ed17ce36c28,naverchzzk,,,,,,,,829,,0,,0,,0,0,unknown,no_category_data,,2026-06-15T11:51:43.516285
e4468668a2f57082c8b8193e2013c5f7,naverchzzk,,,,,,,,211,,0,,0,,0,0,unknown,no_category_data,,2026-06-15T11:51:46.894480
1f901e3ba1f924f3a1e5e20630cf5195,naverchzzk,,,,,,,,305,,0,,0,,0,0,unknown,no_category_data,,2026-06-15T11:51:48.877813
118fa24a7d0e6b3e5b10ea104cc07c6b,naverchzzk,,,,,,,,112,,0,,0,,0,0,unknown,no_category_data,,2026-06-15T11:51:49.637670
58cd460b1e43a1f42871ab41efad6a97,naverchzzk,,,,,,,,69,리그 오브 레전드,76.0,홍콩실록,9.6,종합 게임,7.4,8,false,single_game_or_non_game,,2026-06-15T11:51:51.374545
fedf75f8ff0c4d206fab096f85f8f8b9,naverchzzk,,,,,,,,360,talk,100.0,,0,,0,1,false,talk_primary,,2026-06-15T11:51:53.037811
5fe7426bf2036587ba8bb904b30d976e,naverchzzk,,,,,,,,450,FC온라인,42.9,발로란트,26.5,파라노이아 플레이스,10.2,8,true,multi_game,,2026-06-15T11:51:53.520010
1e9f8dadd92474ce07faa836492880b7,naverchzzk,,,,,,,,208,림버스 컴퍼니,64.6,talk,19.1,할로우 나이트: 실크송,15.9,5,true,multi_game,,2026-06-15T11:51:56.641173
86d36755c6d203c83a73147fb7b6b9d8,naverchzzk,,,,,,,,146,,0,,0,,0,0,unknown,no_category_data,,2026-06-15T11:51:56.862028
acbdf61e7c0b45219e9d2a97e451ce77,naverchzzk,,,,,,,,830,유희왕 마스터 듀얼,68.0,몬스터헌터 스토리즈 3 엇갈린 운명,13.9,오버워치,10.7,6,false,single_game_or_non_game,,2026-06-15T11:52:00.600594
efa0ac42ebc7bf0327ab3507e4b43bfe,naverchzzk,,,,,,,,1329,그림/아트,95.2,스플래툰 3,4.8,,0,2,false,single_game_dominant,,2026-06-15T11:52:06.603789
54e2c51b2a3a6434ba125c05376bc168,naverchzzk,,,,,,,,289,,0,,0,,0,0,unknown,no_category_data,,2026-06-15T11:52:07.768439
421eaf9acfbac70cfcb6b843b193847b,naverchzzk,,,,,,,,813,,0,,0,,0,0,unknown,no_category_data,,2026-06-15T11:52:08.074251
9b68259cf4bd6f6357a26d3d1d85b6ad,naverchzzk,,,,,,,,309,로블록스,53.7,철권 8,14.7,고전 게임,12.4,7,false,single_game_or_non_game,,2026-06-15T11:52:08.485059
7af16662de7b2045c31dd71829932aeb,naverchzzk,,,,,,,,1042,원신,52.2,명조:워더링 웨이브,24.9,리그 오브 레전드,22.9,3,true,multi_game,,2026-06-15T11:52:08.715534
04c4893e0b05fc1c77d12f4d35a8eb62,naverchzzk,,,,,,,,73,,0,,0,,0,0,unknown,no_category_data,,2026-06-15T11:52:09.105380
efefbe18775dee29e52483fdcc9b830c,naverchzzk,,,,,,,,76,,0,,0,,0,0,unknown,no_category_data,,2026-06-15T11:52:14.083022
a7f4edda93a8c15d4d104744bf55eafa,naverchzzk,,,,,,,,245,talk,73.0,오구와 비밀의 숲,13.7,음악/노래,7.8,4,false,talk_primary,,2026-06-15T11:52:20.329068
d2ffb3983cc86f5579751c651746bce6,naverchzzk,,,,,,,,138,talk,77.0,데드 바이 데이라이트,13.9,음악/노래,5.2,4,false,talk_primary,,2026-06-15T11:52:24.847161
2745955e38c737ddad72c2faa4803069,naverchzzk,,,,,,,,1285,talk,22.8,젤다의 전설 티어스 오브 더 킹덤,17.5,프로젝트 좀보이드,15.7,21,true,multi_game,,2026-06-15T11:52:26.945256
04bb1b6a0aba1fde69fd593a5a690a61,naverchzzk,,,,,,,,411,,0,,0,,0,0,unknown,no_category_data,,2026-06-15T11:52:27.005584
3cb1ce2e812a603397878cee769c8a88,naverchzzk,,,,,,,,357,talk,77.8,리그 오브 레전드,13.8,음악/노래,4.3,4,false,talk_primary,,2026-06-15T11:52:27.058009
15333ee57e597d59e4b69d93a6465fe8,naverchzzk,,,,,,,,219,리그 오브 레전드,90.8,talk,5.6,마법 주문 팀,1.8,5,false,single_game_dominant,,2026-06-15T11:52:27.574297
ca35668c3ce18455744736a816d3b45f,naverchzzk,,,,,,,,251,사이하테역,50.0,talk,50.0,,0,2,false,single_game_or_non_game,,2026-06-15T11:52:29.388077
aaf361e80ab610a624b8fe1376dd20c9,naverchzzk,,,,,,,,1231,talk,64.4,마인크래프트,17.7,언틸 던,8.6,6,false,talk_primary,,2026-06-15T11:52:33.521402
21dacf270c4fa1545ea94af351dfdeed,naverchzzk,,,,,,,,1570,talk,100.0,,0,,0,1,false,talk_primary,,2026-06-15T11:52:37.025151
ffe3786761abba5097bb1425aa8cdea7,naverchzzk,,,,,,,,217,,0,,0,,0,0,unknown,no_category_data,,2026-06-15T11:52:37.667849
661ac0e5f4294553e39009201d616d57,naverchzzk,,,,,,,,1487,디아블로 4: 증오의 군주,88.0,PUBG: 배틀그라운드,9.3,오버워치,2.6,3,false,single_game_dominant,,2026-06-15T11:52:37.674454
e9a15d88e4649ba1ad511cee94bdce5f,naverchzzk,,,,,,,,251,,0,,0,,0,0,unknown,no_category_data,,2026-06-15T11:52:38.045899
6077257fa41b8d34ddf4e012cadb4fca,naverchzzk,,,,,,,,1241,로스트아크,83.9,엘든 링,6.0,스타듀 밸리,5.0,5,false,single_game_dominant,,2026-06-15T11:52:38.240179
09d30db9ab0cb481db525948d4bfd9eb,naverchzzk,,,,,,,,537,카트라이더,63.6,테트리스,14.5,마인크래프트,6.5,13,false,single_game_or_non_game,,2026-06-15T11:52:42.026985
2fae063f165d1beaed1d617697d38c80,naverchzzk,,,,,,,,3062,,0,,0,,0,0,unknown,no_category_data,,2026-06-15T11:52:46.064224
3e2a0f89c984ed3931ddce15961cdbf2,naverchzzk,,,,,,,,368,,0,,0,,0,0,unknown,no_category_data,,2026-06-15T11:52:47.358413
45877bbb2257f1a221710cf32863107f,naverchzzk,,,,,,,,643,,0,,0,,0,0,unknown,no_category_data,,2026-06-15T11:52:47.666739
9c3e2837255a81beb1e6ed7d6bef5109,naverchzzk,,,,,,,,671,,0,,0,,0,0,unknown,no_category_data,,2026-06-15T11:52:48.006165
6bf7f4c14ad9456cd48dcc52ce2c7711,naverchzzk,,,,,,,,365,포르자 호라이즌 6,66.1,talk,31.7,더 롱 다크,2.2,3,false,single_game_or_non_game,,2026-06-15T11:52:49.061228
d7d8cc0c4fa9b5a13040b70622e28745,naverchzzk,,,,,,,,504,에이펙스 레전드,92.2,리그 오브 레전드,7.8,,0,2,false,single_game_dominant,,2026-06-15T11:52:49.709095
6ecff2aeef41747d31371dcfc60b49f5,naverchzzk,,,,,,,,338,,0,,0,,0,0,unknown,no_category_data,,2026-06-15T11:52:53.889174
c8f6da26db4c4d37ad029499649ebb66,naverchzzk,,,,,,,,33,,0,,0,,0,0,unknown,no_category_data,,2026-06-15T11:52:57.185150
6ce1c36ca697aedb0a7f3a79ab6e23a3,naverchzzk,,,,,,,,202,발로란트,62.5,음악/노래,25.0,talk,12.5,4,true,multi_game,,2026-06-15T11:53:01.235340
f1a74a9f634e5f1a3f37be39b572fa81,naverchzzk,,,,,,,,149,talk,90.3,음악/노래,9.7,,0,2,false,talk_primary,,2026-06-15T11:53:02.650301
93fb59d1c76e14b736372a69b5d42fce,naverchzzk,,,,,,,,765,talk,97.0,스크릿치 스크래치,3.0,,0,2,false,talk_primary,,2026-06-15T11:53:03.061020
2aaf43243684c55bd14d93a2ca840d83,naverchzzk,,,,,,,,900,철권 8,24.2,콜 오브 듀티: 블랙 옵스 7,21.9,이터널 리턴,13.2,14,true,multi_game,,2026-06-15T11:53:03.545916
41844f9082227f488887d7519d15c4f5,naverchzzk,,,,,,,,99,,0,,0,,0,0,unknown,no_category_data,,2026-06-15T11:53:05.591807
59a64f28a0564f0a8137d3fb7363bb7b,naverchzzk,,,,,,,,514,그림/아트,76.1,talk,5.9,다크우드,5.8,7,false,single_game_or_non_game,,2026-06-15T11:53:06.986969
a983cb143857c78943617b08ac58f46f,naverchzzk,,,,,,,,1305,,0,,0,,0,0,unknown,no_category_data,,2026-06-15T11:53:11.425413
d555f3608159a4469df2fc809a4785aa,naverchzzk,,,,,,,,267,,0,,0,,0,0,unknown,no_category_data,,2026-06-15T11:53:13.768625
209a6bd6d3bbaddc6e53b95b77255a2c,naverchzzk,,,,,,,,183,메이플스토리 월드,100.0,,0,,0,1,false,single_game_dominant,,2026-06-15T11:53:14.176689
0fd58f4603232de9af0654ce64867b12,naverchzzk,,,,,,,,706,talk,52.9,할로우 나이트,9.6,음악/노래,8.5,12,false,talk_primary,,2026-06-15T11:53:15.845454
6b4d9bf8f52b6d70725b5c52be3da224,naverchzzk,,,,,,,,299,PUBG: 배틀그라운드,44.1,세븐나이츠 리버스,37.2,요트 다이스,4.7,11,true,multi_game,,2026-06-15T11:53:17.874908
8c78750fd1445ec57a4cf6bdff5a4d5f,naverchzzk,,,,,,,,186,슬레이 더 스파이어 2,21.3,딩컴,19.7,이스케이프 프롬 타르코프,14.3,13,true,multi_game,,2026-06-15T11:53:18.859740
b1f61899a80d70253318aedb6a13e254,naverchzzk,,,,,,,,235,발로란트,23.0,리썰 컴퍼니,20.8,talk,15.4,21,true,multi_game,,2026-06-15T11:53:21.540956
89c0ddc7ccb1006ad2d04e5f4d5fbe30,naverchzzk,,,,,,,,604,talk,79.6,리그 오브 레전드,7.9,종합 게임,6.5,5,false,talk_primary,,2026-06-15T11:53:28.524650
dd346a97046d3b163e8ba8db3942faf3,naverchzzk,,,,,,,,699,,0,,0,,0,0,unknown,no_category_data,,2026-06-15T11:53:29.895419
e1c8b7808bcc622790a7360ec6a27233,naverchzzk,,,,,,,,371,talk,100.0,,0,,0,1,false,talk_primary,,2026-06-15T11:53:30.017674
c05623d043d62cac94901d4488cdc392,naverchzzk,,,,,,,,646,철권 8,54.9,스타크래프트 : 리마스터,9.7,VR챗,6.3,16,false,single_game_or_non_game,,2026-06-15T11:53:31.750210
b1324f4693273cca37e6c1ac4998ba2d,naverchzzk,,,,,,,,542,PUBG: 배틀그라운드,75.3,마인크래프트,10.0,talk,4.8,9,false,single_game_or_non_game,,2026-06-15T11:53:32.974924
69abc7b6e12864221fa022578aa56f0b,naverchzzk,,,,,,,,189,림버스 컴퍼니,85.3,talk,14.7,,0,2,false,single_game_dominant,,2026-06-15T11:53:33.584534
1cbe5ab766be98b67020eaef5b5bf0bd,naverchzzk,,,,,,,,2737,talk,53.0,리그 오브 레전드,47.0,,0,2,false,talk_primary,,2026-06-15T11:53:36.871891
4097c95f6e299767200f1802a87f5aaf,naverchzzk,,,,,,,,766,,0,,0,,0,0,unknown,no_category_data,,2026-06-15T11:53:41.461024
21e45f2d67f33b783e58a0823ac43d2b,naverchzzk,,,,,,,,2578,음악/노래,48.6,talk,45.4,명조:워더링 웨이브,6.0,3,false,single_game_or_non_game,,2026-06-15T11:53:43.200117
5e960a0db612b1d2772d5d0565295fa6,naverchzzk,,,,,,,,3055,,0,,0,,0,0,unknown,no_category_data,,2026-06-15T11:53:44.996126
75931122ee7cb9781f6c6eba0b627284,naverchzzk,,,,,,,,275,,0,,0,,0,0,unknown,no_category_data,,2026-06-15T11:53:45.160614
79ee4a628159b25d8ae6488c3eaa05d5,naverchzzk,,,,,,,,303,talk,100.0,,0,,0,1,false,talk_primary,,2026-06-15T11:53:46.937428
1b630dc66dbcc23d061eb9273a42d6eb,naverchzzk,,,,,,,,698,,0,,0,,0,0,unknown,no_category_data,,2026-06-15T11:53:47.034320
9e474bc57d9673c3783179c334ebdfc7,naverchzzk,,,,,,,,457,마인크래프트,46.0,데드 바이 데이라이트,28.0,백룸컴퍼니,12.0,7,true,multi_game,,2026-06-15T11:53:49.940106
b2424e4057fa659ae98064c270ffbaff,naverchzzk,,,,,,,,214,포켓몬스터 리프그린,80.0,디제이맥스 리스펙트 V,20.0,,0,2,false,single_game_dominant,,2026-06-15T11:53:53.005443
9e4fa37d8eb76732def63597d41322a6,naverchzzk,,,,,,,,23,,0,,0,,0,0,unknown,no_category_data,,2026-06-15T11:53:54.205840
b071a62a336498cbcc1174b958636863,naverchzzk,,,,,,,,401,메이플스토리,93.2,두근두근타운,3.2,PUBG: 배틀그라운드,2.5,4,false,single_game_dominant,,2026-06-15T11:53:55.271062
3c9f6946bfbbc0d56f1cc43771de4dd4,naverchzzk,,,,,,,,117,,0,,0,,0,0,unknown,no_category_data,,2026-06-15T11:53:55.910328
1049889e99363289c36a453601055d6e,naverchzzk,,,,,,,,206,오버워치,100.0,,0,,0,1,false,single_game_dominant,,2026-06-15T11:53:56.601041
ea852f54a083225ae86ec5df85bdceb5,naverchzzk,,,,,,,,1307,talk,82.3,파피 플레이타임,6.7,더 게임 오브 시시포스,6.5,5,false,talk_primary,,2026-06-15T11:53:57.643564
645ee12d3d23a825bcccc6aaafbb0e2c,naverchzzk,,,,,,,,135,서브노티카,40.8,오버워치,34.9,인디아나 존스: 그레이트 서클,11.6,6,true,multi_game,,2026-06-15T11:54:01.913373
8785572fd5ce4fefa69902f790173efa,naverchzzk,,,,,,,,897,,0,,0,,0,0,unknown,no_category_data,,2026-06-15T11:54:03.055191
47978409ecc52c57efb14c8eca37d59a,naverchzzk,,,,,,,,1528,,0,,0,,0,0,unknown,no_category_data,,2026-06-15T11:54:06.617652
30f586c94e2ae2aead1ba263e8fced7e,naverchzzk,,,,,,,,405,,0,,0,,0,0,unknown,no_category_data,,2026-06-15T11:54:07.819321
17b5a508853b47334cd18132bfb58541,naverchzzk,,,,,,,,1587,명조:워더링 웨이브,53.7,이환,41.0,명일방주: 엔드필드,5.3,3,true,multi_game,,2026-06-15T11:54:10.510688
291b98d4a26536116f5117b943dac524,naverchzzk,,,,,,,,1971,고전 게임,70.2,talk,23.5,포르자 호라이즌 6,2.2,9,false,single_game_or_non_game,,2026-06-15T11:54:13.570375
191fcad240733759b6ca6d81e8126543,naverchzzk,,,,,,,,378,talk,95.5,음악/노래,4.5,,0,2,false,talk_primary,,2026-06-15T11:54:17.205360
1b7263344f2fb5f0713832e670fb9c39,naverchzzk,,,,,,,,1515,talk,92.0,마인크래프트,4.8,PUBG: 배틀그라운드,1.6,5,false,talk_primary,,2026-06-15T11:54:17.867766
b70e341f4614e90b6c2ac016c1421464,naverchzzk,,,,,,,,672,,0,,0,,0,0,unknown,no_category_data,,2026-06-15T11:54:18.229553
f3c427f5b1720c01f7bf59932bbf7f2c,naverchzzk,,,,,,,,289,,0,,0,,0,0,unknown,no_category_data,,2026-06-15T11:54:18.935230
e68fb8216c6eaefb08a34a74cb9c077e,naverchzzk,,,,,,,,701,PUBG: 배틀그라운드,100.0,,0,,0,1,false,single_game_dominant,,2026-06-15T11:54:19.019561
1c8fb6b6a1182f381d7858986f691889,naverchzzk,,,,,,,,101,,0,,0,,0,0,unknown,no_category_data,,2026-06-15T11:54:21.841975
1cd5b7d1fe6ccc7b14d468924d906f66,naverchzzk,,,,,,,,435,,0,,0,,0,0,unknown,no_category_data,,2026-06-15T11:54:28.989320
5f6e4bd65deb65480d8c1a546c0540d8,naverchzzk,,,,,,,,53,전략적 팀 전투 : 우주의 신들,69.1,이터널 리턴,30.9,,0,2,true,multi_game,,2026-06-15T11:54:34.976409
298f1b7feaa6200cc68f6b1c92135a11,naverchzzk,,,,,,,,422,,0,,0,,0,0,unknown,no_category_data,,2026-06-15T11:54:36.403386
90de4145b774ee7c87d24f9a2266d798,naverchzzk,,,,,,,,1151,메이플스토리,91.0,종합 게임,5.4,리그 오브 레전드,3.5,3,false,single_game_dominant,,2026-06-15T11:54:42.405852
92f8615d98e95369324b5faf916c7112,naverchzzk,,,,,,,,457,메이플스토리,100.0,,0,,0,1,false,single_game_dominant,,2026-06-15T11:54:42.654575
2d0ccb4a841816d7f1741e2d4cc09f14,naverchzzk,,,,,,,,179,PUBG: 배틀그라운드,97.1,오버워치,2.9,,0,2,false,single_game_dominant,,2026-06-15T11:54:47.662920
543e181735c117996fc2ca2f25ce8d14,naverchzzk,,,,,,,,223,콘트라밴드 폴리스,100.0,,0,,0,1,false,single_game_dominant,,2026-06-15T11:54:50.875201
364fa8be40b167c052d07d2291defec9,naverchzzk,,,,,,,,114,발로란트,100.0,talk,0.0,,0,2,false,single_game_dominant,,2026-06-15T11:54:55.572469
20ffd839acda48b15bcd3ba3eed20ceb,naverchzzk,,,,,,,,2526,,0,,0,,0,0,unknown,no_category_data,,2026-06-15T11:54:56.054233
85d83a29ee93bd88c4f20dd0a6d915e2,naverchzzk,,,,,,,,665,리그 오브 레전드,56.5,이환,15.9,붕괴: 스타레일,15.5,6,true,multi_game,,2026-06-15T11:54:58.305352
38dd65ca5b8cba41a7b7eb39d2f40b33,naverchzzk,,,,,,,,506,그림/아트,100.0,,0,,0,1,false,single_game_dominant,,2026-06-15T11:54:58.574829
07a52d358ce21ebee1b026eb3f3bbdfe,naverchzzk,,,,,,,,127,,0,,0,,0,0,unknown,no_category_data,,2026-06-15T11:54:59.885000
502c46491510040e45e93d55804ecc46,naverchzzk,,,,,,,,1429,talk,100.0,,0,,0,1,false,talk_primary,,2026-06-15T11:55:01.545481
95b2e03ac72a98aa37aa59a06bbe925a,naverchzzk,,,,,,,,108,,0,,0,,0,0,unknown,no_category_data,,2026-06-15T11:55:04.814323
b6e075c334958e00d069c799cbd5cc87,naverchzzk,,,,,,,,1707,,0,,0,,0,0,unknown,no_category_data,,2026-06-15T11:55:06.111489
0de56206fc9b68c3c744489efb1e171a,naverchzzk,,,,,,,,161,talk,48.1,PUBG: 배틀그라운드,13.2,산소미포함,8.1,15,false,single_game_or_non_game,,2026-06-15T11:55:06.514391
e178033423d5557fc2bec2044eeb5264,naverchzzk,,,,,,,,439,,0,,0,,0,0,unknown,no_category_data,,2026-06-15T11:55:06.857621
a433da6541a6dcbb82dc374509f77f10,naverchzzk,,,,,,,,241,리그 오브 레전드,68.6,PUBG: 배틀그라운드,18.3,007 퍼스트 라이트,9.2,4,true,multi_game,,2026-06-15T11:55:07.725705
86205b39465d62c73d9320a5a2056ed8,naverchzzk,,,,,,,,383,음악/노래,75.0,talk,25.0,,0,2,false,single_game_or_non_game,,2026-06-15T11:55:10.784437
33acc575f515150fceaef1fa4524114b,naverchzzk,,,,,,,,360,발로란트,52.2,talk,27.9,종합 게임,11.1,4,false,single_game_or_non_game,,2026-06-15T11:55:15.516155
856e8ec7276496cbab7f29b3bead05cb,naverchzzk,,,,,,,,643,,0,,0,,0,0,unknown,no_category_data,,2026-06-15T11:55:17.663377
e077066171ef440e4193c29f2fd9ac14,naverchzzk,,,,,,,,343,발로란트,30.4,talk,30.4,두근두근타운,21.7,4,true,multi_game,,2026-06-15T11:55:17.815005
3c124403d62ce79729d79c9bb4fa1c98,naverchzzk,,,,,,,,581,talk,73.9,ASMR,10.2,리그 오브 레전드,7.0,7,false,talk_primary,,2026-06-15T11:55:19.274063
851df05f9af9b1dea331875983d6b33f,naverchzzk,,,,,,,,458,talk,66.7,페르소나 5 더 로열,26.7,음악/노래,5.5,4,false,talk_primary,,2026-06-15T11:55:19.901532
4acb9cf1138b4ad5a17699570f747eff,naverchzzk,,,,,,,,411,야구,75.7,명일방주: 엔드필드,12.5,붕괴: 스타레일,4.7,7,false,single_game_or_non_game,,2026-06-15T11:55:20.160973
8a531e3bfcb0837d7e84b76055509553,naverchzzk,,,,,,,,114,,0,,0,,0,0,unknown,no_category_data,,2026-06-15T11:55:29.633460
c296bd19b3543707c7337b528a4efc2d,naverchzzk,,,,,,,,441,메이플스토리,70.2,그림/아트,10.6,talk,5.0,10,false,single_game_or_non_game,,2026-06-15T11:55:30.399526
43b7e7f08df9bc2b52296139b6d98750,naverchzzk,,,,,,,,92,,0,,0,,0,0,unknown,no_category_data,,2026-06-15T11:55:31.205248
08c2a53b08150b597e5012e8babe082b,naverchzzk,,,,,,,,838,로스트아크,100.0,,0,,0,1,false,single_game_dominant,,2026-06-15T11:55:31.921560
f0601ae72a823eecf15d6b294fa40782,naverchzzk,,,,,,,,1025,발로란트,28.6,오버워치,28.1,마인크래프트,16.9,10,true,multi_game,,2026-06-15T11:55:33.380972
46d292a9e00b9fd308d18f9b22d4b6d9,naverchzzk,,,,,,,,1363,talk,52.1,이터널 리턴,19.4,PUBG: 배틀그라운드,5.9,14,false,talk_primary,,2026-06-15T11:55:33.405983
edddbd1a74cd85468be19003766f2e7f,naverchzzk,,,,,,,,82,,0,,0,,0,0,unknown,no_category_data,,2026-06-15T11:55:38.411110
ee4ccf5cbb8c1a1092c4ac260fc9805f,naverchzzk,,,,,,,,693,,0,,0,,0,0,unknown,no_category_data,,2026-06-15T11:55:38.869396
e51029d71357bc5c651a417beefe1ec7,naverchzzk,,,,,,,,280,,0,,0,,0,0,unknown,no_category_data,,2026-06-15T11:55:40.472187
95a4aec854f1dac8ce92e77cf192eaa2,naverchzzk,,,,,,,,28,,0,,0,,0,0,unknown,no_category_data,,2026-06-15T11:55:42.557747
807c708535f33728fd3bd27914e82b65,naverchzzk,,,,,,,,944,talk,37.6,발로란트,32.6,원신,11.9,21,false,single_game_or_non_game,,2026-06-15T11:55:42.924735
04d9cb8e71b06e0ddea73209de87c121,naverchzzk,,,,,,,,370,talk,57.6,사이퍼즈,17.4,이터널 리턴,12.1,5,false,talk_primary,,2026-06-15T11:55:43.851665
539c63af4babe1dc04b51fddd432b85c,naverchzzk,,,,,,,,379,,0,,0,,0,0,unknown,no_category_data,,2026-06-15T11:55:48.719085
785e54ccdff3b1cde7d9fbc3dbb5b03b,naverchzzk,,,,,,,,207,아크: 서바이벌 어센디드,100.0,,0,,0,1,false,single_game_dominant,,2026-06-15T11:55:48.888299
17517a40e631a2dc5e5b8ab526dda5d8,naverchzzk,,,,,,,,572,로스트아크,82.8,방 탈출 시뮬레이터,4.9,디트로이트: 비컴 휴먼,3.3,10,false,single_game_dominant,,2026-06-15T11:55:49.775901
a83b14a7d96a81839324a88b52348b04,naverchzzk,,,,,,,,253,talk,57.8,마인크래프트,34.4,서브노티카 2,4.7,4,false,talk_primary,,2026-06-15T11:55:50.385132
a4323a610f1c75b98ff11e0398b4488e,naverchzzk,,,,,,,,434,,0,,0,,0,0,unknown,no_category_data,,2026-06-15T11:55:50.908684
f269d88551cf231157a90582fac01585,naverchzzk,,,,,,,,1079,그림/아트,34.8,음악/노래,30.6,명조:워더링 웨이브,17.8,7,true,multi_game,,2026-06-15T11:55:52.649789
acb5675af5f020c2f6774d3c764269c4,naverchzzk,,,,,,,,96,,0,,0,,0,0,unknown,no_category_data,,2026-06-15T11:56:01.444231
92aa68acaf57d5abc55e045ea3fd044f,naverchzzk,,,,,,,,250,talk,76.7,유로 트럭 시뮬레이터 2,7.6,지옥전탕 리스토어드 에디션,5.2,6,false,talk_primary,,2026-06-15T11:56:01.994297
260c596e2f7b73b28266ecb0e02a114b,naverchzzk,,,,,,,,181,talk,100.0,,0,,0,1,false,talk_primary,,2026-06-15T11:56:02.261835
f01073fa2dea2ba4e61a735c0a13115f,naverchzzk,,,,,,,,435,talk,33.0,마인크래프트,23.7,PUBG: 배틀그라운드,13.7,12,false,single_game_or_non_game,,2026-06-15T11:56:02.650179
88e0c8e14dd95355d663e608fb96931d,naverchzzk,,,,,,,,572,마비노기 모바일,68.0,승리의 여신: 니케,23.2,이환,6.1,4,true,multi_game,,2026-06-15T11:56:03.070834
b6c5c5d8f2fdfdfd5254847d55e96256,naverchzzk,,,,,,,,486,리그 오브 레전드,95.1,종합 게임,2.8,talk,1.0,5,false,single_game_dominant,,2026-06-15T11:56:03.955010
36f17bb41bfaacbace69f1f3e5b1d6ba,naverchzzk,,,,,,,,260,talk,0,,0,,0,1,false,single_game_or_non_game,,2026-06-15T11:56:39.132296
25a5befe0fb749ecb14fb51969b83255,naverchzzk,,,,,,,,141,,0,,0,,0,0,unknown,no_category_data,,2026-06-15T11:56:39.404800
1684661ed05ae274a707e513721c58e4,naverchzzk,,,,,,,,259,종합 게임,87.5,발로란트,12.5,아웃라스트,0.0,3,true,gg_primary,,2026-06-15T11:56:39.822514
505ca084b692bae0d0e3ba4b62f91342,naverchzzk,,,,,,,,260,,0,,0,,0,0,unknown,no_category_data,,2026-06-15T11:56:40.415464
efedf22786fcb7185c6add05e4b8747e,naverchzzk,,,,,,,,403,이스케이프 프롬 타르코프,90.2,레프트 4 데드 2,5.1,종합 게임,4.8,3,false,single_game_dominant,,2026-06-15T11:56:42.945663
c5bc96441361607ba5c74c66c9c84b96,naverchzzk,,,,,,,,507,PUBG: 배틀그라운드,81.1,talk,5.6,페이데이 2,3.9,11,false,single_game_dominant,,2026-06-15T11:56:43.352382
3743621c56b3cd9ecd70221ea3e8df17,naverchzzk,,,,,,,,414,발로란트,71.3,talk,20.7,팰월드,3.4,6,false,single_game_or_non_game,,2026-06-15T11:56:43.508355
fab1cb70cc9784f68ace90449c70604f,naverchzzk,,,,,,,,392,talk,56.8,오버워치,27.9,리그 오브 레전드,15.3,3,false,talk_primary,,2026-06-15T11:56:43.715249
765e4329573aee7a13e01311241dc5d7,naverchzzk,,,,,,,,708,리그 오브 레전드,49.6,이터널 리턴,31.1,talk,15.2,6,true,multi_game,,2026-06-15T11:56:43.732843
6f18fa745371797c2c74351d863ae6f7,naverchzzk,,,,,,,,1647,PUBG: 배틀그라운드,66.9,리그 오브 레전드,17.2,이스케이프 프롬 타르코프,8.4,8,true,multi_game,,2026-06-15T11:56:49.470307
ba9ad6124a760e93cff8409b046f0b93,naverchzzk,,,,,,,,373,PUBG: 배틀그라운드,88.7,talk,11.3,,0,2,false,single_game_dominant,,2026-06-15T11:56:57.461763
3c496867710be685eaf664524eb219aa,naverchzzk,,,,,,,,153,talk,100.0,,0,,0,1,false,talk_primary,,2026-06-15T11:56:57.588436
119429f826228be586023f0ba5b7c861,naverchzzk,,,,,,,,366,발로란트,95.6,talk,4.4,,0,2,false,single_game_dominant,,2026-06-15T11:57:00.727818
9d6b3fdd69b336684ba9b6b825c3d454,naverchzzk,,,,,,,,715,아이온2,56.8,검은사막,36.9,얍얍,6.2,3,true,multi_game,,2026-06-15T11:57:00.804267
9d52a856e87a19df4d805c1768efde80,naverchzzk,,,,,,,,174,포르자 호라이즌 6,85.0,로스트아크,15.0,,0,2,false,single_game_dominant,,2026-06-15T11:57:01.006875
a1cc8354c72c76a8e8f9b6c63062ccfb,naverchzzk,,,,,,,,994,talk,57.7,서브노티카 2,11.0,리그 오브 레전드,9.6,8,false,talk_primary,,2026-06-15T11:57:01.980458
c4c55a9d6918c2ce03209bd70da33bc7,naverchzzk,,,,,,,,525,델타포스,100.0,,0,,0,1,false,single_game_dominant,,2026-06-15T11:57:02.274263
dc9404701d6041ea1776f23f689e75dd,naverchzzk,,,,,,,,437,talk,44.5,마인크래프트,22.7,델타룬,13.7,8,false,single_game_or_non_game,,2026-06-15T11:57:02.331939
9372b749213e415eaf0e6b0cd80dba3a,naverchzzk,,,,,,,,1035,오버워치,74.0,리그 오브 레전드,17.8,talk,3.4,7,true,multi_game,,2026-06-15T11:57:02.860152
695436a31e06b560cb1339e1c4c15383,naverchzzk,,,,,,,,614,,0,,0,,0,0,unknown,no_category_data,,2026-06-15T11:57:05.840032
cc95250af81cb63fa96f5e1ec5fc3a60,naverchzzk,,,,,,,,142,발로란트,58.1,PUBG: 배틀그라운드,26.9,이환,6.3,7,true,multi_game,,2026-06-15T11:57:06.513597
f5ce41481c9e032ef93e62cd027d8be3,naverchzzk,,,,,,,,1898,,0,,0,,0,0,unknown,no_category_data,,2026-06-15T11:57:15.223688
04dd48ba8c56a7e5bd0897b84339dae0,naverchzzk,,,,,,,,138,,0,,0,,0,0,unknown,no_category_data,,2026-06-15T11:57:15.280585
6453911c543424f9f896233f26f3845f,naverchzzk,,,,,,,,352,슈퍼 마리오 메이커 2,100.0,,0,,0,1,false,single_game_dominant,,2026-06-15T11:57:17.490141
0e375d930cc2fb0a1e23fc27d8326430,naverchzzk,,,,,,,,49,,0,,0,,0,0,unknown,no_category_data,,2026-06-15T11:57:17.725472
aba5926d228e92911bc4732fe8145581,naverchzzk,,,,,,,,443,talk,100.0,,0,,0,1,false,talk_primary,,2026-06-15T11:57:19.976867
4cf6806e84256909eec8c27e1d5bc864,naverchzzk,,,,,,,,665,아레나 브레이크아웃,68.1,멧챠 카멜레온,4.8,이스케이프 프롬 타르코프,4.6,18,false,single_game_or_non_game,,2026-06-15T11:57:20.361805
01dc9a0e8ea1b0db9a833e622a8c64b7,naverchzzk,,,,,,,,746,마인크래프트,37.7,프랫폴,33.2,talk,11.7,7,true,multi_game,,2026-06-15T11:57:20.614983
cc800be427d96066dbdfb847e4a3dc16,naverchzzk,,,,,,,,558,데드 바이 데이라이트,64.0,두근두근타운,29.6,서브노티카 2,4.2,4,true,multi_game,,2026-06-15T11:57:20.875332
880f22ef39672d12b6f8fbe845ee04c1,naverchzzk,,,,,,,,169,오버워치,100.0,,0,,0,1,false,single_game_dominant,,2026-06-15T11:57:21.086335
898f71b1e6c8ea1559495067a05742b2,naverchzzk,,,,,,,,426,,0,,0,,0,0,unknown,no_category_data,,2026-06-15T11:57:23.315241
098501c503eb20f66c048d9cf7eb4cd0,naverchzzk,,,,,,,,255,,0,,0,,0,0,unknown,no_category_data,,2026-06-15T11:57:23.357242
222cd434eb402b92cfae79e18bc41ab9,naverchzzk,,,,,,,,517,,0,,0,,0,0,unknown,no_category_data,,2026-06-15T11:57:25.069616
6ea0d29625d4dab24905b267783fda84,naverchzzk,,,,,,,,91,,0,,0,,0,0,unknown,no_category_data,,2026-06-15T11:57:25.404046
8a472a0e26d9669443757c0f21322aa1,naverchzzk,,,,,,,,617,,0,,0,,0,0,unknown,no_category_data,,2026-06-15T11:57:28.710650
0e691770f4c71008d45e04fc7f4e63dc,naverchzzk,,,,,,,,1931,,0,,0,,0,0,unknown,no_category_data,,2026-06-15T11:57:38.412445
49bf0a752c6197ff8778cf8a39ef782d,naverchzzk,,,,,,,,168,talk,52.6,음악/노래,27.3,스테퍼 케이스:초능력 추리 어드벤처,12.0,4,false,talk_primary,,2026-06-15T11:57:40.109636
5844d470c88ddcc8be77695056dfc8c5,naverchzzk,,,,,,,,1442,talk,65.9,발로란트,19.0,숲속의 작은 마녀,13.6,4,false,talk_primary,,2026-06-15T11:57:41.077191
d695ff6ef5f86fda14d7951d4e02609a,naverchzzk,,,,,,,,232,이터널 리턴,62.1,talk,28.0,마녀의 집 MV,3.0,6,false,single_game_or_non_game,,2026-06-15T11:57:41.295082
bf39a4f278b4eb995c16a88214d4ef7e,naverchzzk,,,,,,,,86,,0,,0,,0,0,unknown,no_category_data,,2026-06-15T11:57:41.724343
fc5677726330aac0fc02e7e40d1d6fc5,naverchzzk,,,,,,,,734,PUBG: 배틀그라운드,59.9,메이플스토리,37.4,전략적 팀 전투 : 우주의 신들,2.8,3,true,multi_game,,2026-06-15T11:57:41.874397
a7d3395c0358d176b310f984ae385e11,naverchzzk,,,,,,,,574,PUBG: 배틀그라운드,52.3,Grand Theft Auto V,17.2,talk,12.6,8,true,multi_game,,2026-06-15T11:57:42.122135
234e3c5d56094cb4fa58b30503b14d1d,naverchzzk,,,,,,,,907,발로란트,38.9,talk,37.9,그림/아트,23.2,3,false,single_game_or_non_game,,2026-06-15T11:57:42.290203
aae98340f4dece88fb42a6e05520bc69,naverchzzk,,,,,,,,444,산소미포함,93.7,talk,3.3,프로젝트 좀보이드,2.4,4,false,single_game_dominant,,2026-06-15T11:57:42.349631
7ecad7d6781e3d7a9fbd3705778c36c8,naverchzzk,,,,,,,,728,,0,,0,,0,0,unknown,no_category_data,,2026-06-15T11:57:45.846617
ba4d5273baec6f02461b0a0cb4e19a79,naverchzzk,,,,,,,,1141,리그 오브 레전드,100.0,,0,,0,1,false,single_game_dominant,,2026-06-15T11:57:55.528988
059bc22b9ca032735958f3f599ccefec,naverchzzk,,,,,,,,349,,0,,0,,0,0,unknown,no_category_data,,2026-06-15T11:57:56.058300
870746c2cd99d086ad8f3a1febf41313,naverchzzk,,,,,,,,342,,0,,0,,0,0,unknown,no_category_data,,2026-06-15T11:57:57.268242
2b3325ad6e8ef7efae3c55acca11a2f4,naverchzzk,,,,,,,,256,포트나이트,88.2,오버워치,11.8,,0,2,false,single_game_dominant,,2026-06-15T11:57:57.298424
2795e2a0e32310efcb94877e3840fbc2,naverchzzk,,,,,,,,939,talk,77.2,델타포스,12.3,발로란트,9.4,4,false,talk_primary,,2026-06-15T11:58:01.588441
001fa0b0a6b869d0c1912d2715d14d08,naverchzzk,,,,,,,,384,디제이맥스 리스펙트 V,40.2,talk,22.6,오버워치,11.1,19,false,single_game_or_non_game,,2026-06-15T11:58:03.007655
33b31393a495c8dd04c6ee1241e3286b,naverchzzk,,,,,,,,137,메이플스토리 월드,86.3,발헤임,8.3,리그 오브 레전드,1.8,8,false,single_game_dominant,,2026-06-15T11:58:03.254289
46e0abb959f02f1bc61ded45b153b529,naverchzzk,,,,,,,,255,talk,46.5,포장마차 : 한국 길거리 음식 경영시뮬레이터,25.4,더 심즈 4,11.3,5,false,single_game_or_non_game,,2026-06-15T11:58:03.660350
b193b307641fc6d5111234883110db60,naverchzzk,,,,,,,,498,이터널 리턴,64.8,talk,32.0,종합 게임,3.1,3,false,single_game_or_non_game,,2026-06-15T11:58:06.894939
c5a60991b4f2f302fa141db1b443d130,naverchzzk,,,,,,,,382,에이리언: 아이솔레이션,100.0,,0,,0,1,false,single_game_dominant,,2026-06-15T11:58:11.968914
a0cbeb2147cc3f404def5133865e1c80,naverchzzk,,,,,,,,919,로스트아크,46.3,발로란트,38.2,리그 오브 레전드,10.2,5,true,multi_game,,2026-06-15T11:58:14.903387
ad95ac7b21a1e9bc5a0c7959bfac3c10,naverchzzk,,,,,,,,668,리그 오브 레전드,35.6,talk,26.5,슬레이 더 스파이어 2,22.4,5,true,multi_game,,2026-06-15T11:58:16.985487
a999ec19ce691e6f727de6bd8182e3bb,naverchzzk,,,,,,,,1007,블루 아카이브,38.2,talk,28.8,이환,9.1,11,false,single_game_or_non_game,,2026-06-15T11:58:17.448963
9bbc9aba4d8e12a4fbe98d9e9e4a93c6,naverchzzk,,,,,,,,103,,0,,0,,0,0,unknown,no_category_data,,2026-06-15T11:58:18.102887
a558216adc9607004af42249845e5a95,naverchzzk,,,,,,,,1191,이터널 리턴,100.0,,0,,0,1,false,single_game_dominant,,2026-06-15T11:58:18.105200
1be0e9492c1b783e46878fc4d6b71b9c,naverchzzk,,,,,,,,78,,0,,0,,0,0,unknown,no_category_data,,2026-06-15T11:58:18.915190
b73f518cdb8faf951efd99244739c70a,naverchzzk,,,,,,,,808,명조:워더링 웨이브,39.9,talk,31.0,리그 오브 레전드,10.0,12,false,single_game_or_non_game,,2026-06-15T11:58:20.598173
706bc65329e0db25c45caf31d41f88be,naverchzzk,,,,,,,,2970,월드 오브 워크래프트: 한밤,69.5,talk,17.6,패스 오브 엑자일 2,9.8,4,false,single_game_or_non_game,,2026-06-15T11:58:20.984939
035e09dac2eedd2fc532e964c014115b,naverchzzk,,,,,,,,3357,talk,60.1,에이펙스 레전드,34.3,이스케이프 더 백룸,5.6,3,false,talk_primary,,2026-06-15T11:58:23.974557
a87fa51c82dc945a663d1fb309b3bdfe,naverchzzk,,,,,,,,77,,0,,0,,0,0,unknown,no_category_data,,2026-06-15T11:58:30.542421
83fae2cd0a20dd9abb2cee0514950431,naverchzzk,,,,,,,,152,,0,,0,,0,0,unknown,no_category_data,,2026-06-15T11:58:30.802361
9c320c077fa641b7643f40b1a3500023,naverchzzk,,,,,,,,612,2026 FIFA 북중미 월드컵,44.2,리그 오브 레전드,39.7,영화,12.7,11,true,multi_game,,2026-06-15T11:58:31.313432
e4884e07c58d3f6a1a2dbb4f647655d4,naverchzzk,,,,,,,,294,,0,,0,,0,0,unknown,no_category_data,,2026-06-15T11:58:32.655414
1b847f1e5a63fd63134b04331c93deef,naverchzzk,,,,,,,,313,,0,,0,,0,0,unknown,no_category_data,,2026-06-15T11:58:34.033526
a4963521040ce0f38dc24ff1eb3bdeaa,naverchzzk,,,,,,,,588,스타크래프트 : 리마스터,58.2,오버워치,14.9,talk,12.7,10,false,single_game_or_non_game,,2026-06-15T11:58:34.451134
625c363bc29084dda44544a66b8f1d77,naverchzzk,,,,,,,,2594,talk,20.0,음악/노래,19.5,림버스 컴퍼니,19.0,11,true,multi_game,,2026-06-15T11:58:34.854373
dac7886e39be2f58a51ad9f565b2802f,naverchzzk,,,,,,,,425,,0,,0,,0,0,unknown,no_category_data,,2026-06-15T11:58:35.014153
0989382afde455da5456c1d771d30dd5,naverchzzk,,,,,,,,477,오버워치,98.6,할로우 나이트,1.4,,0,2,false,single_game_dominant,,2026-06-15T11:58:35.461515
589ab0ee7b6b9133bd8a0a71ca2c05c3,naverchzzk,,,,,,,,470,리그 오브 레전드,100.0,,0,,0,1,false,single_game_dominant,,2026-06-15T11:58:42.618353
ec477f93b2c3ea1f683cceac6549fd57,naverchzzk,,,,,,,,389,talk,85.1,러스트,13.3,종합 게임,1.6,3,false,talk_primary,,2026-06-15T11:58:45.618482
1db0d4c642f3e90f0d1899be1c3a621f,naverchzzk,,,,,,,,15,,0,,0,,0,0,unknown,no_category_data,,2026-06-15T11:58:45.840193
3a58156553d0c7c30e59197345d7f7b3,naverchzzk,,,,,,,,567,마인크래프트,40.3,PUBG: 배틀그라운드,23.9,엘든 링,10.9,8,true,multi_game,,2026-06-15T11:58:47.315330
b53b055378d5dbe7104d41899dafa4c2,naverchzzk,,,,,,,,798,,0,,0,,0,0,unknown,no_category_data,,2026-06-15T11:58:48.215116
13d9f2828ee2c4b3798a9898df9600ba,naverchzzk,,,,,,,,17,,0,,0,,0,0,unknown,no_category_data,,2026-06-15T11:58:48.506527
b8b1ba45da4cde5bf22d0413ab3433f9,naverchzzk,,,,,,,,317,Grand Theft Auto V,85.3,그림/아트,5.9,카트라이더,5.9,5,false,single_game_dominant,,2026-06-15T11:58:48.838191
49f198fd6e3dfa0e71037c9fc2301ad0,naverchzzk,,,,,,,,358,그림/아트,100.0,,0,,0,1,false,single_game_dominant,,2026-06-15T11:58:50.724576
e2cdf1ef1d669989359295ef755e8743,naverchzzk,,,,,,,,2215,그림/아트,86.8,VR챗,11.8,2026 FIFA 북중미 월드컵,1.3,3,false,single_game_dominant,,2026-06-15T11:58:50.896884
79388f7f91ad9241182c3a51ba4fa170,naverchzzk,,,,,,,,322,스트레인지 앤티쿼티즈,22.8,이환,21.6,talk,20.5,7,true,multi_game,,2026-06-15T11:58:51.070171
4f89686b3376640345907183d9a2ae54,naverchzzk,,,,,,,,280,talk,46.6,테이블탑 시뮬레이터,24.1,PUBG: 배틀그라운드,15.5,5,true,multi_game,,2026-06-15T11:58:53.687027
6616eac3648c09a4a7508e2525c5a58d,naverchzzk,,,,,,,,232,메가스토어 시뮬레이터,55.8,윈드로즈,26.7,talk,7.9,6,true,multi_game,,2026-06-15T11:58:56.645304
50362053f275039a0963980a548adffa,naverchzzk,,,,,,,,88,PUBG: 배틀그라운드,56.5,발로란트,43.5,,0,2,true,multi_game,,2026-06-15T11:59:00.681644
716e08a8656f014256f7a11a61d5a2b3,naverchzzk,,,,,,,,105,,0,,0,,0,0,unknown,no_category_data,,2026-06-15T11:59:01.113550
c3cf35ca80c56fdea87d62b4f015b67d,naverchzzk,,,,,,,,746,발로란트,63.7,talk,14.4,스타크래프트 : 리마스터,7.7,12,false,single_game_or_non_game,,2026-06-15T11:59:03.887389
77443bced6d2b4b1c834f49a9e1961d2,naverchzzk,,,,,,,,124,,0,,0,,0,0,unknown,no_category_data,,2026-06-15T11:59:04.049655
eff80af96f7fd6edd32cc320c78dd52d,naverchzzk,,,,,,,,1467,talk,35.6,오버워치,16.8,이환,13.1,10,false,single_game_or_non_game,,2026-06-15T11:59:04.867559
571e7d61e19e43331bc87035dca4b56f,naverchzzk,,,,,,,,595,마인크래프트,43.8,talk,43.0,융융 전파 신드롬,6.7,8,false,single_game_or_non_game,,2026-06-15T11:59:06.375292
055ee1014f8cfe37efebc8d855ac3c9e,naverchzzk,,,,,,,,547,페르소나 5 더 로열,31.7,드래곤 퀘스트 빌더즈 2: 파괴신 시도와 텅 빈 섬,24.8,데이 아 빌리언즈,14.1,7,true,multi_game,,2026-06-15T11:59:06.619572
4fd6be6d1def718893abfe3fa440a51c,naverchzzk,,,,,,,,1518,,0,,0,,0,0,unknown,no_category_data,,2026-06-15T11:59:06.889790
2fbcc99a2def03a177ba186835f0d49d,naverchzzk,,,,,,,,1014,PUBG: 배틀그라운드,53.9,마인크래프트,33.3,림버스 컴퍼니,12.6,4,true,multi_game,,2026-06-15T11:59:07.269352
f16cb1689cf1809c56b298fbf9b870ad,naverchzzk,,,,,,,,314,talk,29.2,점프 킹,19.2,미저리,17.7,10,true,multi_game,,2026-06-15T11:59:09.570855
d63a793c44ab6137863121c6859ddcc7,naverchzzk,,,,,,,,396,오버워치,59.0,슬레이 더 스파이어 2,21.0,talk,20.0,3,true,multi_game,,2026-06-15T11:59:10.274275
2d314eea14d2076dcefc775377b985c6,naverchzzk,,,,,,,,1108,,0,,0,,0,0,unknown,no_category_data,,2026-06-15T11:59:12.270143
aaed4ba3af7325ab1d686ad204bf321e,naverchzzk,,,,,,,,209,,0,,0,,0,0,unknown,no_category_data,,2026-06-15T11:59:12.542604
518353b6093aaeb7b03bdb6fdbeddc09,naverchzzk,,,,,,,,265,메이플스토리 월드,66.9,리그 오브 레전드,25.0,R.E.P.O.,6.4,4,true,multi_game,,2026-06-15T11:59:18.895706
e5d5eaeb1e4bc864222515194d531944,naverchzzk,,,,,,,,204,,0,,0,,0,0,unknown,no_category_data,,2026-06-15T11:59:20.093144
9e70a5af841800db57a7c8f46230c3b8,naverchzzk,,,,,,,,68,,0,,0,,0,0,unknown,no_category_data,,2026-06-15T11:59:20.587613
879e54ffb0a0146760aeb3985f2d504a,naverchzzk,,,,,,,,48,,0,,0,,0,0,unknown,no_category_data,,2026-06-15T11:59:23.489914
046e219af6bba8966f4fd85478922b7b,naverchzzk,,,,,,,,327,메이플스토리 월드,35.0,리그 오브 레전드,20.2,마인크래프트,12.8,10,true,multi_game,,2026-06-15T11:59:23.680303
1544baeabb94267e690382de35166879,naverchzzk,,,,,,,,555,아레나 브레이크아웃,94.1,스타크래프트 II : 자유의 날개,2.8,스타크래프트 II : 공허의 유산,1.6,5,false,single_game_dominant,,2026-06-15T11:59:23.789113
77296b85c3ead7ebbc7b098b7189ef89,naverchzzk,,,,,,,,62,,0,,0,,0,0,unknown,no_category_data,,2026-06-15T11:59:24.156607
ff088d11f7390b73bf6a86eaf0f364bd,naverchzzk,,,,,,,,1229,,0,,0,,0,0,unknown,no_category_data,,2026-06-15T11:59:24.397987
6be6d8ad44eeb0b710e159349beac896,naverchzzk,,,,,,,,1602,이환,93.9,2026 FIFA 북중미 월드컵,3.4,음악/노래,1.3,5,false,single_game_dominant,,2026-06-15T11:59:24.838569
53cb042ff2b54b1a40cd8ea7ffacfb9b,naverchzzk,,,,,,,,530,,0,,0,,0,0,unknown,no_category_data,,2026-06-15T11:59:30.075955
613dbb75d0179cabdc6b06caeae6407e,naverchzzk,,,,,,,,380,메이플스토리 월드,66.0,디제이맥스 리스펙트 V,11.9,던전앤파이터,9.4,6,false,single_game_or_non_game,,2026-06-15T11:59:30.219211
66fdeab848ad597e064a31c603600c4d,naverchzzk,,,,,,,,310,,0,,0,,0,0,unknown,no_category_data,,2026-06-15T11:59:31.995018
83d4bc3a9fb94cc38a03ffdd1df98533,naverchzzk,,,,,,,,332,세피리아,35.8,음악/노래,30.5,그림/아트,16.8,4,true,multi_game,,2026-06-15T11:59:35.875226
65da0b22395039474e3d7b3d98d36abd,naverchzzk,,,,,,,,2036,,0,,0,,0,0,unknown,no_category_data,,2026-06-15T11:59:36.666493
c7ef4dc8665eced719d1ff377488bddf,naverchzzk,,,,,,,,224,,0,,0,,0,0,unknown,no_category_data,,2026-06-15T11:59:36.980172
8c06bc786a27f9d043055faf8473b09a,naverchzzk,,,,,,,,593,,0,,0,,0,0,unknown,no_category_data,,2026-06-15T11:59:37.773453
d0092fe47ef420f73a8d851166256a38,naverchzzk,,,,,,,,107,발로란트,36.8,talk,28.5,오버워치,14.8,12,false,single_game_or_non_game,,2026-06-15T11:59:41.087530
c6e52fb4356f17d71b7afd4464f64ae1,naverchzzk,,,,,,,,798,디제이맥스 리스펙트 V,89.1,카트라이더,10.9,,0,2,false,single_game_dominant,,2026-06-15T11:59:41.157010
ea8a70b7b0525efb0207a5424ef1659f,naverchzzk,,,,,,,,348,톰 클랜시의 레인보우 식스 시즈 X,51.8,데드 바이 데이라이트,39.8,종합 게임,4.4,5,true,multi_game,,2026-06-15T11:59:41.314957
7a3a75cb0b7c7195c21930fba2b80682,naverchzzk,,,,,,,,468,,0,,0,,0,0,unknown,no_category_data,,2026-06-15T11:59:41.511855
ee53be0ff76d568f703c2b32e360b67d,naverchzzk,,,,,,,,426,인왕 3,81.2,talk,18.8,,0,2,false,single_game_dominant,,2026-06-15T11:59:41.989399
e35022e035f1d601c9095a093bbdc6ca,naverchzzk,,,,,,,,269,,0,,0,,0,0,unknown,no_category_data,,2026-06-15T11:59:47.405040
22d81885513c0e9b121533e9821c1a8a,naverchzzk,,,,,,,,425,,0,,0,,0,0,unknown,no_category_data,,2026-06-15T11:59:47.617243
8c97ab65dee157aedd8185f6b9872c31,naverchzzk,,,,,,,,3199,카트라이더,63.3,폴가이즈,21.6,talk,10.2,5,true,multi_game,,2026-06-15T11:59:47.764063
6df60acb550f17065f3c51a05633f031,naverchzzk,,,,,,,,194,VR챗,74.9,헬다이버즈 2,14.3,승리의 여신: 니케,4.1,6,false,single_game_or_non_game,,2026-06-15T11:59:50.844261
54abc3eda61fe75d75ef421aab3829b5,naverchzzk,,,,,,,,497,,0,,0,,0,0,unknown,no_category_data,,2026-06-15T11:59:55.006352
3b7f0bfe67778ea4e3a7739840da0364,naverchzzk,,,,,,,,204,PUBG: 배틀그라운드,67.7,메이플스토리 월드,32.3,,0,2,true,multi_game,,2026-06-15T11:59:57.927166
e372b51ef071098df2a84598831ef926,naverchzzk,,,,,,,,404,talk,35.9,마인크래프트,29.3,래프트,11.2,12,false,single_game_or_non_game,,2026-06-15T11:59:59.054099
42c503b09792e596f6b444b7f93b5ef5,naverchzzk,,,,,,,,154,,0,,0,,0,0,unknown,no_category_data,,2026-06-15T11:59:59.406823
174eee103bda87d4005db7b9bca0e98e,naverchzzk,,,,,,,,1877,음악/노래,100.0,,0,,0,1,false,single_game_dominant,,2026-06-15T11:59:59.461464
382bf293049f4d54e7117c889702f2d2,naverchzzk,,,,,,,,1768,,0,,0,,0,0,unknown,no_category_data,,2026-06-15T11:59:59.729833
14eab8ecbff32e5aa75252e4a54b560e,naverchzzk,,,,,,,,345,talk,28.7,음악/노래,26.9,그림/아트,16.0,8,false,single_game_or_non_game,,2026-06-15T11:59:59.735246
38ce6201af07883350d3fe004aa24316,naverchzzk,,,,,,,,948,PUBG: 배틀그라운드,93.1,talk,3.9,프랑스 브라세리 시뮬레이터,2.7,4,false,single_game_dominant,,2026-06-15T11:59:59.852395
5fe1663fd8560932589818dd8d20ed77,naverchzzk,,,,,,,,685,그림/아트,100.0,,0,,0,1,false,single_game_dominant,,2026-06-15T12:00:00.219831
cb0fcc954ed4f0569a91dee115a0a20f,naverchzzk,,,,,,,,836,붕괴: 스타레일,74.0,원신,17.9,명일방주: 엔드필드,7.6,4,true,multi_game,,2026-06-15T12:00:03.874599
b48485e5e917f5f5896fdf89b1f48c9f,naverchzzk,,,,,,,,2757,talk,50.0,명일방주,33.3,디지몬 스토리 타임 스트레인저,8.2,5,false,talk_primary,,2026-06-15T12:00:14.273536
7b41403149dac8dff5bfe2cd3c7ca038,naverchzzk,,,,,,,,264,발로란트,100.0,,0,,0,1,false,single_game_dominant,,2026-06-15T12:00:15.307204
9e74679a7b2d06e6d6360b630e65d409,naverchzzk,,,,,,,,781,talk,100.0,,0,,0,1,false,talk_primary,,2026-06-15T12:00:16.234930
9453498bf4fed93f3fd4220cdf3056aa,naverchzzk,,,,,,,,234,,0,,0,,0,0,unknown,no_category_data,,2026-06-15T12:00:17.124453
962983077f3bae82480b1d4eb2607b76,naverchzzk,,,,,,,,334,talk,62.7,발로란트,8.8,종합 게임,6.4,12,false,talk_primary,,2026-06-15T12:00:19.875357
1ab3db7c25c6362885ff9c9e2df3ab41,naverchzzk,,,,,,,,8095,명조:워더링 웨이브,80.9,리밋 제로 브레이커스,4.9,아주르 프로밀리아,4.5,8,false,single_game_dominant,,2026-06-15T12:00:20.124358
7b0f4857f53e95ea72c20f7e9c8d7d7c,naverchzzk,,,,,,,,293,그림/아트,81.9,리그 오브 레전드,6.8,이터널 리턴,3.4,8,false,single_game_dominant,,2026-06-15T12:00:20.423225
0eba98b92eb838636a816baeff75105f,naverchzzk,,,,,,,,361,메이플스토리,63.6,클로저스,25.5,talk,10.9,3,true,multi_game,,2026-06-15T12:00:20.449035
918ec4198e52ca92351f97db9c01113e,naverchzzk,,,,,,,,369,로스트아크,81.3,PUBG: 배틀그라운드,6.9,음악/노래,2.6,9,false,single_game_dominant,,2026-06-15T12:00:21.369230
17b797f207586bee59c106c74e2e6f8e,naverchzzk,,,,,,,,335,원신,49.1,talk,27.4,리그 오브 레전드,12.0,4,false,single_game_or_non_game,,2026-06-15T12:00:23.383514
29266764c0cf913cdffff3eaf8c781dc,naverchzzk,,,,,,,,612,,0,,0,,0,0,unknown,no_category_data,,2026-06-15T12:00:23.738157
9863560e90051d1493d39351e4f5a3fb,naverchzzk,,,,,,,,915,,0,,0,,0,0,unknown,no_category_data,,2026-06-15T12:00:24.950789
822e104e79413d119f8fc441251b2f18,naverchzzk,,,,,,,,1104,이터널 리턴,25.6,리그 오브 레전드,24.2,오버워치,14.5,14,true,multi_game,,2026-06-15T12:00:26.345659
06d1c79a1430ce64a9560423c9893ef6,naverchzzk,,,,,,,,102,,0,,0,,0,0,unknown,no_category_data,,2026-06-15T12:00:39.366030
4200df84a9bf6f47fa4f41fc5bbd14e0,naverchzzk,,,,,,,,22,,0,,0,,0,0,unknown,no_category_data,,2026-06-15T12:00:39.723938
19737db748ef19f6dbd06acb45850140,naverchzzk,,,,,,,,1140,발로란트,25.0,PUBG: 배틀그라운드,23.3,마인크래프트,20.7,10,true,multi_game,,2026-06-15T12:00:40.259636
34dc474cc540a35ee71625eee3c07224,naverchzzk,,,,,,,,1349,메이플스토리,33.6,talk,31.8,승리의 여신: 니케,23.6,5,true,multi_game,,2026-06-15T12:00:40.789471
fbbbce759b0b3ae2f50a87b17644b10a,naverchzzk,,,,,,,,179,돈 스타브 투게더,56.0,메이플스토리 월드,30.1,서브노티카,10.8,5,true,multi_game,,2026-06-15T12:00:41.794392
7ed5a0bf3931fa89506d9f1ff51216c7,naverchzzk,,,,,,,,509,,0,,0,,0,0,unknown,no_category_data,,2026-06-15T12:00:41.895659
a02c7c515d65ce1a685f8fa5503807b5,naverchzzk,,,,,,,,405,로스트아크,46.1,젤다의 전설 브레스 오브 더 와일드,23.0,talk,7.4,11,true,multi_game,,2026-06-15T12:00:41.903815
6d9c6bc051fbf2ab4ce073b9424e50d4,naverchzzk,,,,,,,,348,talk,84.8,에브리씽 이즈 크랩: 동물 진화 로그라이트,7.5,슬레이 더 스파이어 2,3.4,5,false,talk_primary,,2026-06-15T12:00:42.450339
445cdaa8ebc8402a4cecadf6e52beb00,naverchzzk,,,,,,,,941,그림/아트,81.7,발로란트,12.8,톰 클랜시의 레인보우 식스 시즈 X,4.1,4,false,single_game_dominant,,2026-06-15T12:00:43.127717
980381ebe95bc087fd680f3fa8783400,naverchzzk,,,,,,,,188,,0,,0,,0,0,unknown,no_category_data,,2026-06-15T12:00:51.183408
ba83dd2dc3fc9fa56997c4c24c563bf8,naverchzzk,,,,,,,,314,,0,,0,,0,0,unknown,no_category_data,,2026-06-15T12:00:54.793357
0f33fc44452a31e08edbeba7b3ec5605,naverchzzk,,,,,,,,41,,0,,0,,0,0,unknown,no_category_data,,2026-06-15T12:00:59.611878
c961abad28ec1daaa497d58c4e007ccf,naverchzzk,,,,,,,,1767,서브노티카 2,38.5,발로란트,33.7,종합 게임,18.7,6,true,multi_game,,2026-06-15T12:01:00.875205
7e809d6bdd7c91a21bd9f7fd5a63a353,naverchzzk,,,,,,,,157,talk,100.0,,0,,0,1,false,talk_primary,,2026-06-15T12:01:04.428797
d9b8a6416cfea0a17db0febad87b95b0,naverchzzk,,,,,,,,298,talk,59.8,명조:워더링 웨이브,14.5,크레이지 아케이드 비엔비,9.8,5,false,talk_primary,,2026-06-15T12:01:06.596392
3c3be774c4d3f0bf34a344397d75226e,naverchzzk,,,,,,,,540,로스트아크,100.0,,0,,0,1,false,single_game_dominant,,2026-06-15T12:01:07.819359
9ad42d3d486a2042a6c24f0396234009,naverchzzk,,,,,,,,1333,talk,100.0,,0,,0,1,false,talk_primary,,2026-06-15T12:01:07.924229
184550a6b131774c0050b21eccdd39f2,naverchzzk,,,,,,,,498,이터널 리턴,100.0,오버워치,0.0,,0,2,false,single_game_dominant,,2026-06-15T12:01:09.223322
b53b31007bfef6f57fee5522ef25582a,naverchzzk,,,,,,,,628,,0,,0,,0,0,unknown,no_category_data,,2026-06-15T12:01:09.459013
472da02c2f7e7224936eb18f4ab75fa6,naverchzzk,,,,,,,,246,talk,60.1,서브노티카 2,20.0,포켓몬 포코피아,7.5,7,false,talk_primary,,2026-06-15T12:01:11.276215
d47255eb83892b126773083458e39c5f,naverchzzk,,,,,,,,246,,0,,0,,0,0,unknown,no_category_data,,2026-06-15T12:01:12.745173
578d60faec731516d3494c7f8b1c5c82,naverchzzk,,,,,,,,164,talk,64.7,오버워치,14.1,종합 게임,7.6,11,false,talk_primary,,2026-06-15T12:01:19.139076
4c522653e970392f9fd74e835ec83b92,naverchzzk,,,,,,,,9,,0,,0,,0,0,unknown,no_category_data,,2026-06-15T12:01:20.337470
3cb124a84c8a8ab1b42254c92a915907,naverchzzk,,,,,,,,25,,0,,0,,0,0,unknown,no_category_data,,2026-06-15T12:01:20.351116
1a0dbc1be3d34b828e495defc51f0213,naverchzzk,,,,,,,,372,,0,,0,,0,0,unknown,no_category_data,,2026-06-15T12:01:23.857372
cf121decb4790f423999b37f7bdeb573,naverchzzk,,,,,,,,2146,,0,,0,,0,0,unknown,no_category_data,,2026-06-15T12:01:24.114485
7031593a92fd2c0856d4d3e72004afee,naverchzzk,,,,,,,,1161,PUBG: 배틀그라운드,80.3,오버워치,6.3,talk,4.9,6,false,single_game_dominant,,2026-06-15T12:01:24.382972
3fa34ebd5cc96ded3941b5b588d25362,naverchzzk,,,,,,,,1276,에이펙스 레전드,90.0,오버워치,8.3,사이퍼즈,1.7,3,false,single_game_dominant,,2026-06-15T12:01:25.218049
d207d5f086fcb62957c6b1c75d42adfd,naverchzzk,,,,,,,,305,PUBG: 배틀그라운드,46.5,마인크래프트,30.8,러스트,4.5,14,true,multi_game,,2026-06-15T12:01:25.637898
14d38d8fe34cd5f4d253214e3c62e7d9,naverchzzk,,,,,,,,745,철권 8,69.0,다크 소울 2,21.2,리그 오브 레전드,6.3,6,true,multi_game,,2026-06-15T12:01:26.125209
1cebd09264bf4e55fe97e3dbc4f8ee6d,naverchzzk,,,,,,,,620,,0,,0,,0,0,unknown,no_category_data,,2026-06-15T12:01:26.840370
4f51989fae43c2159f4049aa4b8ee09d,naverchzzk,,,,,,,,735,리그 오브 레전드,64.0,talk,29.7,포노폴리스,3.9,5,false,single_game_or_non_game,,2026-06-15T12:01:30.649087
0de6ddaccb2a04f74bd66d50674ecbf1,naverchzzk,,,,,,,,604,마인크래프트,40.0,PUBG: 배틀그라운드,30.0,오목 가자,18.0,5,true,multi_game,,2026-06-15T12:01:31.759899
101a53729fe663469917144ee6e8c7fb,naverchzzk,,,,,,,,561,리그 오브 레전드,49.2,talk,25.4,PUBG: 배틀그라운드,16.9,4,true,multi_game,,2026-06-15T12:01:37.445978
810638516bf9c2005c0d12d4d7c98a86,naverchzzk,,,,,,,,359,,0,,0,,0,0,unknown,no_category_data,,2026-06-15T12:01:40.301534
8516a452e22f4c8274e8417f7f7c4f1b,naverchzzk,,,,,,,,165,,0,,0,,0,0,unknown,no_category_data,,2026-06-15T12:01:40.645411
9a3c6b66dc36ca1e3a9c258174b4643f,naverchzzk,,,,,,,,169,파이널판타지14,69.6,talk,17.4,명조:워더링 웨이브,8.7,4,false,single_game_or_non_game,,2026-06-15T12:01:41.744279
0aaf2a432c26734a03d3daeed24c1bcb,naverchzzk,,,,,,,,341,talk,41.8,스테퍼 케이스:초능력 추리 어드벤처,29.3,다잉 라이트,15.4,4,true,multi_game,,2026-06-15T12:01:42.878966
7f7d8737fd11dc5d2d1014512a14db7f,naverchzzk,,,,,,,,258,,0,,0,,0,0,unknown,no_category_data,,2026-06-15T12:01:43.812636
2b3f5cb8686e940a81d62ac8a499476d,naverchzzk,,,,,,,,476,이스케이프 프롬 타르코프,100.0,,0,,0,1,false,single_game_dominant,,2026-06-15T12:01:44.331781
62306f94bf18e0495f7f34c62dade93c,naverchzzk,,,,,,,,6371,마인크래프트,40.4,talk,12.0,오버워치,12.0,9,false,single_game_or_non_game,,2026-06-15T12:01:44.443356
7cde29a4bb40c803c6dabcced6ab8a84,naverchzzk,,,,,,,,671,발로란트,100.0,,0,,0,1,false,single_game_dominant,,2026-06-15T12:01:47.956121
d9d03ae1480f9003520bd18af6309b08,naverchzzk,,,,,,,,327,음악/노래,89.3,talk,10.7,,0,2,false,single_game_dominant,,2026-06-15T12:01:51.992369
e727da9400a04ebefedb2716c6ee4340,naverchzzk,,,,,,,,253,,0,,0,,0,0,unknown,no_category_data,,2026-06-15T12:01:53.001484
379b8e46cf9dd835e63ec733e96934a7,naverchzzk,,,,,,,,327,이터널 리턴,99.0,2026 FIFA 북중미 월드컵,1.0,talk,0.0,3,false,single_game_dominant,,2026-06-15T12:01:53.442024
c453097afe6292bed2bc80785a605ed4,naverchzzk,,,,,,,,93,,0,,0,,0,0,unknown,no_category_data,,2026-06-15T12:01:56.998295
d137eb14cc3d13621207882dfc8e2e78,naverchzzk,,,,,,,,119,,0,,0,,0,0,unknown,no_category_data,,2026-06-15T12:01:57.527877
b19f84a73007d1dd8d42c816cfca0632,naverchzzk,,,,,,,,612,역전재판 123 나루호도 셀렉션,20.4,talk,12.6,라이브러리안: 타이디 업 더 아케인 라이브러리!,9.6,14,false,single_game_or_non_game,,2026-06-15T12:01:58.352304
d99a555b7f04da608f4df9a7338d4a10,naverchzzk,,,,,,,,213,철권 8,100.0,,0,,0,1,false,single_game_dominant,,2026-06-15T12:01:59.061565
bb64a3fcf22b9b5c1b0a61a96d3d716c,naverchzzk,,,,,,,,169,,0,,0,,0,0,unknown,no_category_data,,2026-06-15T12:01:59.167626
ca3c2250f11c54ce8ba30fce2da7d837,naverchzzk,,,,,,,,378,PUBG: 배틀그라운드,49.6,전략적 팀 전투 : 우주의 신들,19.5,talk,12.7,8,true,multi_game,,2026-06-15T12:02:00.334290
2b29b8bce801fee8de0a688c5f85d42c,naverchzzk,,,,,,,,298,,0,,0,,0,0,unknown,no_category_data,,2026-06-15T12:02:03.370314
768fab1137737b25c8b2e3d2dcb3b065,naverchzzk,,,,,,,,651,마비노기 모바일,42.9,리그 오브 레전드,24.3,talk,5.9,10,true,multi_game,,2026-06-15T12:02:04.725393
4d08f535cd38291367b9d57ba4396499,naverchzzk,,,,,,,,591,talk,100.0,,0,,0,1,false,talk_primary,,2026-06-15T12:02:06.011729
690eb50a44e2569d69dc6e7a349b25d8,naverchzzk,,,,,,,,270,,0,,0,,0,0,unknown,no_category_data,,2026-06-15T12:02:06.784953
21bb71d4871c51c89df08e95fc36a6c5,naverchzzk,,,,,,,,676,PUBG: 배틀그라운드,81.7,종합 게임,6.3,파티 애니멀즈,5.7,5,false,single_game_dominant,,2026-06-15T12:02:07.024354
335dece3fab4d97805dcadbadd8cf2c4,naverchzzk,,,,,,,,190,,0,,0,,0,0,unknown,no_category_data,,2026-06-15T12:02:08.605062
9ac4fb5d6f12af3d95e0bb04a94e2645,naverchzzk,,,,,,,,13,,0,,0,,0,0,unknown,no_category_data,,2026-06-15T12:02:09.261197
96fb7f2009b62b327f0d2485e0f00229,naverchzzk,,,,,,,,224,발로란트,45.1,카운터 스트라이크 2,40.0,이스케이프 더 백룸,9.4,7,true,multi_game,,2026-06-15T12:02:10.416011
b4864700cde8074907dd0f6f3183713c,naverchzzk,,,,,,,,952,마법소녀의 마녀재판,35.5,로보토미 코퍼레이션,20.5,리버스: 1999,9.8,10,true,multi_game,,2026-06-15T12:02:11.053624
0b38ec4722c3dbd7a120f03e42718739,naverchzzk,,,,,,,,384,,0,,0,,0,0,unknown,no_category_data,,2026-06-15T12:02:12.955488
242935a23ae2a7092c3a978d19b5029d,naverchzzk,,,,,,,,204,윈드로즈,47.1,007 퍼스트 라이트,17.3,프래그마타,13.8,7,true,multi_game,,2026-06-15T12:02:15.004233
832cf10c51130e44136e0e906f245feb,naverchzzk,,,,,,,,97,,0,,0,,0,0,unknown,no_category_data,,2026-06-15T12:02:19.333434
17d08f8126906eb8bb614f95ae6a9bad,naverchzzk,,,,,,,,1054,이터널 리턴,100.0,,0,,0,1,false,single_game_dominant,,2026-06-15T12:02:20.462146
e1b06f87a6ab91db8b32852b31e8b2a1,naverchzzk,,,,,,,,43,,0,,0,,0,0,unknown,no_category_data,,2026-06-15T12:02:21.579758
ab2f6082eef629184b348236ab57605f,naverchzzk,,,,,,,,124,,0,,0,,0,0,unknown,no_category_data,,2026-06-15T12:02:21.926063
9b7b1927653883b3a814166e20d53b07,naverchzzk,,,,,,,,2563,철권 8,59.5,스트리트 파이터 6,28.7,리그 오브 레전드,8.5,5,true,multi_game,,2026-06-15T12:02:22.715374
a6579cba70584e0b91a86790225bbbd5,naverchzzk,,,,,,,,473,talk,100.0,,0,,0,1,false,talk_primary,,2026-06-15T12:02:22.758239
0f6b2af53d986ed44d12d01c457f3bb9,naverchzzk,,,,,,,,172,,0,,0,,0,0,unknown,no_category_data,,2026-06-15T12:02:23.228590
f0e17bc60a43cd11dafc578bbf32dabd,naverchzzk,,,,,,,,827,talk,34.2,Grand Theft Auto V,24.3,음악/노래,10.5,9,false,single_game_or_non_game,,2026-06-15T12:02:24.085071
66142317eaac3f3d36a4e1ee3d433df9,naverchzzk,,,,,,,,833,패스 오브 엑자일 2,54.1,Once Human,21.0,연운,14.3,5,true,multi_game,,2026-06-15T12:02:25.386407
62be4a9b1d74ab8548056555fc225837,naverchzzk,,,,,,,,185,디제이맥스 리스펙트 V,100.0,,0,,0,1,false,single_game_dominant,,2026-06-15T12:02:34.308962
357925de46d7d42ce487acdfd0f0ecc7,naverchzzk,,,,,,,,119,,0,,0,,0,0,unknown,no_category_data,,2026-06-15T12:02:37.043332
81e7f2f2bd808fd66e327113e651ba73,naverchzzk,,,,,,,,683,디제이맥스 리스펙트 V,85.0,사운드 볼텍스 나블라,15.0,,0,2,false,single_game_dominant,,2026-06-15T12:02:37.060050
0a24724598a77438c0a9ee6e2235f865,naverchzzk,,,,,,,,323,디지몬 스토리 타임 스트레인저,35.3,오버워치,16.8,마이닝 머천트,10.2,11,true,multi_game,,2026-06-15T12:02:38.287383
1d1fa003bd2d86e6e2034446cdf6acb0,naverchzzk,,,,,,,,507,히어로즈 오브 더 스톰,82.6,talk,8.9,종합 게임,3.7,5,false,single_game_dominant,,2026-06-15T12:02:38.992110
3259e0a2daf3c9852ed4d1007ddd4a4d,naverchzzk,,,,,,,,468,,0,,0,,0,0,unknown,no_category_data,,2026-06-15T12:02:39.101864
572639f85874b6a45d350a476dc16241,naverchzzk,,,,,,,,6,,0,,0,,0,0,unknown,no_category_data,,2026-06-15T12:02:39.905545
4e11b0327382b01da1abc0e64e5b040c,naverchzzk,,,,,,,,7644,발로란트,100.0,,0,,0,1,false,single_game_dominant,,2026-06-15T12:02:40.939597
8956e0b06b79e52cf2e2127c5af38c4e,naverchzzk,,,,,,,,453,talk,66.7,두근두근타운,19.9,종합 게임,8.5,5,false,talk_primary,,2026-06-15T12:02:41.775321
b47e2e1828bb26987d23ee2c470a03c6,naverchzzk,,,,,,,,543,,0,,0,,0,0,unknown,no_category_data,,2026-06-15T12:02:42.720044
5b977b978552a686cbe418189347f774,naverchzzk,,,,,,,,115,,0,,0,,0,0,unknown,no_category_data,,2026-06-15T12:02:46.489719
05afc1448e8291454a1e3ba3f96b6d8b,naverchzzk,,,,,,,,315,talk,89.7,여동생 운전 가르치기,10.3,,0,2,false,talk_primary,,2026-06-15T12:02:53.201116
ca9f87edd79ea9093122e58d4894cbca,naverchzzk,,,,,,,,646,,0,,0,,0,0,unknown,no_category_data,,2026-06-15T12:02:54.272121
3086cd20a60f3ee3e1311d1a85c94d14,naverchzzk,,,,,,,,351,,0,,0,,0,0,unknown,no_category_data,,2026-06-15T12:02:54.289110
f6a5f3e7b0b828fcefded5ad329c82af,naverchzzk,,,,,,,,337,,0,,0,,0,0,unknown,no_category_data,,2026-06-15T12:02:55.753294
35e683ba1a2e030fd9fa37a9e920f30e,naverchzzk,,,,,,,,126,,0,,0,,0,0,unknown,no_category_data,,2026-06-15T12:02:56.872105
35ac4156f36d910599a13f6d205cca69,naverchzzk,,,,,,,,617,마인크래프트,27.6,코어 키퍼,23.2,서브노티카 2,18.1,10,true,multi_game,,2026-06-15T12:02:57.806520
5cb4a4d273925bfe2f6888581f977233,naverchzzk,,,,,,,,805,talk,46.4,이터널 리턴,26.7,그림/아트,7.2,8,false,single_game_or_non_game,,2026-06-15T12:02:58.650645
98d01e25e79820a55d261f3baf19f2eb,naverchzzk,,,,,,,,1508,로스트아크,73.0,talk,13.2,마인크래프트,8.9,4,false,single_game_or_non_game,,2026-06-15T12:02:58.961156
24c568cc7d041b079a3ed7c735c2eab0,naverchzzk,,,,,,,,10906,talk,56.2,V 라이징,21.0,승리의 여신: 니케,8.7,6,false,talk_primary,,2026-06-15T12:02:59.402271
3da4f27cff743a021b9dc0a5f8d1b7d7,naverchzzk,,,,,,,,523,talk,59.9,오버워치,18.2,발로란트,10.7,5,false,talk_primary,,2026-06-15T12:03:04.554517
49db8c2a95fa49a432ccefc7e95b112c,naverchzzk,,,,,,,,1586,파이널판타지14,95.8,로스트아크,4.2,,0,2,false,single_game_dominant,,2026-06-15T12:03:07.039771
7e6b6a1f971893abff6647b594ae2e23,naverchzzk,,,,,,,,211,,0,,0,,0,0,unknown,no_category_data,,2026-06-15T12:03:09.527069
24ba28e0b981d8606b4fce827c525501,naverchzzk,,,,,,,,314,talk,29.7,슬레이 더 스파이어 2,16.7,마인크래프트,16.4,14,true,multi_game,,2026-06-15T12:03:13.322636
1448f838e3f929caeda2e4c81303245c,naverchzzk,,,,,,,,362,마운트 앤 블레이드 2: 배너로드,49.7,엘든 링,28.8,서브노티카 2,11.4,6,true,multi_game,,2026-06-15T12:03:15.541024
bb7184e008e0429545c151032edec627,naverchzzk,,,,,,,,2035,talk,72.2,프랫폴,10.3,음악/노래,9.7,4,false,talk_primary,,2026-06-15T12:03:17.955289
ff956ce1a08547ee069fdae7e80a3a77,naverchzzk,,,,,,,,549,마인크래프트,52.2,리그 오브 레전드,19.2,이환,14.3,6,true,multi_game,,2026-06-15T12:03:18.525022
48e4ce1bf26c6700919c29128123bc32,naverchzzk,,,,,,,,202,talk,100.0,,0,,0,1,false,talk_primary,,2026-06-15T12:03:19.147596
5c8e7fccdde8daba3d0cc28cc21334e1,naverchzzk,,,,,,,,353,talk,61.5,음악/노래,28.8,하스스톤,9.7,4,false,talk_primary,,2026-06-15T12:03:19.173643
9a47426ad775687482077baebb3c0615,naverchzzk,,,,,,,,1129,talk,68.9,리그 오브 레전드,28.4,매드 파더,1.7,9,false,talk_primary,,2026-06-15T12:03:19.944364
28770ee49b87e119542e4288f9340407,naverchzzk,,,,,,,,869,이스케이프 프롬 타르코프,97.2,리그 오브 레전드,2.8,,0,2,false,single_game_dominant,,2026-06-15T12:03:21.051909
926f379816d9e2b4e78b73aa071afc55,naverchzzk,,,,,,,,509,talk,82.0,챈트 오브 세나르,13.9,사이버펑크 2077,4.1,3,false,talk_primary,,2026-06-15T12:03:23.796830
ea8ea48f6c26bfc66e54fa8207f251f9,naverchzzk,,,,,,,,235,마인크래프트,43.5,서브노티카,23.9,R.E.P.O.,19.6,6,true,multi_game,,2026-06-15T12:03:24.358380
a20afe49e8dd2a7b40ca48226f08bf04,naverchzzk,,,,,,,,2779,에이펙스 레전드,87.0,talk,9.1,오버워치,3.9,3,false,single_game_dominant,,2026-06-15T12:03:24.965096
98320d6de3da3b48ec12ceaf88cd8430,naverchzzk,,,,,,,,283,,0,,0,,0,0,unknown,no_category_data,,2026-06-15T12:03:26.459639
fea9936812fab4b2c0f32e2cb4303e68,naverchzzk,,,,,,,,21,종합 게임,100.0,,0,,0,1,true,gg_primary,,2026-06-15T12:03:27.348086
29f33552be88fbf253399a2949b16666,naverchzzk,,,,,,,,119,,0,,0,,0,0,unknown,no_category_data,,2026-06-15T12:03:28.639682
11fef56c1d98c740156e762605e8cc10,naverchzzk,,,,,,,,1039,랑그릿사,100.0,,0,,0,1,false,single_game_dominant,,2026-06-15T12:03:28.754375
f24844e7a07a159fcd2af984be46a984,naverchzzk,,,,,,,,538,,0,,0,,0,0,unknown,no_category_data,,2026-06-15T12:03:29.644915
31e670751f2a6ced2f64409e869c3526,naverchzzk,,,,,,,,244,talk,31.3,오버워치,25.4,데드 스페이스,17.9,6,true,multi_game,,2026-06-15T12:03:30.166553
78c51f67210a37348e03b7430ada950d,naverchzzk,,,,,,,,1809,오버워치,100.0,,0,,0,1,false,single_game_dominant,,2026-06-15T12:03:36.980979
f567b3aabd502aa8bad0d1b5d0741708,naverchzzk,,,,,,,,710,로스트아크,69.6,리그 오브 레전드,11.8,talk,9.2,5,false,single_game_or_non_game,,2026-06-15T12:03:37.162255
46c5d7151114adb5a9bbbd5f200b4e44,naverchzzk,,,,,,,,423,talk,51.9,메이플스토리 월드,48.1,,0,2,false,talk_primary,,2026-06-15T12:03:40.190019
428953c80224c920fbec42c452f4c572,naverchzzk,,,,,,,,1133,스타크래프트 II : 공허의 유산,77.8,구스 구스 덕,14.0,마인크래프트,3.5,8,false,single_game_or_non_game,,2026-06-15T12:03:42.056771
8dd90b25e2566e518ae6998cd00eaab1,naverchzzk,,,,,,,,72,,0,,0,,0,0,unknown,no_category_data,,2026-06-15T12:03:42.578168
2f2c6994fd817474054950212120ddaf,naverchzzk,,,,,,,,452,,0,,0,,0,0,unknown,no_category_data,,2026-06-15T12:03:43.419889
a3801014f35e9ba5d50c54903a03a2c7,naverchzzk,,,,,,,,720,이터널 리턴,100.0,,0,,0,1,false,single_game_dominant,,2026-06-15T12:03:45.505199
f90f9a806fe5446bd87c7f4244451e00,naverchzzk,,,,,,,,1282,원신,47.3,talk,23.9,융융 전파 신드롬,20.8,4,true,multi_game,,2026-06-15T12:03:46.609173
26900d538caeeb99ecd0dc2aa55af64d,naverchzzk,,,,,,,,340,유희왕 마스터 듀얼,84.8,카트라이더 러쉬플러스,4.4,구스 구스 덕,3.8,6,false,single_game_dominant,,2026-06-15T12:03:46.874513
77ae337162b5c9bb735814f2e435af5d,naverchzzk,,,,,,,,132,,0,,0,,0,0,unknown,no_category_data,,2026-06-15T12:03:47.515069
5e606568e5465b090a5cf4156578a242,naverchzzk,,,,,,,,105,,0,,0,,0,0,unknown,no_category_data,,2026-06-15T12:03:47.524533
9ae6c9253f82bd40ea1ddec9266fe3b8,naverchzzk,,,,,,,,524,사이퍼즈,76.3,메이플스토리 월드,13.5,발더스 게이트 3,8.5,5,false,single_game_or_non_game,,2026-06-15T12:03:49.466369
7c7ce9742a98dc62cdfc27b6f53c6f13,naverchzzk,,,,,,,,168,talk,87.4,데드 바이 데이라이트,8.4,후즈후 2.0,3.3,4,false,talk_primary,,2026-06-15T12:03:51.514294
7570e70f4a7e5020adc570d3fadeeec0,naverchzzk,,,,,,,,171,,0,,0,,0,0,unknown,no_category_data,,2026-06-15T12:03:51.577280
acb02ea689a10ac7a4df45d36f10be35,naverchzzk,,,,,,,,184,Grand Theft Auto V,82.4,그림자 복도,4.7,피크,3.6,8,false,single_game_dominant,,2026-06-15T12:03:51.770804
05aefaaba187ed99c7db2e537249ecf3,naverchzzk,,,,,,,,3169,리그 오브 레전드,36.4,쿠키런: 오븐스매시,31.8,패스 오브 엑자일 2,20.5,4,true,multi_game,,2026-06-15T12:03:53.642336
f7a659db698584a5a5ae8d3bb6ff5d7a,naverchzzk,,,,,,,,222,,0,,0,,0,0,unknown,no_category_data,,2026-06-15T12:03:56.023436
5050d9facffc42e4b19d6b0999514b21,naverchzzk,,,,,,,,159,,0,,0,,0,0,unknown,no_category_data,,2026-06-15T12:03:57.381778
c5f3cd8e75a095592044727764bcf542,naverchzzk,,,,,,,,428,,0,,0,,0,0,unknown,no_category_data,,2026-06-15T12:03:59.416144
92f1159d083e16da6c9e361335d09994,naverchzzk,,,,,,,,331,그림/아트,91.8,명조:워더링 웨이브,8.2,,0,2,false,single_game_dominant,,2026-06-15T12:03:59.538987
d1df94aff7ba762438759268fec61143,naverchzzk,,,,,,,,282,델타포스,82.1,PUBG: 배틀그라운드,17.9,,0,2,false,single_game_dominant,,2026-06-15T12:04:00.840598
d00eb3c8fa265b7bf689b4f09a75cb26,naverchzzk,,,,,,,,268,,0,,0,,0,0,unknown,no_category_data,,2026-06-15T12:04:02.837250
12a28ebea43c66ae04d882dfa56580ce,naverchzzk,,,,,,,,419,델타포스,100.0,,0,,0,1,false,single_game_dominant,,2026-06-15T12:04:02.844646
71f41034c3fed90a15df9a4646c16751,naverchzzk,,,,,,,,424,발로란트,68.7,PUBG: 배틀그라운드,14.0,아레나 브레이크아웃,7.5,9,false,single_game_or_non_game,,2026-06-15T12:04:05.080202
d069f21689646c0488cc1835037ca2df,naverchzzk,,,,,,,,312,Once Human,58.0,리그 오브 레전드,13.0,두근두근타운,10.2,8,false,single_game_or_non_game,,2026-06-15T12:04:06.338828
cc7426546f3874aaf670012e04e6daa1,naverchzzk,,,,,,,,958,talk,83.6,림버스 컴퍼니,6.5,점프 킹,4.1,6,false,talk_primary,,2026-06-15T12:04:12.538700
e864cec11e3e451e1283bca5426b8646,naverchzzk,,,,,,,,536,,0,,0,,0,0,unknown,no_category_data,,2026-06-15T12:04:15.396307
f2cb4e7e107f663396ecf5376b822b83,naverchzzk,,,,,,,,389,talk,63.6,음악/노래,36.4,,0,2,false,talk_primary,,2026-06-15T12:04:17.381936
fb39cebfa7e963fa6baa8c6d14b29c04,naverchzzk,,,,,,,,526,talk,100.0,,0,,0,1,false,talk_primary,,2026-06-15T12:04:18.558239
3aa0be9618364797f3532806ecc4e38b,naverchzzk,,,,,,,,1771,마인크래프트,51.7,메이플스토리,26.1,talk,13.0,7,true,multi_game,,2026-06-15T12:04:19.229126
658c5e59795e6da80d0983bfe0f806ba,naverchzzk,,,,,,,,1057,,0,,0,,0,0,unknown,no_category_data,,2026-06-15T12:04:20.397897
a924a4ffa9de1637268700fa132fda23,naverchzzk,,,,,,,,253,발로란트,22.4,전략적 팀 전투 : 우주의 신들,16.5,talk,12.9,15,true,multi_game,,2026-06-15T12:04:21.350202
161bbeb9ad498e8b9f2314ca7dbec231,naverchzzk,,,,,,,,977,오버워치,35.7,PUBG: 배틀그라운드,21.7,마인크래프트,10.8,13,true,multi_game,,2026-06-15T12:04:21.896697
e5e1a6e85244f8339f58f7be818658a7,naverchzzk,,,,,,,,864,talk,98.6,음악/노래,1.4,,0,2,false,talk_primary,,2026-06-15T12:04:23.321133
5c6786edb5be0e9e65bad7285e0609a6,naverchzzk,,,,,,,,314,talk,66.7,그림/아트,10.0,오베이 더 보이스,8.3,8,false,talk_primary,,2026-06-15T12:04:24.527675
8a47b6883e99d00df0e1c0fba4bd2946,naverchzzk,,,,,,,,330,,0,,0,,0,0,unknown,no_category_data,,2026-06-15T12:04:25.221710
c35921a992e283ab8decb102f83d0462,naverchzzk,,,,,,,,220,ELDEN RING 밤의 통치자,31.2,talk,25.0,Once Human,11.9,13,false,single_game_or_non_game,,2026-06-15T12:04:25.586017
d509f6cef0d9037ef8c0918d638a38f1,naverchzzk,,,,,,,,258,음악/노래,94.0,talk,6.0,,0,2,false,single_game_dominant,,2026-06-15T12:04:26.709544
5752e413c648b61546c32e529f26f613,naverchzzk,,,,,,,,63,,0,,0,,0,0,unknown,no_category_data,,2026-06-15T12:04:28.446946
40132b11317951dafff8c1a770b34b63,naverchzzk,,,,,,,,2557,음악/노래,54.1,그림/아트,34.5,언젠가는 도착해,6.9,4,false,single_game_or_non_game,,2026-06-15T12:04:28.470559
4107713de7b6890716cc212d3feaf4ac,naverchzzk,,,,,,,,628,talk,45.1,PUBG: 배틀그라운드,21.6,발로란트,19.6,4,true,multi_game,,2026-06-15T12:04:29.815655
b61f7bc4ee6e13bb7f62ef9ea2bf94b2,naverchzzk,,,,,,,,560,,0,,0,,0,0,unknown,no_category_data,,2026-06-15T12:04:30.994975
fd927ee5d8efb527d2641c2248fcd8ed,naverchzzk,,,,,,,,162,talk,61.5,서브노티카 2,19.5,종합 게임,19.0,3,false,talk_primary,,2026-06-15T12:04:31.372476
ca316f467917d4ed1d1d5d8928512826,naverchzzk,,,,,,,,1143,,0,,0,,0,0,unknown,no_category_data,,2026-06-15T12:04:33.308118
0b09b45aa439482079e0fee489c4300f,naverchzzk,,,,,,,,1667,,0,,0,,0,0,unknown,no_category_data,,2026-06-15T12:04:35.095097
ed6874f498ce8559a4118f2f87270a6f,naverchzzk,,,,,,,,1371,talk,16.9,마비노기 모바일,13.3,림버스 컴퍼니,13.1,16,false,single_game_or_non_game,,2026-06-15T12:04:39.840978
22a3a94c876bff5bbc4d228a9c2d5886,naverchzzk,,,,,,,,649,승리의 여신: 니케,87.6,작혼: 리치 마작,8.0,종합 게임,4.4,3,false,single_game_dominant,,2026-06-15T12:04:40.530477
4af1fd640071ef3b504701e2c4cd1fc6,naverchzzk,,,,,,,,1330,히어로즈 오브 더 스톰,100.0,,0,,0,1,false,single_game_dominant,,2026-06-15T12:04:42.679870
7775af976e6944c8e700e53dfdba1d98,naverchzzk,,,,,,,,1251,오버워치,59.5,세키로: 섀도우 다이 트와이스,10.4,바이오하자드 레퀴엠,10.2,9,false,single_game_or_non_game,,2026-06-15T12:04:42.781258
c0a65767987c231c5cb70dffe09fe319,naverchzzk,,,,,,,,712,,0,,0,,0,0,unknown,no_category_data,,2026-06-15T12:04:43.042055
1197ac8b30f9b98bb04b1a1394781daf,naverchzzk,,,,,,,,1057,talk,74.1,PUBG: 배틀그라운드,25.9,,0,2,false,talk_primary,,2026-06-15T12:04:45.566758
3068044d6087f8c98143f18c06516b63,naverchzzk,,,,,,,,1667,로스트아크,96.6,talk,1.9,에브리씽 이즈 크랩: 동물 진화 로그라이트,1.5,3,false,single_game_dominant,,2026-06-15T12:04:45.728171
7b579326dc574241a0039fe821604df0,naverchzzk,,,,,,,,288,이환,22.6,딩컴,17.2,성세천하: 여제의 탄생,13.5,13,true,multi_game,,2026-06-15T12:04:48.798662
a5270eab0fc592c92f9d2ff54f8480c7,naverchzzk,,,,,,,,645,마비노기 모바일,50.1,스타듀 밸리,12.8,성세천하: 여제의 탄생 Ⅱ,10.3,13,false,single_game_or_non_game,,2026-06-15T12:04:49.639663
bd4c41107d6ba7e87fd120e3b41b5400,naverchzzk,,,,,,,,194,,0,,0,,0,0,unknown,no_category_data,,2026-06-15T12:04:51.137223
d16629674d6224ef1a9db250faa3ec6d,naverchzzk,,,,,,,,188,,0,,0,,0,0,unknown,no_category_data,,2026-06-15T12:04:54.700764
542f55d57b0bd399ff0d13891f9d883f,naverchzzk,,,,,,,,797,,0,,0,,0,0,unknown,no_category_data,,2026-06-15T12:04:54.794132
719af47454124e81195e4ec5b954941e,naverchzzk,,,,,,,,886,로스트아크,61.2,발로란트,22.3,마인크래프트,11.2,6,true,multi_game,,2026-06-15T12:04:54.896104
36456402c5de56290706cab427698f85,naverchzzk,,,,,,,,525,talk,78.6,PUBG: 배틀그라운드,11.6,승리의 여신: 니케,2.2,9,false,talk_primary,,2026-06-15T12:04:59.812292
f3e03ab14c54881408c462f3dbd2b81b,naverchzzk,,,,,,,,281,,0,,0,,0,0,unknown,no_category_data,,2026-06-15T12:05:00.640382
47c73b895d5c74d6c9f91017e7dbe1b3,naverchzzk,,,,,,,,92,오버워치,71.4,김밥천국 시뮬레이터,28.6,talk,0.0,3,true,multi_game,,2026-06-15T12:05:01.980854
a707ee3ce7c5c197a27aea8de91fec75,naverchzzk,,,,,,,,83,톰 클랜시의 레인보우 식스 시즈 X,32.9,데드 바이 데이라이트,22.4,PUBG: 배틀그라운드,19.2,7,true,multi_game,,2026-06-15T12:05:03.505686
593ade4b57e4999a9051496db7d0f9ff,naverchzzk,,,,,,,,1848,야구,63.1,talk,17.4,포르자 호라이즌 6,9.3,13,false,single_game_or_non_game,,2026-06-15T12:05:04.020710
d03cc96d10da5578a65c6ff189ef7ea8,naverchzzk,,,,,,,,531,,0,,0,,0,0,unknown,no_category_data,,2026-06-15T12:05:09.033268
cce7c87789e7de88c5f43e8f87a095a5,naverchzzk,,,,,,,,1149,,0,,0,,0,0,unknown,no_category_data,,2026-06-15T12:05:09.491803
b5fbd04c2e2827e3b74d22fc6affa35c,naverchzzk,,,,,,,,655,talk,100.0,,0,,0,1,false,talk_primary,,2026-06-15T12:05:09.671822
4152d4882dee686b05288769bbdb6769,naverchzzk,,,,,,,,352,talk,35.0,명조:워더링 웨이브,10.0,이터널 리턴,8.2,14,false,single_game_or_non_game,,2026-06-15T12:05:11.211993
e40cbfd01bfeb06cf15684509256364d,naverchzzk,,,,,,,,596,명조:워더링 웨이브,29.8,콜 오브 디 엘더 갓즈,18.7,서브노티카 2,18.1,5,true,multi_game,,2026-06-15T12:05:20.569541
c83de84df9cac08c6ae6dd5c5f1ac5b7,naverchzzk,,,,,,,,330,talk,84.4,마인크래프트,6.3,스타크래프트 : 리마스터,2.6,10,false,talk_primary,,2026-06-15T12:05:23.273628
45deccf7ce6bb40f93b8a653767c8253,naverchzzk,,,,,,,,1397,림버스 컴퍼니,48.0,talk,15.6,서브노티카 2,8.9,13,false,single_game_or_non_game,,2026-06-15T12:05:23.333222
4695906f67e375d4f5bd915a66fa3d49,naverchzzk,,,,,,,,382,,0,,0,,0,0,unknown,no_category_data,,2026-06-15T12:05:23.814409
83e42b03c3d6db84c4d4d4c1697bfd2c,naverchzzk,,,,,,,,1250,듀엣 나이트 어비스,23.1,승리의 여신: 니케,17.2,이환,16.0,12,true,multi_game,,2026-06-15T12:05:24.781306
7116accb1099850700efded611fa9c7c,naverchzzk,,,,,,,,171,,0,,0,,0,0,unknown,no_category_data,,2026-06-15T12:05:24.945724
54723d54738fd66730c420e4c17a224d,naverchzzk,,,,,,,,410,로스트아크,92.0,프래그마타,8.0,,0,2,false,single_game_dominant,,2026-06-15T12:05:25.093488
d0f684396a0ad3d42a2d32fec1611fff,naverchzzk,,,,,,,,874,포르자 호라이즌 6,22.1,데스티니 가디언즈,20.8,디제이맥스 리스펙트 V,18.1,12,true,multi_game,,2026-06-15T12:05:26.252163
c6f75be90a32cac61524e91db7648f98,naverchzzk,,,,,,,,326,붉은사막,67.4,아우터 와일즈,32.6,,0,2,true,multi_game,,2026-06-15T12:05:26.321737
bddbb7f02ad03f7a5c5d034772842d39,naverchzzk,,,,,,,,379,talk,60.0,얍얍,30.0,헬다이버즈 2,10.0,3,false,talk_primary,,2026-06-15T12:05:28.173138
5e1cb52d69c107cfdd2aed0c196d272c,naverchzzk,,,,,,,,38,,0,,0,,0,0,unknown,no_category_data,,2026-06-15T12:05:33.659936
ab4cdd488af84288dcf26edf44200e7f,naverchzzk,,,,,,,,1421,,0,,0,,0,0,unknown,no_category_data,,2026-06-15T12:05:34.928439
e3d5c3218579a4902213b67d0acff24c,naverchzzk,,,,,,,,916,talk,90.2,전략적 팀 전투 : 우주의 신들,9.8,,0,2,false,talk_primary,,2026-06-15T12:05:41.817042
c79f7b7b3bea651aaefb5446ba4842e8,naverchzzk,,,,,,,,383,,0,,0,,0,0,unknown,no_category_data,,2026-06-15T12:05:41.884439
8a7511f45bbf7e1dde46200af595e98d,naverchzzk,,,,,,,,759,발로란트,41.0,PUBG: 배틀그라운드,25.5,아이온2,15.0,8,true,multi_game,,2026-06-15T12:05:43.927890
a875f4cec012dea1b5b9012e6834c698,naverchzzk,,,,,,,,450,PUBG: 배틀그라운드,18.8,먹방/쿡방,16.7,talk,14.1,12,true,multi_game,,2026-06-15T12:05:45.620193
a7d890ffdc3adb3ca6a2c9813c08781f,naverchzzk,,,,,,,,704,talk,39.6,리그 오브 레전드,20.3,오버워치,16.3,9,true,multi_game,,2026-06-15T12:05:46.156424
15ac5ae7d4c1b43aaf51409f5fce69d8,naverchzzk,,,,,,,,490,,0,,0,,0,0,unknown,no_category_data,,2026-06-15T12:05:46.445725
b1f0c7bf431fa5bbeeab4101f6fe5169,naverchzzk,,,,,,,,988,마인크래프트,65.1,음악/노래,9.7,리그 오브 레전드,7.1,9,false,single_game_or_non_game,,2026-06-15T12:05:46.526682
6377dee72a08f9994b8a941479886111,naverchzzk,,,,,,,,1198,,0,,0,,0,0,unknown,no_category_data,,2026-06-15T12:05:46.695926
78f1fccfc5bcf0c27b525f57675ea5d2,naverchzzk,,,,,,,,1970,talk,33.7,리그 오브 레전드,33.2,마인크래프트,9.2,10,false,single_game_or_non_game,,2026-06-15T12:05:46.772503
ae53c0717bfc2e877d3db9f638f8715b,naverchzzk,,,,,,,,66,,0,,0,,0,0,unknown,no_category_data,,2026-06-15T12:05:50.255452
8fa0b8428c6d5e71b0ccb77fb70e04ac,naverchzzk,,,,,,,,944,프래그마타,29.8,이터널 리턴,23.7,TRPG,15.5,8,true,multi_game,,2026-06-15T12:05:51.315071
cfa84beb3eba81b4bd599213963c3d1e,naverchzzk,,,,,,,,1103,VR챗,61.9,팀파이트 매니저 2,36.6,장난감 제작자,0.8,4,true,multi_game,,2026-06-15T12:05:54.138775
59b35cf02318456c5cf00351c1afc358,naverchzzk,,,,,,,,234,,0,,0,,0,0,unknown,no_category_data,,2026-06-15T12:05:56.544276
67b4f146ada68e1a5bed2de7ac7b079e,naverchzzk,,,,,,,,1180,,0,,0,,0,0,unknown,no_category_data,,2026-06-15T12:05:58.087427
a17e46898dad1d5a10e0cd25469c0ba7,naverchzzk,,,,,,,,1168,로스트아크,47.0,메이플스토리 월드,17.1,PUBG: 배틀그라운드,9.8,8,true,multi_game,,2026-06-15T12:06:00.131232
f08cdc8586fff92c0c86b3387946997b,naverchzzk,,,,,,,,190,,0,,0,,0,0,unknown,no_category_data,,2026-06-15T12:06:02.025080
29edcc7318202fed2a576b9d54448a7a,naverchzzk,,,,,,,,163,talk,68.4,PUBG: 배틀그라운드,26.2,종합 게임,5.5,3,false,talk_primary,,2026-06-15T12:06:02.746724
3efcc50960fdfe963306b994487bc6cb,naverchzzk,,,,,,,,1228,,0,,0,,0,0,unknown,no_category_data,,2026-06-15T12:06:02.905068
7c33d951456e0b831378fa2d07aa64eb,naverchzzk,,,,,,,,692,리그 오브 레전드,35.2,마인크래프트,25.1,talk,6.4,12,true,multi_game,,2026-06-15T12:06:03.236164
507db9dc039d7e9161ef2969bb2e0d87,naverchzzk,,,,,,,,841,아크 레이더스,52.2,Grand Theft Auto V,37.8,에이펙스 레전드,5.3,7,true,multi_game,,2026-06-15T12:06:03.757217
6fbd2a58c41a86d434ca78f7b4b1800f,naverchzzk,,,,,,,,636,메이플스토리,42.7,PUBG: 배틀그라운드,36.1,리그 오브 레전드,17.9,7,true,multi_game,,2026-06-15T12:06:06.744080
72f84bc5fc463f1f34db111a03465faf,naverchzzk,,,,,,,,975,talk,61.4,겟 투 워크,30.5,링 피트 어드벤처,4.2,5,false,talk_primary,,2026-06-15T12:06:06.835084
7862fd8a30e49518e27afb1dd68407fb,naverchzzk,,,,,,,,372,talk,100.0,,0,,0,1,false,talk_primary,,2026-06-15T12:06:08.135086
d2b5b2b7f86065d4cdfa581c85a90dbf,naverchzzk,,,,,,,,557,레드 데드 리뎀션 2,64.7,talk,26.1,종합 게임,9.2,3,false,single_game_or_non_game,,2026-06-15T12:06:08.936785
3011d8824f193c930a3b6ce205b44c01,naverchzzk,,,,,,,,160,,0,,0,,0,0,unknown,no_category_data,,2026-06-15T12:06:10.971151
b30259ff0befc4fc3d0f086d861f8120,naverchzzk,,,,,,,,213,,0,,0,,0,0,unknown,no_category_data,,2026-06-15T12:06:17.515246
ff3a0ea5805c1459a9080c7286439218,naverchzzk,,,,,,,,1730,대항해시대 온라인,90.6,코어 키퍼,4.6,인투 더 데드: 아워 다키스트 데이즈,2.3,5,false,single_game_dominant,,2026-06-15T12:06:22.274321
d3bf833603b000adec5d95389fa847fa,naverchzzk,,,,,,,,510,,0,,0,,0,0,unknown,no_category_data,,2026-06-15T12:06:23.065342
6b39816b3135c6f7ee8ceb7eedd62d8b,naverchzzk,,,,,,,,565,리그 오브 레전드,57.5,talk,34.4,승리의 여신: 니케,4.5,7,false,single_game_or_non_game,,2026-06-15T12:06:23.445150
310181f562cafae105ae73a1b54ecf39,naverchzzk,,,,,,,,1065,로스트아크,53.2,talk,18.2,왕좌의 게임: 킹스로드,14.6,9,false,single_game_or_non_game,,2026-06-15T12:06:23.645154
d5753864eeebc4da9a705f046e69a791,naverchzzk,,,,,,,,170,바이오하자드 레퀴엠,100.0,,0,,0,1,false,single_game_dominant,,2026-06-15T12:06:23.870019
140e22e5bc2ee023dcceaa231a0f61e9,naverchzzk,,,,,,,,293,이터널 리턴,42.0,이스케이프 프롬 타르코프,16.9,슬레이 더 스파이어 2,6.3,21,true,multi_game,,2026-06-15T12:06:24.336732
4099973e5a670e6c53adb04c96266a93,naverchzzk,,,,,,,,1004,리그 오브 레전드,68.3,종합 게임,12.2,프로젝트: 도어즈,12.2,5,false,single_game_or_non_game,,2026-06-15T12:06:24.441863
f6e6feb5630d96f305a9b7e740a88855,naverchzzk,,,,,,,,320,아주르 프로밀리아,22.0,talk,16.2,롬스테드,14.4,19,false,single_game_or_non_game,,2026-06-15T12:06:25.486335
07d0b756965acfb5fee4042f7ec180d0,naverchzzk,,,,,,,,1653,talk,42.6,리그 오브 레전드,18.1,명조:워더링 웨이브,9.9,12,false,single_game_or_non_game,,2026-06-15T12:06:26.675001
be439ae8d27ff574ab6e674e10ac10c7,naverchzzk,,,,,,,,609,,0,,0,,0,0,unknown,no_category_data,,2026-06-15T12:06:30.215010
7f9142e6c0a044d845b5c8dc6cba45ef,naverchzzk,,,,,,,,1145,그림/아트,49.7,talk,31.1,리그 오브 레전드,9.3,5,false,single_game_or_non_game,,2026-06-15T12:06:35.156116
ae6188c36829f45e9b0143ba4bbb6aa2,naverchzzk,,,,,,,,727,PUBG: 배틀그라운드,40.6,talk,21.6,세븐 데이즈 투 다이,14.8,6,false,single_game_or_non_game,,2026-06-15T12:06:37.637226
f8d4f17dc4a3e50ca174298a555ba117,naverchzzk,,,,,,,,1114,오버워치,100.0,,0,,0,1,false,single_game_dominant,,2026-06-15T12:06:40.216197
8ee90c5f60960a4f31b8dd29a909412c,naverchzzk,,,,,,,,472,talk,23.2,먹방/쿡방,19.7,포르자 호라이즌 6,16.9,6,true,multi_game,,2026-06-15T12:06:41.796315
6bf9501181110cb4eb642c753a4c2035,naverchzzk,,,,,,,,147,유희왕 마스터 듀얼,45.8,talk,20.5,리그 오브 레전드: 와일드 리프트,6.8,14,false,single_game_or_non_game,,2026-06-15T12:06:45.240162
587ce81747146f55a451ef5d65924497,naverchzzk,,,,,,,,413,던전앤파이터,100.0,,0,,0,1,false,single_game_dominant,,2026-06-15T12:06:45.812690
0987f5f54ccca4945d9322e757901611,naverchzzk,,,,,,,,1088,메이플스토리,58.6,talk,17.1,이터널 리턴,16.9,5,true,multi_game,,2026-06-15T12:06:47.186086
053428cba5279c40fe903cbcba108eed,naverchzzk,,,,,,,,252,아크: 서바이벌 어센디드,64.0,소울마스크,31.2,종합 게임,2.7,6,true,multi_game,,2026-06-15T12:06:49.101142
9e0384a88460bf1c8647a396964d621b,naverchzzk,,,,,,,,533,,0,,0,,0,0,unknown,no_category_data,,2026-06-15T12:06:50.264331
aae1a19a01b601ebf7c94017c2221db0,naverchzzk,,,,,,,,2610,,0,,0,,0,0,unknown,no_category_data,,2026-06-15T12:06:52.831484
0d966a180d9db733138ec78d70269dca,naverchzzk,,,,,,,,1170,서브노티카 2,60.0,리그 오브 레전드,40.0,,0,2,true,multi_game,,2026-06-15T12:06:53.626720
d06d354816380d071a3ea98411c60bfb,naverchzzk,,,,,,,,957,승리의 여신: 니케,36.8,이환,31.9,명조:워더링 웨이브,18.0,5,true,multi_game,,2026-06-15T12:07:03.697048
d8ff633e58ad34d0b4ba2316452fef70,naverchzzk,,,,,,,,645,마인크래프트,72.4,패스 오브 엑자일 2,16.0,오버워치,4.4,7,true,multi_game,,2026-06-15T12:07:06.442802
79897932ebf48cf5e923469266549559,naverchzzk,,,,,,,,42,종합 게임,100.0,,0,,0,1,true,gg_primary,,2026-06-15T12:07:07.140875
0daa2aca627db80de4f2ace22a7abccf,naverchzzk,,,,,,,,387,talk,49.3,마인크래프트,48.3,서브노티카 2,1.6,4,false,single_game_or_non_game,,2026-06-15T12:07:10.376650
4a17baa80e1a385387250351848154c5,naverchzzk,,,,,,,,421,talk,100.0,,0,,0,1,false,talk_primary,,2026-06-15T12:07:10.430907
543b62874c62e0e4e179743bed0f042f,naverchzzk,,,,,,,,570,발로란트,31.5,오버워치,14.8,팔리아,13.7,8,false,single_game_or_non_game,,2026-06-15T12:07:11.160534
d863e5b3d75426e4b3a1f54aed05e5eb,naverchzzk,,,,,,,,220,케언,37.8,몬스터 헌터 와일즈,21.7,로스트아크,17.1,7,true,multi_game,,2026-06-15T12:07:11.290290
de13e037a5b843f17e84ff355c2ba6ec,naverchzzk,,,,,,,,918,에이펙스 레전드,100.0,,0,,0,1,false,single_game_dominant,,2026-06-15T12:07:11.963911
cfe8affb2d6f47e3014bad20c57a4779,naverchzzk,,,,,,,,1128,로스트아크,87.4,PUBG: 배틀그라운드,4.2,전략적 팀 전투 : 우주의 신들,2.5,7,false,single_game_dominant,,2026-06-15T12:07:15.735112
03d69ee87857a090de53ad3c78ea7abd,naverchzzk,,,,,,,,433,,0,,0,,0,0,unknown,no_category_data,,2026-06-15T12:07:16.045412
5c8ce3ca7c09d3cd654cb4f6d4786152,naverchzzk,,,,,,,,812,,0,,0,,0,0,unknown,no_category_data,,2026-06-15T12:07:16.887487
4a367c0b342d3c6964a842bdec5880ea,naverchzzk,,,,,,,,4802,이스케이프 프롬 타르코프,100.0,,0,,0,1,false,single_game_dominant,,2026-06-15T12:07:17.204126
01c6a813337de25ee5b085060e4c673d,naverchzzk,,,,,,,,2413,,0,,0,,0,0,unknown,no_category_data,,2026-06-15T12:07:22.062157
136bb3a19892e399d010e2411ab8c827,naverchzzk,,,,,,,,276,,0,,0,,0,0,unknown,no_category_data,,2026-06-15T12:07:24.440224
bfcb46de036abcaf017342b2087a2e65,naverchzzk,,,,,,,,1077,,0,,0,,0,0,unknown,no_category_data,,2026-06-15T12:07:27.189347
230b14e24877a85061afcd5bfb519a08,naverchzzk,,,,,,,,236,검은사막,99.7,PUBG: 배틀그라운드,0.3,,0,2,false,single_game_dominant,,2026-06-15T12:07:27.939698
5abd86365fee99b560451266cf8053bb,naverchzzk,,,,,,,,851,talk,34.1,명조:워더링 웨이브,23.6,블루 아카이브,19.7,7,true,multi_game,,2026-06-15T12:07:29.044523
1f153e7fd708e0e7be1d20aac956590b,naverchzzk,,,,,,,,206,,0,,0,,0,0,unknown,no_category_data,,2026-06-15T12:07:29.328118
c47dd258053e8ea902f2d1f77a790b6d,naverchzzk,,,,,,,,147,,0,,0,,0,0,unknown,no_category_data,,2026-06-15T12:07:29.489242
5106504560c0b735612769d6d6d21f15,naverchzzk,,,,,,,,1961,아이온2,38.4,명조:워더링 웨이브,15.1,코어 키퍼,10.2,10,true,multi_game,,2026-06-15T12:07:29.725352
9345a9b97d2d370c3eb55795d99809c2,naverchzzk,,,,,,,,69,마인크래프트,71.9,오버워치,14.0,발로란트,10.2,5,false,single_game_or_non_game,,2026-06-15T12:07:33.319661
c5689851c74495aaba957fd18bb849b3,naverchzzk,,,,,,,,1593,PUBG: 배틀그라운드,48.6,마인크래프트,18.4,오버워치,6.6,14,true,multi_game,,2026-06-15T12:07:36.464131
1c3a41e01fb1eb804a4fc33673577768,naverchzzk,,,,,,,,281,,0,,0,,0,0,unknown,no_category_data,,2026-06-15T12:07:40.278874
aa847cbd6e13b50434daaa279238e260,naverchzzk,,,,,,,,522,패스 오브 엑자일 2,66.3,포르자 호라이즌 6,17.1,스테퍼 케이스:초능력 추리 어드벤처,8.8,4,true,multi_game,,2026-06-15T12:07:41.667142
57eb61edf9639638876c643b667b6830,naverchzzk,,,,,,,,418,마인크래프트,81.8,리그 오브 레전드,18.2,talk,0.0,3,false,single_game_dominant,,2026-06-15T12:07:42.555507
1f8923e4bf6504473572b3bca8677ab6,naverchzzk,,,,,,,,1599,talk,77.9,메이플스토리 월드,22.1,,0,2,false,talk_primary,,2026-06-15T12:07:44.705085
e020aac2d05c81a32f86b94a5f78669a,naverchzzk,,,,,,,,199,배틀필드 6,75.4,월드 오브 탱크: 히트,9.1,아크: 서바이벌 이볼브드,7.4,5,false,single_game_or_non_game,,2026-06-15T12:07:47.910526
4b66157f4d495f656ac02f2bbf2363cc,naverchzzk,,,,,,,,358,점프 킹 퀘스트,29.7,talk,28.7,프로젝트 좀보이드,24.0,4,true,multi_game,,2026-06-15T12:07:48.839579
55b869d787c9298c6497b9ab72da023b,naverchzzk,,,,,,,,785,림버스 컴퍼니,45.5,트릭컬 리바이브,26.2,talk,13.3,6,true,multi_game,,2026-06-15T12:07:48.861797
a5973a462984913ca14d2ba268218bfd,naverchzzk,,,,,,,,1153,메이플스토리 월드,99.8,히어로즈 오브 더 스톰,0.2,,0,2,false,single_game_dominant,,2026-06-15T12:07:50.275976
77781173f5a80472712733dc075bd655,naverchzzk,,,,,,,,443,전략적 팀 전투 : 우주의 신들,96.0,talk,4.0,,0,2,false,single_game_dominant,,2026-06-15T12:07:52.305428
d32d019297a7cf4e0c90ac4bd323ab68,naverchzzk,,,,,,,,493,마비노기 모바일,29.8,PUBG: 배틀그라운드,20.6,talk,15.3,16,true,multi_game,,2026-06-15T12:07:53.186988
d22356d4129eceba77e2ad60f1fffbd5,naverchzzk,,,,,,,,489,talk,40.1,마인크래프트,31.5,마비노기 모바일,9.9,7,false,single_game_or_non_game,,2026-06-15T12:07:53.955331
78b8653891b27d43dbe35180037b3e67,naverchzzk,,,,,,,,1206,성세천하: 여제의 탄생 Ⅱ,100.0,,0,,0,1,false,single_game_dominant,,2026-06-15T12:07:54.597496
232b2ea864cb044a7ec1ab96d41ae44e,naverchzzk,,,,,,,,297,마블 라이벌즈,89.8,서브노티카 2,3.2,2026 FIFA 북중미 월드컵,3.1,6,false,single_game_dominant,,2026-06-15T12:07:55.890952
2bca8485bf5a803d5103190507a47b62,naverchzzk,,,,,,,,449,,0,,0,,0,0,unknown,no_category_data,,2026-06-15T12:08:01.082652
1b40bbae0ca59f99cd21cf6a1061699f,naverchzzk,,,,,,,,1096,로스트아크,90.0,승리의 여신: 니케,3.5,종합 게임,2.4,5,false,single_game_dominant,,2026-06-15T12:08:03.510468
74685679b23259cd3f7d00d4a951980a,naverchzzk,,,,,,,,143,talk,20.8,위니언 바이러스,19.4,붕괴: 스타레일,15.0,11,true,multi_game,,2026-06-15T12:08:04.561282
71a16128956e753606fca0f36677a958,naverchzzk,,,,,,,,355,이터널 리턴,46.3,명조:워더링 웨이브,12.5,발헤임,12.4,10,false,single_game_or_non_game,,2026-06-15T12:08:07.604393
2ffd7c892f941e1a2f6813d8f59df79b,naverchzzk,,,,,,,,338,talk,89.5,테트리스 99,10.5,,0,2,false,talk_primary,,2026-06-15T12:08:07.801877
6762f7bbbc6f373b0fcfffc8c54c1c46,naverchzzk,,,,,,,,647,,0,,0,,0,0,unknown,no_category_data,,2026-06-15T12:08:07.825190
e750b6188d2cdddfcb39a3661423e8cf,naverchzzk,,,,,,,,775,로스트아크,30.1,마인크래프트,17.5,Once Human,12.7,11,true,multi_game,,2026-06-15T12:08:12.616588
02a7a7199fb0bf1c87d989474528599b,naverchzzk,,,,,,,,884,talk,51.3,마인크래프트,15.1,짱구는 못말려 「탄광마을의 흰둥이」,8.1,12,false,talk_primary,,2026-06-15T12:08:13.861120
760c48238f4ec9d776e94c91e8c7fde9,naverchzzk,,,,,,,,181,,0,,0,,0,0,unknown,no_category_data,,2026-06-15T12:08:14.866960
d0494d2c8dd36800ec66455aac60dae3,naverchzzk,,,,,,,,956,포켓몬 유나이트,89.1,요시와 신기한 도감,5.0,talk,1.7,7,false,single_game_dominant,,2026-06-15T12:08:15.846821
8f160cdb253c12e9fb82eb3a663642ab,naverchzzk,,,,,,,,315,리그 오브 레전드,100.0,,0,,0,1,false,single_game_dominant,,2026-06-15T12:08:18.924393
76e7a77a5af36e4c3beb7f48480ef524,naverchzzk,,,,,,,,345,,0,,0,,0,0,unknown,no_category_data,,2026-06-15T12:08:23.835326
c57c5a8f92896dbcfe105bb2fed34c31,naverchzzk,,,,,,,,290,talk,32.5,리그 오브 레전드,28.2,승리의 여신: 니케,17.4,7,true,multi_game,,2026-06-15T12:08:25.845911
02b230bc3b415d55948408a43c2df47c,naverchzzk,,,,,,,,309,,0,,0,,0,0,unknown,no_category_data,,2026-06-15T12:08:29.138414
afe7bad3f54d9542cd3d0a30e38aa8ed,naverchzzk,,,,,,,,2612,러스트,69.0,음악/노래,12.3,서브노티카 2,7.9,6,false,single_game_or_non_game,,2026-06-15T12:08:33.623491
749a0e6bbc227a7a69206650415c2299,naverchzzk,,,,,,,,1768,talk,40.1,이환,24.7,명조:워더링 웨이브,11.2,13,false,single_game_or_non_game,,2026-06-15T12:08:33.926123
ca4e5a58c178e5b3a4e416ae02d6efd8,naverchzzk,,,,,,,,154,,0,,0,,0,0,unknown,no_category_data,,2026-06-15T12:08:35.921124
966417591c5f480f7191cc9efa1b3c61,naverchzzk,,,,,,,,671,FC온라인,49.5,talk,22.6,축구,17.5,7,true,multi_game,,2026-06-15T12:08:39.231586
0ece1bc8c36833356e6529760ad88bdf,naverchzzk,,,,,,,,1178,이스케이프 프롬 타르코프,90.5,리그 오브 레전드,5.2,종합 게임,3.8,5,false,single_game_dominant,,2026-06-15T12:08:40.845338
62ee26298f066ad977063381bca171dd,naverchzzk,,,,,,,,469,,0,,0,,0,0,unknown,no_category_data,,2026-06-15T12:08:42.670688
4285efe6e821ac60640d0d042f565885,naverchzzk,,,,,,,,548,사이퍼즈,61.6,PUBG: 배틀그라운드,12.8,마인크래프트,12.1,10,false,single_game_or_non_game,,2026-06-15T12:08:42.685435
a48d0a1dcb53ea410a030fb58abeea2e,naverchzzk,,,,,,,,181,에이펙스 레전드,36.3,몬스터 헌터 와일즈,15.1,발로란트,14.3,9,true,multi_game,,2026-06-15T12:08:47.616776
094c2a3382dede7a3272ca4170c96766,naverchzzk,,,,,,,,638,마인크래프트,68.8,talk,31.2,,0,2,false,single_game_or_non_game,,2026-06-15T12:08:48.351813
bba7a02542d2fd001e588e92962a94ff,naverchzzk,,,,,,,,563,슬레이 더 스파이어 2,26.4,마비노기 모바일,19.9,이환,13.4,9,true,multi_game,,2026-06-15T12:08:49.633614
b3133dad4749b2b5e4adce41f30b54ac,naverchzzk,,,,,,,,627,talk,55.5,음악/노래,10.1,명일방주: 엔드필드,5.9,17,false,talk_primary,,2026-06-15T12:08:52.220944
22e78aef7afbe31f2031fd4ed91d899c,naverchzzk,,,,,,,,621,,0,,0,,0,0,unknown,no_category_data,,2026-06-15T12:08:54.255066
824e65ca018315d90bd4447b959f4c3b,naverchzzk,,,,,,,,867,몬스터 헌터 와일즈,37.7,마인크래프트,28.8,007 퍼스트 라이트,15.2,5,true,multi_game,,2026-06-15T12:08:55.703300
44293d748d1b9a264823b0abce615f76,naverchzzk,,,,,,,,2190,철권 8,92.4,마인크래프트,3.1,종합 게임,1.8,7,false,single_game_dominant,,2026-06-15T12:08:59.972651
7047b7f6692653b088a7e546d8621c0a,naverchzzk,,,,,,,,844,,0,,0,,0,0,unknown,no_category_data,,2026-06-15T12:09:01.147915
f87705332f24ea4e6088b7b9c7a3e4aa,naverchzzk,,,,,,,,457,발로란트,63.8,talk,14.0,리그 오브 레전드,10.3,7,false,single_game_or_non_game,,2026-06-15T12:09:01.934358
546fd053fe8a9985cb7b3085022f139f,naverchzzk,,,,,,,,169,피크,62.5,딥 락 갤럭틱: 로그 코어,18.8,세피리아,12.5,6,true,multi_game,,2026-06-15T12:09:02.104055
1cd562729cafab25d8e54aedc91aa489,naverchzzk,,,,,,,,2683,승리의 여신: 니케,99.0,레이븐2,1.0,,0,2,false,single_game_dominant,,2026-06-15T12:09:03.492456
2fa2909f4a04ae84b7fcdffe0577befb,naverchzzk,,,,,,,,55,리그 오브 레전드,74.0,talk,18.4,종합 게임,7.7,3,false,single_game_or_non_game,,2026-06-15T12:09:05.022366
bf0c4bd2def01bcf995cdbed95cd1d48,naverchzzk,,,,,,,,623,,0,,0,,0,0,unknown,no_category_data,,2026-06-15T12:09:05.102265
bb9134e0cc7da2492782fa2dd2daa227,naverchzzk,,,,,,,,434,Once Human,61.5,에이펙스 레전드,23.4,마인크래프트,6.4,8,true,multi_game,,2026-06-15T12:09:05.176265
5ae455a4f5a276c052cf9b3ef62e7d0a,naverchzzk,,,,,,,,237,리그 오브 레전드,57.9,발헤임,14.3,서브노티카 2,11.0,7,false,single_game_or_non_game,,2026-06-15T12:09:05.336632
9dc49143dafbda1a6055861812d71d79,naverchzzk,,,,,,,,92,PUBG: 배틀그라운드,55.0,talk,31.8,이스케이프 더 백룸,9.3,4,false,single_game_or_non_game,,2026-06-15T12:09:08.874498
f71cba211f44891161354b53d33f3cee,naverchzzk,,,,,,,,90,,0,,0,,0,0,unknown,no_category_data,,2026-06-15T12:09:08.918475
e8ff504bacb0216638849e6a7932615a,naverchzzk,,,,,,,,1746,talk,74.0,드롭 앤 그로우,5.6,리그 오브 레전드,5.4,8,false,talk_primary,,2026-06-15T12:09:19.547611
23d9860c8f557f213f3b752114b86ab0,naverchzzk,,,,,,,,1063,talk,53.1,리그 오브 레전드,23.9,라이브러리안: 타이디 업 더 아케인 라이브러리!,6.8,9,false,talk_primary,,2026-06-15T12:09:19.681043
5d9fa195571b4d5bf84b8ec89e6300c6,naverchzzk,,,,,,,,50,종합 게임,100.0,,0,,0,1,true,gg_primary,,2026-06-15T12:09:20.064524
9a2e0d87f99658caee45a877712b40e2,naverchzzk,,,,,,,,1772,talk,78.9,림버스 컴퍼니,9.2,언젠가는 도착해,4.7,6,false,talk_primary,,2026-06-15T12:09:20.862083
22a7efd5bb1ed163f551a0fc1e00a944,naverchzzk,,,,,,,,472,,0,,0,,0,0,unknown,no_category_data,,2026-06-15T12:09:22.645703
48a7287b7387803823c221f02558b325,naverchzzk,,,,,,,,4002,talk,63.5,포켓로그,9.1,리그 오브 레전드,6.6,12,false,talk_primary,,2026-06-15T12:09:22.675976
77fba3c2b7008dce0482ea07d2b1a5d0,naverchzzk,,,,,,,,341,명일방주: 엔드필드,69.4,젠레스 존 제로,16.6,이환,8.8,7,true,multi_game,,2026-06-15T12:09:23.057150
0ffed1bd3c3f9bb300b8b2fd5e44e985,naverchzzk,,,,,,,,260,talk,39.9,발더스 게이트 3,19.5,커피 토크 도쿄,9.9,8,false,single_game_or_non_game,,2026-06-15T12:09:23.360450
85ce2199d9dc3afaf2c0f6cffa49e091,naverchzzk,,,,,,,,626,리그 오브 레전드,91.9,슬레이 더 스파이어 2,4.7,talk,2.8,4,false,single_game_dominant,,2026-06-15T12:09:23.536134
441c29d0a4c920e356d38cbf7e863b16,naverchzzk,,,,,,,,330,,0,,0,,0,0,unknown,no_category_data,,2026-06-15T12:09:34.422325
4d7e70fdc478704fa7aa4a8e8a78a2b2,naverchzzk,,,,,,,,285,talk,33.7,아이작의 번제: 리버스,22.1,리그 오브 레전드,11.0,14,false,single_game_or_non_game,,2026-06-15T12:09:37.183040
41b4502c36916213e87afdcbb3b76b7c,naverchzzk,,,,,,,,929,이나즈마 일레븐: 빅토리 로드,57.9,축구,12.0,talk,8.7,8,false,single_game_or_non_game,,2026-06-15T12:09:37.205341
6707cab3cd643608dc8e1436861e49e0,naverchzzk,,,,,,,,86,,0,,0,,0,0,unknown,no_category_data,,2026-06-15T12:09:37.429955
af3020cb002e71a138f0341c78087629,naverchzzk,,,,,,,,536,,0,,0,,0,0,unknown,no_category_data,,2026-06-15T12:09:37.810640
cbf4e8c0a64f2edc1820e3fd1ce6c5ef,naverchzzk,,,,,,,,523,헬다이버즈 2,30.7,블루 아카이브,19.1,talk,17.4,7,true,multi_game,,2026-06-15T12:09:38.010820
23a87b00ee75e7537b515b932b3a8250,naverchzzk,,,,,,,,322,메이플스토리,100.0,,0,,0,1,false,single_game_dominant,,2026-06-15T12:09:38.621541
2de969ed018d57e18e3c5302669471d9,naverchzzk,,,,,,,,235,림버스 컴퍼니,50.3,철권 8,20.6,디지몬 스토리 타임 스트레인저,17.1,8,true,multi_game,,2026-06-15T12:09:39.070344
3fefbab86746791039760a3ce516f1da,naverchzzk,,,,,,,,4676,음악/노래,81.4,마인크래프트,15.3,성세천하: 여제의 탄생 Ⅱ,1.9,4,false,single_game_dominant,,2026-06-15T12:09:39.102256
0f0c1a27a4a8872ed3d0d2dda0e0dfcd,naverchzzk,,,,,,,,1291,로스트아크,96.0,리그 오브 레전드,3.7,talk,0.3,3,false,single_game_dominant,,2026-06-15T12:09:43.391723
bacc5d8dbb7baf9abd7d3149a7aba26c,naverchzzk,,,,,,,,256,,0,,0,,0,0,unknown,no_category_data,,2026-06-15T12:09:54.540329
6435637f30b949db045deaca27ccaf71,naverchzzk,,,,,,,,1473,,0,,0,,0,0,unknown,no_category_data,,2026-06-15T12:09:54.565506
053833156f0c848768daf05e86d3e58f,naverchzzk,,,,,,,,285,,0,,0,,0,0,unknown,no_category_data,,2026-06-15T12:09:55.845174
8bff2ae47aa4829ebb004607e5911483,naverchzzk,,,,,,,,318,PUBG: 배틀그라운드,32.8,리그 오브 레전드,27.4,발로란트,8.9,15,true,multi_game,,2026-06-15T12:09:56.673348
795ff81188663f540f8d0a27716a2baf,naverchzzk,,,,,,,,422,이터널 리턴,23.7,바이오하자드 빌리지,17.9,메이플스토리 월드,17.2,11,true,multi_game,,2026-06-15T12:09:56.835648
8f433fe01faac742a5cf0819e42397de,naverchzzk,,,,,,,,2400,talk,64.2,페이트/스테이 나이트 리마스터드,12.2,붕괴: 스타레일,8.4,8,false,talk_primary,,2026-06-15T12:09:57.290563
941d6e73cc1479b84f0eff27d2a713d8,naverchzzk,,,,,,,,198,명조:워더링 웨이브,55.6,마비노기 모바일,24.9,블루 아카이브,11.4,7,true,multi_game,,2026-06-15T12:09:57.524447
852d72dc2f3bcd8baf50ff43f946aaf7,naverchzzk,,,,,,,,443,talk,43.0,마법소녀의 마녀재판,20.9,쓰리폴드 리사이틀,10.0,9,false,single_game_or_non_game,,2026-06-15T12:09:57.750229
191439a4bb31ed5928f8bc9857896096,naverchzzk,,,,,,,,1208,이터널 리턴,100.0,,0,,0,1,false,single_game_dominant,,2026-06-15T12:09:57.869350
e3e92e40875894e5ea26b5c01c19d146,naverchzzk,,,,,,,,166,,0,,0,,0,0,unknown,no_category_data,,2026-06-15T12:10:12.269621
a2ca7c452c731c2e871ab1c1ecbd90c5,naverchzzk,,,,,,,,14157,talk,90.3,음악/노래,6.4,리그 오브 레전드,3.3,3,false,talk_primary,,2026-06-15T12:10:12.493542
3228c6d90169d024c67969b4e5d54b18,naverchzzk,,,,,,,,8200,,0,,0,,0,0,unknown,no_category_data,,2026-06-15T12:10:13.873229
c111e956a35ccdbee2b0f140b27f6c26,naverchzzk,,,,,,,,423,talk,56.3,오버워치,15.1,멧챠 카멜레온,13.1,6,false,talk_primary,,2026-06-15T12:10:14.523419
7954e98ff81b6e4b85d9321aa6286c46,naverchzzk,,,,,,,,4976,talk,55.8,ASMR,17.2,PUBG: 배틀그라운드,13.0,6,false,talk_primary,,2026-06-15T12:10:14.590070
ae36c0e59619e66308b90db60c81057d,naverchzzk,,,,,,,,497,talk,38.4,승리의 여신: 니케,15.2,마인크래프트,6.9,20,false,single_game_or_non_game,,2026-06-15T12:10:15.531512
1fe72956a93536dde7aa15b032d099ce,naverchzzk,,,,,,,,913,메이플스토리 월드,45.4,talk,40.3,마인크래프트,7.8,4,false,single_game_or_non_game,,2026-06-15T12:10:15.907199
eb53e1d2227815f902cd3432a7b6f5a1,naverchzzk,,,,,,,,617,talk,46.3,비세라 클린업 디테일,27.1,마인크래프트,18.9,7,true,multi_game,,2026-06-15T12:10:16.102745
451758d2f5fdf831c7650d717e379560,naverchzzk,,,,,,,,1060,로스트아크,76.9,talk,6.7,명조:워더링 웨이브,3.5,9,false,single_game_or_non_game,,2026-06-15T12:10:16.112557
6270dc347e41a97e05a96d9e8c40eb9d,naverchzzk,,,,,,,,538,,0,,0,,0,0,unknown,no_category_data,,2026-06-15T12:10:33.830905
110ecad2b231535d8e21bd89af13eea1,naverchzzk,,,,,,,,1559,talk,52.6,마인크래프트,31.2,리그 오브 레전드,5.0,11,false,talk_primary,,2026-06-15T12:10:34.456707
415d7a1bca2a5135f08aeb550a6192da,naverchzzk,,,,,,,,305,,0,,0,,0,0,unknown,no_category_data,,2026-06-15T12:10:36.102679
1ffdb3ed8773b0c05ced31030c8657e4,naverchzzk,,,,,,,,171,talk,35.0,퍼니싱 : 그레이 레이븐,9.2,브라운더스트2,9.0,18,false,single_game_or_non_game,,2026-06-15T12:10:39.870137
5391035642214e04081604dbc33fd7d4,naverchzzk,,,,,,,,1122,로스트아크,44.9,붉은사막,42.7,바이오하자드 레퀴엠,11.2,4,true,multi_game,,2026-06-15T12:10:39.953640
d288cb4e5f9bc93986b7afdb00aae46c,naverchzzk,,,,,,,,2477,talk,47.1,음악/노래,36.3,겟팅 오버 잇 위드 베넷 포디,7.5,9,false,single_game_or_non_game,,2026-06-15T12:10:40.001548
ce0b7f7d7a7bf5897cf19367448bd67f,naverchzzk,,,,,,,,448,PUBG: 배틀그라운드,38.9,발로란트,22.2,talk,15.8,7,true,multi_game,,2026-06-15T12:10:40.395197
9f343c34d084a4e035e365790279627f,naverchzzk,,,,,,,,1453,작혼: 리치 마작,93.8,리그 오브 레전드,3.8,이터널 리턴,2.4,3,false,single_game_dominant,,2026-06-15T12:10:40.529552
78fa776c1b762b62ee3f72fda8f1b3c2,naverchzzk,,,,,,,,1778,talk,92.3,서브노티카 2,7.1,이터널 리턴,0.4,4,false,talk_primary,,2026-06-15T12:10:41.379408
6add9423354e28e5047b3c77da614f67,naverchzzk,,,,,,,,245,리그 오브 레전드,66.7,이터널 리턴,33.3,,0,2,true,multi_game,,2026-06-15T12:10:45.386528
53274cc133b93bba4c0cb573e59bdacd,naverchzzk,,,,,,,,468,로스트아크,55.1,마인크래프트,19.6,talk,10.0,10,true,multi_game,,2026-06-15T12:10:46.746315
b7869b00aa4b7198a358284a7ea99ed2,naverchzzk,,,,,,,,191,,0,,0,,0,0,unknown,no_category_data,,2026-06-15T12:10:47.708578
5549861ea5ba9ffd108319c10381f6e3,naverchzzk,,,,,,,,578,,0,,0,,0,0,unknown,no_category_data,,2026-06-15T12:10:55.699583
ef583c6e4386c35b38e5e5f60ae26759,naverchzzk,,,,,,,,272,,0,,0,,0,0,unknown,no_category_data,,2026-06-15T12:10:55.842261
b394c8188cc29b6ea41070a27bbe560e,naverchzzk,,,,,,,,97,이환,69.8,트릭컬 리바이브,14.0,에픽세븐,9.3,5,false,single_game_or_non_game,,2026-06-15T12:11:02.289178
7a3b0817ebf0028cb47e12c0d5a07eef,naverchzzk,,,,,,,,349,talk,68.1,마인크래프트,21.3,음악/노래,3.8,6,false,talk_primary,,2026-06-15T12:11:02.884467
908d67271e6f751e12c7f9ad6e6c2ace,naverchzzk,,,,,,,,975,리그 오브 레전드,35.0,PUBG: 배틀그라운드,33.4,talk,8.8,9,true,multi_game,,2026-06-15T12:11:03.424964
1659201d9fabaf57a5089ccb9ee469d2,naverchzzk,,,,,,,,1636,로스트아크,82.4,007 퍼스트 라이트,8.1,종합 게임,3.2,7,false,single_game_dominant,,2026-06-15T12:11:04.222510
53af844554ee2ae476d3eb74cfa069ea,naverchzzk,,,,,,,,576,마비노기 모바일,58.3,성세천하: 여제의 탄생 Ⅱ,15.7,젠레스 존 제로,11.6,5,true,multi_game,,2026-06-15T12:11:04.576676
d9317dcda6cc460dd4fc1ef454d84077,naverchzzk,,,,,,,,364,talk,59.0,드래곤 퀘스트 XI S 지나간 시간을 찾아서 - Definitive Edition,15.8,타이드 업,5.0,11,false,talk_primary,,2026-06-15T12:11:06.594116
a9637cf4d2e4117eb4a50c927b56b97e,naverchzzk,,,,,,,,533,아이온2,53.3,오버워치,13.3,CoA: 아틀란의 크리스탈,13.3,7,false,single_game_or_non_game,,2026-06-15T12:11:06.696685
31fb31089ec6bd4f655b9040e8cf9415,naverchzzk,,,,,,,,1897,오버워치,42.1,림버스 컴퍼니,24.1,talk,17.1,7,true,multi_game,,2026-06-15T12:11:08.373968
a11bb986177616916beb3d346f84d554,naverchzzk,,,,,,,,973,발로란트,54.7,리그 오브 레전드,15.9,종합 게임,12.6,8,true,multi_game,,2026-06-15T12:11:08.536035
b555cef93c9f9b8ba20b092dde3e2669,naverchzzk,,,,,,,,202,,0,,0,,0,0,unknown,no_category_data,,2026-06-15T12:11:10.589078
dd773cb686b2ee7dc6da4e9ee796ecce,naverchzzk,,,,,,,,109,,0,,0,,0,0,unknown,no_category_data,,2026-06-15T12:11:16.332798
771a94741384ef392a54da69f72c65ad,naverchzzk,,,,,,,,179,,0,,0,,0,0,unknown,no_category_data,,2026-06-15T12:11:16.406954
ecbc7a080c7aa93c77ab6658357d5809,naverchzzk,,,,,,,,296,talk,32.8,스트레이,26.7,음악/노래,16.0,7,true,multi_game,,2026-06-15T12:11:16.582210
6b3743c71cfad98c66a9f89648b37d4a,naverchzzk,,,,,,,,356,talk,44.3,활협전,36.1,이터널 리턴,10.5,6,false,single_game_or_non_game,,2026-06-15T12:11:18.658808
d61d11b4bd8385557b03b825810621f1,naverchzzk,,,,,,,,979,PUBG: 배틀그라운드,98.5,talk,1.5,,0,2,false,single_game_dominant,,2026-06-15T12:11:20.292661
72f143ecffd8a89ccc950e54b7afaa78,naverchzzk,,,,,,,,538,,0,,0,,0,0,unknown,no_category_data,,2026-06-15T12:11:21.054895
f3e42d9ab5b53fd405206cbb01b85cb9,naverchzzk,,,,,,,,568,이터널 리턴,37.6,마법소녀의 마녀재판,27.7,talk,22.4,6,true,multi_game,,2026-06-15T12:11:22.692218
449526608cd638cc6303fa19c6fe5b80,naverchzzk,,,,,,,,576,월드 오브 탱크,38.7,이스케이프 프롬 타르코프,32.7,talk,16.1,4,true,multi_game,,2026-06-15T12:11:22.703243
d56a53aa845aeb65d3e32b2cd8be6c62,naverchzzk,,,,,,,,1827,talk,60.6,몬스터 헌터 와일즈,10.2,붉은사막,8.5,13,false,talk_primary,,2026-06-15T12:11:23.734594
065baa228d3cd62d06372a969cebb5e5,naverchzzk,,,,,,,,227,,0,,0,,0,0,unknown,no_category_data,,2026-06-15T12:11:26.285066
feb11cef0070c35e156a914570117a05,naverchzzk,,,,,,,,223,로스트아크,91.1,스타듀 밸리,3.9,라이어 게임,3.2,5,false,single_game_dominant,,2026-06-15T12:11:27.051955
93a593a785478071493e9a9932a9a489,naverchzzk,,,,,,,,963,메이플스토리,74.0,롬스테드,6.1,메이플스토리 월드,3.5,12,false,single_game_or_non_game,,2026-06-15T12:11:27.451623
e5a577c1fb8172d875f889c0b7b21204,naverchzzk,,,,,,,,8,,0,,0,,0,0,unknown,no_category_data,,2026-06-15T12:11:27.896862
8d695e2da7d78f54e3e4f407490a3b0c,naverchzzk,,,,,,,,255,,0,,0,,0,0,unknown,no_category_data,,2026-06-15T12:11:28.436408
25d1ed8c3df10e2f60cbeb0fda73ad7e,naverchzzk,,,,,,,,729,PUBG: 배틀그라운드,48.6,오버워치,15.0,던전앤파이터,15.0,10,true,multi_game,,2026-06-15T12:11:33.659253
4893fc6258a01dd7848b64f50d1a8b01,naverchzzk,,,,,,,,86,,0,,0,,0,0,unknown,no_category_data,,2026-06-15T12:11:36.133416
82557b052c897ff86eb8c6707ce4d857,naverchzzk,,,,,,,,2258,,0,,0,,0,0,unknown,no_category_data,,2026-06-15T12:11:40.177214
9da4321f21f1133b4f868eb01a848a5f,naverchzzk,,,,,,,,623,talk,55.8,셰이프 오브 드림즈,7.3,서브노티카 2,5.6,16,false,talk_primary,,2026-06-15T12:11:40.305006
d524239acc096d671f43aeb253aee6ad,naverchzzk,,,,,,,,689,,0,,0,,0,0,unknown,no_category_data,,2026-06-15T12:11:40.580094
013a83076662e07b44660c295073fb63,naverchzzk,,,,,,,,1346,로스트아크,50.8,talk,18.2,발로란트,8.1,11,false,single_game_or_non_game,,2026-06-15T12:11:41.009139
79909ed0e8471fd0e755db2b09dcecb3,naverchzzk,,,,,,,,707,스트리트 파이터 6,33.8,에이펙스 레전드,23.0,talk,16.5,7,true,multi_game,,2026-06-15T12:11:41.917447
ee51720e2dd7bf30bf21f8a2fc7adf06,naverchzzk,,,,,,,,854,메이플스토리 월드,28.3,talk,27.3,리그 오브 레전드,20.5,12,true,multi_game,,2026-06-15T12:11:43.867879
c8fc5d915122865ea25ca07e36f8e3f8,naverchzzk,,,,,,,,1020,PUBG: 배틀그라운드,100.0,,0,,0,1,false,single_game_dominant,,2026-06-15T12:11:44.184412
4851d27722fafc6cfc3d9d1a7cf2d2b9,naverchzzk,,,,,,,,201,오버워치,34.6,리그 오브 레전드,15.9,talk,11.4,16,true,multi_game,,2026-06-15T12:11:45.630746
6b8b170a27384ae583a627d936b93492,naverchzzk,,,,,,,,443,talk,85.3,명조:워더링 웨이브,14.7,,0,2,false,talk_primary,,2026-06-15T12:11:46.505417
8d315eea5fae7e921232b2d68354d965,naverchzzk,,,,,,,,172,talk,48.2,툼 레이더,18.1,돈 스타브 투게더,18.1,6,true,multi_game,,2026-06-15T12:11:54.369988
60f3f89e2608dbd1ef50a9a160feb51c,naverchzzk,,,,,,,,191,,0,,0,,0,0,unknown,no_category_data,,2026-06-15T12:11:54.734983
b8392ba478d6e30ad7c8c4db14f5abd3,naverchzzk,,,,,,,,440,마인크래프트,36.3,컴투스프로야구V26,20.1,PUBG: 배틀그라운드,16.6,12,true,multi_game,,2026-06-15T12:11:58.343376
be4033e6e983147a8179c6e8ad35daf5,naverchzzk,,,,,,,,313,,0,,0,,0,0,unknown,no_category_data,,2026-06-15T12:12:02.345853
2b5aaa4338e24b0d2e6578dd7c43435e,naverchzzk,,,,,,,,124,,0,,0,,0,0,unknown,no_category_data,,2026-06-15T12:12:02.591202
cfe9cd69567d7438513f916cb8af8224,naverchzzk,,,,,,,,702,talk,63.3,윈드로즈,10.7,PUBG: 배틀그라운드,10.6,7,false,talk_primary,,2026-06-15T12:12:03.761450
ef15709d3b7cf9a20675ff6a3d9355bd,naverchzzk,,,,,,,,150,종합 게임,40.7,talk,35.5,그림/아트,12.5,6,true,gg_primary,,2026-06-15T12:12:04.859076
c7da7cb81073ab148e664170be2ac9f3,naverchzzk,,,,,,,,1517,포켓몬 챔피언스,100.0,,0,,0,1,false,single_game_dominant,,2026-06-15T12:12:07.068078
2c0cfb428f628488fd0abfbbc658be81,naverchzzk,,,,,,,,931,이터널 리턴,97.3,바바 이즈 유,1.9,리그 오브 레전드,0.4,4,false,single_game_dominant,,2026-06-15T12:12:07.707057
57c4a7d11944df0e18daa04e4b1bc78b,naverchzzk,,,,,,,,320,,0,,0,,0,0,unknown,no_category_data,,2026-06-15T12:12:07.754244
22b8006a9c9a44e20bae6c2b573b9bce,naverchzzk,,,,,,,,314,talk,100.0,,0,,0,1,false,talk_primary,,2026-06-15T12:12:08.225498
af605b612bb6d2c5ae4f8219f496a32b,naverchzzk,,,,,,,,568,,0,,0,,0,0,unknown,no_category_data,,2026-06-15T12:12:09.396598
7ea470fb30de782c01c6ff818cdaf08e,naverchzzk,,,,,,,,24,,0,,0,,0,0,unknown,no_category_data,,2026-06-15T12:12:20.658302
d79e1e68ccd96898a226c1d3507e01b2,naverchzzk,,,,,,,,125,talk,28.1,종합 게임,25.0,디트로이트: 비컴 휴먼,21.9,5,true,multi_game,,2026-06-15T12:12:23.182650
4fa3eeb416702b73e0d3dab27f1051ed,naverchzzk,,,,,,,,631,,0,,0,,0,0,unknown,no_category_data,,2026-06-15T12:12:23.848053
4daecd525bf43a58c8b1f15263b5b9a5,naverchzzk,,,,,,,,773,talk,36.8,마인크래프트,36.0,서브노티카 2,9.3,11,false,single_game_or_non_game,,2026-06-15T12:12:24.616736
0125f4e7579b44e772e53fe5c5f74a17,naverchzzk,,,,,,,,404,talk,43.5,이터널 리턴,42.0,작혼: 리치 마작,13.0,4,false,single_game_or_non_game,,2026-06-15T12:12:24.907299
eb22d77351debeb7815706bb32479dc4,naverchzzk,,,,,,,,519,승리의 여신: 니케,58.6,명조:워더링 웨이브,27.7,갓 오브 워,5.2,6,true,multi_game,,2026-06-15T12:12:26.178491
944b6eabe666d957d90581b412ba5fa0,naverchzzk,,,,,,,,1021,talk,47.1,서브노티카 2,14.9,PUBG: 배틀그라운드,8.1,10,false,single_game_or_non_game,,2026-06-15T12:12:26.709518
8349b0dd78a79a63ae45ee52befa8238,naverchzzk,,,,,,,,260,talk,100.0,,0,,0,1,false,talk_primary,,2026-06-15T12:12:26.774185
13146b286a730297d7938bcbc1999a3d,naverchzzk,,,,,,,,955,로스트아크,61.7,talk,12.1,메이플스토리,10.7,8,false,single_game_or_non_game,,2026-06-15T12:12:26.930068
e356a0800bcc246818c4746c70c170c6,naverchzzk,,,,,,,,309,,0,,0,,0,0,unknown,no_category_data,,2026-06-15T12:12:28.541582
9a08a3109704b60fe6da067b404b058f,naverchzzk,,,,,,,,66,,0,,0,,0,0,unknown,no_category_data,,2026-06-15T12:12:31.334260
33c9f00cacdef3f99c4ae06d285cab44,naverchzzk,,,,,,,,225,,0,,0,,0,0,unknown,no_category_data,,2026-06-15T12:12:32.391102
68b6562e95bc0321b69635c3efce263f,naverchzzk,,,,,,,,630,,0,,0,,0,0,unknown,no_category_data,,2026-06-15T12:12:41.054993
2eed456b26210e8ea67149dd5ce56398,naverchzzk,,,,,,,,441,talk,29.1,파이널판타지14,28.9,그림/아트,27.5,6,false,single_game_or_non_game,,2026-06-15T12:12:43.480670
2d342e8651cabc93ee3587992c614cbe,naverchzzk,,,,,,,,318,소울마스크,70.8,오버워치,16.4,이환,9.7,4,true,multi_game,,2026-06-15T12:12:46.025954
86c0c9db3384bb2ff29ec3550baa71ca,naverchzzk,,,,,,,,376,,0,,0,,0,0,unknown,no_category_data,,2026-06-15T12:12:46.379298
5b5123770ffc827fa7f98a8faccb7541,naverchzzk,,,,,,,,784,승리의 여신: 니케,23.2,마비노기 모바일,22.6,이환,16.2,12,true,multi_game,,2026-06-15T12:12:46.715331
eba2a7b99318378a98c5f7c380b0ae5d,naverchzzk,,,,,,,,706,talk,47.5,파스모포비아,26.3,PUBG: 배틀그라운드,6.9,9,false,single_game_or_non_game,,2026-06-15T12:12:47.045497
b54cfe1c3b4ad6bc6c3cf3bc9f3c1eaf,naverchzzk,,,,,,,,253,talk,48.7,오버워치,11.7,종합 게임,10.9,8,false,single_game_or_non_game,,2026-06-15T12:12:47.289667
76fd7201ae8624d56738ed716925e6c3,naverchzzk,,,,,,,,883,talk,28.0,마인크래프트,18.3,바이오하자드 빌리지,10.6,13,false,single_game_or_non_game,,2026-06-15T12:12:47.336812
764db36a765da6630c6a6492c2fdaa60,naverchzzk,,,,,,,,676,발로란트,21.9,음악/노래,18.8,talk,17.2,15,true,multi_game,,2026-06-15T12:12:48.151153
24eef70586192ec0dcc5df0df2a56b16,naverchzzk,,,,,,,,1421,음악/노래,77.2,talk,12.4,갬블 위드 유어 프렌즈,8.1,5,false,single_game_or_non_game,,2026-06-15T12:12:49.788992
20e1a712e2b47f1e709fecae3c746f32,naverchzzk,,,,,,,,838,전략적 팀 전투 : 우주의 신들,33.9,리그 오브 레전드,26.7,talk,20.8,11,true,multi_game,,2026-06-15T12:12:52.439520
cb13d29a338a41ec6bab81375651a0a3,naverchzzk,,,,,,,,634,로스트아크,67.0,PUBG: 배틀그라운드,22.0,구스 구스 덕,5.5,5,true,multi_game,,2026-06-15T12:13:04.514079
f2462d6a6b441d51f0de46c975edff51,naverchzzk,,,,,,,,1755,리그 오브 레전드,28.9,로스트아크,27.5,talk,26.8,9,true,multi_game,,2026-06-15T12:13:06.240229
c13f53c480b839e5ef1835df2580596a,naverchzzk,,,,,,,,207,,0,,0,,0,0,unknown,no_category_data,,2026-06-15T12:13:07.141885
75c11b2218ac0bf636cf7a8a338d1fbd,naverchzzk,,,,,,,,97,,0,,0,,0,0,unknown,no_category_data,,2026-06-15T12:13:08.039920
a8ebc47eafe8da6e4d0d2a97d859ad98,naverchzzk,,,,,,,,325,Once Human,61.6,새티스팩토리,33.3,나마코리움,2.0,6,true,multi_game,,2026-06-15T12:13:08.812383
7b91cca880956e913e249d4593cef17b,naverchzzk,,,,,,,,572,talk,32.3,마인크래프트,15.9,리그 오브 레전드,9.2,12,false,single_game_or_non_game,,2026-06-15T12:13:10.083407
521213ab6afb56440c9a713f9457c3de,naverchzzk,,,,,,,,1114,talk,35.2,마인크래프트,14.2,명조:워더링 웨이브,8.0,21,false,single_game_or_non_game,,2026-06-15T12:13:10.811741
8a329255165b5b494ac50029d62a9799,naverchzzk,,,,,,,,1396,talk,32.3,리그 오브 레전드,19.9,에코,9.8,17,false,single_game_or_non_game,,2026-06-15T12:13:11.088395
936f12f973a2e9d306150bfb327cb952,naverchzzk,,,,,,,,186,음악/노래,70.0,talk,30.0,,0,2,false,single_game_or_non_game,,2026-06-15T12:13:12.089013
2b8f1ada8541a956154c6e0b313916c6,naverchzzk,,,,,,,,1569,로스트아크,100.0,,0,,0,1,false,single_game_dominant,,2026-06-15T12:13:15.880852
0fecf8c3b4e331bef19afa34c6da6680,naverchzzk,,,,,,,,309,,0,,0,,0,0,unknown,no_category_data,,2026-06-15T12:13:22.960258
8082ad10e3149c4022e2cbc0c3ba2776,naverchzzk,,,,,,,,580,,0,,0,,0,0,unknown,no_category_data,,2026-06-15T12:13:27.432240
ddd8e6c3607c0aa9c30f9d498927f004,naverchzzk,,,,,,,,875,talk,98.6,종합 게임,0.7,더 다크 퀸 오브 모르솔름,0.5,4,false,talk_primary,,2026-06-15T12:13:28.936064
a73727e49e8f3e37155b1abe8651181a,naverchzzk,,,,,,,,176,마인크래프트,32.1,talk,25.5,리그 오브 레전드,21.2,9,true,multi_game,,2026-06-15T12:13:30.304367
24aac5ad215f80fbc92395532695cb81,naverchzzk,,,,,,,,242,,0,,0,,0,0,unknown,no_category_data,,2026-06-15T12:13:30.957284
85c8393903d36e694eee9c43e783beda,naverchzzk,,,,,,,,776,talk,61.7,이터널 리턴,12.4,프래그마타,4.6,13,false,talk_primary,,2026-06-15T12:13:32.379360
a639227231fc64bcfa7490c3706a347a,naverchzzk,,,,,,,,241,talk,63.6,종합 게임,20.4,이환,13.0,5,false,talk_primary,,2026-06-15T12:13:32.770981
d6ea339bbdde8708184e732b6c60bf61,naverchzzk,,,,,,,,1167,리그 오브 레전드,55.8,마인크래프트,21.5,에이리언: 아이솔레이션,4.7,11,true,multi_game,,2026-06-15T12:13:33.119232
f5afb49d74223ac2fafeddd325b7014f,naverchzzk,,,,,,,,181,마인크래프트,25.0,파스모포비아,18.8,파피 플레이타임,18.1,6,true,multi_game,,2026-06-15T12:13:33.714419
3081b4db8cb8b6c1de194b66a5b81a67,naverchzzk,,,,,,,,3125,PUBG: 배틀그라운드,35.2,talk,18.3,에코,13.2,12,false,single_game_or_non_game,,2026-06-15T12:13:40.580340
8d565500b710f66cffc6916199afa920,naverchzzk,,,,,,,,313,,0,,0,,0,0,unknown,no_category_data,,2026-06-15T12:13:45.939543
56e51511c247955e297b619ec877be46,naverchzzk,,,,,,,,1420,talk,100.0,,0,,0,1,false,talk_primary,,2026-06-15T12:13:46.460593
8683b0eba193a5818a33bd38dfc16bcb,naverchzzk,,,,,,,,304,오버워치,60.3,talk,27.0,종합 게임,5.6,7,false,single_game_or_non_game,,2026-06-15T12:13:47.203492
d953aa2184f14387dc3503f9b4d2923f,naverchzzk,,,,,,,,1172,오버워치,83.5,발로란트,16.5,,0,2,false,single_game_dominant,,2026-06-15T12:13:49.230682
585d40dcaf703b6f39701fc395afe3e1,naverchzzk,,,,,,,,533,바이오하자드 빌리지,28.9,바이오하자드 7 레지던트 이블,19.6,서브노티카 2,15.8,9,true,multi_game,,2026-06-15T12:13:50.485424
bd65f9179d0d66b928cf01437fe8c8ad,naverchzzk,,,,,,,,575,마작일번가,47.6,talk,30.2,이터널 리턴,22.2,3,true,multi_game,,2026-06-15T12:13:50.707288
71612be3cc20425bbbf438e2a5386896,naverchzzk,,,,,,,,593,PUBG: 배틀그라운드,48.5,메이플스토리,34.1,돈 스타브 투게더,6.1,9,true,multi_game,,2026-06-15T12:13:55.541872
aa9966613af9d12d268c9bebaeba3462,naverchzzk,,,,,,,,4166,프래그마타,49.9,talk,18.9,철권 8,16.0,4,true,multi_game,,2026-06-15T12:13:57.015583
17ad041d3d2b8f86741818d6978e4aef,naverchzzk,,,,,,,,226,,0,,0,,0,0,unknown,no_category_data,,2026-06-15T12:14:02.547072
7aff3b4288d45b95d8c0a561b0cced86,naverchzzk,,,,,,,,1537,마인크래프트,52.3,디지몬마스터즈,36.5,talk,5.1,7,true,multi_game,,2026-06-15T12:14:05.914382
ea9d93fef6ffdf28540ddebab7622bdf,naverchzzk,,,,,,,,838,리그 오브 레전드,97.3,종합 게임,1.8,오버워치,0.5,5,false,single_game_dominant,,2026-06-15T12:14:12.653425
2e326897d746ef81de7cd246fe68384e,naverchzzk,,,,,,,,304,,0,,0,,0,0,unknown,no_category_data,,2026-06-15T12:14:14.153733
4a53ae9ce30c4485aaf14a664727b78b,naverchzzk,,,,,,,,1121,메이플스토리 월드,100.0,,0,,0,1,false,single_game_dominant,,2026-06-15T12:14:14.665188
d6d0319ac410d079a3523e5832c2ec4b,naverchzzk,,,,,,,,480,메이플스토리 월드,29.2,마비노기 모바일,28.0,마인크래프트,16.6,11,true,multi_game,,2026-06-15T12:14:14.716641
6d9cf02522bebea2d8bc220a2f7d1913,naverchzzk,,,,,,,,424,파이널판타지14,60.6,talk,10.8,명일방주: 엔드필드,8.6,8,false,single_game_or_non_game,,2026-06-15T12:14:16.393662
42f2c375cc22e2378b210e53f78a39bd,naverchzzk,,,,,,,,413,그림/아트,70.6,마인크래프트,17.8,워 썬더,7.8,4,false,single_game_or_non_game,,2026-06-15T12:14:18.224441
4c2a1e1999e45718c3530544fcc91eaf,naverchzzk,,,,,,,,117,러시안 피싱 4,84.9,서브노티카,7.9,종합 게임,7.2,3,false,single_game_dominant,,2026-06-15T12:14:20.242150
d10b395ec5e8eb56b8aec61db1ff91e2,naverchzzk,,,,,,,,1776,PUBG: 배틀그라운드,77.0,마인크래프트,18.1,데드 바이 데이라이트,3.2,5,true,multi_game,,2026-06-15T12:14:25.726022
1027171a15c91ed71ce5090bc10fe75c,naverchzzk,,,,,,,,903,talk,77.1,종합 게임,7.6,스플래툰 3,5.3,8,false,talk_primary,,2026-06-15T12:14:31.325243
78825d8640f8ed77b1b088a14b70d1ba,naverchzzk,,,,,,,,14,,0,,0,,0,0,unknown,no_category_data,,2026-06-15T12:14:31.986576
39a3832606836a81f6ac268643050f73,naverchzzk,,,,,,,,626,talk,24.7,마인크래프트,14.7,짱구는 못말려 「탄광마을의 흰둥이」,14.2,12,false,single_game_or_non_game,,2026-06-15T12:14:32.022861
2ace8e7130c14b55b6efd7996378b997,naverchzzk,,,,,,,,890,talk,100.0,,0,,0,1,false,talk_primary,,2026-06-15T12:14:33.379447
b678a410df31bdda0c3c4168c1f070aa,naverchzzk,,,,,,,,215,오버워치,58.6,딩컴,25.7,종합 게임,15.7,3,true,multi_game,,2026-06-15T12:14:35.239180
37d19f51a6779be04d096130cf2c2240,naverchzzk,,,,,,,,568,talk,61.9,칼파,31.8,osu!,4.2,4,false,talk_primary,,2026-06-15T12:14:35.711738
01cf5e3e9dc4bfcb1f515bcae6903bc1,naverchzzk,,,,,,,,2870,유로 트럭 시뮬레이터 2,64.8,종합 게임,8.3,두근두근타운,7.4,12,false,single_game_or_non_game,,2026-06-15T12:14:36.458395
2014179b9496d0b2f30eb958216dac6e,naverchzzk,,,,,,,,51,talk,67.2,이터널 리턴,21.2,드래곤볼 더 브레이커즈,7.3,4,false,talk_primary,,2026-06-15T12:14:36.925106
076dbf96f1a885062235d406c43a781b,naverchzzk,,,,,,,,368,음악/노래,100.0,,0,,0,1,false,single_game_dominant,,2026-06-15T12:14:37.571345
457bfedd36a47fa58f6842eaa3c4db52,naverchzzk,,,,,,,,289,,0,,0,,0,0,unknown,no_category_data,,2026-06-15T12:14:46.019052
1c93bf6c83c6ae475cbf204c9271b683,naverchzzk,,,,,,,,426,,0,,0,,0,0,unknown,no_category_data,,2026-06-15T12:14:47.275641
75fdfbf856b60b4686dc5c893f6ee24e,naverchzzk,,,,,,,,437,,0,,0,,0,0,unknown,no_category_data,,2026-06-15T12:14:48.831336
9d2d1bcf0d458775ff555d8d8979ffba,naverchzzk,,,,,,,,987,이환,44.9,리그 오브 레전드,16.4,연운,9.8,10,true,multi_game,,2026-06-15T12:14:50.016985
a852f3e66562873339efc7f0055aa039,naverchzzk,,,,,,,,142,talk,39.5,종합 게임,26.3,이터널 리턴,19.3,6,true,multi_game,,2026-06-15T12:14:50.225004
38d4c9fd6ac2ad0689ae53b061c5374c,naverchzzk,,,,,,,,5672,,0,,0,,0,0,unknown,no_category_data,,2026-06-15T12:14:50.689493
274c0f98f4ae99ff198e4986052559c1,naverchzzk,,,,,,,,493,,0,,0,,0,0,unknown,no_category_data,,2026-06-15T12:14:51.105427
ad76ff80ba1ff8ff44389bfc63b4748f,naverchzzk,,,,,,,,1677,메이플스토리 월드,53.2,리그 오브 레전드,24.1,PUBG: 배틀그라운드,16.7,7,true,multi_game,,2026-06-15T12:14:51.687902
1c7b7019482efba3abfdc88aa6139f8f,naverchzzk,,,,,,,,2119,톰 클랜시의 더 디비전 2,52.1,마인크래프트,13.7,Grand Theft Auto V,6.2,24,false,single_game_or_non_game,,2026-06-15T12:14:53.443578
908a64058b303fbb6142a4e3e5a6c85d,naverchzzk,,,,,,,,1322,리그 오브 레전드,57.3,마인크래프트,20.9,피크,7.7,8,true,multi_game,,2026-06-15T12:15:02.523270
a50ffeffe0f6cf0bcf1aff92ba27cca6,naverchzzk,,,,,,,,388,talk,53.5,발로란트,32.3,오버워치,5.1,6,false,talk_primary,,2026-06-15T12:15:05.858934
d8e111171d72d2babaf0f40471356fa9,naverchzzk,,,,,,,,1265,서브노티카 2,35.8,메이플스토리 월드,24.6,페이데이 2,14.4,9,true,multi_game,,2026-06-15T12:15:06.553538
97c9de316a6d7bb0d96b20eed5166664,naverchzzk,,,,,,,,2891,talk,85.7,에브리씽 이즈 크랩: 동물 진화 로그라이트,5.9,프래그마타,3.8,6,false,talk_primary,,2026-06-15T12:15:09.014781
0c535f83071853cb346c88cce1720f4e,naverchzzk,,,,,,,,538,마인크래프트,29.4,talk,24.4,리그 오브 레전드,18.8,21,true,multi_game,,2026-06-15T12:15:10.483262
42ea0f7df99c77dd9b2d57be68602297,naverchzzk,,,,,,,,995,음악/노래,100.0,,0,,0,1,false,single_game_dominant,,2026-06-15T12:15:10.998734
a3ab6ee10b7c36d9242f06417a19142f,naverchzzk,,,,,,,,80,명조:워더링 웨이브,58.4,스트리트 파이터 6,19.7,블루 아카이브,13.9,4,true,multi_game,,2026-06-15T12:15:11.355309
162ef3e0380ad4fdd599c06659516484,naverchzzk,,,,,,,,385,로스트아크,98.9,전략적 팀 전투 : 우주의 신들,1.0,talk,0.1,3,false,single_game_dominant,,2026-06-15T12:15:11.783426
b23b945f6c4df3a58f7870c4380dc40b,naverchzzk,,,,,,,,247,talk,26.0,팰월드,21.8,리그 오브 레전드,17.1,18,true,multi_game,,2026-06-15T12:15:12.004171
ff4b570acc533256689383e523898214,naverchzzk,,,,,,,,1701,,0,,0,,0,0,unknown,no_category_data,,2026-06-15T12:15:16.076772
abc1e389bd769b52034052c4a5e78dc4,naverchzzk,,,,,,,,1482,림월드,48.6,마인크래프트,38.7,에코,5.1,9,true,multi_game,,2026-06-15T12:15:16.332328
827566bd45866d907c698dc04e301a81,naverchzzk,,,,,,,,283,talk,37.2,마인크래프트,26.1,친구모아 아일랜드 두근두근 라이프,24.8,5,true,multi_game,,2026-06-15T12:15:16.814182
4001ed03252ec048874142173e42bed3,naverchzzk,,,,,,,,559,,0,,0,,0,0,unknown,no_category_data,,2026-06-15T12:15:22.347331
80ac8c97393870964bd311485314f43d,naverchzzk,,,,,,,,1076,PUBG: 배틀그라운드,42.9,마인크래프트,17.5,오버워치,16.0,7,true,multi_game,,2026-06-15T12:15:23.642348
cfc90d1919b37bb97309691243166ade,naverchzzk,,,,,,,,317,이터널 리턴,68.3,talk,9.6,붕괴: 스타레일,5.4,11,false,single_game_or_non_game,,2026-06-15T12:15:24.621207
7da8049c2c6c60ecfb4dd3b447e3974e,naverchzzk,,,,,,,,39,,0,,0,,0,0,unknown,no_category_data,,2026-06-15T12:15:25.515325
5fb53f10e2fe2dfe77cb2cc007d63c42,naverchzzk,,,,,,,,1898,talk,54.5,이환,11.5,리그 오브 레전드,8.5,12,false,talk_primary,,2026-06-15T12:15:28.068950
526a1bb6b1c0c290e3fc0a38bb224eef,naverchzzk,,,,,,,,354,,0,,0,,0,0,unknown,no_category_data,,2026-06-15T12:15:28.616369
f602963e28bdb21c081912d6b81afbca,naverchzzk,,,,,,,,442,파이널판타지14,90.0,서브노티카 2,7.2,성세천하: 여제의 탄생 Ⅱ,2.8,3,false,single_game_dominant,,2026-06-15T12:15:28.974337
336d73d6017861f07b182cb864983d6a,naverchzzk,,,,,,,,788,오버워치,30.6,리그 오브 레전드,26.7,발로란트,14.4,10,true,multi_game,,2026-06-15T12:15:29.038856
1a684e82b5cf325d22170a069ad15a99,naverchzzk,,,,,,,,188,talk,35.2,그림/아트,19.9,종합 게임,10.8,11,false,single_game_or_non_game,,2026-06-15T12:15:29.435400
6409ac07d749f98cc72cb5bc8d0d86ea,naverchzzk,,,,,,,,301,,0,,0,,0,0,unknown,no_category_data,,2026-06-15T12:15:36.754136
6e55c0f93a4efced1216f2bbf04e020d,naverchzzk,,,,,,,,557,림버스 컴퍼니,30.3,talk,28.6,음악/노래,15.1,9,true,multi_game,,2026-06-15T12:15:38.422190
a89dea3b0b1e65eaba6a3889498f7398,naverchzzk,,,,,,,,123,이터널 리턴,78.3,종합 게임,11.5,서브노티카,2.6,8,false,single_game_or_non_game,,2026-06-15T12:15:40.692335
92b33f7f8e3cb19d98895772dc010ed1,naverchzzk,,,,,,,,1605,,0,,0,,0,0,unknown,no_category_data,,2026-06-15T12:15:41.295938
095d9d17b1d414a1021478d1085f778a,naverchzzk,,,,,,,,1440,,0,,0,,0,0,unknown,no_category_data,,2026-06-15T12:15:42.793548
9996dec438f5f78ff099dc13fae43860,naverchzzk,,,,,,,,352,talk,51.0,음악/노래,43.3,종합 게임,5.3,4,false,talk_primary,,2026-06-15T12:15:43.277314
2a879a25e64d52491718fc2b5b74f271,naverchzzk,,,,,,,,515,,0,,0,,0,0,unknown,no_category_data,,2026-06-15T12:15:43.344063
934da465f3a628e84820ad284543ceed,naverchzzk,,,,,,,,411,로스트아크,56.8,종합 게임,28.0,슬레이 더 스파이어 2,3.9,9,true,multi_game,,2026-06-15T12:15:46.741729
f928ce02055570f959bcdd3def4aa322,naverchzzk,,,,,,,,1110,마인크래프트,50.3,PUBG: 배틀그라운드,43.3,talk,3.2,5,true,multi_game,,2026-06-15T12:15:46.747707
30ab42ca28a98141173ab5f65636458c,naverchzzk,,,,,,,,1241,델타포스,99.2,PUBG: 배틀그라운드,0.8,,0,2,false,single_game_dominant,,2026-06-15T12:15:52.473315
b2b7e060354ef72ea0dbcced5a4fa2d9,naverchzzk,,,,,,,,23,,0,,0,,0,0,unknown,no_category_data,,2026-06-15T12:15:52.855584
ea1524f8d9038295e5dbb90a53c4017e,naverchzzk,,,,,,,,34,,0,,0,,0,0,unknown,no_category_data,,2026-06-15T12:15:54.745170
773cd96ab21e4fa32bf5f4b3ca5adbea,naverchzzk,,,,,,,,466,데드 바이 데이라이트,46.7,talk,15.3,로스트아크,11.6,13,false,single_game_or_non_game,,2026-06-15T12:15:54.864073
00f9206def6d55073cfce8dff2376094,naverchzzk,,,,,,,,378,서브노티카 2,24.3,음악/노래,22.8,talk,20.8,7,true,multi_game,,2026-06-15T12:15:54.869309
e03cda0422cddd1c823d48774fabe2f6,naverchzzk,,,,,,,,348,talk,100.0,,0,,0,1,false,talk_primary,,2026-06-15T12:15:55.123133
5cfdf5d15fb3aa5b81b25a53097ca7e4,naverchzzk,,,,,,,,343,,0,,0,,0,0,unknown,no_category_data,,2026-06-15T12:15:57.042426
bb09c3d77aedaee9c38144d106dd48dd,naverchzzk,,,,,,,,6235,원신,66.7,명조:워더링 웨이브,19.0,붉은사막,8.0,5,true,multi_game,,2026-06-15T12:15:57.496984
d0ebda387fed0f53f0d17958a8dcbd43,naverchzzk,,,,,,,,123,발로란트,40.4,종합 게임,27.4,talk,18.9,8,true,multi_game,,2026-06-15T12:15:57.815170
a1efbbc347d5d50e0262b2a2a3626ee6,naverchzzk,,,,,,,,2215,메이플스토리,100.0,,0,,0,1,false,single_game_dominant,,2026-06-15T12:16:07.698782
bcca33726b2392c39bf7b7db38002342,naverchzzk,,,,,,,,3772,,0,,0,,0,0,unknown,no_category_data,,2026-06-15T12:16:08.734215
e8f035a267bce94eff7b76677aa3640b,naverchzzk,,,,,,,,217,,0,,0,,0,0,unknown,no_category_data,,2026-06-15T12:16:09.894432
951c9d59b146acedd8ebfadf909d093c,naverchzzk,,,,,,,,262,오버워치,38.5,이터널 리턴,30.4,워프레임,18.4,10,true,multi_game,,2026-06-15T12:16:11.988351
758fb0c3afd2b5905eea87069f0e1d70,naverchzzk,,,,,,,,1000,사이퍼즈,39.4,talk,30.3,마인크래프트,18.6,5,true,multi_game,,2026-06-15T12:16:13.525462
724b05f6cc8f05db7bb48979b4e9d9df,naverchzzk,,,,,,,,502,로스트아크,70.1,용과 같이 7 빛과 어둠의 행방 International,17.1,talk,8.1,6,true,multi_game,,2026-06-15T12:16:14.033440
1e20036233fb20553a2bea544049e1fa,naverchzzk,,,,,,,,397,talk,55.5,마인크래프트,8.7,종합 게임,7.1,13,false,talk_primary,,2026-06-15T12:16:14.415140
d3a56c77e40b2792612ed0269f977424,naverchzzk,,,,,,,,139,talk,67.6,서브노티카 2,21.6,몬스터 헌터 와일즈,10.8,3,false,talk_primary,,2026-06-15T12:16:14.471189
5086c3cc80f1f85028844fc6c0ada2d2,naverchzzk,,,,,,,,4396,마인크래프트,50.0,발로란트,24.7,PUBG: 배틀그라운드,9.0,12,true,multi_game,,2026-06-15T12:16:14.615975
1469a60bc50ef79602c831c64a6a43cf,naverchzzk,,,,,,,,623,,0,,0,,0,0,unknown,no_category_data,,2026-06-15T12:16:15.505500
e11ea08f67e009cfb037406140c6ed74,naverchzzk,,,,,,,,594,리그 오브 레전드,97.1,talk,2.9,,0,2,false,single_game_dominant,,2026-06-15T12:16:16.625895
aa0b101d4b82525072c5d714096dcc97,naverchzzk,,,,,,,,339,매지컬 프린세스,60.4,talk,22.6,당신과 나의 존재불명,17.0,3,true,multi_game,,2026-06-15T12:16:18.511575
bedaa7eee7ff867e55ee5254db412160,naverchzzk,,,,,,,,313,talk,100.0,,0,,0,1,false,talk_primary,,2026-06-15T12:16:19.831220
e6a7444629e9ac8cd1ec6a178c1b4435,naverchzzk,,,,,,,,691,,0,,0,,0,0,unknown,no_category_data,,2026-06-15T12:16:28.783374
f0075cd632dd9a190b0ab5a44d7017fa,naverchzzk,,,,,,,,446,talk,29.7,이터널 리턴,22.0,프랫폴,11.9,10,false,single_game_or_non_game,,2026-06-15T12:16:31.967834
0135922820fbd0a216f6f5a1e3aa586f,naverchzzk,,,,,,,,70,종합 게임,44.7,talk,30.4,명조:워더링 웨이브,24.3,4,true,gg_primary,,2026-06-15T12:16:34.785143
3b02175a568f495797bc222ba21d025c,naverchzzk,,,,,,,,588,디제이맥스 리스펙트 V,37.8,승리의 여신: 니케,26.2,talk,17.1,7,true,multi_game,,2026-06-15T12:16:34.820538
7caddabd1a23c7e185363f3efc693a92,naverchzzk,,,,,,,,640,,0,,0,,0,0,unknown,no_category_data,,2026-06-15T12:16:36.159269
1b8fadbb141d246c88a8a722ef3bb06f,naverchzzk,,,,,,,,1912,음악/노래,45.7,마인크래프트,13.0,오버워치,10.2,10,false,single_game_or_non_game,,2026-06-15T12:16:36.208423
a1d8f511ebaa95dd792beefdff330e08,naverchzzk,,,,,,,,787,오버워치,63.3,발로란트,17.4,서든어택,13.5,6,true,multi_game,,2026-06-15T12:16:36.354388
8a5fc0dec74718540f517aa1219d8a72,naverchzzk,,,,,,,,5921,패스 오브 엑자일 2,75.2,리그 오브 레전드,13.5,로스트아크,6.1,4,false,single_game_or_non_game,,2026-06-15T12:16:36.418340
47d1a8480bf6a2144e1a407a7020eb7f,naverchzzk,,,,,,,,786,이터널 리턴,34.7,음악/노래,22.7,리그 오브 레전드,15.9,6,true,multi_game,,2026-06-15T12:16:36.945474
7e728b602ada4351b2383f0fb1428d33,naverchzzk,,,,,,,,678,,0,,0,,0,0,unknown,no_category_data,,2026-06-15T12:16:37.064457
cc07c41ae9b89a149308dcd4947b7d46,naverchzzk,,,,,,,,644,로스트아크,54.0,리그 오브 레전드,23.9,talk,14.7,6,true,multi_game,,2026-06-15T12:16:40.755429
ec94daf47d8a04b51460c0fb271c67b9,naverchzzk,,,,,,,,418,,0,,0,,0,0,unknown,no_category_data,,2026-06-15T12:16:43.393689
f775130fba50787397b2f3ba661efad3,naverchzzk,,,,,,,,7,퀘이크,100.0,,0,,0,1,false,single_game_dominant,,2026-06-15T12:16:48.306879
b71a77415d04c17211519d1b793f2b16,naverchzzk,,,,,,,,206,,0,,0,,0,0,unknown,no_category_data,,2026-06-15T12:16:49.017835
3db8030fb0f11f657c499e6061a1f6b9,naverchzzk,,,,,,,,199,,0,,0,,0,0,unknown,no_category_data,,2026-06-15T12:16:49.348276
f07e3d3a7289c9c0936ed74910ad90a5,naverchzzk,,,,,,,,248,마인크래프트,30.2,데드 바이 데이라이트,20.7,스테퍼 케이스:초능력 추리 어드벤처,20.1,6,true,multi_game,,2026-06-15T12:16:49.781641
2c6d71af0bd3ba5cd923a938ccbaea92,naverchzzk,,,,,,,,62,,0,,0,,0,0,unknown,no_category_data,,2026-06-15T12:16:49.923537
51785179608d22757373c9d4fb6bf04a,naverchzzk,,,,,,,,800,래토피아,28.1,리그 오브 레전드,27.1,마인크래프트,12.8,12,true,multi_game,,2026-06-15T12:16:51.397672
2ca13da689dc996d49059d5120be6170,naverchzzk,,,,,,,,207,두근두근타운,76.7,talk,7.6,종합 게임,6.7,6,false,single_game_or_non_game,,2026-06-15T12:16:53.316898
f22af7015d3ac93391accb71ad6dc710,naverchzzk,,,,,,,,11,종합 게임,100.0,,0,,0,1,true,gg_primary,,2026-06-15T12:16:54.445065
635ef346d054643118b0f97fabef53e6,naverchzzk,,,,,,,,448,talk,81.9,메이플스토리 월드,8.0,하스스톤,6.2,5,false,talk_primary,,2026-06-15T12:16:56.825275
ae27d915c67a959cbeafb41136a6fa0a,naverchzzk,,,,,,,,603,리그 오브 레전드,50.4,talk,12.1,디아블로 4: 증오의 군주,10.9,8,false,single_game_or_non_game,,2026-06-15T12:17:00.662403
ad152fe4b667dcdf0e3f57fa384cdbd1,naverchzzk,,,,,,,,215,이터널 리턴,86.4,종합 게임,8.3,talk,5.3,3,false,single_game_dominant,,2026-06-15T12:17:02.389459
b62e16e8a6e4ba1b6853241fe6ddd509,naverchzzk,,,,,,,,258,리그 오브 레전드,78.2,talk,10.1,메이플스토리 월드,5.4,7,false,single_game_or_non_game,,2026-06-15T12:17:03.346398
c3524097f4d2cd329a50cb9955f7cdac,naverchzzk,,,,,,,,240,,0,,0,,0,0,unknown,no_category_data,,2026-06-15T12:17:03.644567
49016c5ddb94cbb1446a7d8fd495e4b4,naverchzzk,,,,,,,,900,이터널 리턴,85.7,연운,14.3,,0,2,false,single_game_dominant,,2026-06-15T12:17:04.804116
8ebc7fa41fda31e990358af331f8ff8c,naverchzzk,,,,,,,,7211,,0,,0,,0,0,unknown,no_category_data,,2026-06-15T12:17:06.348320
253295c983e6e68fd0ed227a40cd40e0,naverchzzk,,,,,,,,1969,로스트아크,97.7,리그 오브 레전드,1.0,구스 구스 덕,0.7,5,false,single_game_dominant,,2026-06-15T12:17:07.807628
db3d0a14cabbe15d6a5e2e201e129c3d,naverchzzk,,,,,,,,160,로스트아크,79.8,메이플스토리 월드,10.0,이터널 리턴,6.6,6,false,single_game_or_non_game,,2026-06-15T12:17:08.981941
2bc552d02e96bd5ffd2f2cf988c0a2ae,naverchzzk,,,,,,,,325,talk,33.5,마인크래프트,27.0,성세천하: 여제의 탄생,10.0,10,false,single_game_or_non_game,,2026-06-15T12:17:12.286714
9e3cca38cf2ab615fd2a35ddaca97560,naverchzzk,,,,,,,,548,데드 바이 데이라이트,100.0,,0,,0,1,false,single_game_dominant,,2026-06-15T12:17:17.963939
ab799de32216f600c18abfba6d2340c4,naverchzzk,,,,,,,,334,파이널판타지14,37.8,애니메이션,21.0,명조:워더링 웨이브,13.9,12,true,multi_game,,2026-06-15T12:17:18.588267
cc936f45f18a52ba8257205fd4291959,naverchzzk,,,,,,,,18,,0,,0,,0,0,unknown,no_category_data,,2026-06-15T12:17:18.827339
11e2454f69827afb1ec44b001be79348,naverchzzk,,,,,,,,420,talk,53.5,이스케이프 프롬 타르코프,46.5,,0,2,false,talk_primary,,2026-06-15T12:17:21.910054
cfc0c5b41087c165d41be42fcee52151,naverchzzk,,,,,,,,474,,0,,0,,0,0,unknown,no_category_data,,2026-06-15T12:17:22.281639
13aa31abbfa5b9e3d8fd69086c853662,naverchzzk,,,,,,,,326,데드 바이 데이라이트,52.4,오버워치,23.8,발로란트,9.7,6,true,multi_game,,2026-06-15T12:17:23.244471
414cb160f09e4f6bb96026964396b695,naverchzzk,,,,,,,,183,오버워치,63.0,로스트아크,37.0,,0,2,true,multi_game,,2026-06-15T12:17:23.633497
20ed50a69faeb69a6f81d95f05fda35e,naverchzzk,,,,,,,,2408,talk,47.1,서브노티카 2,10.1,마인크래프트,9.5,13,false,single_game_or_non_game,,2026-06-15T12:17:23.775240
a0a8ae70631f07dc8b611d409bb00b45,naverchzzk,,,,,,,,1205,talk,64.9,음악/노래,22.7,PUBG: 배틀그라운드,6.2,6,false,talk_primary,,2026-06-15T12:17:24.000940
710a05d71269b707d662e41f1ce275d9,naverchzzk,,,,,,,,542,,0,,0,,0,0,unknown,no_category_data,,2026-06-15T12:17:27.663837
e7cab73440db05a86a9bf4d0d99996ca,naverchzzk,,,,,,,,175,오버워치,51.6,talk,15.9,마비노기 모바일,9.4,13,false,single_game_or_non_game,,2026-06-15T12:17:28.268553
19008cc648cb3fc8ebbdc0df3d5a05de,naverchzzk,,,,,,,,1031,talk,39.4,마인크래프트,24.1,서브노티카 2,16.5,6,true,multi_game,,2026-06-15T12:17:31.132371
86acb631476525b405c8a75e95d2b983,naverchzzk,,,,,,,,1692,,0,,0,,0,0,unknown,no_category_data,,2026-06-15T12:17:36.125088
197f6d87f8ed5c881f25c234d843cb5b,naverchzzk,,,,,,,,37,,0,,0,,0,0,unknown,no_category_data,,2026-06-15T12:17:37.005885
a5fb86b33f314f23f462d65b030871c7,naverchzzk,,,,,,,,1282,월드 오브 워크래프트: 한밤,56.7,talk,31.6,슬레이 더 스파이어 2,6.8,5,false,single_game_or_non_game,,2026-06-15T12:17:38.321537
7820a5c12d5d063ba89dce26f60312f2,naverchzzk,,,,,,,,362,,0,,0,,0,0,unknown,no_category_data,,2026-06-15T12:17:39.597091
b94b08e1e2db361f3e2b66edd3c3099c,naverchzzk,,,,,,,,277,메카 브레이크,48.3,스타크래프트 : 리마스터,27.2,리니지 클래식,17.7,4,true,multi_game,,2026-06-15T12:17:39.958391
26c26c30fdac3e4c56143513181ae632,naverchzzk,,,,,,,,1635,talk,39.7,명조:워더링 웨이브,15.5,음악/노래,14.8,10,false,single_game_or_non_game,,2026-06-15T12:17:40.535149
8d35121989ea5a66011b1d4c4a7aed19,naverchzzk,,,,,,,,80,,0,,0,,0,0,unknown,no_category_data,,2026-06-15T12:17:40.547636
2375d86e6108c27a46320437ecdf343d,naverchzzk,,,,,,,,79,,0,,0,,0,0,unknown,no_category_data,,2026-06-15T12:17:40.985042
b901ccddc574887e56df43743684a535,naverchzzk,,,,,,,,865,PUBG: 배틀그라운드,66.9,원신,14.5,리그 오브 레전드,10.3,6,false,single_game_or_non_game,,2026-06-15T12:17:41.105240
cd10ad822105e30f5092b2297e36c60f,naverchzzk,,,,,,,,366,,0,,0,,0,0,unknown,no_category_data,,2026-06-15T12:17:52.347352
98a61eae3a6bffa8cb9497fd3238721e,naverchzzk,,,,,,,,480,,0,,0,,0,0,unknown,no_category_data,,2026-06-15T12:17:54.036408
11fea2231d30c76a61f1ecf92a88b0e2,naverchzzk,,,,,,,,1074,VR챗,100.0,,0,,0,1,false,single_game_dominant,,2026-06-15T12:17:55.308027
cfeaf7b85505fb71ba66c4570df62f2a,naverchzzk,,,,,,,,192,,0,,0,,0,0,unknown,no_category_data,,2026-06-15T12:17:55.482055
8709a84584b3f83ba6d45f6101ded5a3,naverchzzk,,,,,,,,1385,PUBG: 배틀그라운드,63.0,Once Human,20.4,리그 오브 레전드,6.6,8,true,multi_game,,2026-06-15T12:17:55.621024
be6c2544c9c16781fe6ac50b70a35875,naverchzzk,,,,,,,,1336,talk,48.4,서브노티카 2,16.0,피크,14.0,9,false,single_game_or_non_game,,2026-06-15T12:17:55.827925
0e0fbee493aba6660d50a0ca215ebe10,naverchzzk,,,,,,,,1956,talk,31.1,트릭컬 리바이브,28.6,갓 오브 워 라그나로크,13.3,7,false,single_game_or_non_game,,2026-06-15T12:17:56.813759
18da843e8a3e4e9926c3d5daac9c33c7,naverchzzk,,,,,,,,141,talk,38.5,이환,11.0,음악/노래,10.3,12,false,single_game_or_non_game,,2026-06-15T12:17:56.837283
d83dc32f09dcfc8e1513eef57a6e52b3,naverchzzk,,,,,,,,115,talk,37.9,PUBG: 배틀그라운드,32.1,종합 게임,11.6,11,false,single_game_or_non_game,,2026-06-15T12:17:56.939596
c35e9fd23206ca9e3b620a3dd4c110e1,naverchzzk,,,,,,,,846,이터널 리턴,37.7,마인크래프트,33.4,talk,16.3,5,true,multi_game,,2026-06-15T12:18:01.133489
a61c571bf3f8337dd5473d2e88ec8e9e,naverchzzk,,,,,,,,315,talk,100.0,,0,,0,1,false,talk_primary,,2026-06-15T12:18:01.656785
1ebaf578ed5671797f2c03319bd809a2,naverchzzk,,,,,,,,556,음악/노래,66.0,talk,34.0,,0,2,false,single_game_or_non_game,,2026-06-15T12:18:06.164314
85000b096cf73127fb0d123450348ed5,naverchzzk,,,,,,,,82,007 퍼스트 라이트,47.1,서브노티카 2,47.1,종합 게임,5.9,4,true,multi_game,,2026-06-15T12:18:06.817648
1ea822f647f849fe02f3313de89fe125,naverchzzk,,,,,,,,383,디지몬마스터즈,100.0,,0,,0,1,false,single_game_dominant,,2026-06-15T12:18:09.012587
66df6e4f80e556706da391ed59aefbf9,naverchzzk,,,,,,,,839,talk,100.0,,0,,0,1,false,talk_primary,,2026-06-15T12:18:09.517168
2e87ebc242caf0e7d2803c586794427c,naverchzzk,,,,,,,,208,,0,,0,,0,0,unknown,no_category_data,,2026-06-15T12:18:09.918699
5d19a3bb0f766d6e0c0dc31689a6c519,naverchzzk,,,,,,,,400,로스트아크,78.9,메이플스토리,11.4,오버워치,9.7,3,false,single_game_or_non_game,,2026-06-15T12:18:11.919114
537ccad4736d6c23f0049540c8af3401,naverchzzk,,,,,,,,188,에픽세븐,100.0,리그 오브 레전드,0.0,,0,2,false,single_game_dominant,,2026-06-15T12:18:12.664902
b9f2f36508142d2321e48451967f12ea,naverchzzk,,,,,,,,460,talk,65.8,서브노티카 2,17.1,명조:워더링 웨이브,6.8,7,false,talk_primary,,2026-06-15T12:18:12.673592
d380496a9f08e79a4ebeeca4ff11f928,naverchzzk,,,,,,,,674,PUBG: 배틀그라운드,45.3,전략적 팀 전투 : 우주의 신들,12.8,서브노티카 2,11.7,12,false,single_game_or_non_game,,2026-06-15T12:18:14.432264
85a1997d3f81c2cbb16f460a8bdf4b39,naverchzzk,,,,,,,,506,오버워치,33.3,마인크래프트,23.9,talk,22.3,6,true,multi_game,,2026-06-15T12:18:19.407918
6a453d7914f90d3ca595c418574c370f,naverchzzk,,,,,,,,411,리그 오브 레전드,43.1,talk,22.8,이터널 리턴,11.4,7,false,single_game_or_non_game,,2026-06-15T12:18:22.211940
a0396bcde69e99efb5f58a9011317225,naverchzzk,,,,,,,,388,,0,,0,,0,0,unknown,no_category_data,,2026-06-15T12:18:22.871523
c746d8ce79cf6b47884c90f5533b7566,naverchzzk,,,,,,,,344,오버워치,77.3,스텔라 블레이드,12.0,talk,7.6,4,false,single_game_or_non_game,,2026-06-15T12:18:23.279670
486cfb5251b4b5205fa830c77466bc3e,naverchzzk,,,,,,,,603,포켓몬 포코피아,100.0,,0,,0,1,false,single_game_dominant,,2026-06-15T12:18:30.783398
19928b350c9024eba1e848926c6550f6,naverchzzk,,,,,,,,683,talk,49.8,용과 같이 7 빛과 어둠의 행방 International,26.6,바이오하자드 RE:4,13.6,6,false,single_game_or_non_game,,2026-06-15T12:18:33.703477
c1d3e2f7276487ab8213b21cd15bd3a0,naverchzzk,,,,,,,,3780,,0,,0,,0,0,unknown,no_category_data,,2026-06-15T12:18:33.765118
c6fb95c66843162a61d6ae2d40a9d290,naverchzzk,,,,,,,,595,에이펙스 레전드,43.7,마인크래프트,20.6,talk,12.5,10,true,multi_game,,2026-06-15T12:18:34.356801
ff7161354eb00dde62a200a7e5c32f55,naverchzzk,,,,,,,,246,talk,76.5,음악/노래,10.6,PUBG: 배틀그라운드,5.0,6,false,talk_primary,,2026-06-15T12:18:34.409829
8db96168635b2dbc30a7b00f1c2d4bdc,naverchzzk,,,,,,,,427,이터널 리턴,48.8,스텔라 블레이드,16.9,서브노티카 2,10.8,7,true,multi_game,,2026-06-15T12:18:36.517978
c5427d9794d1220ba073c5ad5c0c7b5a,naverchzzk,,,,,,,,600,ELDEN RING 밤의 통치자,72.8,P의 거짓,17.1,talk,4.8,5,true,multi_game,,2026-06-15T12:18:38.256047
495a72bc2b54cef4b242956e0b33cbe4,naverchzzk,,,,,,,,155,종합 게임,60.0,고전 게임,40.0,2026 FIFA 북중미 월드컵,0.0,3,true,gg_primary,,2026-06-15T12:18:38.665905
b605498f42ec2a3bee174b63c97ca910,naverchzzk,,,,,,,,236,바이오하자드 레퀴엠,19.0,PUBG: 배틀그라운드,19.0,talk,18.0,12,true,multi_game,,2026-06-15T12:18:38.774366
1389b089205967cbf6727bbd975afc90,naverchzzk,,,,,,,,59,,0,,0,,0,0,unknown,no_category_data,,2026-06-15T12:18:39.403646
015363fe83fcfdc924f764cf2e56b3c6,naverchzzk,,,,,,,,31,,0,,0,,0,0,unknown,no_category_data,,2026-06-15T12:18:42.959758
80450369a7d8e0a4b7e537e49d62c7f7,naverchzzk,,,,,,,,582,,0,,0,,0,0,unknown,no_category_data,,2026-06-15T12:18:44.466654
ff626cc60c7ef28d45cce463503f087a,naverchzzk,,,,,,,,931,종합 게임,100.0,,0,,0,1,true,gg_primary,,2026-06-15T12:18:45.051909
0a28e8e96444183f4e6a1313a8fb7f01,naverchzzk,,,,,,,,192,talk,77.3,서브노티카 2,14.7,팀파이트 매니저 2,4.8,7,false,talk_primary,,2026-06-15T12:18:49.763785
2bddaadfaca317afe554eb390e6df68c,naverchzzk,,,,,,,,1079,talk,76.6,전국퇴마사협회,12.2,셜록 홈즈 챕터 원,4.9,5,false,talk_primary,,2026-06-15T12:18:57.305451
4ffa39d019e3749e4944c8b9d3d744b4,naverchzzk,,,,,,,,280,talk,46.9,마인크래프트,25.9,할로우 나이트,25.4,4,true,multi_game,,2026-06-15T12:19:00.334174
6f915321890e425a33ca8de759b341f0,naverchzzk,,,,,,,,149,리그 오브 레전드,56.9,전략적 팀 전투 : 우주의 신들,34.5,붉은사막,4.0,5,true,multi_game,,2026-06-15T12:19:00.981823
0b12d7384ceca08015f86c6a0b26cffd,naverchzzk,,,,,,,,342,오버워치,68.7,미나 더 할로워,6.8,귀귀살전,5.2,20,false,single_game_or_non_game,,2026-06-15T12:19:04.156411
abd940e19a078814c4dfc351e8578ed3,naverchzzk,,,,,,,,361,talk,75.7,음악/노래,14.5,종합 게임,4.6,5,false,talk_primary,,2026-06-15T12:19:04.174530
76df02657433df961a5c5b91ea94929b,naverchzzk,,,,,,,,218,카오스 제로 나이트메어,96.3,팀파이트 매니저 2,3.2,종합 게임,0.5,3,false,single_game_dominant,,2026-06-15T12:19:04.601049
c39dc647f080b1b5223dad3a4645a33d,naverchzzk,,,,,,,,112,,0,,0,,0,0,unknown,no_category_data,,2026-06-15T12:19:06.507884
7166eb16c97a0cb370ed24f5e338f70f,naverchzzk,,,,,,,,222,talk,69.0,데이브 더 다이버,7.0,종합 게임,6.1,8,false,talk_primary,,2026-06-15T12:19:07.029280
9872f11b6fe57a55fc236ac9fef5eae9,naverchzzk,,,,,,,,1508,발로란트,40.0,마인크래프트,23.6,종합 게임,12.9,7,true,multi_game,,2026-06-15T12:19:07.055483
8e679d29234577e142f4c6af769d6a14,naverchzzk,,,,,,,,2262,마인크래프트,53.0,발로란트,21.5,talk,9.5,11,true,multi_game,,2026-06-15T12:19:08.885320
48e669d18fd03802dff7cd94ac2b81d6,naverchzzk,,,,,,,,738,,0,,0,,0,0,unknown,no_category_data,,2026-06-15T12:19:09.119130
f4592799bebf247a1f0443fdd9bfac46,naverchzzk,,,,,,,,317,,0,,0,,0,0,unknown,no_category_data,,2026-06-15T12:19:09.573317
9486699d4a9ed6d950b105f9d490153f,naverchzzk,,,,,,,,401,,0,,0,,0,0,unknown,no_category_data,,2026-06-15T12:19:26.410886
3650f9b156575d54c2f84b8702275b62,naverchzzk,,,,,,,,2550,그림/아트,100.0,,0,,0,1,false,single_game_dominant,,2026-06-15T12:19:26.529250
74a8ddcc8a8729fbd6a4512a4b62830b,naverchzzk,,,,,,,,1123,아이온2,97.0,talk,3.0,,0,2,false,single_game_dominant,,2026-06-15T12:19:26.967126
1406ebfa9320be8c195f94b8d95659b1,naverchzzk,,,,,,,,168,talk,62.5,리그 오브 레전드,22.5,종합 게임,12.1,4,false,talk_primary,,2026-06-15T12:19:27.290326
f6d3bfa1a5e054a8619948dd40e2a0cb,naverchzzk,,,,,,,,603,로스트아크,77.0,리그 오브 레전드,18.5,talk,2.1,5,true,multi_game,,2026-06-15T12:19:27.647382
58ddbff5984cf478d672759c372e550a,naverchzzk,,,,,,,,235,디제이맥스 리스펙트 V,96.5,플라티나 랩,3.5,,0,2,false,single_game_dominant,,2026-06-15T12:19:29.621404
51ba902061f59390a692d14e7447bd90,naverchzzk,,,,,,,,726,talk,60.9,PUBG: 배틀그라운드,18.5,다크 팰즈: 더 퍼스트 플로어,17.4,5,false,talk_primary,,2026-06-15T12:19:29.712135
d589a489bb5e79673a229bb2c5da0778,naverchzzk,,,,,,,,1364,마인크래프트,52.6,talk,31.2,리그 오브 레전드,8.5,4,false,single_game_or_non_game,,2026-06-15T12:19:29.798132
a51753ea1f937dbce486309e181454ef,naverchzzk,,,,,,,,739,마인크래프트,38.3,리그 오브 레전드,22.4,유로 트럭 시뮬레이터 2,13.3,12,true,multi_game,,2026-06-15T12:19:30.118308
bc853f31fb6561362ba49c1f9cf693af,naverchzzk,,,,,,,,334,,0,,0,,0,0,unknown,no_category_data,,2026-06-15T12:19:39.290877
69a1aa6bcaa8f1121f20378592ce5579,naverchzzk,,,,,,,,568,프로젝트 좀보이드,50.9,리그 오브 레전드,49.1,,0,2,true,multi_game,,2026-06-15T12:19:40.342131
80ab419387e41e7a8abf91e9b0cfa9b4,naverchzzk,,,,,,,,296,,0,,0,,0,0,unknown,no_category_data,,2026-06-15T12:19:41.157286
97e581dda072e0f0ff899be1f179c718,naverchzzk,,,,,,,,354,,0,,0,,0,0,unknown,no_category_data,,2026-06-15T12:19:44.266423
def6ee59890fcdf6dafdd48123c65ba3,naverchzzk,,,,,,,,973,성세천하: 여제의 탄생 Ⅱ,47.9,talk,26.0,음악/노래,14.4,4,false,single_game_or_non_game,,2026-06-15T12:19:45.076075
0eca37d3a9b17e55987433028565742e,naverchzzk,,,,,,,,649,이터널 리턴,30.9,발로란트,17.1,마비노기 모바일,16.8,12,true,multi_game,,2026-06-15T12:19:45.945386
35f84e0a1db5855e48b4c44403c2735c,naverchzzk,,,,,,,,555,talk,53.1,마인크래프트,18.2,몬스터 헌터: 월드,10.5,10,false,talk_primary,,2026-06-15T12:19:47.019376
98c0e1edc3c578a933695b87fb592893,naverchzzk,,,,,,,,201,메이플스토리 월드,76.1,종합 게임,11.3,talk,5.2,9,false,single_game_or_non_game,,2026-06-15T12:19:47.038803
f964629c810e41b0e856cb95f56477fc,naverchzzk,,,,,,,,1197,talk,58.0,그림/아트,42.0,,0,2,false,talk_primary,,2026-06-15T12:19:47.278306
beece627ee5308885a586a60427b5c93,naverchzzk,,,,,,,,575,,0,,0,,0,0,unknown,no_category_data,,2026-06-15T12:19:48.218931
b6a5773d2b0a541bab50bed5c5ed128b,naverchzzk,,,,,,,,11,,0,,0,,0,0,unknown,no_category_data,,2026-06-15T12:19:48.483602
e5a7c9e768e39d76bdb581e5aae77ec5,naverchzzk,,,,,,,,151,,0,,0,,0,0,unknown,no_category_data,,2026-06-15T12:19:49.015185
292eb697ea366c82b0fe0377617cd812,naverchzzk,,,,,,,,148,,0,,0,,0,0,unknown,no_category_data,,2026-06-15T12:19:53.561911
3d9b10bf4c008a292fea7f1671765f74,naverchzzk,,,,,,,,742,마인크래프트,31.8,PUBG: 배틀그라운드,23.3,오버워치,16.2,14,true,multi_game,,2026-06-15T12:19:57.227982
180eae1d00edae0a993dfe854e492c6d,naverchzzk,,,,,,,,624,로스트아크,89.6,스타듀 밸리,10.4,,0,2,false,single_game_dominant,,2026-06-15T12:20:01.534360
b293bad6f648c37bf64657c3067a47db,naverchzzk,,,,,,,,466,,0,,0,,0,0,unknown,no_category_data,,2026-06-15T12:20:01.980886
43e955ad826006626cfa6716eacae5fd,naverchzzk,,,,,,,,164,,0,,0,,0,0,unknown,no_category_data,,2026-06-15T12:20:02.441730
d47a19822bc521b483ad635ec01f6eaf,naverchzzk,,,,,,,,330,바이오하자드 7 레지던트 이블,37.1,바이오하자드 빌리지,36.1,talk,17.9,4,true,multi_game,,2026-06-15T12:20:03.570656
34c2d9271d6827354758d64a3b989bbf,naverchzzk,,,,,,,,1422,포켓몬 챔피언스,96.6,talk,3.4,,0,2,false,single_game_dominant,,2026-06-15T12:20:03.973257
ba6103993b9230521324c2ff8e4f1cd2,naverchzzk,,,,,,,,130,talk,47.1,종합 게임,45.1,팀파이트 매니저 2,7.8,3,true,gg_secondary,,2026-06-15T12:20:04.125453
edd8e04e375fb80edd928f174c23c303,naverchzzk,,,,,,,,3117,이터널 리턴,49.8,talk,20.9,명조:워더링 웨이브,15.2,10,true,multi_game,,2026-06-15T12:20:04.480585
c25ff79ec44b787a4064b2908531048c,naverchzzk,,,,,,,,769,talk,17.9,리그 오브 레전드,11.2,백룸컴퍼니,10.5,17,false,single_game_or_non_game,,2026-06-15T12:20:04.864317
fe19c1e856901b7af3222f496ca3ae15,naverchzzk,,,,,,,,191,talk,100.0,,0,,0,1,false,talk_primary,,2026-06-15T12:20:05.123581
52b64b6bfafed7649b3f0683eb54fd98,naverchzzk,,,,,,,,196,리그 오브 레전드,85.9,talk,10.0,종합 게임,2.4,4,false,single_game_dominant,,2026-06-15T12:20:16.305836
ea60fbbfe3bd19ad42d804c55491c2ec,naverchzzk,,,,,,,,507,talk,100.0,,0,,0,1,false,talk_primary,,2026-06-15T12:20:18.469626
ede2b7224c597a471139720c9313fcc2,naverchzzk,,,,,,,,1070,야구,39.8,talk,34.1,포켓몬 레전드 Z-A,7.9,7,false,single_game_or_non_game,,2026-06-15T12:20:20.774402
dcf395ba5eea038e58856264b58c9c48,naverchzzk,,,,,,,,93,,0,,0,,0,0,unknown,no_category_data,,2026-06-15T12:20:21.120979
0201ae8662456d281e1215f465955788,naverchzzk,,,,,,,,195,,0,,0,,0,0,unknown,no_category_data,,2026-06-15T12:20:21.145487
11ff6a1e680bdb9e79e0327bc611ac31,naverchzzk,,,,,,,,521,리그 오브 레전드,71.2,명조:워더링 웨이브,9.8,그림/아트,6.7,8,false,single_game_or_non_game,,2026-06-15T12:20:23.655068
7d82cfea7545107e3dd0379c885cb0e0,naverchzzk,,,,,,,,1035,로스트아크,35.9,마인크래프트,24.2,오버워치,12.3,14,true,multi_game,,2026-06-15T12:20:24.077357
1e2555cbdf56ff1add40e5c9a5b59851,naverchzzk,,,,,,,,478,음악/노래,41.1,talk,27.1,PUBG: 배틀그라운드,22.0,7,true,multi_game,,2026-06-15T12:20:24.258712
0aa1a483b07d684580025e628b09f1c6,naverchzzk,,,,,,,,2105,이환,24.6,붕괴: 스타레일,16.8,명조:워더링 웨이브,15.5,10,true,multi_game,,2026-06-15T12:20:24.286537
458915250e6385f08f025016243b2e9a,naverchzzk,,,,,,,,70,스크릿치 스크래치,69.2,talk,30.8,마인크래프트,0.0,3,false,single_game_or_non_game,,2026-06-15T12:20:24.873767
55767604e0430bcc6b89fe2afe9edf5e,naverchzzk,,,,,,,,578,talk,39.5,데빌 커넥션,27.4,메이플스토리 월드,16.2,6,true,multi_game,,2026-06-15T12:20:26.514908
eed147d2425a8541c4817de89dac69dc,naverchzzk,,,,,,,,732,,0,,0,,0,0,unknown,no_category_data,,2026-06-15T12:20:32.929356
c068200a9d60c62ba46a4702bf483ad4,naverchzzk,,,,,,,,458,,0,,0,,0,0,unknown,no_category_data,,2026-06-15T12:20:37.615813
0dab2132aa01751b9ade528e96653a60,naverchzzk,,,,,,,,563,talk,57.1,오버워치,23.8,리그 오브 레전드,7.1,5,false,talk_primary,,2026-06-15T12:20:39.616689
96051659ea731bf7349d1c43baf95313,naverchzzk,,,,,,,,1036,메이플스토리 월드,83.2,종합 게임,16.8,,0,2,false,single_game_dominant,,2026-06-15T12:20:39.641120
003775daef149af9e1964d64494afd7b,naverchzzk,,,,,,,,82,talk,30.2,이터널 리턴,15.4,아레나 브레이크아웃,15.4,20,true,multi_game,,2026-06-15T12:20:39.847486
0cde507e2a05de9a5c9527d3b0bb1667,naverchzzk,,,,,,,,366,,0,,0,,0,0,unknown,no_category_data,,2026-06-15T12:20:40.023529
4da006b3331ee6f7fa1cd02973f61359,naverchzzk,,,,,,,,2857,talk,89.2,더 게임 오브 시시포스,6.6,성세천하: 여제의 탄생,4.2,3,false,talk_primary,,2026-06-15T12:20:43.208196
8ea457ce3ccbd22b965c7e02a6b24ee6,naverchzzk,,,,,,,,422,종합 게임,35.1,성세천하: 여제의 탄생 Ⅱ,27.0,매지컬 프린세스,25.2,4,true,gg_primary,,2026-06-15T12:20:43.729817
dd3831d70faa06f8ae99e9751fad9a8f,naverchzzk,,,,,,,,319,talk,100.0,종합 게임,0.0,캐서린 클래식,0.0,3,false,talk_primary,,2026-06-15T12:20:44.754353
3ed9232281eb3c1fe3b111b48fc15e3e,naverchzzk,,,,,,,,2011,발로란트,50.5,talk,28.1,마인크래프트,8.5,9,false,single_game_or_non_game,,2026-06-15T12:20:48.023460
a032f91aa277592b6a702654ccc4f606,naverchzzk,,,,,,,,404,talk,45.9,이스케이프 프롬 타르코프,14.8,원샷,11.7,9,false,single_game_or_non_game,,2026-06-15T12:20:50.334242
6eef3e379c71bb0f8a44cb50ff1a671a,naverchzzk,,,,,,,,2091,talk,67.4,포장마차 : 한국 길거리 음식 경영시뮬레이터,27.6,디제이맥스 리스펙트 V,5.0,3,false,talk_primary,,2026-06-15T12:20:51.317819
585d4019bd6c04fb9a4704fb4626f7e2,naverchzzk,,,,,,,,3034,림버스 컴퍼니,41.7,talk,34.6,음악/노래,12.4,4,false,single_game_or_non_game,,2026-06-15T12:20:51.400751
d51ee1942298540e86c9558cc06f7739,naverchzzk,,,,,,,,829,더 롱 다크,96.1,talk,3.9,,0,2,false,single_game_dominant,,2026-06-15T12:20:51.628652
0f7dc1c31863062b9bcd394ef25ff726,naverchzzk,,,,,,,,113,종합 게임,100.0,,0,,0,1,true,gg_primary,,2026-06-15T12:20:51.649934
391f1e8a5662036a51808913636e57b0,naverchzzk,,,,,,,,311,,0,,0,,0,0,unknown,no_category_data,,2026-06-15T12:20:52.945488
186c25f4676c4709d0f854d8a1a4e323,naverchzzk,,,,,,,,566,talk,100.0,,0,,0,1,false,talk_primary,,2026-06-15T12:20:53.855343
127a80887695337e02af73ec6b56a8f7,naverchzzk,,,,,,,,1036,승리의 여신: 니케,47.7,talk,16.2,윈드로즈,15.8,6,true,multi_game,,2026-06-15T12:20:54.309130
0066eb6c2ccfd59b422015492c092736,naverchzzk,,,,,,,,245,리그 오브 레전드,50.4,talk,35.5,마인크래프트,10.6,6,false,single_game_or_non_game,,2026-06-15T12:20:56.607404
90cd1f5d8f52f13b74a6c17299e3a97c,naverchzzk,,,,,,,,51,,0,,0,,0,0,unknown,no_category_data,,2026-06-15T12:20:58.030300
3511ef94880f3091f65ae137cdc59c64,naverchzzk,,,,,,,,887,,0,,0,,0,0,unknown,no_category_data,,2026-06-15T12:21:03.345270
2c4a1770577279c1c0edb567215fbf38,naverchzzk,,,,,,,,259,,0,,0,,0,0,unknown,no_category_data,,2026-06-15T12:21:04.317023
78410a603adcf982c253974f32834e82,naverchzzk,,,,,,,,700,,0,,0,,0,0,unknown,no_category_data,,2026-06-15T12:21:10.615438
488875eb28b94f87c206ded76001e854,naverchzzk,,,,,,,,62,talk,55.0,포르자 호라이즌 6,30.0,종합 게임,15.0,3,false,talk_primary,,2026-06-15T12:21:11.388072
c84a64182c888aea021aa689a75f9d1e,naverchzzk,,,,,,,,501,로스트아크,32.0,마인크래프트,28.9,talk,9.6,12,true,multi_game,,2026-06-15T12:21:11.466173
dd586db451c8c0e1723f5293dd4afc77,naverchzzk,,,,,,,,459,talk,49.2,마인크래프트,40.8,VR챗,4.0,8,false,single_game_or_non_game,,2026-06-15T12:21:12.730403
bcabff23f436bb6df9d248a004b55f37,naverchzzk,,,,,,,,469,이터널 리턴,44.8,talk,12.9,세피리아,12.3,9,false,single_game_or_non_game,,2026-06-15T12:21:13.584202
81593a014e6ce7ee4c5df662e87abae5,naverchzzk,,,,,,,,4874,talk,100.0,,0,,0,1,false,talk_primary,,2026-06-15T12:21:14.150576
96754dfc33f0f0b1628311d269778a27,naverchzzk,,,,,,,,758,리그 오브 레전드,24.5,마인크래프트,22.6,승리의 여신: 니케,12.3,10,true,multi_game,,2026-06-15T12:21:16.989753
e3fc9765e008720e7869864a0277dcfb,naverchzzk,,,,,,,,274,마비노기 영웅전,92.6,talk,2.2,종합 게임,1.5,7,false,single_game_dominant,,2026-06-15T12:21:22.494396
0baca7f3a4b838eb4e65d2068a189b19,naverchzzk,,,,,,,,931,발로란트,61.6,talk,23.2,음악/노래,15.2,3,true,multi_game,,2026-06-15T12:21:22.978447
3aa277d1508940921156fa4e7206afd2,naverchzzk,,,,,,,,24,종합 게임,100.0,,0,,0,1,true,gg_primary,,2026-06-15T12:21:25.251838
4747fef6a1bc92fa73e9e7e0d56acf5d,naverchzzk,,,,,,,,515,더 다크 픽처스 앤솔로지: 맨 오브 메단,90.0,talk,10.0,,0,2,false,single_game_dominant,,2026-06-15T12:21:27.115162
38fe4b3ae2fb9f7cdcc15560d8837f6e,naverchzzk,,,,,,,,695,포켓몬 포코피아,53.8,VR챗,26.2,쿠키런: 킹덤,20.0,3,true,multi_game,,2026-06-15T12:21:28.228394
1bcbd33a87905d258191f87eba3a6001,naverchzzk,,,,,,,,570,이터널 리턴,83.7,이스케이프 더 백룸,7.0,림버스 컴퍼니,2.6,8,false,single_game_dominant,,2026-06-15T12:21:29.831861
360a88036e39a53ab87420c84c35967f,naverchzzk,,,,,,,,109,파이널판타지14,95.4,명조:워더링 웨이브,2.8,림버스 컴퍼니,1.8,3,false,single_game_dominant,,2026-06-15T12:21:31.308897
981bc3891e64b7cedcf16268e88cbe09,naverchzzk,,,,,,,,364,던전앤파이터,33.0,마운트 앤 블레이드 2: 배너로드,24.4,림버스 컴퍼니,21.9,16,true,multi_game,,2026-06-15T12:21:31.462257
c024e1d574c8780e80a2f7980e98bbae,naverchzzk,,,,,,,,70,,0,,0,,0,0,unknown,no_category_data,,2026-06-15T12:21:32.416383
89c5b95777be9f7231591b59b46f5948,naverchzzk,,,,,,,,571,talk,76.7,프로젝트 좀보이드,11.2,마인크래프트,8.9,4,false,talk_primary,,2026-06-15T12:21:32.426457
a7e83d2d7527afef785075468e3cc010,naverchzzk,,,,,,,,917,음악/노래,100.0,,0,,0,1,false,single_game_dominant,,2026-06-15T12:21:32.834188
02b415414e8658a2fef8ac4705c14d4c,naverchzzk,,,,,,,,731,로스트아크,63.9,트릭컬 리바이브,14.9,붉은사막,12.8,6,false,single_game_or_non_game,,2026-06-15T12:21:36.491306
98ec9f6c424159a2274711602ca8f873,naverchzzk,,,,,,,,610,,0,,0,,0,0,unknown,no_category_data,,2026-06-15T12:21:37.220289
1ee938824beea7f545a3f857deced889,naverchzzk,,,,,,,,1763,PUBG: 배틀그라운드,45.5,메이플스토리 월드,36.6,talk,9.1,4,true,multi_game,,2026-06-15T12:21:40.567427
edff53d39bb4ec275c067f6921e17534,naverchzzk,,,,,,,,178,talk,100.0,,0,,0,1,false,talk_primary,,2026-06-15T12:21:45.692530
6bf8ed001942d68d811f7dafb64ade51,naverchzzk,,,,,,,,400,talk,61.2,전략적 팀 전투 : 우주의 신들,21.8,갤럭시 버거,6.1,5,false,talk_primary,,2026-06-15T12:21:45.980241
cdc286a91c91ecdf5ab020c51c0a7107,naverchzzk,,,,,,,,276,talk,100.0,,0,,0,1,false,talk_primary,,2026-06-15T12:21:46.507856
7276ffe486d3ef7fd072a23e26537575,naverchzzk,,,,,,,,388,talk,100.0,,0,,0,1,false,talk_primary,,2026-06-15T12:21:46.685240
6c1b396341401d599ecc6e2ac6a3422d,naverchzzk,,,,,,,,1053,,0,,0,,0,0,unknown,no_category_data,,2026-06-15T12:21:47.108437
935d8f4a1745fdaf3a7b3375db749fd5,naverchzzk,,,,,,,,58,음악/노래,0,,0,,0,1,false,single_game_or_non_game,,2026-06-15T12:21:49.162017
88148a599d2bb496ae567b48abc6579a,naverchzzk,,,,,,,,253,파이널판타지14,83.0,그림/아트,14.6,종합 게임,1.4,4,false,single_game_dominant,,2026-06-15T12:21:49.278925
33825d87292954fb03c7afb027bf714b,naverchzzk,,,,,,,,717,마인크래프트,40.4,PUBG: 배틀그라운드,26.9,초자연 작전팀,6.7,16,true,multi_game,,2026-06-15T12:21:51.169693
368673f37ae0dcbcdc861e6d7160413b,naverchzzk,,,,,,,,910,프래그마타,22.3,성세천하: 여제의 탄생 Ⅱ,18.0,talk,16.5,8,true,multi_game,,2026-06-15T12:21:51.803390
a0ba9d6ea84b7a42d6e17a27a1b1302b,naverchzzk,,,,,,,,1113,PUBG: 배틀그라운드,43.7,talk,31.2,마인크래프트,21.4,6,true,multi_game,,2026-06-15T12:21:57.405331
bb32bedf830949bae427034aa20c0c89,naverchzzk,,,,,,,,312,명말: 공허의 깃털,34.3,더 라스트 오브 어스 파트 2,28.7,바이오하자드 레퀴엠,14.7,9,true,multi_game,,2026-06-15T12:22:09.037924
688b22118a21cd70b53ad8b1d024b5d2,naverchzzk,,,,,,,,761,검은사막,64.5,음악/노래,17.5,talk,6.0,9,true,multi_game,,2026-06-15T12:22:09.205361
062998d6f1dabd0ae5cf4899e4891c5c,naverchzzk,,,,,,,,1860,talk,21.4,러스트,16.0,마인크래프트,13.7,14,false,single_game_or_non_game,,2026-06-15T12:22:09.505446
d307820d55a4d102ccd18819e4da2fc7,naverchzzk,,,,,,,,231,이스케이프 프롬 타르코프,53.2,talk,41.9,음악/노래,4.8,3,false,single_game_or_non_game,,2026-06-15T12:22:09.681842
d463ef5f5803dc8bf47036bcf8099e62,naverchzzk,,,,,,,,3435,던전앤파이터,88.9,구스 구스 덕,4.7,리그 오브 레전드,4.5,4,false,single_game_dominant,,2026-06-15T12:22:09.974553
e0249640aef3245d9097aedc464ebf72,naverchzzk,,,,,,,,604,마인크래프트,33.1,오버워치,25.0,PUBG: 배틀그라운드,16.5,8,true,multi_game,,2026-06-15T12:22:10.785296
2b27994e826cf4de40770eb22163f1fd,naverchzzk,,,,,,,,301,talk,46.8,오버워치,9.7,음악/노래,9.3,15,false,single_game_or_non_game,,2026-06-15T12:22:10.827829
06969347908cd72644f7c2c3eb274c62,naverchzzk,,,,,,,,230,talk,65.2,사이퍼즈,34.8,,0,2,false,talk_primary,,2026-06-15T12:22:10.845334
0c3356ebececc241124bcea53620d91a,naverchzzk,,,,,,,,1143,talk,40.3,서브노티카 2,21.9,고독방송,10.4,13,false,single_game_or_non_game,,2026-06-15T12:22:11.296829
0d48dddcdca802fb2b256020f3dd4113,naverchzzk,,,,,,,,136,,0,,0,,0,0,unknown,no_category_data,,2026-06-15T12:22:24.325216
a20c8199ac88f70ffae337e369680d25,naverchzzk,,,,,,,,436,,0,,0,,0,0,unknown,no_category_data,,2026-06-15T12:22:24.593309
206908fe3a77cd8547b8fb61bf7754f5,naverchzzk,,,,,,,,2381,,0,,0,,0,0,unknown,no_category_data,,2026-06-15T12:22:25.400471
a7d5eacb47f3927c29b30c0a6cf7d99b,naverchzzk,,,,,,,,47,,0,,0,,0,0,unknown,no_category_data,,2026-06-15T12:22:25.955125
cff0f01a92112a326d06f47169a1f4fd,naverchzzk,,,,,,,,316,,0,,0,,0,0,unknown,no_category_data,,2026-06-15T12:22:26.318405
e9d86bb58fbf32b5c4cccf9b26c29781,naverchzzk,,,,,,,,1101,talk,28.0,마라톤,26.7,친구모아 아일랜드 두근두근 라이프,26.4,5,true,multi_game,,2026-06-15T12:22:28.371319
7620bd58fe8202201943b50669a68764,naverchzzk,,,,,,,,1326,음악/노래,28.9,talk,22.5,이터널 리턴,17.7,12,true,multi_game,,2026-06-15T12:22:29.390405
e6dbc4ec92cf781dead6eedbb0695605,naverchzzk,,,,,,,,1258,talk,41.1,마인크래프트,21.6,리그 오브 레전드,9.8,8,false,single_game_or_non_game,,2026-06-15T12:22:29.468614
9d261b9ede8912f47258458ae62762df,naverchzzk,,,,,,,,5496,패스 오브 엑자일 2,65.1,디아블로 II: 레저렉션,23.9,디아블로 4: 증오의 군주,11.0,3,true,multi_game,,2026-06-15T12:22:29.934150
a3a241b424a208cfe044de8109cc70a2,naverchzzk,,,,,,,,119,,0,,0,,0,0,unknown,no_category_data,,2026-06-15T12:22:33.954375
ff7abb090838c5a677d129b246fa924c,naverchzzk,,,,,,,,442,종합 게임,50.0,R.E.P.O.,37.5,발로란트,12.5,4,true,gg_primary,,2026-06-15T12:22:35.157246
de648b16b164013f99cf79500e8f478d,naverchzzk,,,,,,,,85,,0,,0,,0,0,unknown,no_category_data,,2026-06-15T12:22:36.925980
4dba12437bf7378a11f28d545857d877,naverchzzk,,,,,,,,3344,,0,,0,,0,0,unknown,no_category_data,,2026-06-15T12:22:38.046292
f38e91db7f6fe3bae0e32b751b5874e7,naverchzzk,,,,,,,,117,talk,22.2,종합 게임,22.0,음악/노래,18.7,7,true,multi_game,,2026-06-15T12:22:40.354606
3b2e3c3f3ea97e3438849c27dc47f003,naverchzzk,,,,,,,,1362,명조:워더링 웨이브,63.8,음악/노래,36.2,,0,2,true,multi_game,,2026-06-15T12:22:43.309009
175744dfeb06b0717cf4a71b6561ff72,naverchzzk,,,,,,,,1041,,0,,0,,0,0,unknown,no_category_data,,2026-06-15T12:22:49.374926
0da4a1fb209bff4ff74598cab47feae2,naverchzzk,,,,,,,,1351,talk,78.4,로보토미 코퍼레이션,21.6,,0,2,false,talk_primary,,2026-06-15T12:22:50.846740
0b024f1af358eb5752ef982aad6921ce,naverchzzk,,,,,,,,1030,마인크래프트,73.9,PUBG: 배틀그라운드,8.0,리그 오브 레전드,4.5,11,false,single_game_or_non_game,,2026-06-15T12:22:51.625261
25e34196a9b97d306c55706fd2490d79,naverchzzk,,,,,,,,10,,0,,0,,0,0,unknown,no_category_data,,2026-06-15T12:22:52.005426
2189b89fa4c000303799b46ea08ba086,naverchzzk,,,,,,,,1099,talk,27.3,포르자 호라이즌 6,22.1,인디아나 존스: 그레이트 서클,21.5,7,true,multi_game,,2026-06-15T12:22:52.558258
4ce514e5388eb170dffdfa2eb82c1cc8,naverchzzk,,,,,,,,140,이환,63.3,원신,30.4,리버스: 1999,5.1,6,true,multi_game,,2026-06-15T12:22:52.732239
d29626f8dc922d674b43d7f8dee8ad9c,naverchzzk,,,,,,,,534,,0,,0,,0,0,unknown,no_category_data,,2026-06-15T12:22:54.806628
14b4cb340aa308996356da1540cf5be5,naverchzzk,,,,,,,,1888,talk,39.6,음악/노래,26.4,명조:워더링 웨이브,10.7,8,false,single_game_or_non_game,,2026-06-15T12:22:54.884354
65adaf4adef3f55c02d8865a5fb77e79,naverchzzk,,,,,,,,644,발로란트,54.5,종합 게임,20.6,talk,8.2,7,true,multi_game,,2026-06-15T12:22:55.634548
391a98b72bdf62e7003f6fe8fb00840a,naverchzzk,,,,,,,,940,talk,43.0,성세천하: 여제의 탄생 Ⅱ,11.5,친구모아 아일랜드 두근두근 라이프,11.3,12,false,single_game_or_non_game,,2026-06-15T12:23:09.016841
382068fb63204f2f4681b4da4ef7a931,naverchzzk,,,,,,,,148,러시안 피싱 4,52.0,Once Human,24.8,종합 게임,18.8,4,true,multi_game,,2026-06-15T12:23:10.675119
c702598273a9fe6c7ed0ad0b40d9cabd,naverchzzk,,,,,,,,1184,이터널 리턴,42.5,talk,33.8,에이펙스 레전드,7.1,8,false,single_game_or_non_game,,2026-06-15T12:23:14.224138
05e32aae896c6067fb36157149053de2,naverchzzk,,,,,,,,1974,월드 오브 워크래프트: 한밤,100.0,,0,,0,1,false,single_game_dominant,,2026-06-15T12:23:16.214855
1eecd0e2598e45936aa8511a783f8ad2,naverchzzk,,,,,,,,1492,talk,56.9,마인크래프트,18.7,음악/노래,9.3,8,false,talk_primary,,2026-06-15T12:23:16.835075
8a32bf4aa341572d11839722d9286638,naverchzzk,,,,,,,,371,그림/아트,89.6,림버스 컴퍼니,2.7,매드 파더,2.0,8,false,single_game_dominant,,2026-06-15T12:23:17.655513
6a31ed686b63f28af4aed12c16612e70,naverchzzk,,,,,,,,262,파이널판타지14,55.4,talk,32.1,종합 게임,12.5,3,false,single_game_or_non_game,,2026-06-15T12:23:18.273482
ff3d21e476207187122a14be2df03f95,naverchzzk,,,,,,,,1654,로스트아크,96.4,용과 같이0 맹세의 장소 Director's Cut,1.6,클레르 옵스퀴르: 33 원정대,1.5,4,false,single_game_dominant,,2026-06-15T12:23:18.624269
a818433a61531831a9a459863b29c857,naverchzzk,,,,,,,,439,talk,41.3,두근두근타운,16.0,이환,12.0,14,false,single_game_or_non_game,,2026-06-15T12:23:19.048122
a44c0e1d1ae67a5a6a8fc001725be221,naverchzzk,,,,,,,,2122,,0,,0,,0,0,unknown,no_category_data,,2026-06-15T12:23:19.135214
af61139649b28eef5f579d1f273ab4f5,naverchzzk,,,,,,,,498,이스케이프 프롬 타르코프,81.4,코어 키퍼,13.1,PUBG: 배틀그라운드,3.8,4,false,single_game_dominant,,2026-06-15T12:23:20.743447
e1ded8d90ca0e2b50eca19ad6603176b,naverchzzk,,,,,,,,584,talk,50.0,리그 오브 레전드,27.8,PUBG: 배틀그라운드,22.2,3,false,talk_primary,,2026-06-15T12:23:21.737257
91aaf54375326c7f94502dc1d96d6de3,naverchzzk,,,,,,,,170,,0,,0,,0,0,unknown,no_category_data,,2026-06-15T12:23:24.003544
19f3bd2b113589deb6f6cae58ba1730e,naverchzzk,,,,,,,,1373,,0,,0,,0,0,unknown,no_category_data,,2026-06-15T12:23:29.511355
e00bd4ec1efb5a7c8d540a891974eb17,naverchzzk,,,,,,,,371,talk,42.5,마인크래프트,36.9,음악/노래,6.4,10,false,single_game_or_non_game,,2026-06-15T12:23:32.995052
605d21419765bd09ab9ddb7691214af3,naverchzzk,,,,,,,,256,talk,64.2,마인크래프트,18.9,종합 게임,16.9,3,false,talk_primary,,2026-06-15T12:23:38.344239
7daee269eacfe2bd67535273a2ffa44d,naverchzzk,,,,,,,,443,talk,47.5,마인크래프트,14.5,성세천하: 여제의 탄생 Ⅱ,12.9,10,false,single_game_or_non_game,,2026-06-15T12:23:38.809517
3708a2e65c1a964d60367612c0e0f69b,naverchzzk,,,,,,,,3287,이터널 리턴,29.6,talk,24.2,프래그마타,13.8,7,false,single_game_or_non_game,,2026-06-15T12:23:38.952002
cd8e09242dfb84b5e03adb79d2a67215,naverchzzk,,,,,,,,503,PUBG: 배틀그라운드,36.5,발로란트,25.4,아이온2,22.4,7,true,multi_game,,2026-06-15T12:23:40.056203
51ff180169bc95b29800c5e8a0b37374,naverchzzk,,,,,,,,1015,림월드,89.3,talk,8.9,종합 게임,1.7,3,false,single_game_dominant,,2026-06-15T12:23:41.051142
6a45709f048f57047d1d20249c1a48f2,naverchzzk,,,,,,,,514,프로젝트 좀보이드,100.0,,0,,0,1,false,single_game_dominant,,2026-06-15T12:23:41.865462
a3c901d07e059f9dc7eb2b44ab143371,naverchzzk,,,,,,,,669,PUBG: 배틀그라운드,68.9,talk,22.3,종합 게임,2.0,8,false,single_game_or_non_game,,2026-06-15T12:23:42.027526
41a2256d7293fbc3138f1ff90a18eee0,naverchzzk,,,,,,,,324,리그 오브 레전드,97.7,PUBG: 배틀그라운드,2.3,,0,2,false,single_game_dominant,,2026-06-15T12:23:42.579429
f02e7e73d35cc611110b47a18ab1aa34,naverchzzk,,,,,,,,1215,아레나 브레이크아웃,52.3,마인크래프트,16.4,PUBG: 배틀그라운드,15.8,6,true,multi_game,,2026-06-15T12:23:42.754350
0392d6d9463d234e578a4d12fe7d9f92,naverchzzk,,,,,,,,2822,,0,,0,,0,0,unknown,no_category_data,,2026-06-15T12:23:52.467322
b2b0d19b78cc882027a9579cb51bdf3b,naverchzzk,,,,,,,,236,메이플스토리 월드,100.0,,0,,0,1,false,single_game_dominant,,2026-06-15T12:23:53.829177
a6d9b0eeca16dd613bf0ebe8d5b8991b,naverchzzk,,,,,,,,430,오버워치,100.0,,0,,0,1,false,single_game_dominant,,2026-06-15T12:23:56.168720
c24299f65d4d4d8544b84110c8b8bf23,naverchzzk,,,,,,,,519,,0,,0,,0,0,unknown,no_category_data,,2026-06-15T12:23:56.287019
18bfc3b61980c839b9008d6495bb6815,naverchzzk,,,,,,,,822,,0,,0,,0,0,unknown,no_category_data,,2026-06-15T12:23:57.574383
e7104b41f018bb2db3dca526d9f00e53,naverchzzk,,,,,,,,1921,림버스 컴퍼니,42.2,talk,20.4,서브노티카 2,14.0,8,false,single_game_or_non_game,,2026-06-15T12:24:00.110285
9b471d9f5b4de4eae9b06074b6214119,naverchzzk,,,,,,,,335,델타포스,80.3,포르자 호라이즌 6,9.3,종합 게임,3.4,9,false,single_game_dominant,,2026-06-15T12:24:05.003084
1de25d1bcf816296c4dcc4560b0418b3,naverchzzk,,,,,,,,594,talk,42.2,PUBG: 배틀그라운드,18.3,리그 오브 레전드,12.5,12,false,single_game_or_non_game,,2026-06-15T12:24:05.406128
e0c5647a2e5eb0486bc1d87e5c7445ff,naverchzzk,,,,,,,,1070,talk,28.8,로스트아크,25.7,마인크래프트,23.5,13,true,multi_game,,2026-06-15T12:24:06.512423
d2fd30a9ca61ddcf03bdeb188de6ccb3,naverchzzk,,,,,,,,305,메이플스토리 월드,95.7,그라운디드 2,4.2,이환,0.1,3,false,single_game_dominant,,2026-06-15T12:24:11.047109
36cdfcd9fd2261f9a331e56d8b3121d8,naverchzzk,,,,,,,,112,,0,,0,,0,0,unknown,no_category_data,,2026-06-15T12:24:12.745300
94a215f20bf7041b256bd4de11aa91cc,naverchzzk,,,,,,,,857,리그 오브 레전드,83.0,종합 게임,6.0,농부는 대체되었다,5.9,5,false,single_game_dominant,,2026-06-15T12:24:13.014565
8aa2592eff7446d29304da9c6aab6212,naverchzzk,,,,,,,,941,마인크래프트,93.1,로스트아크,1.7,몬스터 헌터 와일즈,1.5,7,false,single_game_dominant,,2026-06-15T12:24:14.179933
b1a5f37d4bcf6d9dad99e3f388afa372,naverchzzk,,,,,,,,102,talk,50.0,PUBG: 배틀그라운드,30.0,종합 게임,9.2,5,false,talk_primary,,2026-06-15T12:24:14.526968
4d3b38000a54761f365efd589f9745db,naverchzzk,,,,,,,,268,리그 오브 레전드,25.3,서든어택,15.8,영화,11.4,22,true,multi_game,,2026-06-15T12:24:15.534098
211f8b528b779ad6a0b7d8d6c9233f36,naverchzzk,,,,,,,,53,,0,,0,,0,0,unknown,no_category_data,,2026-06-15T12:24:16.276992
906882ca99b3aa86e2593a1cd7eb5184,naverchzzk,,,,,,,,443,PUBG: 배틀그라운드,99.6,talk,0.4,,0,2,false,single_game_dominant,,2026-06-15T12:24:16.677136
9764af65c800cdebfc403eae0f35c853,naverchzzk,,,,,,,,763,새티스팩토리,44.1,발로란트,24.8,라이브러리안: 타이디 업 더 아케인 라이브러리!,5.9,24,true,multi_game,,2026-06-15T12:24:17.449428
4018756e00df38181bce9c66a362a8dc,naverchzzk,,,,,,,,277,,0,,0,,0,0,unknown,no_category_data,,2026-06-15T12:24:18.812399
064b39ceeaaeb0e8079648497192412a,naverchzzk,,,,,,,,101,종합 게임,62.8,talk,27.1,내 전골에 뭐 넣었어?!,10.1,3,true,gg_primary,,2026-06-15T12:24:20.389952
ac1323d40d3646ae200da195a77253ef,naverchzzk,,,,,,,,420,,0,,0,,0,0,unknown,no_category_data,,2026-06-15T12:24:20.753333
4117aa86f98409131e486a4c2d9a2eaf,naverchzzk,,,,,,,,131,두근두근타운,23.3,먹방/쿡방,20.5,미메시스,16.4,7,true,multi_game,,2026-06-15T12:24:23.408653
00e52ca583c932495a31e5e2b4654005,naverchzzk,,,,,,,,346,,0,,0,,0,0,unknown,no_category_data,,2026-06-15T12:24:25.572335
50f948125fcd818f214867eb29e5f242,naverchzzk,,,,,,,,319,오버워치,32.0,talk,29.7,슬레이 더 스파이어 2,18.0,5,true,multi_game,,2026-06-15T12:24:25.580548
a7c1fc4c98035500aa2b3f70812ff8e9,naverchzzk,,,,,,,,575,그림/아트,57.9,PUBG: 배틀그라운드,18.7,짱구는 못말려 「탄광마을의 흰둥이」,12.4,7,false,single_game_or_non_game,,2026-06-15T12:24:28.525186
82e4122bf7d15152385d1a79e139a0fb,naverchzzk,,,,,,,,497,,0,,0,,0,0,unknown,no_category_data,,2026-06-15T12:24:30.469187
76f3198581e7566a619debcc07b4b6dd,naverchzzk,,,,,,,,41,007 퍼스트 라이트,58.6,서브노티카 2,41.4,,0,2,true,multi_game,,2026-06-15T12:24:32.310641
a1e084f0c69d53fa135688f4911a04db,naverchzzk,,,,,,,,2766,리그 오브 레전드,92.4,talk,5.3,메이플스토리 월드,2.3,3,false,single_game_dominant,,2026-06-15T12:24:32.927316
c4113c023d180784de4e130cf668ba97,naverchzzk,,,,,,,,449,마인크래프트,36.2,이터널 리턴,17.9,이환,17.1,9,true,multi_game,,2026-06-15T12:24:33.805125
8b6d668ce216efab3972aefd873f570c,naverchzzk,,,,,,,,936,로스트아크,65.4,마인크래프트,7.5,talk,6.9,13,false,single_game_or_non_game,,2026-06-15T12:24:36.251357
90a1397224bf42317e7a3f6a7cab074e,naverchzzk,,,,,,,,513,카트라이더,59.0,이환,12.4,라테일,9.3,7,false,single_game_or_non_game,,2026-06-15T12:24:36.477078
19eaeeabc1339d19f450aa22743058ba,naverchzzk,,,,,,,,1079,이스케이프 프롬 타르코프,96.8,이터널 리턴,2.0,리그 오브 레전드,1.2,3,false,single_game_dominant,,2026-06-15T12:24:37.920607
e67b5ef352e58e599104418122f83207,naverchzzk,,,,,,,,585,메이플스토리 월드,40.3,마비노기 모바일,33.7,talk,11.6,8,true,multi_game,,2026-06-15T12:24:39.228765
5f719bd1503f427ecf780da6ab10dcd6,naverchzzk,,,,,,,,2038,포르자 호라이즌 6,23.2,포켓몬 포코피아,21.4,talk,21.4,6,true,multi_game,,2026-06-15T12:24:39.654266
9f6e4600df15b08383c1a5222e2d3e4e,naverchzzk,,,,,,,,848,talk,31.4,리그 오브 레전드,16.1,성세천하: 여제의 탄생 Ⅱ,12.9,11,false,single_game_or_non_game,,2026-06-15T12:24:41.574084
f4e5ce3cf0280fd82fe4ee69d09d5233,naverchzzk,,,,,,,,883,ASMR,100.0,,0,,0,1,false,single_game_dominant,,2026-06-15T12:24:42.450189
36909d7135d45d3526b6aea7916b99ff,naverchzzk,,,,,,,,206,talk,62.9,V 라이징,18.7,리그 오브 레전드,18.4,3,false,talk_primary,,2026-06-15T12:24:42.751788
5e579bef13584440780604719babd408,naverchzzk,,,,,,,,1020,마인크래프트,39.4,talk,25.4,리그 오브 레전드,8.3,8,false,single_game_or_non_game,,2026-06-15T12:24:44.730415
6d3234535c8dbe2416397557f11c91cc,naverchzzk,,,,,,,,21,,0,,0,,0,0,unknown,no_category_data,,2026-06-15T12:24:44.744930
5505dca15df84836ffdf6514baff212b,naverchzzk,,,,,,,,2847,,0,,0,,0,0,unknown,no_category_data,,2026-06-15T12:24:44.831841
fc304258f35233f84eb58856dc87bfe2,naverchzzk,,,,,,,,1303,,0,,0,,0,0,unknown,no_category_data,,2026-06-15T12:24:45.890772
ba47b176f1b798fe8ab0ee0c27dce030,naverchzzk,,,,,,,,636,헬다이버즈 2,27.1,서브노티카 2,15.2,프래그마타,14.2,10,true,multi_game,,2026-06-15T12:24:51.027743
725deab8d303abfb06327edfb3425f7b,naverchzzk,,,,,,,,83,,0,,0,,0,0,unknown,no_category_data,,2026-06-15T12:24:55.328501
17e9a9a674078e051211eb9f424da563,naverchzzk,,,,,,,,106,,0,,0,,0,0,unknown,no_category_data,,2026-06-15T12:24:55.434185
d4f1e7bec7ab800b373741eb91301a8e,naverchzzk,,,,,,,,303,,0,,0,,0,0,unknown,no_category_data,,2026-06-15T12:24:55.955256
131647952446cbcf467e27313ae6b263,naverchzzk,,,,,,,,829,철권 8,43.0,로스트아크,28.3,마인크래프트,7.8,11,true,multi_game,,2026-06-15T12:24:56.130797
e5ba4afb46226a3c855704514c85f0f5,naverchzzk,,,,,,,,875,,0,,0,,0,0,unknown,no_category_data,,2026-06-15T12:24:56.660306
921dbbb109537e943beec2ddc17fa770,naverchzzk,,,,,,,,226,,0,,0,,0,0,unknown,no_category_data,,2026-06-15T12:24:56.974441
6c9e6272d377fa43c93dbf36e029d082,naverchzzk,,,,,,,,475,음악/노래,98.9,유로 트럭 시뮬레이터 2,1.1,Grand Theft Auto V,0.0,3,false,single_game_dominant,,2026-06-15T12:24:57.564049
da0eb3b7f9e60f8a8db2ecdd9b2e47a3,naverchzzk,,,,,,,,419,로스트아크,41.3,메이플스토리,16.6,메이플스토리 월드,13.4,13,true,multi_game,,2026-06-15T12:24:57.794943
9c95df644ae8d0d711bb0089d333640b,naverchzzk,,,,,,,,281,talk,65.6,마인크래프트,12.6,성세천하: 여제의 탄생 Ⅱ,9.9,6,false,talk_primary,,2026-06-15T12:24:59.842144
be382af13826239a73546eb29b90fe2a,naverchzzk,,,,,,,,2377,,0,,0,,0,0,unknown,no_category_data,,2026-06-15T12:25:11.815056
0ded6d1cb44d4fb0223cd37fd05fcf82,naverchzzk,,,,,,,,407,돈 플레이 디스,40.0,talk,40.0,종합 게임,20.0,3,true,multi_game,,2026-06-15T12:25:12.861565
6cb8bd60aef656ab097bdb35d8fb9464,naverchzzk,,,,,,,,105,,0,,0,,0,0,unknown,no_category_data,,2026-06-15T12:25:13.378855
3f20f6538b47012c444fe7285c1dffbf,naverchzzk,,,,,,,,336,,0,,0,,0,0,unknown,no_category_data,,2026-06-15T12:25:16.711342
d144bb929844ec1dbe80da79828ea6f7,naverchzzk,,,,,,,,432,오구와 비밀의 숲,24.4,PUBG: 배틀그라운드,21.2,talk,18.2,13,true,multi_game,,2026-06-15T12:25:16.777227
173ac3ccc9fe0c5690f40f23b3eb9094,naverchzzk,,,,,,,,496,PUBG: 배틀그라운드,31.0,talk,24.6,음악/노래,17.3,16,true,multi_game,,2026-06-15T12:25:18.899080
3d08f17e7ec1e2fb258f76c35d992160,naverchzzk,,,,,,,,2636,음악/노래,63.9,talk,17.1,오버워치,7.3,10,false,single_game_or_non_game,,2026-06-15T12:25:19.706879
7e893cb62e09e50802fba8c5b17ae0d7,naverchzzk,,,,,,,,1185,talk,65.1,PUBG: 배틀그라운드,12.2,마인크래프트,6.8,11,false,talk_primary,,2026-06-15T12:25:21.066074
9768e7804e4f1b2e6b8a3ba4ef8fd111,naverchzzk,,,,,,,,372,톰 클랜시의 레인보우 식스 시즈 X,98.1,발로란트,1.9,,0,2,false,single_game_dominant,,2026-06-15T12:25:21.284208
6f535ac62bc55fa5d3515ddb2293bcb1,naverchzzk,,,,,,,,142,,0,,0,,0,0,unknown,no_category_data,,2026-06-15T12:25:25.725859
a9e90a1a4dfdb74b62ff613eb78a3b5b,naverchzzk,,,,,,,,700,,0,,0,,0,0,unknown,no_category_data,,2026-06-15T12:25:37.397035
34a55e8c8c566be82c9b6d95b364dd14,naverchzzk,,,,,,,,312,PUBG: 배틀그라운드,50.0,이터널 리턴,44.4,talk,5.6,3,true,multi_game,,2026-06-15T12:25:37.857767
b5dd4b7d56a2a443455d997dd2ba6b92,naverchzzk,,,,,,,,414,던전앤파이터,74.8,리그 오브 레전드,25.2,,0,2,true,multi_game,,2026-06-15T12:25:39.030544
42cb8a68db58b3f6c4fdbb99bfd8c7d2,naverchzzk,,,,,,,,1349,승리의 여신: 니케,66.3,마인크래프트,20.4,블루 아카이브,5.2,6,true,multi_game,,2026-06-15T12:25:40.022124
ef31bdc9ac94ae00264c4f9d3f339443,naverchzzk,,,,,,,,549,로스트아크,85.8,리그 오브 레전드,7.8,로보토미 코퍼레이션,2.6,8,false,single_game_dominant,,2026-06-15T12:25:40.944459
889797e2c70696ceb579443db0d96e97,naverchzzk,,,,,,,,449,talk,59.5,오버워치,32.5,짱구는 못말려 「탄광마을의 흰둥이」,3.1,5,false,talk_primary,,2026-06-15T12:25:41.516112
60ef754f381af1de5f2f08ca7e4aa165,naverchzzk,,,,,,,,187,니어: 오토마타,22.3,하데스 2,21.5,하늘의 궤적 the 1st,18.2,8,true,multi_game,,2026-06-15T12:25:42.010057
4b8f70a27b7558c3176847d6e7b55a4c,naverchzzk,,,,,,,,13706,아이온2,67.8,패스 오브 엑자일 2,25.5,talk,2.9,6,true,multi_game,,2026-06-15T12:25:42.244194
f140555918493c55ce7d23b73b1d30e2,naverchzzk,,,,,,,,119,,0,,0,,0,0,unknown,no_category_data,,2026-06-15T12:25:42.492393
99b62983b34c8b5fa74d58b0fc85b8d5,naverchzzk,,,,,,,,177,,0,,0,,0,0,unknown,no_category_data,,2026-06-15T12:25:47.101561
259537727ab7dc413929428fe4b66c88,naverchzzk,,,,,,,,922,PUBG: 배틀그라운드,88.3,오버워치,11.2,talk,0.5,3,false,single_game_dominant,,2026-06-15T12:25:48.920211
e8509878d671c75b03625bdace4ee8dd,naverchzzk,,,,,,,,221,,0,,0,,0,0,unknown,no_category_data,,2026-06-15T12:25:51.563467
2e9d8f31e0e5e5ba4e305325ced2bbfb,naverchzzk,,,,,,,,1163,,0,,0,,0,0,unknown,no_category_data,,2026-06-15T12:25:54.699477
281d1bdd69d6dc6b67525a4022fb7e27,naverchzzk,,,,,,,,408,,0,,0,,0,0,unknown,no_category_data,,2026-06-15T12:25:55.276860
ac37a4262f9ca128993030660a64530c,naverchzzk,,,,,,,,82,리그 오브 레전드,100.0,,0,,0,1,false,single_game_dominant,,2026-06-15T12:25:55.606840
95b62e8d88fb7edee375f41611926007,naverchzzk,,,,,,,,460,,0,,0,,0,0,unknown,no_category_data,,2026-06-15T12:25:56.956816
9eb3e4be9784e50544f027340e1c5e12,naverchzzk,,,,,,,,1485,,0,,0,,0,0,unknown,no_category_data,,2026-06-15T12:25:59.616952
80431a7540076a4d6d2c29fa68709136,naverchzzk,,,,,,,,1104,talk,51.9,리그 오브 레전드,13.4,데드 바이 데이라이트,13.2,8,false,talk_primary,,2026-06-15T12:26:00.165206
dda9f317cc008e4b61670b6372b87ee8,naverchzzk,,,,,,,,336,,0,,0,,0,0,unknown,no_category_data,,2026-06-15T12:26:00.503075
8efc3862292897d542f8cb238cf7d367,naverchzzk,,,,,,,,2918,talk,84.3,승리의 여신: 니케,6.4,더 게임 오브 라이프 포 닌텐도 스위치,4.1,6,false,talk_primary,,2026-06-15T12:26:00.636300
d499abba6db5593ca778d0aed3bd2d2b,naverchzzk,,,,,,,,615,리그 오브 레전드,100.0,,0,,0,1,false,single_game_dominant,,2026-06-15T12:26:01.294278
ae0790991e74435df53fd0bce4322098,naverchzzk,,,,,,,,524,,0,,0,,0,0,unknown,no_category_data,,2026-06-15T12:26:02.997388
ae3b90570ba8341e43afb682d573f775,naverchzzk,,,,,,,,259,그림/아트,49.9,디제이맥스 리스펙트 V,20.5,모여봐요 동물의 숲,18.0,12,true,multi_game,,2026-06-15T12:26:07.883259
a4e0bfb74d5b17f4f7b73680d058498c,naverchzzk,,,,,,,,302,파이널판타지14,42.1,명일방주,26.9,라이브러리안: 타이디 업 더 아케인 라이브러리!,12.6,9,true,multi_game,,2026-06-15T12:26:11.108164
8634f69c27a6d775c96a3db6286fdbb2,naverchzzk,,,,,,,,1271,,0,,0,,0,0,unknown,no_category_data,,2026-06-15T12:26:14.934475
426843c6a5e13bc7b3c202aadc1406e3,naverchzzk,,,,,,,,2534,오버워치,37.0,데드락,15.5,talk,13.5,26,true,multi_game,,2026-06-15T12:26:18.564898
8ba7558881dd34542744179d18c52945,naverchzzk,,,,,,,,211,두근두근타운,45.6,talk,40.8,종합 게임,12.0,5,false,single_game_or_non_game,,2026-06-15T12:26:18.938384
1c60560193106cefa1303cfa0f0f8544,naverchzzk,,,,,,,,156,talk,59.6,종합 게임,20.2,위스퍼 오브 더 하우스: 잠꼬대마을 이야기,20.2,3,false,talk_primary,,2026-06-15T12:26:21.129722
3ab3fea7862775b3d0fb69df25ca3f41,naverchzzk,,,,,,,,138,talk,55.1,음악/노래,13.6,단간론파: 희망의 학원과 절망의 고교생,13.1,6,false,talk_primary,,2026-06-15T12:26:21.136546
6f9af7a8423b09e9c44fe077df363ea5,naverchzzk,,,,,,,,853,talk,0,,0,,0,1,false,single_game_or_non_game,,2026-06-15T12:26:21.308744
61849063a0df7e8ea1ff3cc664599606,naverchzzk,,,,,,,,620,로스트아크,78.3,디지몬 스토리 타임 스트레인저,21.7,,0,2,true,multi_game,,2026-06-15T12:26:21.648875
5891784ca4e2320cfa25668f1f247579,naverchzzk,,,,,,,,507,talk,66.8,음악/노래,8.6,종합 게임,5.7,11,false,talk_primary,,2026-06-15T12:26:22.735682
ca7eddd198b72f672aae835439b54e0c,naverchzzk,,,,,,,,31,종합 게임,64.1,성세천하: 여제의 탄생 Ⅱ,26.2,붕괴: 스타레일,3.7,8,true,gg_primary,,2026-06-15T12:26:23.924436
ebeaa22165a31885705493a0ae3e480b,naverchzzk,,,,,,,,243,명조:워더링 웨이브,27.2,마인크래프트,24.6,오버워치,14.4,15,true,multi_game,,2026-06-15T12:26:24.998090
968408002f93bc310ff4d2e8745357db,naverchzzk,,,,,,,,52,Qwilight,100.0,,0,,0,1,false,single_game_dominant,,2026-06-15T12:26:35.905655
0d1f11a3ad08ce60fb61b7e95691eaf2,naverchzzk,,,,,,,,243,,0,,0,,0,0,unknown,no_category_data,,2026-06-15T12:26:36.314216
9e855fc3c1e7d323c41bf733e023e501,naverchzzk,,,,,,,,953,talk,47.1,PUBG: 배틀그라운드,28.4,서브노티카 2,17.6,4,true,multi_game,,2026-06-15T12:26:37.977397
2b3efd3b5e64410374445a4fa1fb4b10,naverchzzk,,,,,,,,1607,이스케이프 프롬 타르코프,51.1,로스트아크,45.9,리그 오브 레전드,1.2,5,true,multi_game,,2026-06-15T12:26:38.155001
bbd7433d635448e9dc023839ff5e59d5,naverchzzk,,,,,,,,546,마인크래프트,32.3,슬레이 더 스파이어 2,22.3,이환,15.8,10,true,multi_game,,2026-06-15T12:26:41.031855
d0ffbe7d00bee5725e6970e1352cb215,naverchzzk,,,,,,,,1380,talk,63.4,오버워치,20.2,PUBG: 배틀그라운드,14.6,6,false,talk_primary,,2026-06-15T12:26:41.365493
8a57872ead002470ca045389593549e2,naverchzzk,,,,,,,,762,전략적 팀 전투 : 우주의 신들,93.8,아쿠아리움은 춤추지 않아,4.3,리그 오브 레전드,1.8,4,false,single_game_dominant,,2026-06-15T12:26:41.523357
334e15047891e2aed952ae1e9aa820c0,naverchzzk,,,,,,,,1044,PUBG: 배틀그라운드,100.0,,0,,0,1,false,single_game_dominant,,2026-06-15T12:26:41.872624
d7310f2350f34e2c7d3ff8cb73b0cb6f,naverchzzk,,,,,,,,450,오버워치,42.0,음악/노래,38.0,talk,20.0,3,true,multi_game,,2026-06-15T12:26:42.084358
25d366c094b4ef3f6bf267bcbc474f0f,naverchzzk,,,,,,,,251,,0,,0,,0,0,unknown,no_category_data,,2026-06-15T12:26:44.465074
1503762ad62c8dc68f6bd2e93b440eda,naverchzzk,,,,,,,,34,,0,,0,,0,0,unknown,no_category_data,,2026-06-15T12:26:46.440024
381296664136d7abe0cb8a36a02a58e7,naverchzzk,,,,,,,,1119,발로란트,59.5,talk,25.9,오버워치,12.0,4,false,single_game_or_non_game,,2026-06-15T12:26:50.785323
0fc75af87810bf5a973056d6516d8602,naverchzzk,,,,,,,,222,talk,38.0,007 퍼스트 라이트,23.4,종합 게임,16.4,6,true,multi_game,,2026-06-15T12:26:50.914202
84e6477623a08dd924d0c55005279a96,naverchzzk,,,,,,,,126,림월드,100.0,talk,0.0,,0,2,false,single_game_dominant,,2026-06-15T12:26:55.825790
bd3848e29d1e42b4cb4ed1e67995a646,naverchzzk,,,,,,,,328,,0,,0,,0,0,unknown,no_category_data,,2026-06-15T12:26:56.114519
64119a85225259a072b44937cbca210d,naverchzzk,,,,,,,,355,,0,,0,,0,0,unknown,no_category_data,,2026-06-15T12:26:56.298504
24765a054662a18f143a34b7e29af505,naverchzzk,,,,,,,,217,,0,,0,,0,0,unknown,no_category_data,,2026-06-15T12:27:00.760247
c55085778e35bb35c9d3a0ab472177f3,naverchzzk,,,,,,,,1170,로스트아크,53.4,명조:워더링 웨이브,15.7,talk,11.8,11,true,multi_game,,2026-06-15T12:27:03.819094
07bba51bf0a233f3f44b54431704b190,naverchzzk,,,,,,,,4331,음악/노래,67.5,talk,28.7,성세천하: 여제의 탄생 Ⅱ,2.3,4,false,single_game_or_non_game,,2026-06-15T12:27:04.130961
c9a43116e4457dec4c661d67f924476c,naverchzzk,,,,,,,,701,,0,,0,,0,0,unknown,no_category_data,,2026-06-15T12:27:05.467353
ba9560aad04331c8085271b29a42e645,naverchzzk,,,,,,,,466,,0,,0,,0,0,unknown,no_category_data,,2026-06-15T12:27:06.114083
98fa1c3526bce30c13950fd62c1a66a5,naverchzzk,,,,,,,,300,로스트아크,83.3,월드 오브 워크래프트: 한밤,16.7,,0,2,false,single_game_dominant,,2026-06-15T12:27:07.446246
1019a18a6167a582c3bc479e5dba669a,naverchzzk,,,,,,,,606,,0,,0,,0,0,unknown,no_category_data,,2026-06-15T12:27:10.219391
08f63eb404e3fbc9b941cd3d2d28fb09,naverchzzk,,,,,,,,458,,0,,0,,0,0,unknown,no_category_data,,2026-06-15T12:27:11.045445
a9b10490b1bbd0d7055ae033f1ea0d3a,naverchzzk,,,,,,,,1159,,0,,0,,0,0,unknown,no_category_data,,2026-06-15T12:27:16.757471
0e3e0a5e7737e7e31a1a0463b177189b,naverchzzk,,,,,,,,346,로스트아크,68.8,마인크래프트,28.7,리그 오브 레전드,1.4,5,true,multi_game,,2026-06-15T12:27:19.891169
54323309ad66c4b39e93a2241e8ae74c,naverchzzk,,,,,,,,178,,0,,0,,0,0,unknown,no_category_data,,2026-06-15T12:27:20.326113
72eb65e88ef0c678d056a3a95b927ccc,naverchzzk,,,,,,,,272,,0,,0,,0,0,unknown,no_category_data,,2026-06-15T12:27:21.255469
71aa61d2db6277f06e27bd0251f1094d,naverchzzk,,,,,,,,137,,0,,0,,0,0,unknown,no_category_data,,2026-06-15T12:27:25.810295
2d71a1b81bc03cd5511ad9da180a040b,naverchzzk,,,,,,,,160,,0,,0,,0,0,unknown,no_category_data,,2026-06-15T12:27:34.055214
640478fe398f09c19a6b803cbc1987e8,naverchzzk,,,,,,,,5278,발로란트,85.5,서브노티카 2,4.1,오버워치,3.8,7,false,single_game_dominant,,2026-06-15T12:27:35.337616
5c9f4938a337498858b0ad9ea7e68d76,naverchzzk,,,,,,,,165,리그 오브 레전드,25.0,발로란트,15.3,러스티 레이크 호텔,13.9,11,true,multi_game,,2026-06-15T12:27:36.160732
e21791a3d0777ec78a2f6b98bfe77d75,naverchzzk,,,,,,,,459,talk,73.9,아이작의 번제: 리버스,5.8,팀파이트 매니저 2,4.7,11,false,talk_primary,,2026-06-15T12:27:37.871740
9e0e48a6b249fa15658d0ea0e5b7177e,naverchzzk,,,,,,,,417,,0,,0,,0,0,unknown,no_category_data,,2026-06-15T12:27:40.032955
b5cd4311d3e6330db2989670326150f0,naverchzzk,,,,,,,,672,talk,73.2,영화,9.1,전략적 팀 전투 : 우주의 신들,7.7,7,false,talk_primary,,2026-06-15T12:27:43.185404
368ffdf78df1b98c7b4380c9e1a12c61,naverchzzk,,,,,,,,318,talk,85.6,리그 오브 레전드,5.9,오버워치,2.9,9,false,talk_primary,,2026-06-15T12:27:43.814148
34e4718c8644d058eb2a887e54b8e5a1,naverchzzk,,,,,,,,22,종합 게임,100.0,,0,,0,1,true,gg_primary,,2026-06-15T12:27:46.575082
9cc4bda5d0387d211f9b2123895db58b,naverchzzk,,,,,,,,1114,검은사막,100.0,,0,,0,1,false,single_game_dominant,,2026-06-15T12:27:47.856374
2fadabdf0a14049908f2a581e396dabb,naverchzzk,,,,,,,,350,,0,,0,,0,0,unknown,no_category_data,,2026-06-15T12:27:50.948514
8458487d92174b3131ee4763e906fc7a,naverchzzk,,,,,,,,226,,0,,0,,0,0,unknown,no_category_data,,2026-06-15T12:27:52.743477
78e4761c91cf528767272b4c143d0393,naverchzzk,,,,,,,,1104,데이즈,43.2,talk,40.2,음악/노래,6.8,5,false,single_game_or_non_game,,2026-06-15T12:27:54.636252
32b7c6c895aebab26bc982eddf651036,naverchzzk,,,,,,,,616,림월드,56.1,talk,23.1,토탈 워: 워해머 3,15.6,5,true,multi_game,,2026-06-15T12:27:57.929389
1b9a98ddbbf2b90a56e565835e242dc5,naverchzzk,,,,,,,,31,,0,,0,,0,0,unknown,no_category_data,,2026-06-15T12:27:58.255264
f84871ce52c0ee4abeea74d4414ae578,naverchzzk,,,,,,,,21,,0,,0,,0,0,unknown,no_category_data,,2026-06-15T12:27:58.344367
5ff5b8d3402fcab48d3e42bce670b491,naverchzzk,,,,,,,,614,발로란트,69.2,스타크래프트 : 리마스터,13.2,승리의 여신: 니케,4.6,8,false,single_game_or_non_game,,2026-06-15T12:27:59.138146
7052564f324ec96a2c682ef6a34c179b,naverchzzk,,,,,,,,1650,,0,,0,,0,0,unknown,no_category_data,,2026-06-15T12:27:59.590511
3081497a11f9c57abba2058d651b28fa,naverchzzk,,,,,,,,435,,0,,0,,0,0,unknown,no_category_data,,2026-06-15T12:27:59.918980
328320271c7fe048afb4aa2e3d002909,naverchzzk,,,,,,,,375,PUBG: 배틀그라운드,36.0,talk,35.7,종합 게임,9.0,8,false,single_game_or_non_game,,2026-06-15T12:28:04.631931
c4b4a7ce6f7d63cf49315476f2f8beb6,naverchzzk,,,,,,,,590,우마무스메 프리티 더비,100.0,,0,,0,1,false,single_game_dominant,,2026-06-15T12:28:04.875079
3c7466b58328546ea3f7684fad614eb3,naverchzzk,,,,,,,,902,,0,,0,,0,0,unknown,no_category_data,,2026-06-15T12:28:08.113322
5d584809d1945736f4d5503bd95fed8d,naverchzzk,,,,,,,,777,던전앤파이터,97.5,구스 구스 덕,1.6,리그 오브 레전드,0.9,4,false,single_game_dominant,,2026-06-15T12:28:08.456676
8dceb9066620feb911fb4fa98b88b82d,naverchzzk,,,,,,,,1612,talk,38.0,리그 오브 레전드,16.4,피크,13.9,6,false,single_game_or_non_game,,2026-06-15T12:28:09.311760
c40f587fcc7336348bf6138c4c77b431,naverchzzk,,,,,,,,142,디제이맥스 리스펙트 V,66.7,이지투온 리부트: R,13.6,talk,12.3,5,false,single_game_or_non_game,,2026-06-15T12:28:11.497816
dd4e48274174cf2c9dfe7701123a9f5e,naverchzzk,,,,,,,,3157,패스 오브 엑자일 2,46.5,디아블로 4: 증오의 군주,42.2,디아블로 II: 레저렉션,11.3,3,true,multi_game,,2026-06-15T12:28:11.886778
6f3f2c8e3b27da8cbb17b84d6c19fe5c,naverchzzk,,,,,,,,123,오버워치,48.5,talk,28.0,언더테일,7.3,14,false,single_game_or_non_game,,2026-06-15T12:28:17.455350
38fa6d4aefba06c19399eb12423c36e5,naverchzzk,,,,,,,,1257,talk,29.3,음악/노래,27.2,림월드,15.0,13,true,multi_game,,2026-06-15T12:28:18.002124
7b0ffeb1fac1086676d655f3da48d7f0,naverchzzk,,,,,,,,283,talk,54.8,마인크래프트,20.5,포켓로그,18.2,6,false,talk_primary,,2026-06-15T12:28:23.737541
d90ed65ecb9c7231708a166362aaa247,naverchzzk,,,,,,,,2730,메이플스토리,86.2,리그 오브 레전드,7.3,PUBG: 배틀그라운드,3.6,4,false,single_game_dominant,,2026-06-15T12:28:27.780702
ea1b028df44adfdc5ee650fa078cb180,naverchzzk,,,,,,,,765,,0,,0,,0,0,unknown,no_category_data,,2026-06-15T12:28:27.794964
1a84e42602fb493fef2ae998947a8782,naverchzzk,,,,,,,,2292,명조:워더링 웨이브,82.2,talk,17.6,종합 게임,0.1,3,false,single_game_dominant,,2026-06-15T12:28:31.046606
4cefed5d05e0bd4a683f5115722d5cb3,naverchzzk,,,,,,,,1492,명일방주: 엔드필드,27.4,이환,25.5,리그 오브 레전드,17.1,11,true,multi_game,,2026-06-15T12:28:32.572084
529b3be2a25dede8c392943f2d235eec,naverchzzk,,,,,,,,559,talk,30.0,다크 소울 3,25.4,할로우 나이트: 실크송,12.9,16,false,single_game_or_non_game,,2026-06-15T12:28:32.779463
bba30c9b5cf1f016d18c9c092f23aac9,naverchzzk,,,,,,,,249,talk,93.6,그림자 복도 2: 비의 수국,4.7,미제사건은 끝내야 하니까,1.7,3,false,talk_primary,,2026-06-15T12:28:33.319746
2a8a9e0fa887692abc0042f02ee97cb9,naverchzzk,,,,,,,,447,,0,,0,,0,0,unknown,no_category_data,,2026-06-15T12:28:36.664465
107f9c05cdc46967f5534ea64e19a030,naverchzzk,,,,,,,,1443,서든어택,33.4,이환,19.3,디지몬 스토리 타임 스트레인저,11.3,11,true,multi_game,,2026-06-15T12:28:37.266166
517b17395cf6e8c8741e7df568d4e005,naverchzzk,,,,,,,,489,마비노기 모바일,35.5,talk,32.5,이환,13.6,8,false,single_game_or_non_game,,2026-06-15T12:28:37.563542
f2ba0bb7fa2bf9ab6a0fbdf5aa615547,naverchzzk,,,,,,,,26,,0,,0,,0,0,unknown,no_category_data,,2026-06-15T12:28:38.321103
667b78541c1b0a3d748ef51e94eed615,naverchzzk,,,,,,,,259,,0,,0,,0,0,unknown,no_category_data,,2026-06-15T12:28:38.580438
e10f8fd7571fa63349ccd9706aca0c04,naverchzzk,,,,,,,,14,,0,,0,,0,0,unknown,no_category_data,,2026-06-15T12:28:42.182756
6e6009afd2ec207377adb2a99a234d92,naverchzzk,,,,,,,,4054,talk,100.0,,0,,0,1,false,talk_primary,,2026-06-15T12:28:42.269651
5a4c567963ba0e041bff474404497fff,naverchzzk,,,,,,,,204,talk,47.0,하데스,33.3,친구모아 아일랜드 두근두근 라이프,12.1,4,false,single_game_or_non_game,,2026-06-15T12:28:42.704415
ba73f4be32594962d5410e30d1996254,naverchzzk,,,,,,,,370,리그 오브 레전드,50.3,레이튼 교수와 이상한 마을 HD,15.3,talk,14.0,9,true,multi_game,,2026-06-15T12:28:48.864666
231b97c5472a67e86e10b8a1b1accc7b,naverchzzk,,,,,,,,115,,0,,0,,0,0,unknown,no_category_data,,2026-06-15T12:28:52.714374
dbdbd1e4b4d6e776ab92f03f2283150c,naverchzzk,,,,,,,,356,talk,100.0,,0,,0,1,false,talk_primary,,2026-06-15T12:28:57.059537
ce50081b2ceda4eedc4cdb57bca23311,naverchzzk,,,,,,,,1414,이터널 리턴,97.9,오버워치,2.1,,0,2,false,single_game_dominant,,2026-06-15T12:28:59.037347
acd91583f35aeecfda1f624baaa05a4a,naverchzzk,,,,,,,,652,승리의 여신: 니케,21.7,음악/노래,20.0,이환,16.7,8,true,multi_game,,2026-06-15T12:29:00.010902
7a97bdd8f6f91c097aa0cf48be1eea18,naverchzzk,,,,,,,,228,오버워치,87.3,talk,9.1,종합 게임,2.7,4,false,single_game_dominant,,2026-06-15T12:29:04.216781
6a16fd0d3d8853a3c11543031f983bd8,naverchzzk,,,,,,,,3595,전략적 팀 전투 : 우주의 신들,52.9,리그 오브 레전드,25.4,talk,20.4,4,true,multi_game,,2026-06-15T12:29:04.644054
22d7c0b4e5fd7cc87b821f3881fb5f89,naverchzzk,,,,,,,,162,PUBG: 배틀그라운드,49.9,종합 게임,16.8,오버워치,15.5,9,true,multi_game,,2026-06-15T12:29:08.186087
e45f1af4ffe95c898b71d3d653a24051,naverchzzk,,,,,,,,419,로스트아크,84.6,마인크래프트,4.0,파스모포비아,3.4,10,false,single_game_dominant,,2026-06-15T12:29:10.519826
0cb2bbf24eec52ce0eca32a69215a106,naverchzzk,,,,,,,,575,로스트아크,95.4,림버스 컴퍼니,2.6,종합 게임,1.9,4,false,single_game_dominant,,2026-06-15T12:29:15.616315
53e3f73e7a01ede90ca92b8fdf3f9981,naverchzzk,,,,,,,,236,,0,,0,,0,0,unknown,no_category_data,,2026-06-15T12:29:16.001678
5c11551a8afefe7128c700b9a8f1279c,naverchzzk,,,,,,,,433,오버워치,66.2,PUBG: 배틀그라운드,33.8,,0,2,true,multi_game,,2026-06-15T12:29:17.518797
085d719c73c80558a366dca1a8f437e4,naverchzzk,,,,,,,,28,종합 게임,100.0,,0,,0,1,true,gg_primary,,2026-06-15T12:29:17.656669
e11eb90cdeaead6cc22fd03779373c5a,naverchzzk,,,,,,,,1301,발로란트,34.0,마인크래프트,25.4,PUBG: 배틀그라운드,15.6,16,true,multi_game,,2026-06-15T12:29:18.500212
c02b7476204ba33c8b1e736290ab6dac,naverchzzk,,,,,,,,1203,,0,,0,,0,0,unknown,no_category_data,,2026-06-15T12:29:21.564374
bc169b2f2bb89c19345ac3aa7e364ff2,naverchzzk,,,,,,,,112,,0,,0,,0,0,unknown,no_category_data,,2026-06-15T12:29:25.115311
f5fd71d4fe1c71a83f438d5dfcc89ccd,naverchzzk,,,,,,,,874,리그 오브 레전드,54.9,talk,35.0,명조:워더링 웨이브,6.7,8,false,single_game_or_non_game,,2026-06-15T12:29:32.435418
97c85032fdf1c0bc7d7c1fb40fc6ba02,naverchzzk,,,,,,,,770,talk,100.0,,0,,0,1,false,talk_primary,,2026-06-15T12:29:32.777710
11ceb845e92dcb9af77c7de480fed76a,naverchzzk,,,,,,,,205,이터널 리턴,100.0,,0,,0,1,false,single_game_dominant,,2026-06-15T12:29:33.396245
f8925a573f6666a0afba4b00f1edcc1c,naverchzzk,,,,,,,,384,할로우 나이트: 실크송,41.9,talk,40.2,역전재판 123 나루호도 셀렉션,13.2,6,false,single_game_or_non_game,,2026-06-15T12:29:36.395430
212d94a45790e4b5a7451fcb8afeaadc,naverchzzk,,,,,,,,541,,0,,0,,0,0,unknown,no_category_data,,2026-06-15T12:29:43.227641
912819dfcdb370a83ada172f0abbea2d,naverchzzk,,,,,,,,164,,0,,0,,0,0,unknown,no_category_data,,2026-06-15T12:29:44.435129
0a4c4582db920422543234c735644bca,naverchzzk,,,,,,,,240,헬다이버즈 2,24.9,스타 시티즌,14.8,몬스터 헌터 와일즈,12.3,21,false,single_game_or_non_game,,2026-06-15T12:29:45.523359
94d18aa9bf0e3cdc09eff9c33e0dbbb5,naverchzzk,,,,,,,,5270,데드 바이 데이라이트,100.0,,0,,0,1,false,single_game_dominant,,2026-06-15T12:29:47.039600
8068afcefa020a25eb99f8e39f4ae144,naverchzzk,,,,,,,,422,리그 오브 레전드,100.0,,0,,0,1,false,single_game_dominant,,2026-06-15T12:29:47.478728
1997cc595953a4848e0207eb692fd888,naverchzzk,,,,,,,,250,,0,,0,,0,0,unknown,no_category_data,,2026-06-15T12:29:50.007641
b0647a1f87e526b06562e29e7fd2135c,naverchzzk,,,,,,,,210,PUBG: 배틀그라운드,85.9,코어 키퍼,6.2,talk,4.7,4,false,single_game_dominant,,2026-06-15T12:29:52.532322
d641bcb3e0fe49cab6ccde822c63bf5c,naverchzzk,,,,,,,,103,,0,,0,,0,0,unknown,no_category_data,,2026-06-15T12:29:54.780033
32bb9bf9c8ced8b0a67ba344cf33c827,naverchzzk,,,,,,,,167,,0,,0,,0,0,unknown,no_category_data,,2026-06-15T12:30:00.806599
777d5b7801968dda5eced9f33d1ec458,naverchzzk,,,,,,,,1312,노베나 디아볼로스,35.7,프로젝트 좀보이드,22.4,리테일 헬,18.4,5,true,multi_game,,2026-06-15T12:30:01.305756
0d7ac9ea88849fe93d8aae1c56586aaa,naverchzzk,,,,,,,,693,다크 앤 다커,80.8,패스 오브 엑자일 2,12.6,메이플스토리 월드,6.6,3,false,single_game_dominant,,2026-06-15T12:30:02.687636
7e3c5a5f405318b2648b2a9f820694b7,naverchzzk,,,,,,,,841,talk,100.0,,0,,0,1,false,talk_primary,,2026-06-15T12:30:05.202006
4883d46ca695d181d4ff4786e410e182,naverchzzk,,,,,,,,1279,talk,29.0,승리의 여신: 니케,13.6,이지투온 리부트: R,13.6,10,false,single_game_or_non_game,,2026-06-15T12:30:10.287362
4703ad18cd17d7d2ff95f05fa526f046,naverchzzk,,,,,,,,977,마라톤,94.0,이스케이프 프롬 타르코프,5.9,오버워치,0.1,3,false,single_game_dominant,,2026-06-15T12:30:11.361126
eb01d9ef74cb7cf32c2b119da1bbcb2c,naverchzzk,,,,,,,,2902,이터널 리턴,100.0,,0,,0,1,false,single_game_dominant,,2026-06-15T12:30:11.872142
b0674e36c549ac66f17e64e91d72e1e0,naverchzzk,,,,,,,,885,음악/노래,28.4,talk,24.6,림버스 컴퍼니,18.3,10,true,multi_game,,2026-06-15T12:30:13.608468
7c74538b03e141bb5604ae237959fa69,naverchzzk,,,,,,,,401,마인크래프트,33.3,발로란트,25.6,R.E.P.O.,11.8,7,true,multi_game,,2026-06-15T12:30:14.558123
1261465cd070b05c7575c39896e17020,naverchzzk,,,,,,,,407,던전앤파이터,50.7,리그 오브 레전드,31.1,PUBG: 배틀그라운드,8.3,8,true,multi_game,,2026-06-15T12:30:14.901921
5822c9704a043a355e8d7bb084397407,naverchzzk,,,,,,,,854,,0,,0,,0,0,unknown,no_category_data,,2026-06-15T12:30:14.951690
12cf13a0c67548d56a71ccebee2b56fd,naverchzzk,,,,,,,,3362,talk,100.0,,0,,0,1,false,talk_primary,,2026-06-15T12:30:15.106198
56bba50a0f6295935920863b5f4ccb9c,naverchzzk,,,,,,,,1288,talk,72.6,서브노티카 2,8.8,오버워치,6.9,7,false,talk_primary,,2026-06-15T12:30:15.532309
3aa653f54d931a3dd1f9ee8ed9286de5,naverchzzk,,,,,,,,220,,0,,0,,0,0,unknown,no_category_data,,2026-06-15T12:30:17.825244
4eef0f3447e7c71dbd34e7b072d61f23,naverchzzk,,,,,,,,3130,talk,100.0,,0,,0,1,false,talk_primary,,2026-06-15T12:30:18.923549
aeb983a429b0ab4b083f90f52fc73756,naverchzzk,,,,,,,,2880,,0,,0,,0,0,unknown,no_category_data,,2026-06-15T12:30:19.536136
8438691fac5f9f622a66b1f2665347f0,naverchzzk,,,,,,,,24,,0,,0,,0,0,unknown,no_category_data,,2026-06-15T12:30:24.851659
b749e00ca2916bd51659bb3197102875,naverchzzk,,,,,,,,356,,0,,0,,0,0,unknown,no_category_data,,2026-06-15T12:30:26.592168
248d4940b71f9c1c8d1fb83ce0123720,naverchzzk,,,,,,,,778,,0,,0,,0,0,unknown,no_category_data,,2026-06-15T12:30:27.080441
2c3248e12c591fcd3fe54be1e1d400f1,naverchzzk,,,,,,,,325,던전앤파이터,75.0,리그 오브 레전드,16.0,서브노티카,6.7,6,true,multi_game,,2026-06-15T12:30:27.235185
26178b237a7e2726e1ac28341584b745,naverchzzk,,,,,,,,823,,0,,0,,0,0,unknown,no_category_data,,2026-06-15T12:30:27.498081
5e9deedcc27b2892f773fa781bb9c6af,naverchzzk,,,,,,,,772,,0,,0,,0,0,unknown,no_category_data,,2026-06-15T12:30:29.787050
27fa381280929a544bfa80b82a6935a3,naverchzzk,,,,,,,,425,talk,28.5,마인크래프트,26.6,에이펙스 레전드,13.6,13,false,single_game_or_non_game,,2026-06-15T12:30:29.934288
db5bbcfa724c2202be53c99c04f9b5e5,naverchzzk,,,,,,,,324,talk,41.1,마인크래프트,25.8,승리의 여신: 니케,11.6,8,false,single_game_or_non_game,,2026-06-15T12:30:30.746126
d58a8563862942f3d0b885e3be03bb20,naverchzzk,,,,,,,,918,월드 오브 탱크,100.0,,0,,0,1,false,single_game_dominant,,2026-06-15T12:30:30.945567
daaf581d223b4479ff90a5cb2d91e445,naverchzzk,,,,,,,,80,로드 오브 더 폴른,46.9,패스 오브 엑자일 2,33.6,붉은사막,15.0,4,true,multi_game,,2026-06-15T12:30:33.342239
1a0e5dd1099187599339bf6c69990d19,naverchzzk,,,,,,,,267,,0,,0,,0,0,unknown,no_category_data,,2026-06-15T12:30:34.805252
6fd5b2accb03ea64599c75dc34420335,naverchzzk,,,,,,,,286,,0,,0,,0,0,unknown,no_category_data,,2026-06-15T12:30:36.956954
0d639d484e3d796065a7cd1d48e0fa3c,naverchzzk,,,,,,,,873,,0,,0,,0,0,unknown,no_category_data,,2026-06-15T12:30:38.255073
18d0068dc0c847327191d84e86c20180,naverchzzk,,,,,,,,265,종합 게임,73.0,귀귀살전,7.9,백룸컴퍼니,7.1,5,true,gg_primary,,2026-06-15T12:30:46.369708
b280e3fd42b71fedf6d579553e49681e,naverchzzk,,,,,,,,221,,0,,0,,0,0,unknown,no_category_data,,2026-06-15T12:30:48.904541
fa58a870b08a5ac02e110ed5e8f9756a,naverchzzk,,,,,,,,667,PUBG: 배틀그라운드,78.5,전략적 팀 전투 : 우주의 신들,6.8,발로란트,6.3,7,false,single_game_or_non_game,,2026-06-15T12:30:50.630805
157d7c7f9f7dff7f276ae58bde2c9d10,naverchzzk,,,,,,,,247,아레나 브레이크아웃,50.0,음악/노래,16.2,talk,10.6,7,true,multi_game,,2026-06-15T12:30:52.156445
d63b3ac9012aab4fa1a39e48b23ca08f,naverchzzk,,,,,,,,121,talk,56.0,종합 게임,23.0,성세천하: 여제의 탄생 Ⅱ,12.1,6,false,talk_primary,,2026-06-15T12:30:52.463749
e8599b8b61622bbf6253edb3ced30b54,naverchzzk,,,,,,,,980,스타크래프트 : 리마스터,32.0,talk,29.0,승리의 여신: 니케,9.3,11,false,single_game_or_non_game,,2026-06-15T12:30:52.686932
920719b5bb366f5390a79a722ca82f6f,naverchzzk,,,,,,,,174,,0,,0,,0,0,unknown,no_category_data,,2026-06-15T12:30:52.712285
6021a8a77c10cdbc1008a2a1563ee41e,naverchzzk,,,,,,,,161,talk,52.6,마인크래프트,20.7,리그 오브 레전드,11.2,8,false,talk_primary,,2026-06-15T12:30:52.862578
1edc78ec81534545c04115ba2525f0da,naverchzzk,,,,,,,,1108,오버워치,52.7,리그 오브 레전드,20.6,발로란트,16.0,5,true,multi_game,,2026-06-15T12:30:52.867593
848e368864ab908dc5392af23fbeaef8,naverchzzk,,,,,,,,2863,,0,,0,,0,0,unknown,no_category_data,,2026-06-15T12:31:01.990360
ccb91b85de87e73b0545372d77fda897,naverchzzk,,,,,,,,533,림월드,69.9,이터널 리턴,9.2,아크 레이더스,7.7,8,false,single_game_or_non_game,,2026-06-15T12:31:03.614913
10a98d0dc25e434a322331dbce63b0ee,naverchzzk,,,,,,,,1645,,0,,0,,0,0,unknown,no_category_data,,2026-06-15T12:31:05.062704
a1abeb4c45f5684e549f96f9baf66d07,naverchzzk,,,,,,,,1410,talk,100.0,,0,,0,1,false,talk_primary,,2026-06-15T12:31:05.717813
02d9ac209d66cce5966281d9659cea7a,naverchzzk,,,,,,,,621,talk,58.4,림월드,17.1,종합 게임,11.1,6,false,talk_primary,,2026-06-15T12:31:05.736293
c7d9a361a780b973c9bbbfabfcbe80bc,naverchzzk,,,,,,,,303,,0,,0,,0,0,unknown,no_category_data,,2026-06-15T12:31:06.457531
de9f6cbfb28e7e49583686303958dec0,naverchzzk,,,,,,,,1138,,0,,0,,0,0,unknown,no_category_data,,2026-06-15T12:31:06.548250
c63f8c12f6d0178457b82413d45efd5a,naverchzzk,,,,,,,,466,talk,76.6,명조:워더링 웨이브,10.6,그림/아트,5.3,7,false,talk_primary,,2026-06-15T12:31:08.300230
c092d0cd257f75194736177fbb8b3e2f,naverchzzk,,,,,,,,236,talk,96.1,음악/노래,3.9,,0,2,false,talk_primary,,2026-06-15T12:31:08.400577
654198a0e4d20d1428695d5f0266f7e1,naverchzzk,,,,,,,,189,던전앤파이터,46.2,데드 바이 데이라이트,40.3,융융 전파 신드롬,6.0,5,true,multi_game,,2026-06-15T12:31:12.159986
789ec46e674406ab34bf6c5762f9a2f5,naverchzzk,,,,,,,,411,,0,,0,,0,0,unknown,no_category_data,,2026-06-15T12:31:12.515962
40fd466f1d4a80ed85dea2ce6b77974d,naverchzzk,,,,,,,,243,,0,,0,,0,0,unknown,no_category_data,,2026-06-15T12:31:16.965280
da46456e368c312f21cd502313cef1bf,naverchzzk,,,,,,,,270,,0,,0,,0,0,unknown,no_category_data,,2026-06-15T12:31:17.375291
452a6a36ca885ff26f9f83e798876bcc,naverchzzk,,,,,,,,180,,0,,0,,0,0,unknown,no_category_data,,2026-06-15T12:31:19.333378
2f58f752815c6b39971650a9e8623ca6,naverchzzk,,,,,,,,1270,,0,,0,,0,0,unknown,no_category_data,,2026-06-15T12:31:21.576472
a0b8950c7ada047a6ea957b46f325579,naverchzzk,,,,,,,,383,러시안 피싱 4,28.6,붉은사막,17.4,PUBG: 배틀그라운드,11.9,9,true,multi_game,,2026-06-15T12:31:23.202043
71373a2a23bbcc45c0c27db60fd1e0a1,naverchzzk,,,,,,,,206,테일즈런너,53.6,카트라이더,16.0,이환,9.9,6,true,multi_game,,2026-06-15T12:31:23.206193
7aedf346b5af380d8db368ad25377768,naverchzzk,,,,,,,,444,마비노기 모바일,58.6,talk,19.8,마인크래프트,5.8,13,false,single_game_or_non_game,,2026-06-15T12:31:23.728865
b6bdc04660fc1b24450259cceef54403,naverchzzk,,,,,,,,131,그림/아트,61.7,프로젝트 좀보이드,26.5,돔 키퍼,6.4,4,false,single_game_or_non_game,,2026-06-15T12:31:24.355551
9b5afc87bb2fcb1773bcd9c434f0fdd6,naverchzzk,,,,,,,,363,승리의 여신: 니케,99.7,talk,0.3,,0,2,false,single_game_dominant,,2026-06-15T12:31:27.850574
43e2960dabe320f51f22559d339ebb70,naverchzzk,,,,,,,,310,,0,,0,,0,0,unknown,no_category_data,,2026-06-15T12:31:28.884135
92fdb3fcef3148ed9cf17dda5fb2f134,naverchzzk,,,,,,,,1030,,0,,0,,0,0,unknown,no_category_data,,2026-06-15T12:31:29.053238
f04fe30712979cc54fbf7e0bbce4a74c,naverchzzk,,,,,,,,371,talk,76.3,에깅 온,10.5,더 클래스룸,7.7,5,false,talk_primary,,2026-06-15T12:31:31.762482
ce4f86ffce0366de4e4320f13a3dbc39,naverchzzk,,,,,,,,235,마인크래프트,40.7,이터널 리턴,35.0,전략적 팀 전투 : 우주의 신들,13.0,8,true,multi_game,,2026-06-15T12:31:33.694412
73ad140fb40c64f461b9ea212a7aff3e,naverchzzk,,,,,,,,390,talk,100.0,,0,,0,1,false,talk_primary,,2026-06-15T12:31:35.299792
a43e3866ad5805003e7e9a68302f70c0,naverchzzk,,,,,,,,420,음악/노래,71.7,talk,26.0,이용약관에 동의하고 싶어,2.4,3,false,single_game_or_non_game,,2026-06-15T12:31:39.755790
c1be712716e195b679fa35a4d666a7d0,naverchzzk,,,,,,,,571,,0,,0,,0,0,unknown,no_category_data,,2026-06-15T12:31:40.128301
05794b62a4827d513d8a24b7f86a240f,naverchzzk,,,,,,,,1427,발로란트,53.7,이터널 리턴,26.5,림월드,13.0,6,true,multi_game,,2026-06-15T12:31:40.523427
0f2a0b9b7495f9541cd2a15463ef214e,naverchzzk,,,,,,,,559,로스트아크,65.9,메이플스토리 월드,31.2,리그 오브 레전드,2.9,4,true,multi_game,,2026-06-15T12:31:40.596689
79955c67f75a83a513c321cbb4533c2d,naverchzzk,,,,,,,,1137,,0,,0,,0,0,unknown,no_category_data,,2026-06-15T12:31:41.509998
262c2a0ee76b9fb7b48a12e5674ae04e,naverchzzk,,,,,,,,232,엘든 링,81.3,고스트 오브 쓰시마 디렉터스 컷,5.1,talk,5.1,13,false,single_game_dominant,,2026-06-15T12:31:41.679043
78040b81a022f47ceb74b32f5109ba4e,naverchzzk,,,,,,,,501,마법소녀의 마녀재판,65.6,talk,14.6,마인크래프트,13.4,6,false,single_game_or_non_game,,2026-06-15T12:31:43.445480
967d61cd5bf3c9a89d9a7b6d8a48d38a,naverchzzk,,,,,,,,31,,0,,0,,0,0,unknown,no_category_data,,2026-06-15T12:31:43.555183
72061b319eb69f0005b6c68432dd6f76,naverchzzk,,,,,,,,788,,0,,0,,0,0,unknown,no_category_data,,2026-06-15T12:31:44.827676
3beac43e4dcd5f271f128e7c8eca1ba2,naverchzzk,,,,,,,,554,talk,75.0,로스트아크,25.0,,0,2,false,talk_primary,,2026-06-15T12:31:50.236693
f631b6655bb277563417689c4804f160,naverchzzk,,,,,,,,502,메이플스토리 월드,100.0,,0,,0,1,false,single_game_dominant,,2026-06-15T12:31:53.777420
4e27e62c1a85434695fecb0ec0474fcc,naverchzzk,,,,,,,,219,talk,100.0,,0,,0,1,false,talk_primary,,2026-06-15T12:31:54.763813
b1ac29ab69be97befc7917c3bde257d6,naverchzzk,,,,,,,,179,서머너즈 워: 천공의 아레나,80.6,메이플스토리 월드,14.3,talk,5.1,3,false,single_game_dominant,,2026-06-15T12:31:55.048036
91ac72ebca5a308836b8c5d3c5c76683,naverchzzk,,,,,,,,128,,0,,0,,0,0,unknown,no_category_data,,2026-06-15T12:31:55.729787
e951fdfed4aa09137ec827d5016b4af4,naverchzzk,,,,,,,,370,,0,,0,,0,0,unknown,no_category_data,,2026-06-15T12:31:55.995281
5b6c325339c0e9044aab435f47e0419b,naverchzzk,,,,,,,,323,헬다이버즈 2,95.3,"워해머 40,000: 스페이스 마린 2",3.8,귀무자 Way of the Sword,0.9,3,false,single_game_dominant,,2026-06-15T12:31:56.453320
bb8dcf6082b6db9ef1993f838cc02220,naverchzzk,,,,,,,,770,talk,60.4,음악/노래,20.1,승리의 여신: 니케,6.6,8,false,talk_primary,,2026-06-15T12:31:56.513610
0ea4d67167e635bd11e50e16f57a2e0c,naverchzzk,,,,,,,,503,talk,90.1,블루 아카이브,7.4,림버스 컴퍼니,2.5,3,false,talk_primary,,2026-06-15T12:31:57.094557
3f4c4eb3ad63464a4f4a2f28517dfd8d,naverchzzk,,,,,,,,323,리그 오브 레전드,52.8,talk,22.3,음악/노래,15.0,6,true,multi_game,,2026-06-15T12:31:59.684525
5c71c651b4f7aa4a2cb7fd4e01426cc7,naverchzzk,,,,,,,,413,,0,,0,,0,0,unknown,no_category_data,,2026-06-15T12:32:01.404218
7ce22c1de74541de87d8880b7e172601,naverchzzk,,,,,,,,654,붉은사막,97.5,talk,2.5,,0,2,false,single_game_dominant,,2026-06-15T12:32:07.595254
46d5f527c842f5bdf9fabde256c05a1b,naverchzzk,,,,,,,,269,,0,,0,,0,0,unknown,no_category_data,,2026-06-15T12:32:09.149785
d6f99c57170e24d54d50b0633625cf45,naverchzzk,,,,,,,,85,,0,,0,,0,0,unknown,no_category_data,,2026-06-15T12:32:09.413360
7f5a89eec9fd9d1172359bf0a044c978,naverchzzk,,,,,,,,325,,0,,0,,0,0,unknown,no_category_data,,2026-06-15T12:32:10.074101
1e67b60d7e1964216a6a438395207dcd,naverchzzk,,,,,,,,223,talk,68.2,스타듀 밸리,14.2,파피 플레이타임 - 챕터 3,7.4,9,false,talk_primary,,2026-06-15T12:32:10.708667
c8dea6c83f75c3fcfb25588069193683,naverchzzk,,,,,,,,7755,,0,,0,,0,0,unknown,no_category_data,,2026-06-15T12:32:10.875080
18f8f19e3088db449f8e8fbf25b9fb5f,naverchzzk,,,,,,,,116,종합 게임,100.0,,0,,0,1,true,gg_primary,,2026-06-15T12:32:12.282075
1cae33bbf5a9bcc4adeab1381aa14d2c,naverchzzk,,,,,,,,1371,에코,50.0,PUBG: 배틀그라운드,13.0,미메시스,8.6,9,false,single_game_or_non_game,,2026-06-15T12:32:13.501570
8adbef15fbf89c4e03708f8210e4632d,naverchzzk,,,,,,,,660,,0,,0,,0,0,unknown,no_category_data,,2026-06-15T12:32:15.810520
5db77759d5afd68debca65a7c47f7ab5,naverchzzk,,,,,,,,1241,,0,,0,,0,0,unknown,no_category_data,,2026-06-15T12:32:21.592221
07e0de57edd07350c8fca9c944513271,naverchzzk,,,,,,,,519,음악/노래,41.9,talk,10.2,종합 게임,8.1,15,false,single_game_or_non_game,,2026-06-15T12:32:21.611278
f8370721fac6a6bbe14caade2c0d81e8,naverchzzk,,,,,,,,111,,0,,0,,0,0,unknown,no_category_data,,2026-06-15T12:32:21.826057
d35da48db7d44ca0c5d5e64bbafde8e9,naverchzzk,,,,,,,,368,talk,100.0,,0,,0,1,false,talk_primary,,2026-06-15T12:32:22.378019
3b369787f543b32d4dccd0143edf263a,naverchzzk,,,,,,,,3227,talk,100.0,,0,,0,1,false,talk_primary,,2026-06-15T12:32:23.170771
8c341b627588590585f269e69778ec93,naverchzzk,,,,,,,,1281,림버스 컴퍼니,33.1,talk,23.7,음악/노래,17.1,7,true,multi_game,,2026-06-15T12:32:23.995266
c4392ec5b678adfe40c14fdb8c6515ce,naverchzzk,,,,,,,,4301,,0,,0,,0,0,unknown,no_category_data,,2026-06-15T12:32:24.003416
3aeab29354c012b21f95bef9bdb98cb9,naverchzzk,,,,,,,,420,,0,,0,,0,0,unknown,no_category_data,,2026-06-15T12:32:24.438307
d2b9462f54a22cdb8e9a21be97ea0c4b,naverchzzk,,,,,,,,16,,0,,0,,0,0,unknown,no_category_data,,2026-06-15T12:32:32.866929
292e09aa52e0d2d2d95cebd8cf407a0c,naverchzzk,,,,,,,,943,발로란트,100.0,,0,,0,1,false,single_game_dominant,,2026-06-15T12:32:34.765441
ff1f9250904b94665b5d79b17a91a234,naverchzzk,,,,,,,,270,Grand Theft Auto V,64.0,더 롱 다크,25.0,세븐 데이즈 투 다이,11.0,3,true,multi_game,,2026-06-15T12:32:37.291282
40e177dac075dd5442bc064bb98eabd1,naverchzzk,,,,,,,,93,블루 아카이브,90.9,스트리트 파이터 6,9.1,,0,2,false,single_game_dominant,,2026-06-15T12:32:37.878092
ebac6407ebc57b06014ba7fb24a70d99,naverchzzk,,,,,,,,761,로스트아크,92.4,talk,2.7,리그 오브 레전드,2.0,7,false,single_game_dominant,,2026-06-15T12:32:38.121068
5cfc4204615db75833206eb955bcfc67,naverchzzk,,,,,,,,358,로스트아크,68.1,리그 오브 레전드,13.5,talk,10.6,6,false,single_game_or_non_game,,2026-06-15T12:32:38.153448
c89f32c7a81ddcfced8c30dc01a4dcf7,naverchzzk,,,,,,,,764,,0,,0,,0,0,unknown,no_category_data,,2026-06-15T12:32:38.409215
52f0cb6891190c72b935773e6882586e,naverchzzk,,,,,,,,311,,0,,0,,0,0,unknown,no_category_data,,2026-06-15T12:32:38.471869
ec61006e164ce55207141b61ddbf57cb,naverchzzk,,,,,,,,254,talk,46.7,더 헤드라이너스,20.0,R.E.P.O.,20.0,4,true,multi_game,,2026-06-15T12:32:38.499887
7c05f966ed398ff37c592331b94beffe,naverchzzk,,,,,,,,699,엘든 링,39.0,2026 FIFA 북중미 월드컵,33.7,풋볼 매니저 26,9.7,6,true,multi_game,,2026-06-15T12:32:41.531723
96bf9f517dcd0c1df7e89260ad7472fd,naverchzzk,,,,,,,,692,talk,21.8,발로란트,19.3,톰 클랜시의 레인보우 식스 시즈 X,18.9,17,true,multi_game,,2026-06-15T12:32:43.281413
2ae12e8853956ebbcbdb628c368bda82,naverchzzk,,,,,,,,434,종합 게임,100.0,,0,,0,1,true,gg_primary,,2026-06-15T12:32:49.963381
3973be8f6209cacdbddf8def2178e849,naverchzzk,,,,,,,,506,에이펙스 레전드,100.0,,0,,0,1,false,single_game_dominant,,2026-06-15T12:32:51.270538
60f7d3371a84c48194d16a2eb9ad8eb6,naverchzzk,,,,,,,,188,,0,,0,,0,0,unknown,no_category_data,,2026-06-15T12:32:51.786620
1ffc194caf250a7184f818d50a0323ab,naverchzzk,,,,,,,,731,,0,,0,,0,0,unknown,no_category_data,,2026-06-15T12:32:51.809217
9acd6914871bd7595cc5c9c414cec476,naverchzzk,,,,,,,,402,PUBG: 배틀그라운드,80.7,talk,18.6,그림/아트,0.7,3,false,single_game_dominant,,2026-06-15T12:32:52.067320
b3348506fa6b91c663fb3b12a3b3e47f,naverchzzk,,,,,,,,574,마인크래프트,56.5,talk,34.8,2026 FIFA 북중미 월드컵,8.7,3,false,single_game_or_non_game,,2026-06-15T12:32:52.290856
a4522c17ef0e035319ecd09f7bd9aecc,naverchzzk,,,,,,,,15,,0,,0,,0,0,unknown,no_category_data,,2026-06-15T12:32:52.831516
32541565060cfc2f45553ae8b0d4facd,naverchzzk,,,,,,,,323,이터널 리턴,73.0,talk,20.2,블루 아카이브,4.3,4,false,single_game_or_non_game,,2026-06-15T12:32:52.935529
dc8506da4376adc4c9bc8ff0861d233a,naverchzzk,,,,,,,,185,,0,,0,,0,0,unknown,no_category_data,,2026-06-15T12:32:53.067069
8df04a8b7f3502870a0bade20b980a74,naverchzzk,,,,,,,,1638,포켓몬 챔피언스,76.1,talk,23.9,,0,2,false,single_game_or_non_game,,2026-06-15T12:32:57.502358
1305c7bbb7cba52941e56c05d558ccb7,naverchzzk,,,,,,,,138,,0,,0,,0,0,unknown,no_category_data,,2026-06-15T12:32:59.880826
d6e7d9aaa0a286d517a8317bce5ddfd9,naverchzzk,,,,,,,,431,,0,,0,,0,0,unknown,no_category_data,,2026-06-15T12:33:04.715080
6f36223778892802ed07a212f2a53599,naverchzzk,,,,,,,,220,,0,,0,,0,0,unknown,no_category_data,,2026-06-15T12:33:05.577294
5edccd3c5f9095c3c4c7bc626894fd44,naverchzzk,,,,,,,,135,로스트아크,74.3,메이플스토리 월드,25.5,talk,0.2,3,true,multi_game,,2026-06-15T12:33:10.644149
107140123b9f756a4304f07143304ce5,naverchzzk,,,,,,,,306,이터널 리턴,80.1,코어 키퍼,13.9,에이펙스 레전드,6.0,3,false,single_game_dominant,,2026-06-15T12:33:12.459960
9003f75b08bffef568dabb444d46eb75,naverchzzk,,,,,,,,1381,마인크래프트,26.7,포르자 호라이즌 6,20.3,talk,17.8,9,true,multi_game,,2026-06-15T12:33:12.616111
3c32c250b3b74b633bbb4b32b7e69b33,naverchzzk,,,,,,,,496,마비노기 모바일,83.6,리그 오브 레전드,12.3,승리의 여신: 니케,4.2,3,false,single_game_dominant,,2026-06-15T12:33:14.012876
1753d1e40efcacb4ac5150d3b34e4792,naverchzzk,,,,,,,,1244,PUBG: 배틀그라운드,45.6,발로란트,17.4,마인크래프트,15.3,7,true,multi_game,,2026-06-15T12:33:14.568492
0af29f89624f3f3680f3787c59c9da9d,naverchzzk,,,,,,,,369,엘든 링,18.0,talk,13.9,엘든 링 황금 나무의 그림자,9.1,30,false,single_game_or_non_game,,2026-06-15T12:33:17.803402
9a391ecbe1c89ec164ffd5fafa47a3fe,naverchzzk,,,,,,,,780,더 롱 다크,89.9,오버워치,5.7,리그 오브 레전드,1.1,8,false,single_game_dominant,,2026-06-15T12:33:22.730146
37e3f69018afd2b9d07b5a104fbb311f,naverchzzk,,,,,,,,1908,talk,100.0,,0,,0,1,false,talk_primary,,2026-06-15T12:33:28.756622
3d4badb95890821fc35817437a83eeeb,naverchzzk,,,,,,,,566,젤다의 전설 바람의 지휘봉,100.0,,0,,0,1,false,single_game_dominant,,2026-06-15T12:33:29.055352
1079895a249ffde329d16981e66ebe04,naverchzzk,,,,,,,,354,데드 바이 데이라이트,30.0,talk,24.7,파피 플레이타임 - 챕터 3,20.0,6,true,multi_game,,2026-06-15T12:33:29.562475
13bb5ec9983591905304b93f54eb94db,naverchzzk,,,,,,,,1106,아이온2,100.0,,0,,0,1,false,single_game_dominant,,2026-06-15T12:33:31.307792
209911a9efc2cdb5b7ab4e9ed67ce885,naverchzzk,,,,,,,,56,마인크래프트,75.0,파워워시 시뮬레이터,25.0,talk,0.0,3,true,multi_game,,2026-06-15T12:33:31.698135
7344cdac20cc56d01e4c99ed3c6ae9d5,naverchzzk,,,,,,,,37,던전앤파이터,0,,0,,0,1,false,single_game_or_non_game,,2026-06-15T12:33:31.807460
49b9e5b9ee29f7e7efef9cdfc1f5e776,naverchzzk,,,,,,,,1960,리니지 클래식,100.0,,0,,0,1,false,single_game_dominant,,2026-06-15T12:33:33.766420
9d00372c1cec9544f8d54d7914d797b6,naverchzzk,,,,,,,,255,PUBG: 배틀그라운드,100.0,,0,,0,1,false,single_game_dominant,,2026-06-15T12:33:33.788333
207a71ca8f08fd30f52e1dbdf7e83166,naverchzzk,,,,,,,,188,귀무자2,20.6,데빌 메이 크라이 HD 컬렉션,18.8,갓 오브 워 2,18.0,7,true,multi_game,,2026-06-15T12:33:33.814309
09dacbced69a0cd5717d0e241c4fa555,naverchzzk,,,,,,,,2361,,0,,0,,0,0,unknown,no_category_data,,2026-06-15T12:33:40.258302
e0cca5dfd7d1e15513272bc63222d6c6,naverchzzk,,,,,,,,807,talk,64.9,그림/아트,14.2,탱글 타워,6.1,7,false,talk_primary,,2026-06-15T12:33:44.099571
adc5a2af6a312e1a7afd3da37539cc07,naverchzzk,,,,,,,,920,로스트아크,100.0,,0,,0,1,false,single_game_dominant,,2026-06-15T12:33:44.727009
1b5eb8ff1e22042a759973d92d3372a5,naverchzzk,,,,,,,,249,,0,,0,,0,0,unknown,no_category_data,,2026-06-15T12:33:45.295752
365a98963a66e0bbb73fee4f8c673ce7,naverchzzk,,,,,,,,911,발로란트,94.4,에이펙스 레전드,4.2,프랫폴,0.6,5,false,single_game_dominant,,2026-06-15T12:33:45.847496
647e2193c7fa42562bbb6883e632b3da,naverchzzk,,,,,,,,1375,프로젝트 좀보이드,34.6,서브노티카 2,32.2,포르자 호라이즌 6,10.3,8,true,multi_game,,2026-06-15T12:33:49.899623
a6acee3826fb40c3a365f1bc7e70f4b4,naverchzzk,,,,,,,,612,talk,67.3,종합 게임,19.6,백룸컴퍼니,8.3,4,false,talk_primary,,2026-06-15T12:33:50.082293
40eb91c741be7d1e9377d7eb9ba9aeec,naverchzzk,,,,,,,,607,talk,58.7,마인크래프트,21.5,발로란트,8.2,8,false,talk_primary,,2026-06-15T12:33:50.116975
f877c3d07f36e089d94f8fc987f9dc0b,naverchzzk,,,,,,,,464,포켓몬 챔피언스,100.0,,0,,0,1,false,single_game_dominant,,2026-06-15T12:33:50.193214
ad40f1c6171845f4241edc2c0539e7ce,naverchzzk,,,,,,,,293,리그 오브 레전드,80.3,얍얍,6.6,미사이드,6.6,6,false,single_game_dominant,,2026-06-15T12:33:52.239014
1e59207fc2f8001e497d129fd024dcbe,naverchzzk,,,,,,,,244,,0,,0,,0,0,unknown,no_category_data,,2026-06-15T12:33:52.925270
193644e40ab0d54ed1d75c0f5258aa97,naverchzzk,,,,,,,,327,,0,,0,,0,0,unknown,no_category_data,,2026-06-15T12:33:53.394206
b5e974eb8e9ee1ce3b4db327d25ec134,naverchzzk,,,,,,,,585,,0,,0,,0,0,unknown,no_category_data,,2026-06-15T12:33:54.645340
54cf8e05daaaa9577ad0f211d495dc95,naverchzzk,,,,,,,,2312,이터널 리턴,86.6,talk,5.3,리그 오브 레전드,4.3,8,false,single_game_dominant,,2026-06-15T12:33:55.401085
7dbcab53291a9f7c1339638d3fa0188b,naverchzzk,,,,,,,,725,talk,99.1,그림/아트,0.9,,0,2,false,talk_primary,,2026-06-15T12:34:10.046382
1525f94ea9facb9ab07c00ea626cb850,naverchzzk,,,,,,,,646,PUBG: 배틀그라운드,32.4,발로란트,22.5,talk,17.2,7,true,multi_game,,2026-06-15T12:34:10.301434
7b439d404cf7882b0088756272dbb539,naverchzzk,,,,,,,,1793,철권 8,68.0,엘든 링 황금 나무의 그림자,15.8,리그 오브 레전드,6.6,5,true,multi_game,,2026-06-15T12:34:10.784721
fbe4a879460215288badfcfbee08bae8,naverchzzk,,,,,,,,179,talk,63.7,서브노티카 2,18.9,세피리아,12.8,5,false,talk_primary,,2026-06-15T12:34:11.098606
32140f2b5523d5203c998139e0c95dbe,naverchzzk,,,,,,,,542,델타포스,95.2,talk,4.8,,0,2,false,single_game_dominant,,2026-06-15T12:34:11.203264
fc32e361a1e2b9a32ddc8f096405bbbd,naverchzzk,,,,,,,,880,음악/노래,47.3,talk,38.8,발로란트,13.9,3,false,single_game_or_non_game,,2026-06-15T12:34:12.614520
084b4da1b8e782ad1cad3601a3f3eba5,naverchzzk,,,,,,,,1380,아이온2,57.0,PUBG: 배틀그라운드,23.3,talk,9.5,11,true,multi_game,,2026-06-15T12:34:12.620900
5bc115f55d63c33786237c86ede13d17,naverchzzk,,,,,,,,3772,PUBG: 배틀그라운드,72.5,데드 바이 데이라이트,18.8,마인크래프트,8.7,3,true,multi_game,,2026-06-15T12:34:12.776265
9db20c95576a6a9831f000b396de6ef3,naverchzzk,,,,,,,,273,워해머 40K: 다크타이드,72.6,이스케이프 프롬 타르코프,20.0,33 이모탈스,3.5,6,true,multi_game,,2026-06-15T12:34:13.117639
a33772a8de1d00c5e0ca4dc1c6d0ed13,naverchzzk,,,,,,,,184,메이플스토리 월드,65.9,러스트,31.4,로스트아크,2.7,3,true,multi_game,,2026-06-15T12:34:24.964545
a8c999532dd8185338f5e863cab10ab6,naverchzzk,,,,,,,,337,코어 키퍼,40.4,서브노티카 2,33.1,데드 바이 데이라이트,8.2,7,true,multi_game,,2026-06-15T12:34:26.654559
ebd6fdabafce952cc0a205310c75bfc5,naverchzzk,,,,,,,,282,,0,,0,,0,0,unknown,no_category_data,,2026-06-15T12:34:28.070846
3326ac9b1fcdb213bb59f4d050946206,naverchzzk,,,,,,,,1084,talk,61.9,종합 게임,15.5,VR챗,13.5,4,false,talk_primary,,2026-06-15T12:34:28.216487
365f6365a3efa4e890afdad5a316956f,naverchzzk,,,,,,,,349,,0,,0,,0,0,unknown,no_category_data,,2026-06-15T12:34:28.526639
3c50b1fda17948845fb06d7cb70845e5,naverchzzk,,,,,,,,182,작혼: 리치 마작,93.4,종합 게임,5.6,메이플스토리 월드,1.1,3,false,single_game_dominant,,2026-06-15T12:34:30.378976
43602c4b1877b8eec7d5c0fbe18be59b,naverchzzk,,,,,,,,300,talk,45.9,숲속의 작은 마녀,28.2,커피 토크 도쿄,9.4,6,false,single_game_or_non_game,,2026-06-15T12:34:30.777450
7cfdfbc5710b65cd466ada638d051ce7,naverchzzk,,,,,,,,1084,talk,62.9,음악/노래,31.1,아바마마와 돌아온 데굴데굴~ 쫀득쫀득~ 괴혼,6.0,3,false,talk_primary,,2026-06-15T12:34:31.337540
f0be4ff62bf741a843ca6de9bb269504,naverchzzk,,,,,,,,4969,발로란트,52.3,리그 오브 레전드,22.1,마인크래프트,16.3,6,true,multi_game,,2026-06-15T12:34:32.727181
a1aae61f7708f25fd89a66bd820d24c0,naverchzzk,,,,,,,,131,스타크래프트 : 리마스터,67.9,슬레이 더 스파이어 2,21.8,성세천하: 여제의 탄생 Ⅱ,5.4,4,true,multi_game,,2026-06-15T12:34:34.454506
0ee1dd99677a46b86388c509e5dbebb5,naverchzzk,,,,,,,,246,메이플스토리,48.6,메이플스토리 월드,43.9,talk,7.5,3,true,multi_game,,2026-06-15T12:34:34.785276
3357026c7cdd8404656241e10e92a7c8,naverchzzk,,,,,,,,190,,0,,0,,0,0,unknown,no_category_data,,2026-06-15T12:34:38.858129
fe5f870e5fb2e3016997fe37c2259737,naverchzzk,,,,,,,,21,승리의 여신: 니케,100.0,쿠키런: 킹덤,0.0,창세기전 모바일,0.0,3,false,single_game_dominant,,2026-06-15T12:34:43.593556
be9f4852db8bb495567cded5db64d2fd,naverchzzk,,,,,,,,78,발로란트,100.0,,0,,0,1,false,single_game_dominant,,2026-06-15T12:34:45.356990
f6563be189d5ccda981690be5c38c7fc,naverchzzk,,,,,,,,817,리그 오브 레전드,41.2,로스트아크,39.0,오버워치,9.7,9,true,multi_game,,2026-06-15T12:34:46.083194
be5eacee0468189dcedd2867271316f5,naverchzzk,,,,,,,,460,,0,,0,,0,0,unknown,no_category_data,,2026-06-15T12:34:47.481375
f5972a49dd614931ff818c67ae4921be,naverchzzk,,,,,,,,1959,,0,,0,,0,0,unknown,no_category_data,,2026-06-15T12:34:47.890489
df94b14a6fc0526c9a611b02ffa33f28,naverchzzk,,,,,,,,339,발로란트,43.4,마인크래프트,18.9,talk,13.3,8,true,multi_game,,2026-06-15T12:34:48.214316
b5834f217e319f02ac96edcd337442fe,naverchzzk,,,,,,,,46,,0,,0,,0,0,unknown,no_category_data,,2026-06-15T12:34:48.254302
e71fd4359c1e5a93fa034b5d957df0c1,naverchzzk,,,,,,,,1466,talk,73.7,철권 8,23.7,리니지 클래식,2.6,3,false,talk_primary,,2026-06-15T12:34:48.838984
dcd5c36323467b3b7b064640d9aa88ed,naverchzzk,,,,,,,,941,데드 바이 데이라이트,97.6,성세천하: 여제의 탄생 Ⅱ,2.0,2026 FIFA 북중미 월드컵,0.4,3,false,single_game_dominant,,2026-06-15T12:34:48.964522
f0ee2cbdd32aa82bfb8c7262503755d5,naverchzzk,,,,,,,,1315,오버워치,51.9,talk,33.1,백룸컴퍼니,8.9,6,false,single_game_or_non_game,,2026-06-15T12:34:52.176975
a7e2dd3368fda985b5021fb8f429068b,naverchzzk,,,,,,,,246,talk,64.4,음악/노래,23.5,종합 게임,12.1,3,false,talk_primary,,2026-06-15T12:34:57.135833
413f4e75ef54833df35b8761a9ae24ee,naverchzzk,,,,,,,,265,,0,,0,,0,0,unknown,no_category_data,,2026-06-15T12:35:01.535594
84b50ecc2df6a7fa2cd89dd65a2392b9,naverchzzk,,,,,,,,149,,0,,0,,0,0,unknown,no_category_data,,2026-06-15T12:35:02.551344
4ff311342221b7411a297d6202e92580,naverchzzk,,,,,,,,513,로스트아크,85.6,디제이맥스 리스펙트 V,8.7,PUBG: 배틀그라운드,5.7,3,false,single_game_dominant,,2026-06-15T12:35:02.584491
a34571158e9c020979b69c8616f668fb,naverchzzk,,,,,,,,634,,0,,0,,0,0,unknown,no_category_data,,2026-06-15T12:35:02.835071
04a498de52d56f1e03d7e55a8cd56d97,naverchzzk,,,,,,,,967,,0,,0,,0,0,unknown,no_category_data,,2026-06-15T12:35:02.998347
ed929a96e40f86f1837a2c541a7d09eb,naverchzzk,,,,,,,,418,마비노기 모바일,100.0,,0,,0,1,false,single_game_dominant,,2026-06-15T12:35:03.484956
f6bf509931e9f3bce3e5833b4a1f0e4b,naverchzzk,,,,,,,,197,talk,56.0,마인크래프트,42.6,블루 아카이브,1.4,3,false,talk_primary,,2026-06-15T12:35:05.766795
9d6a009cebb1b5e609e3efab742a4f1b,naverchzzk,,,,,,,,1292,talk,62.5,트릭컬 리바이브,34.2,음악/노래,3.4,3,false,talk_primary,,2026-06-15T12:35:06.820224
0575836b11d17e959dc1dcf99fed5cfb,naverchzzk,,,,,,,,470,카오스 제로 나이트메어,89.2,아주르 프로밀리아,5.6,이환,5.1,3,false,single_game_dominant,,2026-06-15T12:35:07.356548
c6ee5f498a5e2ff2594d61876864e218,naverchzzk,,,,,,,,1292,철권 8,44.6,리그 오브 레전드,40.5,talk,13.4,4,true,multi_game,,2026-06-15T12:35:17.011040
1755e5012c4dcd4eb94aec03205d6201,naverchzzk,,,,,,,,1060,,0,,0,,0,0,unknown,no_category_data,,2026-06-15T12:35:17.925410
b3b7e29754b85726c425ecf72dd1c014,naverchzzk,,,,,,,,241,,0,,0,,0,0,unknown,no_category_data,,2026-06-15T12:35:21.365125
92ea6ccf1e0bb31bbd2ffc7fc0d76584,naverchzzk,,,,,,,,131,,0,,0,,0,0,unknown,no_category_data,,2026-06-15T12:35:21.796483
c6e6344710b7aef70a2147df1d07d561,naverchzzk,,,,,,,,181,젠레스 존 제로,37.4,길티기어 -스트라이브-,33.2,데드 애즈 디스코,13.2,9,true,multi_game,,2026-06-15T12:35:22.997349
2e64626093fbf9777311b5602a94af82,naverchzzk,,,,,,,,3154,이터널 리턴,48.0,로스트아크,28.2,talk,17.4,7,true,multi_game,,2026-06-15T12:35:23.126156
6eb926a235f3e5affe526064c9a51372,naverchzzk,,,,,,,,1025,검은 신화: 오공,25.0,talk,23.7,요시와 신기한 도감,20.9,7,true,multi_game,,2026-06-15T12:35:23.685354
fe4d009ce2b4dc986aad8f5e15a99dfc,naverchzzk,,,,,,,,687,메이플스토리 월드,57.4,로스트아크,29.9,메이플스토리,6.0,7,true,multi_game,,2026-06-15T12:35:23.815144
0dd508730741917381fae33e6d1f8322,naverchzzk,,,,,,,,812,이터널 리턴,45.2,talk,34.2,히어로즈 오브 더 스톰,11.6,7,false,single_game_or_non_game,,2026-06-15T12:35:23.972076
34b11db007da0f6b005f93de249f8577,naverchzzk,,,,,,,,353,,0,,0,,0,0,unknown,no_category_data,,2026-06-15T12:35:24.960740
b888737e6e0f4c3d648807fad2065d09,naverchzzk,,,,,,,,134,서브노티카 2,53.3,데모 게임,46.7,,0,2,true,multi_game,,2026-06-15T12:35:25.545077
c20ff005595d0f0ecba6b92712dcdd8d,naverchzzk,,,,,,,,1540,,0,,0,,0,0,unknown,no_category_data,,2026-06-15T12:35:29.614494
2bc88b070cf32119beb08ab8ad8f349f,naverchzzk,,,,,,,,102,P의 거짓,38.5,세키로: 섀도우 다이 트와이스,38.0,talk,23.5,4,true,multi_game,,2026-06-15T12:35:31.881425
f6b353e6bca841a13afb39df9eea350e,naverchzzk,,,,,,,,1471,talk,58.8,마인크래프트,27.0,오버워치,14.3,3,false,talk_primary,,2026-06-15T12:35:37.010917
75a9fa999cda4b80ff5d3fa38f0a10a6,naverchzzk,,,,,,,,928,,0,,0,,0,0,unknown,no_category_data,,2026-06-15T12:35:38.365218
9f8758e6fdace327be8c26a0b1b37c7f,naverchzzk,,,,,,,,152,던전앤파이터,100.0,,0,,0,1,false,single_game_dominant,,2026-06-15T12:35:40.240719
0e0b56ad2b567e80a4d2352d6a4bd4be,naverchzzk,,,,,,,,881,메이플스토리 월드,55.2,이스케이프 프롬 타르코프,31.6,이터널 리턴,5.3,8,true,multi_game,,2026-06-15T12:35:41.941191
803dfa98ce6d050361f3ffc39d8c8bfc,naverchzzk,,,,,,,,208,,0,,0,,0,0,unknown,no_category_data,,2026-06-15T12:35:42.256170
4e18e31953abee5be8e6d014aa4621ea,naverchzzk,,,,,,,,514,VR챗,93.3,림버스 컴퍼니,6.7,,0,2,false,single_game_dominant,,2026-06-15T12:35:42.581181
8ad309cbdd3bb2d24b3d5b1f0d16f01c,naverchzzk,,,,,,,,916,그림/아트,81.9,메이플스토리,12.9,talk,5.2,3,false,single_game_dominant,,2026-06-15T12:35:42.618479
eb8234c160e94a3ecb7bf83c407593ae,naverchzzk,,,,,,,,484,,0,,0,,0,0,unknown,no_category_data,,2026-06-15T12:35:42.873674
963d93f0e33be26b837171331b567b7e,naverchzzk,,,,,,,,2661,길티기어 -스트라이브-,97.8,에이펙스 레전드,1.1,2026 FIFA 북중미 월드컵,0.6,4,false,single_game_dominant,,2026-06-15T12:35:43.147897
8a878e9cc167b1f0e3c3ac83a41fabb3,naverchzzk,,,,,,,,246,,0,,0,,0,0,unknown,no_category_data,,2026-06-15T12:35:44.582145
a8e93f52d4791e8d2e9a57218e98d262,naverchzzk,,,,,,,,385,talk,68.1,수저린,12.9,오버워치,10.9,6,false,talk_primary,,2026-06-15T12:35:48.786848
9c722377bdf4d5388e8ea3aa3fe6d1a6,naverchzzk,,,,,,,,21,할로우 나이트: 실크송,85.2,리그 오브 레전드,11.5,talk,3.3,3,false,single_game_dominant,,2026-06-15T12:35:56.089049
2dd6777c9e316aeba224ee1496576c39,naverchzzk,,,,,,,,774,talk,55.1,방 탈출 시뮬레이터2,23.7,우미가리,21.2,3,false,talk_primary,,2026-06-15T12:35:56.891183
b9061ddf31c4b79755f2ff77a96ebb39,naverchzzk,,,,,,,,138,,0,,0,,0,0,unknown,no_category_data,,2026-06-15T12:35:57.226599
222ea63305479822170b3893a961a8ce,naverchzzk,,,,,,,,739,,0,,0,,0,0,unknown,no_category_data,,2026-06-15T12:35:57.855299
952a804fa1c34d19583a11e0b2c1ecae,naverchzzk,,,,,,,,583,,0,,0,,0,0,unknown,no_category_data,,2026-06-15T12:35:58.027019
dc98d46f115a4922d438204afd824642,naverchzzk,,,,,,,,169,이환,75.0,종합 게임,10.4,하스스톤,3.8,9,false,single_game_or_non_game,,2026-06-15T12:36:00.397824
e7932925cfabc356392f0a49301d9626,naverchzzk,,,,,,,,309,,0,,0,,0,0,unknown,no_category_data,,2026-06-15T12:36:00.836326
7493369535b34a4b211a383ffa284258,naverchzzk,,,,,,,,425,talk,58.5,ASMR,9.7,음악/노래,8.4,12,false,talk_primary,,2026-06-15T12:36:00.950331
e51562cc2e8326e2157aee842ec911e1,naverchzzk,,,,,,,,380,엘소드,82.5,로스트아크,7.3,그림/아트,5.5,6,false,single_game_dominant,,2026-06-15T12:36:01.050483
1411f37386a0845ddb81d153e7de2282,naverchzzk,,,,,,,,247,,0,,0,,0,0,unknown,no_category_data,,2026-06-15T12:36:04.518961
cd4bf5694ac3234cd8bab91b6bed0268,naverchzzk,,,,,,,,308,,0,,0,,0,0,unknown,no_category_data,,2026-06-15T12:36:14.142029
d7bb0b30833692636968fffca63eefb5,naverchzzk,,,,,,,,147,,0,,0,,0,0,unknown,no_category_data,,2026-06-15T12:36:16.683583
560651bcf90a9399dbe79c6bd2ebbf0e,naverchzzk,,,,,,,,6989,리그 오브 레전드,56.0,명조:워더링 웨이브,28.5,talk,11.1,6,true,multi_game,,2026-06-15T12:36:19.170919
2232afcb1e6fa9eb9a19ab03d221f562,naverchzzk,,,,,,,,419,구스 구스 덕,63.3,talk,27.6,더 유 퀴즈,7.3,5,false,single_game_or_non_game,,2026-06-15T12:36:19.778748
50bc69419921ed333fee0a0c854076e5,naverchzzk,,,,,,,,418,talk,65.7,음악/노래,7.4,산나비,6.3,12,false,talk_primary,,2026-06-15T12:36:19.971794
d95ce3e2bcd47cca925a192fc2c581fe,naverchzzk,,,,,,,,511,리그 오브 레전드,83.2,데드 바이 데이라이트,16.8,,0,2,false,single_game_dominant,,2026-06-15T12:36:20.549142
4d45f0daa870765260bcb1dee9612db6,naverchzzk,,,,,,,,794,talk,49.4,오버워치,16.6,리그 오브 레전드,16.3,12,true,multi_game,,2026-06-15T12:36:21.862576
bc7c74b648e81ab03565aa7fe2405a61,naverchzzk,,,,,,,,240,talk,33.5,종합 게임,30.7,음악/노래,19.3,5,true,multi_game,,2026-06-15T12:36:21.882702
8aa69bb655b3818b5cbd91fb23f60133,naverchzzk,,,,,,,,311,리그 오브 레전드,30.7,마인크래프트,19.8,오버워치,19.3,11,true,multi_game,,2026-06-15T12:36:21.970791
339b1664b26ef30196931ecf73f899df,naverchzzk,,,,,,,,134,발로란트,94.1,리그 오브 레전드,5.9,오버워치,0.0,3,false,single_game_dominant,,2026-06-15T12:36:23.018360
682ffc694e20d810c58458203e3d1875,naverchzzk,,,,,,,,240,,0,,0,,0,0,unknown,no_category_data,,2026-06-15T12:36:24.323410
fc2ad2500ce4cad691f8b9d5bb8792cc,naverchzzk,,,,,,,,309,림버스 컴퍼니,67.0,로보토미 코퍼레이션,14.7,이환,13.8,5,false,single_game_or_non_game,,2026-06-15T12:36:33.358121
fd7a613eeeb3a13d05cd8b99e8ca6f11,naverchzzk,,,,,,,,243,,0,,0,,0,0,unknown,no_category_data,,2026-06-15T12:36:38.006309
a1b1c641f5c0fca45c10c29ad63fbcdf,naverchzzk,,,,,,,,373,발로란트,25.0,talk,25.0,백룸컴퍼니,20.5,6,true,multi_game,,2026-06-15T12:36:38.584402
b45cc0598b8a8d87ce804f4a39490043,naverchzzk,,,,,,,,613,음악/노래,100.0,,0,,0,1,false,single_game_dominant,,2026-06-15T12:36:39.088448
f1975c4f472a03be2a58357f33ad0800,naverchzzk,,,,,,,,708,,0,,0,,0,0,unknown,no_category_data,,2026-06-15T12:36:40.235160
60e3503ddffeae8f57424ebed2619c67,naverchzzk,,,,,,,,126,talk,56.2,산나비,29.5,파피 플레이타임,14.3,4,false,talk_primary,,2026-06-15T12:36:40.308162
73b4f2cfaf159e21ec85180b4c4dce5d,naverchzzk,,,,,,,,806,전략적 팀 전투 : 우주의 신들,82.3,바이오하자드 HD 리마스터,9.2,역전재판 123 나루호도 셀렉션,7.5,4,false,single_game_dominant,,2026-06-15T12:36:41.563360
3836532f2e6705e30e6280a9bebf5382,naverchzzk,,,,,,,,1035,로스트아크,37.1,talk,31.4,발로란트,27.8,6,true,multi_game,,2026-06-15T12:36:43.145064
fd8516eb8d31a8a5147e94c281ae3f07,naverchzzk,,,,,,,,1589,이터널 리턴,29.5,음악/노래,26.1,talk,23.4,10,true,multi_game,,2026-06-15T12:36:43.206490
0954d6c16ae6711c455cea28b0ee4df3,naverchzzk,,,,,,,,463,마비노기,76.9,그림/아트,14.7,리그 오브 레전드,8.3,3,false,single_game_or_non_game,,2026-06-15T12:36:56.054166
cb237c98c250d84f1c6f22c51a091afa,naverchzzk,,,,,,,,846,그림/아트,52.7,talk,47.3,,0,2,false,single_game_or_non_game,,2026-06-15T12:36:56.943130
b7006a12d92b1f19d73637dde1a6c82f,naverchzzk,,,,,,,,394,,0,,0,,0,0,unknown,no_category_data,,2026-06-15T12:36:58.072810
b6097c063671d58f4097f46e850b936e,naverchzzk,,,,,,,,176,메이플스토리 월드,55.8,던전앤파이터,20.9,talk,13.8,7,true,multi_game,,2026-06-15T12:36:58.271013
45f5571eafc83956f6abf3c2c7b16b50,naverchzzk,,,,,,,,222,,0,,0,,0,0,unknown,no_category_data,,2026-06-15T12:36:59.124113
fedd60a77add1263510309706e9ce804,naverchzzk,,,,,,,,1920,디아블로 4: 증오의 군주,96.9,talk,3.1,,0,2,false,single_game_dominant,,2026-06-15T12:37:00.535631
58db873620fab7573ab5b10355a9606a,naverchzzk,,,,,,,,328,이터널 리턴,88.4,원샷,3.6,여귀교,3.0,6,false,single_game_dominant,,2026-06-15T12:37:01.411049
a27827874ebaf9418b229600a0c6d263,naverchzzk,,,,,,,,388,마비노기 모바일,40.0,마작일번가,20.4,talk,16.0,8,true,multi_game,,2026-06-15T12:37:01.580169
2a8a72af8b737e25ab187c699dd4a3d5,naverchzzk,,,,,,,,68,리그 오브 레전드,53.3,PUBG: 배틀그라운드,26.7,전략적 팀 전투 : 우주의 신들,16.3,6,true,multi_game,,2026-06-15T12:37:02.135234
48bd0355dc801ff430b3e6958251588a,naverchzzk,,,,,,,,778,발로란트,29.9,talk,20.7,갬블 위드 유어 프렌즈,14.9,7,false,single_game_or_non_game,,2026-06-15T12:37:06.376962
0f79ab3e118f0b493044fbead1f4a9ef,naverchzzk,,,,,,,,199,,0,,0,,0,0,unknown,no_category_data,,2026-06-15T12:37:11.465166
da2cb92251e061723388e179e220ac4d,naverchzzk,,,,,,,,2208,talk,36.9,마인크래프트,17.3,프래그마타,7.8,11,false,single_game_or_non_game,,2026-06-15T12:37:12.674526
d8546dd2294146276fd7e792e0483ff0,naverchzzk,,,,,,,,121,,0,,0,,0,0,unknown,no_category_data,,2026-06-15T12:37:14.203350
0dfc5055adad65ba3cbac3ab60a073d1,naverchzzk,,,,,,,,884,,0,,0,,0,0,unknown,no_category_data,,2026-06-15T12:37:15.754129
d6fb0847cb9fab7e19e22d994525e29b,naverchzzk,,,,,,,,276,talk,79.4,리그 오브 레전드,20.6,,0,2,false,talk_primary,,2026-06-15T12:37:16.329570
8369feac47e81427eea3ad97d6c70946,naverchzzk,,,,,,,,113,,0,,0,,0,0,unknown,no_category_data,,2026-06-15T12:37:17.248090
9a513a7cf54cf28dfd4770df43ecd9f2,naverchzzk,,,,,,,,2441,마블 라이벌즈,35.6,마인크래프트,13.9,포켓몬 레전드 Z-A,13.4,15,false,single_game_or_non_game,,2026-06-15T12:37:17.550128
86d59341b604e9c64ff01ae82d61100d,naverchzzk,,,,,,,,235,talk,30.9,원신,30.1,음악/노래,20.3,4,true,multi_game,,2026-06-15T12:37:17.569431
48d1f6c3fb214ca13afacd0ab1f639dc,naverchzzk,,,,,,,,3975,talk,61.5,림버스 컴퍼니,12.8,킹덤 컴: 딜리버런스,10.4,6,false,talk_primary,,2026-06-15T12:37:18.059419
af63dfd12693df96d1379406a3b5b005,naverchzzk,,,,,,,,1884,talk,39.7,승리의 여신: 니케,17.9,시드 마이어의 문명 VI,17.3,7,true,multi_game,,2026-06-15T12:37:20.353346
6d13dc183728920052d943e6c3d349fa,naverchzzk,,,,,,,,718,,0,,0,,0,0,unknown,no_category_data,,2026-06-15T12:37:21.385180
2a0074bf96bd514b64551e23fe577108,naverchzzk,,,,,,,,352,마인크래프트,100.0,,0,,0,1,false,single_game_dominant,,2026-06-15T12:37:24.275196
0a6b5b2a78bfd680a7d6ce1cfdd2ea3f,naverchzzk,,,,,,,,245,,0,,0,,0,0,unknown,no_category_data,,2026-06-15T12:37:26.945145
2bafa24493452ecda4bcf7de0013193e,naverchzzk,,,,,,,,108,,0,,0,,0,0,unknown,no_category_data,,2026-06-15T12:37:31.571003
1de49b3827b563cd011910ff496ddf24,naverchzzk,,,,,,,,280,,0,,0,,0,0,unknown,no_category_data,,2026-06-15T12:37:32.989735
21edfe49497a4352557faf4a09070e68,naverchzzk,,,,,,,,937,talk,32.0,발로란트,27.4,음악/노래,13.7,8,false,single_game_or_non_game,,2026-06-15T12:37:36.710701
bd8a063e410bf8a5815ee998c9c00837,naverchzzk,,,,,,,,341,아이온2,100.0,,0,,0,1,false,single_game_dominant,,2026-06-15T12:37:40.796485
5b9d26801be55ee04d914e953499d59e,naverchzzk,,,,,,,,324,젠레스 존 제로,44.1,이환,29.0,작혼: 리치 마작,9.2,8,true,multi_game,,2026-06-15T12:37:41.455078
0cc6f707301d0ddd643dd121bb6243e9,naverchzzk,,,,,,,,1484,,0,,0,,0,0,unknown,no_category_data,,2026-06-15T12:37:42.527727
fad4a0460847a65e91c959f4d3d12a67,naverchzzk,,,,,,,,1072,마인크래프트,49.3,talk,29.7,발로란트,11.9,6,false,single_game_or_non_game,,2026-06-15T12:37:42.943397
3c973a449dd904f369f9fb45db975ef7,naverchzzk,,,,,,,,103,몬스터 헌터 포터블 2nd G,78.1,몬스터 헌터 와일즈,7.9,talk,4.7,11,false,single_game_or_non_game,,2026-06-15T12:37:44.038124
27bf3468310c5cc3400d1ae7a71a759d,naverchzzk,,,,,,,,130,,0,,0,,0,0,unknown,no_category_data,,2026-06-15T12:37:45.543262
840dc2060c08562586df5656482633c8,naverchzzk,,,,,,,,540,마인크래프트,68.6,발로란트,9.0,R.E.P.O.,5.3,9,false,single_game_or_non_game,,2026-06-15T12:37:45.684259
35fbfb33cb87de10ff37da4a4585e57e,naverchzzk,,,,,,,,288,연운,31.9,talk,30.5,이환,16.7,6,true,multi_game,,2026-06-15T12:37:45.865257
cef03e3a645d818e57f8e006451c25d2,naverchzzk,,,,,,,,855,리그 오브 레전드,100.0,,0,,0,1,false,single_game_dominant,,2026-06-15T12:37:46.409027
c2c522e5f4831aa16c648ec2cec1cbdd,naverchzzk,,,,,,,,341,그림/아트,29.2,캡처드 2,20.7,종합 게임,18.8,6,true,multi_game,,2026-06-15T12:37:49.776639
fac8bc3bb9b211649012e5b0ba3478bb,naverchzzk,,,,,,,,328,talk,89.4,종합 게임,5.3,서브노티카,5.3,3,false,talk_primary,,2026-06-15T12:37:50.169332
61b9a565af2511f5d653c58ddbc2c627,naverchzzk,,,,,,,,1742,오버워치,51.4,레이튼 교수와 이상한 마을 HD,16.3,talk,15.1,8,true,multi_game,,2026-06-15T12:37:51.160719
a58fe3254e465fb8e59958fa371998e7,naverchzzk,,,,,,,,575,talk,80.2,음악/노래,10.2,리그 오브 레전드,9.6,3,false,talk_primary,,2026-06-15T12:37:51.202607
409ff557036f67090948ae1205934e75,naverchzzk,,,,,,,,523,이환,46.0,스타크래프트 : 리마스터,25.0,PUBG: 배틀그라운드,11.3,7,true,multi_game,,2026-06-15T12:37:51.932305
08f41d6f716f7d205add2d5f8fe02a82,naverchzzk,,,,,,,,302,,0,,0,,0,0,unknown,no_category_data,,2026-06-15T12:37:54.665195
3c44d8f3b1b329c2ee1658ba8fcb1fc9,naverchzzk,,,,,,,,145,,0,,0,,0,0,unknown,no_category_data,,2026-06-15T12:37:54.668349
845090b05a75eb0d4f14f5ff83a29710,naverchzzk,,,,,,,,297,붕괴: 스타레일,59.1,파이널 판타지 16,40.9,,0,2,true,multi_game,,2026-06-15T12:37:54.758843
14b3b70753fb73ea8a9320a09d1d24b1,naverchzzk,,,,,,,,824,,0,,0,,0,0,unknown,no_category_data,,2026-06-15T12:37:55.063225
457b3a477dfb480e0ccf80bc1b051a53,naverchzzk,,,,,,,,514,talk,61.6,명조:워더링 웨이브,21.8,융융 전파 신드롬,9.3,5,false,talk_primary,,2026-06-15T12:37:58.218787
c6793598dc79cc12c4e9b775be6e2948,naverchzzk,,,,,,,,323,엘든 링,52.0,리그 오브 레전드,28.6,talk,7.9,5,true,multi_game,,2026-06-15T12:38:04.777793
f37edeac9491eecc55100851e0e0fb36,naverchzzk,,,,,,,,258,Grand Theft Auto V,81.0,몬스터 헌터 와일즈,5.6,레프트 4 데드 2,5.4,5,false,single_game_dominant,,2026-06-15T12:38:06.218689
edfbb6ed6c8130b13f49b3047964e3d1,naverchzzk,,,,,,,,180,,0,,0,,0,0,unknown,no_category_data,,2026-06-15T12:38:07.376934
33a465ce3bb5e49c10c9052651e99167,naverchzzk,,,,,,,,152,talk,88.8,산나비,11.2,,0,2,false,talk_primary,,2026-06-15T12:38:07.402271
f703a3fc694862a4a9afd72ac56148f2,naverchzzk,,,,,,,,181,Qwilight,74.9,osu!,12.4,디제이맥스 리스펙트 V,6.7,4,false,single_game_or_non_game,,2026-06-15T12:38:07.817494
6736eb1cd1f602868234996e93aaa57b,naverchzzk,,,,,,,,337,발로란트,64.0,talk,34.2,데드 바이 데이라이트,1.8,3,false,single_game_or_non_game,,2026-06-15T12:38:07.955022
50d6b30a1724f201c21f1f0317655f3e,naverchzzk,,,,,,,,366,,0,,0,,0,0,unknown,no_category_data,,2026-06-15T12:38:08.041117
799a9f11292d474f0dda0af3366a49e1,naverchzzk,,,,,,,,10,,0,,0,,0,0,unknown,no_category_data,,2026-06-15T12:38:08.166355
ec79a8d123acbf393d50423ff5ad69d5,naverchzzk,,,,,,,,559,마인크래프트,65.5,발로란트,10.8,talk,10.3,10,false,single_game_or_non_game,,2026-06-15T12:38:08.713385
1ee1c800eddb25ec6da45f6874e44b96,naverchzzk,,,,,,,,1045,,0,,0,,0,0,unknown,no_category_data,,2026-06-15T12:38:12.377654
2f177409921f47013dc18cf5171ae599,naverchzzk,,,,,,,,235,오버워치,90.5,talk,9.5,,0,2,false,single_game_dominant,,2026-06-15T12:38:13.849688
09e6447ebebaedd4e8b5db22fd3271a8,naverchzzk,,,,,,,,100,,0,,0,,0,0,unknown,no_category_data,,2026-06-15T12:38:20.867725
a1c46c228c20e8ca52c1d03953e347dc,naverchzzk,,,,,,,,32,,0,,0,,0,0,unknown,no_category_data,,2026-06-15T12:38:23.164937
3bb96a02b0d628f208065b57aa261a01,naverchzzk,,,,,,,,231,,0,,0,,0,0,unknown,no_category_data,,2026-06-15T12:38:23.409730
fd08690f9fa70c6dbeb2c40cf1f1e7b1,naverchzzk,,,,,,,,1376,,0,,0,,0,0,unknown,no_category_data,,2026-06-15T12:38:23.915431
7aacd71743fa6e5a1963fd9703be7e5e,naverchzzk,,,,,,,,1437,talk,41.1,PUBG: 배틀그라운드,24.1,마인크래프트,12.1,9,false,single_game_or_non_game,,2026-06-15T12:38:26.750894
eb2df69dbb5954174eb1e62e2f3a0671,naverchzzk,,,,,,,,1498,발로란트,57.4,talk,33.0,피크,4.4,7,false,single_game_or_non_game,,2026-06-15T12:38:27.975751
d805a7604890dc54e145b96b682311b2,naverchzzk,,,,,,,,881,메이플스토리 월드,54.5,talk,13.6,메이플스토리,13.0,7,false,single_game_or_non_game,,2026-06-15T12:38:28.144321
bf2ec61665b6f09ae656c67d3162a99a,naverchzzk,,,,,,,,2006,발로란트,87.2,리그 오브 레전드,6.4,talk,4.1,5,false,single_game_dominant,,2026-06-15T12:38:28.664316
ac09259fdb66883f45fa950bfd094131,naverchzzk,,,,,,,,686,마블 라이벌즈,93.8,더 롱 다크,2.7,종합 게임,2.2,4,false,single_game_dominant,,2026-06-15T12:38:29.350720
6bdf6a5cebf577ae209cbfc046096f33,naverchzzk,,,,,,,,158,,0,,0,,0,0,unknown,no_category_data,,2026-06-15T12:38:33.316869
50bc4362380f1fb6d0689d8f1b5f6572,naverchzzk,,,,,,,,186,,0,,0,,0,0,unknown,no_category_data,,2026-06-15T12:38:34.240080
de1cf9f31a0de2c803288b66cabe9cb8,naverchzzk,,,,,,,,592,talk,65.0,엘든 링,15.5,메이플스토리,7.6,8,false,talk_primary,,2026-06-15T12:38:34.416819
644ebc29f40647ce575fec40881037df,naverchzzk,,,,,,,,445,,0,,0,,0,0,unknown,no_category_data,,2026-06-15T12:38:35.611987
170033804ad3bf4727999fbb2dfff931,naverchzzk,,,,,,,,683,붉은사막,28.7,talk,23.5,명조:워더링 웨이브,22.2,9,true,multi_game,,2026-06-15T12:38:35.917335
e2a2927c09276d646242b52d1810eadc,naverchzzk,,,,,,,,484,,0,,0,,0,0,unknown,no_category_data,,2026-06-15T12:38:37.838597
a5749066350da27331c5fbfa4ebff5b5,naverchzzk,,,,,,,,49,,0,,0,,0,0,unknown,no_category_data,,2026-06-15T12:38:37.989503
dce8163af8770f85ee1119b4ac1c0619,naverchzzk,,,,,,,,294,talk,65.3,스타듀 밸리,19.8,폴가이즈,11.4,4,false,talk_primary,,2026-06-15T12:38:39.364181
7ac2f46274142f97e852ec34beceff82,naverchzzk,,,,,,,,1839,ASMR,91.5,talk,4.2,그림/아트,3.6,4,false,single_game_dominant,,2026-06-15T12:38:39.641223
7a8450b0f4636539dc6ba26a3aa39027,naverchzzk,,,,,,,,376,,0,,0,,0,0,unknown,no_category_data,,2026-06-15T12:38:40.841620
5383e63885676fd004e0d1a1ab738e9c,naverchzzk,,,,,,,,115,포르자 호라이즌 6,100.0,,0,,0,1,false,single_game_dominant,,2026-06-15T12:38:44.540197
a44aede0c0be478c73c27dd079e59335,naverchzzk,,,,,,,,2273,VR챗,69.3,에이펙스 레전드,18.3,명조:워더링 웨이브,5.2,5,true,multi_game,,2026-06-15T12:38:52.828787
1b4d933184bfb4884841c26a5a6c3e9b,naverchzzk,,,,,,,,788,,0,,0,,0,0,unknown,no_category_data,,2026-06-15T12:38:53.179644
b8bbd4048cb70a5de6eb9390bae8cc1a,naverchzzk,,,,,,,,106,,0,,0,,0,0,unknown,no_category_data,,2026-06-15T12:38:54.759863
2ff780b4d037e45b4646ecb0ac357455,naverchzzk,,,,,,,,382,,0,,0,,0,0,unknown,no_category_data,,2026-06-15T12:38:55.189179
949ae8645613f060665ab4439ff9d8d4,naverchzzk,,,,,,,,1653,마비노기 모바일,72.2,리그 오브 레전드,17.1,talk,8.3,4,true,multi_game,,2026-06-15T12:38:55.862090
5aef68fc08aa0f140f4de828cadf9a0c,naverchzzk,,,,,,,,969,이환,29.7,PUBG: 배틀그라운드,23.2,발로란트,10.8,13,true,multi_game,,2026-06-15T12:38:56.156856
d3d4e727f4052885b8caa2b1da63ce7a,naverchzzk,,,,,,,,125,talk,70.5,숲속의 작은 마녀,9.1,종합 게임,6.6,7,false,talk_primary,,2026-06-15T12:38:56.877210
48abe6c67b642d958fcda13b44614a5e,naverchzzk,,,,,,,,305,두근두근 문예부!,67.1,리틀 나이트메어 3,19.2,종합 게임,6.8,4,true,multi_game,,2026-06-15T12:38:58.510888
ebddec55b51dcc6eb8f8804cd572abf3,naverchzzk,,,,,,,,930,오버워치,100.0,,0,,0,1,false,single_game_dominant,,2026-06-15T12:39:00.003255
75272f706d05ffc292f1c16d1cf781c1,naverchzzk,,,,,,,,217,,0,,0,,0,0,unknown,no_category_data,,2026-06-15T12:39:10.064344
eb402ed1e42387aa244081dce988103a,naverchzzk,,,,,,,,389,talk,51.7,이스케이프 프롬 타르코프,30.1,이터널 리턴,11.4,7,false,talk_primary,,2026-06-15T12:39:12.653381
54c50827510d9e75a596a087e07ee812,naverchzzk,,,,,,,,934,talk,50.0,음악/노래,41.8,ASMR,8.2,3,false,talk_primary,,2026-06-15T12:39:13.688729
07be2615a46a82ecca6ad41e82be7c37,naverchzzk,,,,,,,,346,,0,,0,,0,0,unknown,no_category_data,,2026-06-15T12:39:15.248507
0d404816c9789f485fabb72ba9198dd1,naverchzzk,,,,,,,,348,에이펙스 레전드,22.2,발로란트,15.9,음악/노래,12.6,13,true,multi_game,,2026-06-15T12:39:16.248512
e625cae96cce0a3ff3ffb93aab808620,naverchzzk,,,,,,,,328,톰 클랜시의 레인보우 식스 시즈 X,80.3,포켓몬 챔피언스,19.7,,0,2,false,single_game_dominant,,2026-06-15T12:39:16.394126
6e00c76a7c58f7f3936346742428bb9d,naverchzzk,,,,,,,,12623,이터널 리턴,48.5,리그 오브 레전드,24.4,엘든 링,13.0,7,true,multi_game,,2026-06-15T12:39:16.585413
1e546b3f42edad3012dc8a64eca1668d,naverchzzk,,,,,,,,510,마비노기,69.3,talk,10.4,그림자 복도,5.4,10,false,single_game_or_non_game,,2026-06-15T12:39:17.070254
e2910a72427d1976d30a1796f8e39111,naverchzzk,,,,,,,,804,로스트아크,99.0,talk,1.0,,0,2,false,single_game_dominant,,2026-06-15T12:39:17.099701
b95a7ac56a56df5c73b630301bc71dc2,naverchzzk,,,,,,,,403,,0,,0,,0,0,unknown,no_category_data,,2026-06-15T12:39:18.613498
aefd638ca3248f3ed1795197b5fa241e,naverchzzk,,,,,,,,1232,talk,83.2,리그 오브 레전드,6.1,성세천하: 여제의 탄생 Ⅱ,4.7,6,false,talk_primary,,2026-06-15T12:39:21.394462
677120cc2923fe6599a71ca8a181d55b,naverchzzk,,,,,,,,1431,톰 클랜시의 레인보우 식스 시즈 X,100.0,,0,,0,1,false,single_game_dominant,,2026-06-15T12:39:21.441979
6b9f55312d9459b4b5a5cc67a639676b,naverchzzk,,,,,,,,1208,PUBG: 배틀그라운드,58.3,붉은사막,13.2,발로란트,7.8,13,false,single_game_or_non_game,,2026-06-15T12:39:29.550410
b8c72418c4fe70e420b3b794a18a9169,naverchzzk,,,,,,,,133,아크: 서바이벌 이볼브드,49.7,마비노기 모바일,26.2,원신,12.4,6,true,multi_game,,2026-06-15T12:39:30.004906
8c55c674cf5e1e74a172fe2582645315,naverchzzk,,,,,,,,91,,0,,0,,0,0,unknown,no_category_data,,2026-06-15T12:39:30.123532
55fb25dcffc5b7c38d25f622e2a407e6,naverchzzk,,,,,,,,340,마비노기 모바일,53.3,리그 오브 레전드,33.3,메이플 키우기,13.3,3,true,multi_game,,2026-06-15T12:39:30.839693
35bea071d345d0b1318d996f1b06d2b6,naverchzzk,,,,,,,,355,talk,78.4,에이펙스 레전드,17.6,Apex 레전드 모바일,4.1,3,false,talk_primary,,2026-06-15T12:39:31.530820
2bbfd7fcc291238d97e31d77739b7a84,naverchzzk,,,,,,,,875,명조:워더링 웨이브,92.1,이환,7.9,,0,2,false,single_game_dominant,,2026-06-15T12:39:31.632008
41a1ae4d44647340bd2be35d5ee434d2,naverchzzk,,,,,,,,736,talk,27.3,이터널 리턴,20.9,음악/노래,18.9,16,true,multi_game,,2026-06-15T12:39:32.697682
577f950322b37450b1be1a8a621ced64,naverchzzk,,,,,,,,204,,0,,0,,0,0,unknown,no_category_data,,2026-06-15T12:39:33.294628
f966fa6decfa7bbb5c60accf817dd9bf,naverchzzk,,,,,,,,919,이환,49.8,talk,34.9,PUBG: 배틀그라운드,6.4,7,false,single_game_or_non_game,,2026-06-15T12:39:33.972048
a4a172706bed9152f18df8796bde093b,naverchzzk,,,,,,,,460,talk,56.3,데빌 커넥션,22.7,Samba de Amigo : 즐거운 파티,14.3,4,false,talk_primary,,2026-06-15T12:39:43.248954
cc55553ec934960fcfc1f0fa247f8b59,naverchzzk,,,,,,,,240,메이플스토리 월드,94.3,리그 오브 레전드,5.7,메이플스토리,0.0,3,false,single_game_dominant,,2026-06-15T12:39:44.342819
2e1a6e18f1fb35ba282c021b7ac71410,naverchzzk,,,,,,,,4361,talk,100.0,,0,,0,1,false,talk_primary,,2026-06-15T12:39:47.721671
7e5c30d9cd8035654802991ab183da09,naverchzzk,,,,,,,,934,,0,,0,,0,0,unknown,no_category_data,,2026-06-15T12:39:49.286922
ab115395b53088809c0f43c3130b4e56,naverchzzk,,,,,,,,573,그림/아트,51.9,림버스 컴퍼니,24.3,talk,9.2,5,false,single_game_or_non_game,,2026-06-15T12:39:51.667869
b139c43b49c469833bb843aa81cc2d42,naverchzzk,,,,,,,,533,오버워치,36.1,왕좌의 게임: 킹스로드,19.6,롬스테드,18.9,12,true,multi_game,,2026-06-15T12:39:52.625385
5eb01b65a686fbf2f5aee066afaf81a9,naverchzzk,,,,,,,,606,포켓몬스터 스칼렛 · 바이올렛,89.3,에이펙스 레전드,4.4,돈 스크림,3.8,4,false,single_game_dominant,,2026-06-15T12:39:52.641876
6246678b02cfc229e89368b433d8eb72,naverchzzk,,,,,,,,104,R.E.P.O.,33.0,그림자 복도,11.5,talk,10.5,13,false,single_game_or_non_game,,2026-06-15T12:39:53.045543
ad76ab77691e327fb512bd8ef88dc5e3,naverchzzk,,,,,,,,1079,더 파이널스,40.8,검은사막,40.5,오버워치,12.6,5,true,multi_game,,2026-06-15T12:39:54.223275
ee0b719a4c10d3d74f5088884f83eaae,naverchzzk,,,,,,,,128,스피시즈: 언노운,21.1,V 라이징,16.9,종합 게임,15.3,18,true,multi_game,,2026-06-15T12:39:55.941682
17b2791ab1d2e0cd8726870d9931243a,naverchzzk,,,,,,,,1810,talk,42.5,쓰르라미 울 적에 봉 - Ch.2 와타나가시,16.5,쓰르라미 울 적에 봉 - Ch.1 오니카쿠시,14.3,8,false,single_game_or_non_game,,2026-06-15T12:39:56.964454
4bb4c12f82a45f7eba43468236278cc1,naverchzzk,,,,,,,,42,,0,,0,,0,0,unknown,no_category_data,,2026-06-15T12:39:57.638193
c268d2daf300c80307cd88de882d189a,naverchzzk,,,,,,,,163,talk,44.0,먹방/쿡방,28.0,음악/노래,16.0,5,true,multi_game,,2026-06-15T12:39:58.211843
a7ac19f5e44aa16f90afa6d10212e8a3,naverchzzk,,,,,,,,934,아이온2,33.1,리그 오브 레전드,30.7,PUBG: 배틀그라운드,17.9,10,true,multi_game,,2026-06-15T12:40:03.135607
1cc8b9f6b34900e843c39538612756fe,naverchzzk,,,,,,,,945,,0,,0,,0,0,unknown,no_category_data,,2026-06-15T12:40:03.854499
5d0e0f67b514a8a4dbc2becaaed6a494,naverchzzk,,,,,,,,250,,0,,0,,0,0,unknown,no_category_data,,2026-06-15T12:40:03.969298
53b32ea76f82148731c53cd7ecbb3695,naverchzzk,,,,,,,,284,,0,,0,,0,0,unknown,no_category_data,,2026-06-15T12:40:05.830916
85b1787f4249a6b5e048fd88e4234d74,naverchzzk,,,,,,,,494,,0,,0,,0,0,unknown,no_category_data,,2026-06-15T12:40:07.254160
23130bf5f3ca43b26015be303d637ddb,naverchzzk,,,,,,,,60,,0,,0,,0,0,unknown,no_category_data,,2026-06-15T12:40:07.457553
5736d20e3e18afc5408e9b54190e6c16,naverchzzk,,,,,,,,1557,명조:워더링 웨이브,34.0,talk,33.0,이환,12.3,9,false,single_game_or_non_game,,2026-06-15T12:40:07.546936
fd200e914e070ce38404cc0de20e481c,naverchzzk,,,,,,,,258,,0,,0,,0,0,unknown,no_category_data,,2026-06-15T12:40:07.854444
bda7676a8ca63a4acc64167610b5bf53,naverchzzk,,,,,,,,3289,talk,44.8,음악/노래,31.2,명조:워더링 웨이브,18.7,6,true,multi_game,,2026-06-15T12:40:09.056493
4db1a3c06a496046ea373724ea942181,naverchzzk,,,,,,,,67,,0,,0,,0,0,unknown,no_category_data,,2026-06-15T12:40:13.714706
8fae3b6af8151cdba380e75166db3cb3,naverchzzk,,,,,,,,2477,로스트아크,84.9,프래그마타,7.0,마비노기 모바일,3.3,5,false,single_game_dominant,,2026-06-15T12:40:15.295517
3046afcf279f74c61cb6bddd6153ac73,naverchzzk,,,,,,,,449,,0,,0,,0,0,unknown,no_category_data,,2026-06-15T12:40:17.903556
e82548a0fc17a23294f5925d04e19718,naverchzzk,,,,,,,,791,talk,63.4,스타듀 밸리,23.7,프로젝트 좀보이드,3.4,7,false,talk_primary,,2026-06-15T12:40:19.876836
8fa0904c3feb9fe63d465c82f66aa7ae,naverchzzk,,,,,,,,223,,0,,0,,0,0,unknown,no_category_data,,2026-06-15T12:40:20.791903
2731bd35b26467ee14639a81b7307faa,naverchzzk,,,,,,,,334,,0,,0,,0,0,unknown,no_category_data,,2026-06-15T12:40:21.059106
6ffac31b4991e52676b971cfcdb3878d,naverchzzk,,,,,,,,800,talk,31.5,건파이어 리본,10.5,호스피탈 666,9.4,13,false,single_game_or_non_game,,2026-06-15T12:40:22.215575
4c5f10e9e801ef7fb31159e0d946d85c,naverchzzk,,,,,,,,533,에코,30.1,마인크래프트,29.7,talk,11.7,6,true,multi_game,,2026-06-15T12:40:22.778245
997a7e213c2e956cf6dbb4077a73d8ba,naverchzzk,,,,,,,,1521,로스트아크,63.9,talk,8.1,오버워치,7.3,8,false,single_game_or_non_game,,2026-06-15T12:40:23.202626
be9268158b2eef9817b10e646289e917,naverchzzk,,,,,,,,145,원신,100.0,,0,,0,1,false,single_game_dominant,,2026-06-15T12:40:23.266365
83297aefe376a8382560f27e69dfeedc,naverchzzk,,,,,,,,371,talk,44.4,오버워치,38.9,스타듀 밸리,16.7,6,true,multi_game,,2026-06-15T12:40:23.503393
fea8cc11094c20bf923f4d9db230cb3f,naverchzzk,,,,,,,,158,,0,,0,,0,0,unknown,no_category_data,,2026-06-15T12:40:25.332195
ad7534d94d264703c0af8cd33e9dd5fa,naverchzzk,,,,,,,,660,talk,64.7,그림/아트,27.1,종합 게임,6.7,4,false,talk_primary,,2026-06-15T12:40:33.164136
95fa401bf7f4f996ba5877a89268f946,naverchzzk,,,,,,,,211,,0,,0,,0,0,unknown,no_category_data,,2026-06-15T12:40:34.005093
ca8db99ca747c4f20e877d906dfbea83,naverchzzk,,,,,,,,101,,0,,0,,0,0,unknown,no_category_data,,2026-06-15T12:40:38.413333
32e66400944fb0e40ef56a11b09b8466,naverchzzk,,,,,,,,850,talk,29.4,세븐 데이즈 투 다이,26.3,다른 겨울의 우리들,9.2,10,false,single_game_or_non_game,,2026-06-15T12:40:39.388904
47ebaa365b3528196e8b4fda28ec1d4b,naverchzzk,,,,,,,,173,talk,100.0,,0,,0,1,false,talk_primary,,2026-06-15T12:40:42.475972
3cce746839ab54a4669464316a35c87f,naverchzzk,,,,,,,,468,오버워치,49.7,마인크래프트,36.3,발로란트,5.6,5,true,multi_game,,2026-06-15T12:40:44.548472
91cf0716b8ca394808e959c9d61ef5df,naverchzzk,,,,,,,,682,talk,39.2,스크릿치 스크래치,33.3,구스 구스 덕,27.5,3,true,multi_game,,2026-06-15T12:40:48.378051
1b9d14c316aeaf4e2bdea7f82e561851,naverchzzk,,,,,,,,233,헬다이버즈 2,49.1,붉은사막,15.4,점프 스페이스,10.6,15,true,multi_game,,2026-06-15T12:40:49.766538
86eddff825a5f889887357f984b6b251,naverchzzk,,,,,,,,814,로스트아크,95.0,흰피톨,3.4,소희,1.6,3,false,single_game_dominant,,2026-06-15T12:40:51.193610
a6d03a231c66b1a857b476f019cecffd,naverchzzk,,,,,,,,775,PUBG: 배틀그라운드,79.0,데드 바이 데이라이트,13.3,발로란트,7.7,3,false,single_game_or_non_game,,2026-06-15T12:40:56.695551
a642501c00caaf40741e942fb04ee5af,naverchzzk,,,,,,,,1013,,0,,0,,0,0,unknown,no_category_data,,2026-06-15T12:40:57.296710
2714205616c429056a11af534d2c372c,naverchzzk,,,,,,,,540,talk,62.7,R.E.P.O.,22.9,백룸: 이스케이프 투게더,8.4,6,false,talk_primary,,2026-06-15T12:40:58.061646
0a609d68e0b5609a0e99455d0dee2dba,naverchzzk,,,,,,,,1388,PUBG: 배틀그라운드,52.4,마인크래프트,21.1,패스 오브 엑자일 2,8.6,7,true,multi_game,,2026-06-15T12:40:58.169536
0cf728d7f2109e91cb4a338db27adf0c,naverchzzk,,,,,,,,262,,0,,0,,0,0,unknown,no_category_data,,2026-06-15T12:41:02.975069
853a6460ef6882dbd32180a898b1e5a4,naverchzzk,,,,,,,,970,talk,76.6,음악/노래,7.3,그림/아트,6.2,6,false,talk_primary,,2026-06-15T12:41:05.205607
352cd89fb80e5dd37ac01ddd794c3bf6,naverchzzk,,,,,,,,447,발로란트,39.8,사이퍼즈,36.6,talk,23.6,3,true,multi_game,,2026-06-15T12:41:06.186925
95e1d75b6f04d23f6e6a6ed7977fb58b,naverchzzk,,,,,,,,602,오버워치,92.5,리버스: 1999,3.8,카오스 제로 나이트메어,2.9,4,false,single_game_dominant,,2026-06-15T12:41:06.573328
ce20647e984adbb1835d065fd582a0dc,naverchzzk,,,,,,,,786,로스트아크,90.0,슬레이 더 스파이어 2,7.8,talk,1.4,4,false,single_game_dominant,,2026-06-15T12:41:13.266447
c3a5a84911ae459b89977e9dfe49afb3,naverchzzk,,,,,,,,350,슈퍼마켓 투게더,22.8,talk,21.5,리그 오브 레전드,16.7,7,true,multi_game,,2026-06-15T12:41:13.364233
31da278587d0d7a750c54491142c7fcf,naverchzzk,,,,,,,,1039,,0,,0,,0,0,unknown,no_category_data,,2026-06-15T12:41:14.288362
5263bf0dd3c5a5055091f35ce9aaa3b7,naverchzzk,,,,,,,,78,,0,,0,,0,0,unknown,no_category_data,,2026-06-15T12:41:21.449060
7aed451d863820698e53df20c4d51968,naverchzzk,,,,,,,,568,그림/아트,80.4,레프트 4 데드 2,19.6,,0,2,false,single_game_dominant,,2026-06-15T12:41:23.235242
8de46e6c8ff20f7451da18858eb604cb,naverchzzk,,,,,,,,151,talk,66.8,종합 게임,10.5,휴먼: 폴 플랫,4.5,11,false,talk_primary,,2026-06-15T12:41:24.838432
c4a867051fca980c13961bb6d88b1b2d,naverchzzk,,,,,,,,2024,talk,52.4,페이트/그랜드 오더,23.8,서브노티카 2,8.9,11,false,talk_primary,,2026-06-15T12:41:25.051846
8e16c03f875715a6aa5ec2b4399d60cf,naverchzzk,,,,,,,,72,,0,,0,,0,0,unknown,no_category_data,,2026-06-15T12:41:25.623388
56cc621abf7a4eb9a63acd94e319fb14,naverchzzk,,,,,,,,2147,로스트아크,70.5,메이플스토리 월드,17.5,마인크래프트,9.9,6,true,multi_game,,2026-06-15T12:41:31.500140
256206a32fdbf15d43402ac26dd6eefe,naverchzzk,,,,,,,,1288,마블 라이벌즈,39.8,마운트 앤 블레이드 2: 배너로드,19.6,포르자 호라이즌 6,7.1,15,true,multi_game,,2026-06-15T12:41:36.485134
2fb827ed0157b15e28d1c5f50df5a8c8,naverchzzk,,,,,,,,598,서브노티카 2,19.6,포장마차 : 한국 길거리 음식 경영시뮬레이터,17.3,종합 게임,12.7,10,true,multi_game,,2026-06-15T12:41:37.383338
00f939630ebc03bd177eb01c5cf08906,naverchzzk,,,,,,,,2504,이터널 리턴,100.0,,0,,0,1,false,single_game_dominant,,2026-06-15T12:41:38.202824
da2803a5f9f2bded18b59d2a92c99c16,naverchzzk,,,,,,,,358,데드 바이 데이라이트,84.7,프랫폴,8.9,종합 게임,3.1,5,false,single_game_dominant,,2026-06-15T12:41:38.337754
a96be5999bc120f11bdd565542a159b5,naverchzzk,,,,,,,,125,,0,,0,,0,0,unknown,no_category_data,,2026-06-15T12:41:40.902319
9ebe4764a6f1d5a5d37abc9723aadafc,naverchzzk,,,,,,,,735,talk,34.9,PUBG: 배틀그라운드,20.0,오버워치,18.1,10,true,multi_game,,2026-06-15T12:41:51.268453
cb23c90f33e6fb59276a787be3e372b8,naverchzzk,,,,,,,,3586,talk,40.5,마인크래프트,27.9,PUBG: 배틀그라운드,14.0,7,false,single_game_or_non_game,,2026-06-15T12:41:51.290532
b76c17b60013bea2b68d897737edaffa,naverchzzk,,,,,,,,468,,0,,0,,0,0,unknown,no_category_data,,2026-06-15T12:41:54.020662
e6a2a7e035a302760c5afe08a0df5961,naverchzzk,,,,,,,,1250,마인크래프트,32.2,로스트아크,25.6,명조:워더링 웨이브,19.4,9,true,multi_game,,2026-06-15T12:41:55.018847
b0b005d3b0ec265d901a53362a6f797f,naverchzzk,,,,,,,,398,,0,,0,,0,0,unknown,no_category_data,,2026-06-15T12:41:55.197684
026993d647c913761433fb50710e3d59,naverchzzk,,,,,,,,66,,0,,0,,0,0,unknown,no_category_data,,2026-06-15T12:41:55.483411
74b53e9f47d3fa5657977a88bfd4eb27,naverchzzk,,,,,,,,294,메이플스토리 월드,53.8,리그 오브 레전드,21.1,talk,13.5,7,true,multi_game,,2026-06-15T12:41:59.526045
db1bb2a184db19cfc18c69a3d27b9c1f,naverchzzk,,,,,,,,1553,이터널 리턴,98.8,미메시스,1.2,,0,2,false,single_game_dominant,,2026-06-15T12:42:00.925214
d209edab902ffa071c1d974e126b96c1,naverchzzk,,,,,,,,546,,0,,0,,0,0,unknown,no_category_data,,2026-06-15T12:42:01.454118
ec603345d44948747bf7d664dbc2faaf,naverchzzk,,,,,,,,418,,0,,0,,0,0,unknown,no_category_data,,2026-06-15T12:42:04.067699
7deab525978e0bc19d0485208f5dd62e,naverchzzk,,,,,,,,773,,0,,0,,0,0,unknown,no_category_data,,2026-06-15T12:42:06.120496
9f292b1a07c2779a30d822e177be31c4,naverchzzk,,,,,,,,831,,0,,0,,0,0,unknown,no_category_data,,2026-06-15T12:42:08.445279
ed2499cba07b2e802f043039c6c5fa12,naverchzzk,,,,,,,,714,그림/아트,44.4,명조:워더링 웨이브,32.5,talk,13.1,4,false,single_game_or_non_game,,2026-06-15T12:42:08.465671
25a05142ab50c916f4ac56b77a0ba9d6,naverchzzk,,,,,,,,803,멧챠 카멜레온,64.7,스캠 라인,35.3,,0,2,true,multi_game,,2026-06-15T12:42:08.970299
096a2050c7a15d9899b67ac9a77b883b,naverchzzk,,,,,,,,1596,로스트아크,96.1,리그 오브 레전드,2.6,talk,0.4,7,false,single_game_dominant,,2026-06-15T12:42:15.214266
24380fc89f6e8d8c7b2da47eddb013e4,naverchzzk,,,,,,,,177,명조:워더링 웨이브,43.9,원신,18.2,세피리아,13.9,9,true,multi_game,,2026-06-15T12:42:18.809308
017f5cea930cddc041d92c6210ab3e88,naverchzzk,,,,,,,,175,,0,,0,,0,0,unknown,no_category_data,,2026-06-15T12:42:19.515474
6d19acd7aee6783ede66bbb1261381a5,naverchzzk,,,,,,,,9665,로스트아크,86.1,프로젝트 좀보이드,5.7,이터널 리턴,4.2,7,false,single_game_dominant,,2026-06-15T12:42:20.485275
84cf8b6446df08ff03cc40a2ef0f9552,naverchzzk,,,,,,,,321,,0,,0,,0,0,unknown,no_category_data,,2026-06-15T12:42:22.260845
989ef7623e63f601b8659045e8d0f813,naverchzzk,,,,,,,,588,PUBG: 배틀그라운드,29.3,마인크래프트,16.6,talk,12.1,19,true,multi_game,,2026-06-15T12:42:22.449759
0767c32a8503a0db37c77f046ec7f5da,naverchzzk,,,,,,,,1032,talk,38.5,마인크래프트,36.4,음악/노래,15.6,5,true,multi_game,,2026-06-15T12:42:22.701729
bd2c845e20b2f79d90adf8c5edd1ab25,naverchzzk,,,,,,,,395,이터널 리턴,27.5,talk,17.5,리그 오브 레전드,15.6,8,true,multi_game,,2026-06-15T12:42:22.949666
07abfe7938f791e625a6fd08f9bad9da,naverchzzk,,,,,,,,245,,0,,0,,0,0,unknown,no_category_data,,2026-06-15T12:42:24.503467
3d0f21462b251f2c560e4533311f73c8,naverchzzk,,,,,,,,238,오버워치,72.4,talk,12.0,종합 게임,6.3,7,false,single_game_or_non_game,,2026-06-15T12:42:24.882724
f120825ca1636339d29bae7d2c2e8726,naverchzzk,,,,,,,,625,,0,,0,,0,0,unknown,no_category_data,,2026-06-15T12:42:34.993231
63c4c0cc1141e407c52e872d60a2c6e8,naverchzzk,,,,,,,,1195,,0,,0,,0,0,unknown,no_category_data,,2026-06-15T12:42:39.765332
be7cd48ab13e7cd514b7d23c110acb94,naverchzzk,,,,,,,,874,마비노기 영웅전,48.6,PUBG: 배틀그라운드,22.8,파이널판타지14,17.0,7,true,multi_game,,2026-06-15T12:42:39.847709
859b9f31e95c66296b8db536a97a3178,naverchzzk,,,,,,,,516,talk,63.0,코어 키퍼,16.1,종합 게임,10.2,5,false,talk_primary,,2026-06-15T12:42:42.382124
90a96d88bf1e571a0a3586c427bdcccb,naverchzzk,,,,,,,,238,발로란트,95.0,talk,5.0,,0,2,false,single_game_dominant,,2026-06-15T12:42:47.642599
10262937dbcaa8be1dbfb56e4ee065af,naverchzzk,,,,,,,,365,월드 오브 탱크,83.2,이터널 리턴,8.9,종합 게임,3.8,7,false,single_game_dominant,,2026-06-15T12:42:48.136234
b4743542751200150f03c22a0269e546,naverchzzk,,,,,,,,984,오버워치,70.6,talk,16.0,몬스터 헌터 와일즈,10.7,8,false,single_game_or_non_game,,2026-06-15T12:42:49.035138
6ea5ac5810726e26efb5428b0fc86481,naverchzzk,,,,,,,,833,오버워치,54.9,마인크래프트,27.5,talk,9.4,8,true,multi_game,,2026-06-15T12:42:50.593241
937dbaf38df21d2b2be9359493ce4774,naverchzzk,,,,,,,,809,talk,38.3,종합 게임,16.4,마인크래프트,14.0,10,true,gg_secondary,,2026-06-15T12:42:51.404555
4daf32adf391eaaac5a11bf535689be8,naverchzzk,,,,,,,,763,talk,51.4,이환,19.6,원신,8.6,10,false,talk_primary,,2026-06-15T12:42:56.460911
3b1661766c413b091fd499391117b454,naverchzzk,,,,,,,,156,이환,43.9,종합 게임,16.5,스트리트 파이터 6,14.0,8,true,multi_game,,2026-06-15T12:43:01.427129
6b8f7b0a4796f87cf0a25df651ead470,naverchzzk,,,,,,,,646,승리의 여신: 니케,42.4,이환,15.8,델타포스,14.3,9,true,multi_game,,2026-06-15T12:43:03.865222
74578fafe6d72711a34e3b3cb4520fdd,naverchzzk,,,,,,,,423,talk,100.0,,0,,0,1,false,talk_primary,,2026-06-15T12:43:05.027967
e143b6c8f5eb8fb235914bc780e28668,naverchzzk,,,,,,,,557,talk,95.3,파스모포비아,1.3,세븐나이츠 리버스,1.2,8,false,talk_primary,,2026-06-15T12:43:06.484249
efa94cf7d5ad16e56b5f39d07fb35e1d,naverchzzk,,,,,,,,369,talk,33.9,워크래프트 3: 리포지드,28.2,그림/아트,26.0,6,false,single_game_or_non_game,,2026-06-15T12:43:08.152161
23cc1649fda9543011dd908b5d064adc,naverchzzk,,,,,,,,541,,0,,0,,0,0,unknown,no_category_data,,2026-06-15T12:43:09.706185
628855ff1c7da419b366ce261cbc0013,naverchzzk,,,,,,,,295,그림/아트,80.8,talk,14.2,프레디의 피자가게 2,3.3,5,false,single_game_dominant,,2026-06-15T12:43:10.073441
af4d6e6da23bb4503c8955a3da18ca14,naverchzzk,,,,,,,,1432,talk,42.4,음악/노래,27.9,포르자 호라이즌 6,5.9,11,false,single_game_or_non_game,,2026-06-15T12:43:10.214134
06b9893c6d74cea0c031b0270600f365,naverchzzk,,,,,,,,2063,아이온2,94.0,에이펙스 레전드,2.4,리그 오브 레전드,1.6,5,false,single_game_dominant,,2026-06-15T12:43:10.362295
408db2e74f9a3d66c57fac2e7b37f77e,naverchzzk,,,,,,,,860,로스트아크,53.7,마인크래프트,16.6,PUBG: 배틀그라운드,11.0,9,true,multi_game,,2026-06-15T12:43:20.460299
8527d2b16d1b86e983a1f8edae36b537,naverchzzk,,,,,,,,876,talk,55.0,마인크래프트,21.5,종합 게임,7.5,13,false,talk_primary,,2026-06-15T12:43:21.506617
54eb0626c4b94c89c347130f8dee2745,naverchzzk,,,,,,,,454,두근두근타운,44.9,파이널판타지14,36.0,talk,8.1,8,true,multi_game,,2026-06-15T12:43:22.018115
8ab23541c3968084faece61831e49faf,naverchzzk,,,,,,,,948,talk,55.5,종합 게임,23.5,라코인: 코인 푸셔 로그라이크,21.0,3,false,talk_primary,,2026-06-15T12:43:23.394080
b74927fbcb1a94bbf6b78ecb1c38c14e,naverchzzk,,,,,,,,1578,,0,,0,,0,0,unknown,no_category_data,,2026-06-15T12:43:24.827112
08bab24b083ebfe59416e99730bea11d,naverchzzk,,,,,,,,208,바이오하자드,100.0,,0,,0,1,false,single_game_dominant,,2026-06-15T12:43:26.470311
c95f807ee39e8c5e90c1d1b11491c264,naverchzzk,,,,,,,,1181,,0,,0,,0,0,unknown,no_category_data,,2026-06-15T12:43:27.768621
3e29f8b51cdd0f7566d3840e1a1a4f8e,naverchzzk,,,,,,,,769,엘든 링,30.8,림월드,28.0,talk,18.2,13,true,multi_game,,2026-06-15T12:43:33.949291
f4c2ff0be58895c211652674f2f19ffa,naverchzzk,,,,,,,,2211,음악/노래,90.9,talk,4.1,데드 바이 데이라이트,2.8,4,false,single_game_dominant,,2026-06-15T12:43:34.580051
7544df36ea3d148da87c6bc75ba914d5,naverchzzk,,,,,,,,203,talk,100.0,,0,,0,1,false,talk_primary,,2026-06-15T12:43:40.704790
7340387668327f7da29f0b7308fa76f6,naverchzzk,,,,,,,,532,talk,64.9,종합 게임,9.9,음악/노래,9.3,10,false,talk_primary,,2026-06-15T12:43:43.908562
dac66ac2fc9b0d075ca026b136341570,naverchzzk,,,,,,,,4003,talk,35.9,리그 오브 레전드,19.1,명조:워더링 웨이브,8.8,11,false,single_game_or_non_game,,2026-06-15T12:43:45.042505
ad56369d215c12693a57f2e258452076,naverchzzk,,,,,,,,542,몬스터 헌터 와일즈,45.1,talk,23.9,몬스터 헌터 월드: 아이스본,9.0,10,false,single_game_or_non_game,,2026-06-15T12:43:45.446131
daad7bfef20ee289a1095e5aa2dcc9b9,naverchzzk,,,,,,,,544,레이싱 마스터,59.5,포르자 호라이즌 6,23.3,콜 오브 듀티 : 워존,11.8,6,true,multi_game,,2026-06-15T12:43:47.497792
2ec15ebae15c6fff39ec24ce8a8828de,naverchzzk,,,,,,,,1405,talk,16.3,림월드,13.6,워 썬더,13.2,14,false,single_game_or_non_game,,2026-06-15T12:43:47.795033
cee068d063f11cfc998de400e63ee07c,naverchzzk,,,,,,,,138,,0,,0,,0,0,unknown,no_category_data,,2026-06-15T12:43:47.928478
eb509a24d92170db1ba9bafb58696be0,naverchzzk,,,,,,,,587,스타크래프트 : 리마스터,94.8,talk,3.8,종합 게임,0.7,5,false,single_game_dominant,,2026-06-15T12:43:48.611972
6baf8d21940686f50a64f63a9d96e0da,naverchzzk,,,,,,,,1389,talk,38.2,림버스 컴퍼니,19.3,영화,14.5,10,false,single_game_or_non_game,,2026-06-15T12:43:49.435140
f28e932dcfe25332373701a50629eed3,naverchzzk,,,,,,,,621,프랫폴,26.1,얍얍,17.0,종합 게임,12.3,13,true,multi_game,,2026-06-15T12:43:51.279832
3ffc2025ddd4748dee6535d6eeaa2f65,naverchzzk,,,,,,,,231,,0,,0,,0,0,unknown,no_category_data,,2026-06-15T12:43:58.169917
4ffdf0bd382516ca718e49cf403e08dc,naverchzzk,,,,,,,,730,리그 오브 레전드,62.6,오버워치,19.9,talk,11.5,4,true,multi_game,,2026-06-15T12:43:59.043314
2ebbfa08c6073e9b08eace9f0bff309f,naverchzzk,,,,,,,,581,,0,,0,,0,0,unknown,no_category_data,,2026-06-15T12:44:01.080747
88e8a9295fae82b7f8d66a43def7f11b,naverchzzk,,,,,,,,337,talk,47.8,음악/노래,17.0,스크릿치 스크래치,10.5,13,false,single_game_or_non_game,,2026-06-15T12:44:01.267842
2ad1a9cfc272ada60fa23de6d89aa26e,naverchzzk,,,,,,,,114,,0,,0,,0,0,unknown,no_category_data,,2026-06-15T12:44:01.964940
47a73872bedcef3403eab4c116064d1e,naverchzzk,,,,,,,,191,,0,,0,,0,0,unknown,no_category_data,,2026-06-15T12:44:02.394344
9732a9c58b365e937a8b4962ec168fa4,naverchzzk,,,,,,,,1848,,0,,0,,0,0,unknown,no_category_data,,2026-06-15T12:44:03.284218
7c4662e31076a652c81066f8748d4d45,naverchzzk,,,,,,,,420,메이플스토리 월드,47.0,talk,13.8,테이블탑 시뮬레이터,5.0,24,false,single_game_or_non_game,,2026-06-15T12:44:05.312534
e823de7448ae3fa30b25185ea4ed1618,naverchzzk,,,,,,,,565,승리의 여신: 니케,51.5,이환,21.6,브라운더스트2,8.0,10,true,multi_game,,2026-06-15T12:44:05.979419
52b1ef72d4153081f27de4a434b61ba9,naverchzzk,,,,,,,,279,퍼스트 디센던트,32.3,리그 오브 레전드,29.8,이환,16.3,6,true,multi_game,,2026-06-15T12:44:06.736076
757776b6b2b89d3ffe2ce829df5c2957,naverchzzk,,,,,,,,666,PUBG: 배틀그라운드,54.2,이스케이프 프롬 타르코프,39.6,talk,6.2,3,true,multi_game,,2026-06-15T12:44:06.935492
50f557a43a5c19517243a2271882c249,naverchzzk,,,,,,,,2217,이터널 리턴,96.2,종합 게임,3.8,,0,2,false,single_game_dominant,,2026-06-15T12:44:09.914945
a952ca27619f8058f62c4cd34b17b680,naverchzzk,,,,,,,,61,메이플스토리,100.0,,0,,0,1,false,single_game_dominant,,2026-06-15T12:44:10.129612
59d1ee13557da26ad445edd67fa8e453,naverchzzk,,,,,,,,515,talk,100.0,,0,,0,1,false,talk_primary,,2026-06-15T12:44:10.646014
e7ce250254790cdfdf7c4aed3728f159,naverchzzk,,,,,,,,308,,0,,0,,0,0,unknown,no_category_data,,2026-06-15T12:44:11.105353
42bf11cc5e7ec6496c399ccee466fc16,naverchzzk,,,,,,,,481,,0,,0,,0,0,unknown,no_category_data,,2026-06-15T12:44:11.275068
e785798f1e776d12110be5e68daf9873,naverchzzk,,,,,,,,1940,talk,66.1,음악/노래,25.7,스크릿치 스크래치,5.8,4,false,talk_primary,,2026-06-15T12:44:17.283438
525445d22e16f8bd79049cc1a5fd0962,naverchzzk,,,,,,,,783,겟 투 워크,39.0,talk,30.4,리그 오브 레전드,13.7,6,false,single_game_or_non_game,,2026-06-15T12:44:18.017241
4956b387614f95a3c8e16519d67ecc97,naverchzzk,,,,,,,,619,talk,100.0,,0,,0,1,false,talk_primary,,2026-06-15T12:44:21.536424
a69773946368d2c76a0bb956b05a61fd,naverchzzk,,,,,,,,114,몬스터 헌터: 월드,38.4,휴먼: 폴 플랫,18.2,피크,14.1,6,true,multi_game,,2026-06-15T12:44:23.170823
9854ff10da9370f6c7aa96344403e9e6,naverchzzk,,,,,,,,1235,철권 8,55.6,에코,11.0,작혼: 리치 마작,9.3,12,false,single_game_or_non_game,,2026-06-15T12:44:23.600926
0386413ce359a9c7cd05329740eb6836,naverchzzk,,,,,,,,175,,0,,0,,0,0,unknown,no_category_data,,2026-06-15T12:44:23.615553
5f39e9ea539a2f5466a1bbb88802b3eb,naverchzzk,,,,,,,,100,종합 게임,100.0,,0,,0,1,true,gg_primary,,2026-06-15T12:44:23.620260
d12d2b4321e2a1b0de5f0a3d49e45a57,naverchzzk,,,,,,,,1074,talk,76.9,흰피톨,8.6,승리의 여신: 니케,8.4,6,false,talk_primary,,2026-06-15T12:44:24.454379
8cb6b061d13efcee4de872d07a86e759,naverchzzk,,,,,,,,887,talk,42.5,그림/아트,17.3,리그 오브 레전드,16.2,9,false,single_game_or_non_game,,2026-06-15T12:44:26.835083
75b18d100b751ad5f942a87456095558,naverchzzk,,,,,,,,78,레프트 4 데드 2,39.8,메이플스토리 월드,27.8,마비노기 모바일,23.9,5,true,multi_game,,2026-06-15T12:44:27.290389
5c141e63b3d913aa973a54391da008ca,naverchzzk,,,,,,,,803,림버스 컴퍼니,55.7,로보토미 코퍼레이션,17.5,에코,10.8,9,true,multi_game,,2026-06-15T12:44:29.865239
b47bf4acc15db13ce1b888ef1b54e622,naverchzzk,,,,,,,,1075,슬레이 더 스파이어 2,28.4,종합 게임,24.3,talk,22.5,5,true,multi_game,,2026-06-15T12:44:35.710590
a675a07aec69876cd79895751d6e4a0b,naverchzzk,,,,,,,,673,talk,57.5,PUBG: 배틀그라운드,38.9,리그 오브 레전드,3.0,4,false,talk_primary,,2026-06-15T12:44:37.280298
ff040e652b9a7af838d9948e28e0ca7c,naverchzzk,,,,,,,,677,,0,,0,,0,0,unknown,no_category_data,,2026-06-15T12:44:38.006969
ff54ff0c7411f81b4db34df5897f4b51,naverchzzk,,,,,,,,515,,0,,0,,0,0,unknown,no_category_data,,2026-06-15T12:44:38.165964
b4aed0460d145197bc0bbe2a8cd86887,naverchzzk,,,,,,,,841,,0,,0,,0,0,unknown,no_category_data,,2026-06-15T12:44:40.734458
f002947016149ca64d36ad4a9eb3aef8,naverchzzk,,,,,,,,757,데스 스트랜딩 2: 온 더 비치,34.8,talk,33.8,친구모아 아일랜드 두근두근 라이프,8.6,8,false,single_game_or_non_game,,2026-06-15T12:44:41.394205
c92ad0808021c65614b65df326f342d6,naverchzzk,,,,,,,,435,talk,57.7,종합 게임,23.2,데드 바이 데이라이트,7.7,6,false,talk_primary,,2026-06-15T12:44:41.516937
42e2908070aa539c1b642ccb20b95259,naverchzzk,,,,,,,,19,종합 게임,86.3,더 심즈 4,3.8,체인드 투게더,3.4,8,true,gg_primary,,2026-06-15T12:44:41.882186
258c22fe23af3c9b2707eef2cef955c2,naverchzzk,,,,,,,,1171,talk,47.4,발로란트,14.2,음악/노래,8.8,9,false,single_game_or_non_game,,2026-06-15T12:44:43.162397
e32b07b3355538432053c96f92d88011,naverchzzk,,,,,,,,3453,,0,,0,,0,0,unknown,no_category_data,,2026-06-15T12:44:43.683339
31553969180d10d160b8bf403a227bd2,naverchzzk,,,,,,,,2184,,0,,0,,0,0,unknown,no_category_data,,2026-06-15T12:44:48.664244
25c611c12d55849bef71da90034201af,naverchzzk,,,,,,,,255,발로란트,43.9,스펠렁키 2,28.7,산소미포함,14.3,7,true,multi_game,,2026-06-15T12:44:51.521985
28ff285e5f6b18bf730be751971f4710,naverchzzk,,,,,,,,496,발로란트,89.0,워크래프트 3: 리포지드,9.2,PUBG: 배틀그라운드,1.7,4,false,single_game_dominant,,2026-06-15T12:44:55.538316
d98f5b684efeed1b27ddac078e9634fb,naverchzzk,,,,,,,,2591,명조:워더링 웨이브,84.3,리버스: 1999,5.7,talk,5.0,8,false,single_game_dominant,,2026-06-15T12:44:56.130506
9ad5963c7312feb93f4a5d87bb01ad56,naverchzzk,,,,,,,,1089,명일방주: 엔드필드,46.1,명조:워더링 웨이브,32.2,talk,9.1,5,true,multi_game,,2026-06-15T12:44:56.138214
da4418011e92ccf623e152505a951dd5,naverchzzk,,,,,,,,520,,0,,0,,0,0,unknown,no_category_data,,2026-06-15T12:44:56.595005
afb34768f23cd499040e9d3215f0472f,naverchzzk,,,,,,,,792,에브리씽 이즈 크랩: 동물 진화 로그라이트,77.5,talk,22.5,,0,2,false,single_game_or_non_game,,2026-06-15T12:44:57.240355
9360641923f77e63d625770285fdc53e,naverchzzk,,,,,,,,173,,0,,0,,0,0,unknown,no_category_data,,2026-06-15T12:44:58.412344
37f098f35c0327d1873f84a489356e03,naverchzzk,,,,,,,,1688,talk,55.2,야구,14.4,마인크래프트,9.8,10,false,talk_primary,,2026-06-15T12:45:01.145955
7c5a8b8852ee6c8bdf0d5779d5e1e0bf,naverchzzk,,,,,,,,1015,,0,,0,,0,0,unknown,no_category_data,,2026-06-15T12:45:04.703532
daf0ef95524b6688d8330b576d94292d,naverchzzk,,,,,,,,41,종합 게임,51.5,스타듀 밸리,25.2,레드 데드 리뎀션 2,20.7,5,true,gg_primary,,2026-06-15T12:45:08.400587
27d0e67de4208389766c642f89d23c61,naverchzzk,,,,,,,,93,,0,,0,,0,0,unknown,no_category_data,,2026-06-15T12:45:13.822244
a58d487d2173f95bc965535377f630a6,naverchzzk,,,,,,,,318,PUBG: 배틀그라운드,94.7,마인크래프트,5.3,,0,2,false,single_game_dominant,,2026-06-15T12:45:16.381160
c824707a6311876ee69ed32016c3876a,naverchzzk,,,,,,,,346,,0,,0,,0,0,unknown,no_category_data,,2026-06-15T12:45:16.407236
45ec28669ade18793762fbeb8cd9fb34,naverchzzk,,,,,,,,1092,60 세컨즈! 리아토마이즈드,64.8,talk,10.2,왕좌의 게임: 킹스로드,6.8,9,false,single_game_or_non_game,,2026-06-15T12:45:22.771247
12d11b1af2d540a64acce10c16c659cd,naverchzzk,,,,,,,,1096,PUBG: 배틀그라운드,74.3,메이플스토리,11.8,스타듀 밸리,6.8,7,false,single_game_or_non_game,,2026-06-15T12:45:24.170406
750a7880334781631996f85d7b0b7f79,naverchzzk,,,,,,,,591,종합 게임,22.6,구스 구스 덕,18.1,talk,15.7,13,true,gg_primary,,2026-06-15T12:45:25.971374
0c65a002b4b80c81e0b78a2e36e016f9,naverchzzk,,,,,,,,702,talk,70.0,마인크래프트,15.5,종합 게임,8.4,5,false,talk_primary,,2026-06-15T12:45:28.306828
51df02fea03f15c74c98061407e9bf48,naverchzzk,,,,,,,,625,이터널 리턴,71.1,talk,7.7,팀파이트 매니저 2,4.8,14,false,single_game_or_non_game,,2026-06-15T12:45:30.201104
4bab999bca658dc34d8a3414a2387e6a,naverchzzk,,,,,,,,97,,0,,0,,0,0,unknown,no_category_data,,2026-06-15T12:45:31.307683
f90a29d55257852c433f092b2c4a1083,naverchzzk,,,,,,,,1511,로스트아크,81.5,테트리스,3.7,질애,2.8,10,false,single_game_dominant,,2026-06-15T12:45:32.374418
f4c8f007d21eb2d20178d4719d01d545,naverchzzk,,,,,,,,451,talk,89.0,서브노티카 2,8.9,2026 FIFA 북중미 월드컵,2.1,3,false,talk_primary,,2026-06-15T12:45:36.494185
869487c24b90507a11e5174db40be118,naverchzzk,,,,,,,,443,"워해머 40,000: 스페이스 마린 2",37.7,"워해머 40,000: 로그 트레이더",23.9,스토커 2: 초르노빌의 심장부,17.8,12,true,multi_game,,2026-06-15T12:45:39.870807
674e31319c1b4b0165bd9efd204895b4,naverchzzk,,,,,,,,642,,0,,0,,0,0,unknown,no_category_data,,2026-06-15T12:45:43.275842
1ffcbbc845bca7ae599110c06612273d,naverchzzk,,,,,,,,512,메이플스토리 월드,67.0,talk,21.0,리그 오브 레전드,6.4,7,false,single_game_or_non_game,,2026-06-15T12:45:47.678476
b5051ace1935e2b800f2156508bdcc2b,naverchzzk,,,,,,,,1291,파스모포비아,40.7,PUBG: 배틀그라운드,35.0,talk,7.7,10,true,multi_game,,2026-06-15T12:45:52.639697
1f067f80cf997ca6c65cd42c65f1f74c,naverchzzk,,,,,,,,130,에이펙스 레전드,81.2,세키로: 섀도우 다이 트와이스,11.6,종합 게임,7.2,3,false,single_game_dominant,,2026-06-15T12:45:55.680075
7a750429e25058455ab306280219385c,naverchzzk,,,,,,,,708,발로란트,69.4,종합 게임,14.6,talk,6.2,8,false,single_game_or_non_game,,2026-06-15T12:45:57.459495
9b81fa87e20c9f1430e5e6d7dbcb4814,naverchzzk,,,,,,,,611,종합 게임,88.5,로스트아크,10.8,데드 애즈 디스코,0.6,3,true,gg_primary,,2026-06-15T12:45:59.193353
a23e2caacb04a47b825950ba7969e247,naverchzzk,,,,,,,,2484,메이플스토리 월드,82.0,종합 게임,12.6,PUBG: 배틀그라운드,4.6,4,false,single_game_dominant,,2026-06-15T12:46:02.060663
6555c9f8f2b558581470fd6ae7593847,naverchzzk,,,,,,,,153,에이지 오브 미쏠로지: 리톨드,52.8,"워해머 40,000: 던 오브 워 - 디피니티브 에디션",31.5,종합 게임,8.3,5,true,multi_game,,2026-06-15T12:46:05.471122
913a3d1720ecf42ac568b046c56fa0f5,naverchzzk,,,,,,,,521,로스트아크,42.6,talk,24.7,리그 오브 레전드,22.8,4,true,multi_game,,2026-06-15T12:46:06.085012
367eeb6eeb031227110b8de832e2379c,naverchzzk,,,,,,,,31,,0,,0,,0,0,unknown,no_category_data,,2026-06-15T12:46:08.307970
b9b99d1e8788884b56515167571cae78,naverchzzk,,,,,,,,362,리그 오브 레전드,67.5,종합 게임,16.1,체인드 투게더,5.4,6,true,multi_game,,2026-06-15T12:46:08.705122
9bcfc5ce252bd85444a45ae8a80ae5e8,naverchzzk,,,,,,,,3486,붕괴: 스타레일,66.4,명조:워더링 웨이브,12.6,talk,11.3,9,false,single_game_or_non_game,,2026-06-15T12:46:12.473414
2ed03ff1a8e29da928c4f94ecad807cc,naverchzzk,,,,,,,,375,,0,,0,,0,0,unknown,no_category_data,,2026-06-15T12:46:17.258429
d5dca9ea32224d5a8fcf625c92750861,naverchzzk,,,,,,,,2151,PUBG: 배틀그라운드,40.3,리그 오브 레전드,28.2,슬레이 더 스파이어 2,23.8,6,true,multi_game,,2026-06-15T12:46:19.544331
82502fe55f5cc74632e9fe94c8f8a1ed,naverchzzk,,,,,,,,498,,0,,0,,0,0,unknown,no_category_data,,2026-06-15T12:46:19.854463
abcf5c832694ad4fd6547210ba317b3f,naverchzzk,,,,,,,,1645,리그 오브 레전드,36.2,talk,26.1,프랫폴,5.4,16,false,single_game_or_non_game,,2026-06-15T12:46:23.329549
5414ee6e901021df945713bd65d8e1e5,naverchzzk,,,,,,,,464,,0,,0,,0,0,unknown,no_category_data,,2026-06-15T12:46:23.406418
28f4354d7e1457c48edfb6417fd10e87,naverchzzk,,,,,,,,241,ELDEN RING 밤의 통치자,91.9,talk,2.9,돌메어,2.1,6,false,single_game_dominant,,2026-06-15T12:46:30.531943
006aeefc67e61672a3e5bc8726107859,naverchzzk,,,,,,,,232,스타듀 밸리,17.9,돈 스타브 투게더,16.6,종합 게임,16.2,14,true,multi_game,,2026-06-15T12:46:32.975152
77d7bf56142e3a259d2c740d14e1b6a5,naverchzzk,,,,,,,,1171,VR챗,79.1,talk,15.6,림버스 컴퍼니,5.3,3,false,single_game_or_non_game,,2026-06-15T12:46:33.227373
b63d860df7124c7c87399670d1359105,naverchzzk,,,,,,,,2377,talk,63.0,음악/노래,11.1,트릭컬 리바이브,6.0,10,false,talk_primary,,2026-06-15T12:46:37.173723
ecd49bb78649caa78a91b90bc08e3bfb,naverchzzk,,,,,,,,1524,,0,,0,,0,0,unknown,no_category_data,,2026-06-15T12:46:38.914566
64905798b146c86c255f7d7fff5e9238,naverchzzk,,,,,,,,380,오버워치,65.5,종합 게임,20.9,talk,8.8,8,true,multi_game,,2026-06-15T12:46:40.555167
680753866ca2498cc786d80cb7967fab,naverchzzk,,,,,,,,423,talk,49.5,플래닛 오브 라나 II,11.8,스크릿치 스크래치,10.2,14,false,single_game_or_non_game,,2026-06-15T12:46:42.974413
a69ed57e61b5cdcf80eec7e1ac440ab3,naverchzzk,,,,,,,,116,포르자 호라이즌 6,49.0,유니콘 오버로드,14.5,르망 얼티밋,11.5,8,false,single_game_or_non_game,,2026-06-15T12:46:43.059818
98670cc0ced8c74bcaa69c6cba9a77e4,naverchzzk,,,,,,,,454,로스트아크,74.7,마라톤,11.0,슬레이 더 스파이어 2,6.2,6,false,single_game_or_non_game,,2026-06-15T12:46:48.459431
78cb596badcc86aba68a7d2fa48fad9c,naverchzzk,,,,,,,,4458,디아블로 4: 증오의 군주,63.7,마비노기 모바일,31.5,패스 오브 엑자일 2,2.3,5,true,multi_game,,2026-06-15T12:46:55.113676
6b5aa172cf8e7ab39595742473ad944f,naverchzzk,,,,,,,,580,talk,40.4,이터널 리턴,16.1,리그 오브 레전드,11.4,8,false,single_game_or_non_game,,2026-06-15T12:46:55.282077
7100255e3e09a8f602ffabe876493c03,naverchzzk,,,,,,,,120,,0,,0,,0,0,unknown,no_category_data,,2026-06-15T12:46:55.442958
56b8e4decb3956e13d808871f11d7bc9,naverchzzk,,,,,,,,47,,0,,0,,0,0,unknown,no_category_data,,2026-06-15T12:46:58.214264
8127e133951bc00b044f51ffb5bcee1b,naverchzzk,,,,,,,,895,이스케이프 프롬 타르코프,57.3,메이플스토리 월드,15.5,서브노티카 2,10.4,8,true,multi_game,,2026-06-15T12:46:59.450498
4ea75a0d255c7b40f5cbb2a350ea01b8,naverchzzk,,,,,,,,2649,먹방/쿡방,43.3,talk,37.2,명일방주,9.1,8,false,single_game_or_non_game,,2026-06-15T12:47:00.115046
e5c66e0659d96a3883e1899d9234a994,naverchzzk,,,,,,,,293,,0,,0,,0,0,unknown,no_category_data,,2026-06-15T12:47:01.756593
b20fad17d33c93c5d458f3d7182df995,naverchzzk,,,,,,,,778,talk,84.6,더 울프 어몽 어스,9.1,성세천하: 여제의 탄생 Ⅱ,3.0,5,false,talk_primary,,2026-06-15T12:47:06.475540
24f5b5a031da2c173a8aaab088790194,naverchzzk,,,,,,,,609,붕괴: 스타레일,72.4,talk,15.5,세키로: 섀도우 다이 트와이스,12.1,3,false,single_game_or_non_game,,2026-06-15T12:47:20.650913
78ce8668fb6add25aa83f20a6da63196,naverchzzk,,,,,,,,102,,0,,0,,0,0,unknown,no_category_data,,2026-06-15T12:47:22.160446
3e382b890b7848a3508a979cb55dd02b,naverchzzk,,,,,,,,1099,로스트아크,46.0,붉은사막,22.3,마인크래프트,19.3,12,true,multi_game,,2026-06-15T12:47:22.854543
e5e29bda5e2a4a997d40d15c220ff248,naverchzzk,,,,,,,,1288,로스트아크,62.0,클레르 옵스퀴르: 33 원정대,17.2,마인크래프트,9.0,11,true,multi_game,,2026-06-15T12:47:24.130001
18bc1e0e5c4d7711ac95d74bb289c4e8,naverchzzk,,,,,,,,4240,음악/노래,72.0,오버워치,8.2,챈트 오브 세나르,5.9,14,false,single_game_or_non_game,,2026-06-15T12:47:24.212358
e5d7445c3fc6bbd1b412eb7db131d747,naverchzzk,,,,,,,,729,이터널 리턴,79.0,리그 오브 레전드,16.7,talk,4.3,3,true,multi_game,,2026-06-15T12:47:24.564486
aa13e8ba014dcaf68fd0649f9847cf7b,naverchzzk,,,,,,,,1974,마인크래프트,32.6,talk,31.9,코어 키퍼,6.6,13,false,single_game_or_non_game,,2026-06-15T12:47:25.125988
ee98ad95e30e39b15468134236fa584c,naverchzzk,,,,,,,,583,다키스트 던전,75.7,FC온라인,17.4,리그 오브 레전드,4.7,4,true,multi_game,,2026-06-15T12:47:25.161794
7285057b4924a101df5fdfbcdc81e086,naverchzzk,,,,,,,,226,로스트아크,94.0,바이오하자드 RE:4,2.8,리그 오브 레전드,1.7,4,false,single_game_dominant,,2026-06-15T12:47:25.192142
0ff4ddd90b52b4c426b6cf7fc9e1bf61,naverchzzk,,,,,,,,556,승리의 여신: 니케,79.8,talk,12.1,서브노티카 2,8.1,3,false,single_game_or_non_game,,2026-06-15T12:47:31.694400
42ff11ef04e22695a74ab3f81371c9ec,naverchzzk,,,,,,,,235,리그 오브 레전드,100.0,,0,,0,1,false,single_game_dominant,,2026-06-15T12:47:35.591725
cd042f4f03648d45dcc2fe5138db6f5b,naverchzzk,,,,,,,,594,그림/아트,34.1,이스케이프 프롬 타르코프,30.6,림월드,17.6,4,true,multi_game,,2026-06-15T12:47:37.384256
aebec4a0f13cc8a46795855e65083dc1,naverchzzk,,,,,,,,106,,0,,0,,0,0,unknown,no_category_data,,2026-06-15T12:47:40.257619
e99c0401e765541aa1a945d18d2d0511,naverchzzk,,,,,,,,213,,0,,0,,0,0,unknown,no_category_data,,2026-06-15T12:47:40.339258
047928aec418d47ff7e5610a6a84c7e0,naverchzzk,,,,,,,,536,오버워치,35.5,talk,27.9,아이온2,26.7,5,true,multi_game,,2026-06-15T12:47:40.987835
531a13d0f6e13972eb37775768d1410d,naverchzzk,,,,,,,,1864,마비노기 모바일,92.5,폴가이즈,3.2,오버워치,2.0,6,false,single_game_dominant,,2026-06-15T12:47:43.607980
3fe7d0f86a4a734d3281250fc538ea44,naverchzzk,,,,,,,,1244,마인크래프트,41.2,talk,24.6,음악/노래,16.6,9,true,multi_game,,2026-06-15T12:47:45.464231
b4404637ad1effb360c24f507ea9bd77,naverchzzk,,,,,,,,778,그림/아트,76.7,친구모아 아일랜드 두근두근 라이프,12.5,talk,5.2,7,false,single_game_or_non_game,,2026-06-15T12:47:46.103312
bd58b0186b7ca8e022e840d95d446cb1,naverchzzk,,,,,,,,478,바이오하자드 레퀴엠,64.2,프래그마타,10.2,바이오하자드 5 : 골드 에디션,6.3,8,false,single_game_or_non_game,,2026-06-15T12:47:49.891659
54898fb2e56f7cd2532c0e4e51149d65,naverchzzk,,,,,,,,366,그림/아트,66.5,talk,20.8,종합 게임,10.4,4,false,single_game_or_non_game,,2026-06-15T12:47:53.371990
ba0dae951e76ed3edf24d518b118cf18,naverchzzk,,,,,,,,416,디제이맥스 리스펙트 V,44.2,talk,15.6,아이작의 번제: 리버스,12.9,9,false,single_game_or_non_game,,2026-06-15T12:47:57.383391
ebb13dc1904034c76de0405d9f1afb4b,naverchzzk,,,,,,,,138,이터널 리턴,47.5,미나 더 할로워,12.2,서브노티카 2,9.0,15,false,single_game_or_non_game,,2026-06-15T12:47:58.073337
48dcf0e79210a72d94ae4a01f5d66edc,naverchzzk,,,,,,,,242,,0,,0,,0,0,unknown,no_category_data,,2026-06-15T12:47:59.864354
aa2714a5a33d67884eb95c616ad9e676,naverchzzk,,,,,,,,2282,리그 오브 레전드,77.6,talk,21.5,명조:워더링 웨이브,0.9,3,false,single_game_or_non_game,,2026-06-15T12:48:00.573952
d71398b0e125803b192820e9364e4a8e,naverchzzk,,,,,,,,344,코어 키퍼,42.0,작혼: 리치 마작,22.4,종합 게임,15.4,6,true,multi_game,,2026-06-15T12:48:01.012698
15dcc8fb81d1d706b12ad1b411770a69,naverchzzk,,,,,,,,1492,이터널 리턴,49.1,톰 클랜시의 레인보우 식스 시즈 X,33.1,에이펙스 레전드,13.0,6,true,multi_game,,2026-06-15T12:48:02.760929
4e0908da84e6d23c4b145d90a6a193ec,naverchzzk,,,,,,,,3540,talk,46.4,젤다의 전설 브레스 오브 더 와일드,11.8,성세천하: 여제의 탄생 Ⅱ,8.6,14,false,single_game_or_non_game,,2026-06-15T12:48:03.878725
92c5e8ed5e4f935931ee2cfa7e721251,naverchzzk,,,,,,,,2504,오버워치,51.2,발로란트,17.4,마인크래프트,7.7,14,true,multi_game,,2026-06-15T12:48:04.189196
9b7d8e27ab77f85763c0e9302b69c0db,naverchzzk,,,,,,,,500,이환,39.6,마비노기 모바일,35.5,오버워치,8.7,13,true,multi_game,,2026-06-15T12:48:06.164369
feff6e7ee5a02ec8954d03d63f9a4f19,naverchzzk,,,,,,,,319,,0,,0,,0,0,unknown,no_category_data,,2026-06-15T12:48:06.555349
3d74925cb9c9b0db1fd213da16db6289,naverchzzk,,,,,,,,948,마인크래프트,29.6,talk,24.3,음악/노래,9.1,15,false,single_game_or_non_game,,2026-06-15T12:48:09.390074
b1cf6446ac70ca913e6bf0120e899134,naverchzzk,,,,,,,,661,리그 오브 레전드,91.4,talk,8.6,,0,2,false,single_game_dominant,,2026-06-15T12:48:15.754446
49806ce0a3c914931bc1335d17aee77f,naverchzzk,,,,,,,,354,,0,,0,,0,0,unknown,no_category_data,,2026-06-15T12:48:16.009819
f5ed680d79cc5aa040d9070a64c034eb,naverchzzk,,,,,,,,1822,talk,52.7,오버워치,37.2,발로란트,10.1,3,false,talk_primary,,2026-06-15T12:48:19.836395
c0cbcd7be79c01f7c40481dddc8a7fec,naverchzzk,,,,,,,,983,,0,,0,,0,0,unknown,no_category_data,,2026-06-15T12:48:20.204862
da7287100d50eff67fab10875ffe6d77,naverchzzk,,,,,,,,497,마비노기 모바일,55.0,서브노티카 2,32.0,다크 팰즈: 더 퍼스트 플로어,4.1,6,true,multi_game,,2026-06-15T12:48:20.690129
7e0a6ca8c8ed9e61a62296d9d03c3878,naverchzzk,,,,,,,,289,talk,68.3,종합 게임,9.5,ALTF4,6.2,7,false,talk_primary,,2026-06-15T12:48:20.950800
1ad719a9085a811f8a35ae24c2e95640,naverchzzk,,,,,,,,832,talk,43.2,리그 오브 레전드,22.4,승리의 여신: 니케,16.3,7,true,multi_game,,2026-06-15T12:48:21.463440
0412ef0033fc1101403a770737fbc0de,naverchzzk,,,,,,,,1605,talk,25.8,월드 오브 워쉽,24.5,이스케이프 프롬 타르코프,14.7,13,false,single_game_or_non_game,,2026-06-15T12:48:22.123330
f199ce331a0e2869f1257ae70ea9241f,naverchzzk,,,,,,,,752,talk,96.6,종합 게임,1.5,음악/노래,1.5,5,false,talk_primary,,2026-06-15T12:48:23.637819
25420c72643e64eef2220ecc02ee99ba,naverchzzk,,,,,,,,347,,0,,0,,0,0,unknown,no_category_data,,2026-06-15T12:48:24.498674
ae48c5a50c9c71dccd892a6db313c1ab,naverchzzk,,,,,,,,897,Once Human,97.1,에이펙스 레전드,1.7,서브노티카 2,1.1,4,false,single_game_dominant,,2026-06-15T12:48:25.419128
fa2b34462d0f9d70c6510f8a2634a865,naverchzzk,,,,,,,,384,,0,,0,,0,0,unknown,no_category_data,,2026-06-15T12:48:28.885024
e434844b6a6c366be98dee2b59a67936,naverchzzk,,,,,,,,308,종합 게임,31.3,talk,26.7,음악/노래,18.4,7,true,gg_primary,,2026-06-15T12:48:38.148478
50bacb1d2526a460420689c252a06e8f,naverchzzk,,,,,,,,259,포르자 호라이즌 6,28.9,매지컬 프린세스,21.5,스텔라 블레이드,16.2,8,true,multi_game,,2026-06-15T12:48:39.703562
2a28502d426972980ab73fa6e3250924,naverchzzk,,,,,,,,521,,0,,0,,0,0,unknown,no_category_data,,2026-06-15T12:48:40.347227
df4eb2d62da0a45ef8b37b5948126fcb,naverchzzk,,,,,,,,2238,talk,68.8,스타듀 밸리,11.1,마인크래프트,6.0,6,false,talk_primary,,2026-06-15T12:48:41.370470
b28861d6fe1fed83fc6ec755c83238f0,naverchzzk,,,,,,,,111,고전 게임,63.7,유니콘 오버로드,19.1,용과 같이0 맹세의 장소 Director's Cut,17.2,3,true,multi_game,,2026-06-15T12:48:42.110874
b5c7e65148a90023dbb433bed40e3074,naverchzzk,,,,,,,,537,마인크래프트,92.3,PUBG: 배틀그라운드,7.7,,0,2,false,single_game_dominant,,2026-06-15T12:48:42.175866
925d2be5e75189f4956e4a301adcc20d,naverchzzk,,,,,,,,368,로스트아크,74.8,종합 게임,20.1,메이플스토리 월드,4.4,4,true,multi_game,,2026-06-15T12:48:42.574262
7a7726e1c6eb40c7ef2f215718f24a95,naverchzzk,,,,,,,,1032,talk,40.8,마인크래프트,27.3,에이펙스 레전드,13.6,9,false,single_game_or_non_game,,2026-06-15T12:48:42.813277
4aca983902fc5d8faf77fa8ab24ef8f4,naverchzzk,,,,,,,,883,슬레이 더 스파이어 2,18.4,P의 거짓,17.6,더 게임 오브 라이프 포 닌텐도 스위치,13.5,11,true,multi_game,,2026-06-15T12:48:43.693442
eb152ef44173f30044667f56ea4d9f11,naverchzzk,,,,,,,,542,철권 8,62.2,바이오하자드7 골드 에디션,10.3,종합 게임,10.1,7,false,single_game_or_non_game,,2026-06-15T12:48:48.470200
bd2d6e1429a8303ee9b1c0acd776f0f7,naverchzzk,,,,,,,,388,talk,58.5,종합 게임,8.0,비세라 클린업 디테일,4.5,21,false,talk_primary,,2026-06-15T12:48:50.976967
ed113386c05c134bdacaab3912fce23d,naverchzzk,,,,,,,,756,로스트아크,82.1,마인크래프트,6.6,바이오하자드 레퀴엠,3.2,9,false,single_game_dominant,,2026-06-15T12:48:54.051264
fcb82fe8c1643c57a241bae6186dec58,naverchzzk,,,,,,,,232,,0,,0,,0,0,unknown,no_category_data,,2026-06-15T12:48:54.631309
24d530f7bf73c744c35d73ec36c1f8b9,naverchzzk,,,,,,,,864,talk,94.4,마인크래프트,4.1,친구모아 아일랜드 두근두근 라이프,1.4,3,false,talk_primary,,2026-06-15T12:49:00.103015
1669d87d5cbad8890dbe8653d1dbae80,naverchzzk,,,,,,,,209,로스트아크,61.9,그림/아트,15.1,talk,13.2,4,false,single_game_or_non_game,,2026-06-15T12:49:01.915944
83b8d7f13291f6ad84c9a27e327553c6,naverchzzk,,,,,,,,404,마인크래프트,93.0,talk,7.0,,0,2,false,single_game_dominant,,2026-06-15T12:49:02.365301
a04c0da91309c8e7334b4ceab8dd0dc8,naverchzzk,,,,,,,,2021,트릭컬 리바이브,29.9,talk,27.0,로스트아크,16.8,8,true,multi_game,,2026-06-15T12:49:02.894344
de59aa8cca4cab79be467383a4d52b3f,naverchzzk,,,,,,,,608,몬스터 헌터 와일즈,30.0,전략적 팀 전투 : 우주의 신들,21.0,역전재판 123 나루호도 셀렉션,17.9,8,true,multi_game,,2026-06-15T12:49:03.290783
fa8e93259ad6e829070e54458bce1754,naverchzzk,,,,,,,,223,블루 아카이브,71.2,에이스 컴뱃 7: 스카이즈 언노운 디럭스 에디션,14.4,림버스 컴퍼니,6.3,7,false,single_game_or_non_game,,2026-06-15T12:49:04.527393
235450dbfb4401df3a1ab642c9f2f342,naverchzzk,,,,,,,,291,바이오하자드 빌리지,14.0,아웃라스트,11.8,더 다크 픽처스 앤솔로지: 하우스 오브 애쉬,11.4,16,false,single_game_or_non_game,,2026-06-15T12:49:07.459640
1c5b7b93a413fcc83151996b362cd1bb,naverchzzk,,,,,,,,2466,발헤임,50.0,몬스터 헌터 월드: 아이스본,23.8,크라임 씬 클리너,7.9,7,true,multi_game,,2026-06-15T12:49:08.473235
6013f03ec3977efc618464e2d83087f0,naverchzzk,,,,,,,,1646,소울프레임,29.5,종합 게임,24.2,007 퍼스트 라이트,7.1,29,true,multi_game,,2026-06-15T12:49:11.845069
8aa4965097f7f5ac6d542e9e30e80a6a,naverchzzk,,,,,,,,37,,0,,0,,0,0,unknown,no_category_data,,2026-06-15T12:49:18.538926
3332fdceabea1d9e229e1cd01c2d771b,naverchzzk,,,,,,,,168,마인크래프트,41.9,리그 오브 레전드,22.3,talk,21.8,7,true,multi_game,,2026-06-15T12:49:19.885191
cef3742c88826244484d79250f502313,naverchzzk,,,,,,,,1516,,0,,0,,0,0,unknown,no_category_data,,2026-06-15T12:49:21.058773
d751efe662cc98ac6a65d60b4963e7ae,naverchzzk,,,,,,,,275,이터널 리턴,85.9,종합 게임,4.8,다키스트 던전 2,4.8,7,false,single_game_dominant,,2026-06-15T12:49:21.300079
e790e14aeb8e2a57c3f89df70c7cd55d,naverchzzk,,,,,,,,1430,,0,,0,,0,0,unknown,no_category_data,,2026-06-15T12:49:22.323247
235ee09bac13e3e3a14a40cf56be09b7,naverchzzk,,,,,,,,853,PUBG: 배틀그라운드,68.0,talk,24.3,종합 게임,3.9,5,false,single_game_or_non_game,,2026-06-15T12:49:23.594543
e0daf1d2bffcab6f07fb2dd6b82fe0bf,naverchzzk,,,,,,,,538,백룸컴퍼니,22.5,아니마 : 성인들을 위한 잔혹동화,17.5,talk,15.0,7,true,multi_game,,2026-06-15T12:49:24.182192
b5b5fc08d3b296c309d52409ff9cf66d,naverchzzk,,,,,,,,439,사이퍼즈,75.0,이터널 리턴,10.1,마작일번가,6.6,6,false,single_game_or_non_game,,2026-06-15T12:49:24.515314
8818dabe7e7882dadb905813f326bc85,naverchzzk,,,,,,,,693,승리의 여신: 니케,44.1,talk,37.3,리그 오브 레전드,7.6,9,false,single_game_or_non_game,,2026-06-15T12:49:25.418478
8c10d0b3eca53a19d8396e276bed1e17,naverchzzk,,,,,,,,1692,talk,100.0,,0,,0,1,false,talk_primary,,2026-06-15T12:49:27.365776
4e8048d29f1fb81ce8099beec67f757d,naverchzzk,,,,,,,,1016,전략적 팀 전투 : 우주의 신들,52.5,talk,47.5,,0,2,false,single_game_or_non_game,,2026-06-15T12:49:27.818941
0edf94dac1144b9052a0a2770490b44c,naverchzzk,,,,,,,,114,종합 게임,90.6,고전 게임,9.4,,0,2,true,gg_primary,,2026-06-15T12:49:29.508178
0bf3a200d7f600b55ee117b76031602e,naverchzzk,,,,,,,,1262,,0,,0,,0,0,unknown,no_category_data,,2026-06-15T12:49:34.728630
fa47ade18b05182a5afa65229f9d5d28,naverchzzk,,,,,,,,136,talk,100.0,,0,,0,1,false,talk_primary,,2026-06-15T12:49:35.108096
8fe86d38b571aecc9a07df7eebea75f1,naverchzzk,,,,,,,,319,림버스 컴퍼니,100.0,talk,0.0,,0,2,false,single_game_dominant,,2026-06-15T12:49:38.544998
db2216cc7ea2ff781c704c38983760cb,naverchzzk,,,,,,,,402,,0,,0,,0,0,unknown,no_category_data,,2026-06-15T12:49:39.051062
c972dbb425ea7a925a048833d78b2ad0,naverchzzk,,,,,,,,64,,0,,0,,0,0,unknown,no_category_data,,2026-06-15T12:49:40.332135
bcd7fd5114674f145332205e338460eb,naverchzzk,,,,,,,,322,,0,,0,,0,0,unknown,no_category_data,,2026-06-15T12:49:41.040945
fe2db10cfcd1480aa9dde4ee8df07c73,naverchzzk,,,,,,,,1161,talk,29.6,리그 오브 레전드,28.5,포켓몬스터 소드 · 실드,18.0,10,true,multi_game,,2026-06-15T12:49:41.116674
a2f6c0badc2678ce5bae980436b07e77,naverchzzk,,,,,,,,693,PUBG: 배틀그라운드,62.5,리그 오브 레전드,17.7,슬레이 더 스파이어 2,4.1,12,true,multi_game,,2026-06-15T12:49:41.275227
502607f907214bf843acf36269d050f5,naverchzzk,,,,,,,,1137,전략적 팀 전투 : 우주의 신들,28.3,오버워치,19.8,PUBG: 배틀그라운드,10.9,11,true,multi_game,,2026-06-15T12:49:43.256407
f0c6576445b77ff2bc5dd9398473835e,naverchzzk,,,,,,,,186,,0,,0,,0,0,unknown,no_category_data,,2026-06-15T12:49:43.753627
6d9a9fa7beebb10687fe0bb111a9f911,naverchzzk,,,,,,,,319,talk,28.8,리그 오브 레전드,22.2,VR챗,19.4,11,true,multi_game,,2026-06-15T12:49:44.235191
5d03d31b04538990a1bc4e0a0f52b294,naverchzzk,,,,,,,,1670,톰 클랜시의 레인보우 식스 시즈 X,83.2,프랫폴,13.9,talk,2.9,3,false,single_game_dominant,,2026-06-15T12:49:47.520210
f9dd271948dafbee1318f9a70e8587fd,naverchzzk,,,,,,,,521,talk,29.3,파워워시 시뮬레이터,27.0,서브노티카 2,21.6,7,true,multi_game,,2026-06-15T12:49:49.620275
99af60ee773e5afd359b3975ed4194e0,naverchzzk,,,,,,,,365,,0,,0,,0,0,unknown,no_category_data,,2026-06-15T12:49:51.181426
59f8dc85cfc750bd41f935aa21fd2e52,naverchzzk,,,,,,,,2174,카트라이더,91.9,talk,8.1,,0,2,false,single_game_dominant,,2026-06-15T12:49:52.289618
2764dfb8319c5f74a64e467577ab8472,naverchzzk,,,,,,,,146,,0,,0,,0,0,unknown,no_category_data,,2026-06-15T12:49:59.048729
d7e47123e82c3ad97fa5c96c6f595d54,naverchzzk,,,,,,,,407,리그 오브 레전드,98.2,명조:워더링 웨이브,1.8,,0,2,false,single_game_dominant,,2026-06-15T12:50:00.319864
22d8826e1ca8d7c6ebece3f811e30c00,naverchzzk,,,,,,,,563,talk,42.1,이터널 리턴,14.5,서브노티카 2,10.6,11,false,single_game_or_non_game,,2026-06-15T12:50:02.475043
fdc0e45b50ccabb34133a97e8be1894b,naverchzzk,,,,,,,,639,이터널 리턴,100.0,,0,,0,1,false,single_game_dominant,,2026-06-15T12:50:03.092087
f1fc01c1cefae37942dd6d0896d9a266,naverchzzk,,,,,,,,415,림월드,89.5,헬다이버즈 2,4.5,Grand Theft Auto V,3.3,6,false,single_game_dominant,,2026-06-15T12:50:03.194305
96e7d05870f44fb8760ee20499a68500,naverchzzk,,,,,,,,381,림버스 컴퍼니,66.1,엘든 링,9.7,이환,9.3,7,false,single_game_or_non_game,,2026-06-15T12:50:05.956790
0c145b5cd0bf4fb51f6741ac1c66a205,naverchzzk,,,,,,,,340,마인크래프트,50.1,로스트아크,46.7,로블록스,2.2,5,true,multi_game,,2026-06-15T12:50:08.051940
210f9a8d59f11440ba54c495b89c6c4a,naverchzzk,,,,,,,,430,메이플스토리,44.2,PUBG: 배틀그라운드,12.6,팰월드,9.0,11,false,single_game_or_non_game,,2026-06-15T12:50:09.629099
41df5db86b23e35a3d2ac14dc578b8c8,naverchzzk,,,,,,,,904,벽람항로,100.0,,0,,0,1,false,single_game_dominant,,2026-06-15T12:50:11.323163
3c724f4c7d74dcbdd6b8804c356bb39a,naverchzzk,,,,,,,,128,종합 게임,86.9,PUBG: 배틀그라운드,10.7,마블 라이벌즈,1.2,4,true,gg_primary,,2026-06-15T12:50:18.667165
fd904f547aff8ca763c41fe57e10324a,naverchzzk,,,,,,,,696,로스트아크,66.3,두근두근타운,9.1,스타크래프트 : 리마스터,6.8,10,false,single_game_or_non_game,,2026-06-15T12:50:20.376408
fdeb753ce0a827fa7bda9300d5ae96ea,naverchzzk,,,,,,,,1222,talk,38.6,프로젝트 좀보이드,22.6,007 퍼스트 라이트,11.6,7,false,single_game_or_non_game,,2026-06-15T12:50:21.141275
84ac5728588bd6cbdb8aac6b53f35c07,naverchzzk,,,,,,,,286,나인 솔즈,21.0,Grand Theft Auto V,16.3,라이브러리안: 타이디 업 더 아케인 라이브러리!,12.2,12,true,multi_game,,2026-06-15T12:50:23.937745
b9a30811fc4ed51dfb9b50236cc5ef28,naverchzzk,,,,,,,,724,로스트아크,34.8,메이플스토리 월드,22.9,히어로즈 오브 더 스톰,15.9,8,true,multi_game,,2026-06-15T12:50:24.023420
fe885024d0e5897ce431390774735846,naverchzzk,,,,,,,,622,talk,90.4,크레이지 아케이드 비엔비,9.5,마비노기 모바일,0.2,3,false,talk_primary,,2026-06-15T12:50:24.979169
1527d9b704203bde9e02cddcb617a66e,naverchzzk,,,,,,,,795,,0,,0,,0,0,unknown,no_category_data,,2026-06-15T12:50:25.266361
1acac1ca4420da766e7734c723b37a41,naverchzzk,,,,,,,,1007,talk,26.7,ASMR,16.8,그레이브야드 키퍼,11.4,17,false,single_game_or_non_game,,2026-06-15T12:50:26.888440
a6a65c9b236f79c5a2494fa9e74a5d04,naverchzzk,,,,,,,,853,talk,21.4,이스케이프 더 백룸,11.0,붉은사막,10.4,13,false,single_game_or_non_game,,2026-06-15T12:50:29.144395
814f71fab319e4b88eb2d8c0aa0badd5,naverchzzk,,,,,,,,898,명조:워더링 웨이브,43.4,승리의 여신: 니케,34.7,talk,9.8,8,true,multi_game,,2026-06-15T12:50:40.650480
979a6c1f85f09bdfa9faf6ddd0647da1,naverchzzk,,,,,,,,1194,철권 8,89.3,메이플스토리 월드,6.4,다크 소울 3,2.7,6,false,single_game_dominant,,2026-06-15T12:50:41.601891
4821f1d1d8359bd740d8d73d7bc284f8,naverchzzk,,,,,,,,3439,음악/노래,31.0,이터널 리턴,26.1,talk,19.5,14,true,multi_game,,2026-06-15T12:50:45.111866
a388ae59fb88e3e1326bb2db52d4a3ee,naverchzzk,,,,,,,,2125,데이브 더 다이버,48.1,talk,21.7,프래그마타,19.3,5,true,multi_game,,2026-06-15T12:50:45.164138
a42d62f7018d775e506affefa5b96aab,naverchzzk,,,,,,,,370,워해머 40K: 다크타이드,68.8,talk,12.7,테이블탑 시뮬레이터,7.4,5,false,single_game_or_non_game,,2026-06-15T12:50:46.576118
7753ae8bcf4995cb752658919aee0e59,naverchzzk,,,,,,,,540,종합 게임,99.3,명조:워더링 웨이브,0.3,명일방주: 엔드필드,0.3,3,true,gg_primary,,2026-06-15T12:50:47.407836
97f38874d120afb635c0b0ca992da550,naverchzzk,,,,,,,,749,프로젝트 좀보이드,40.0,talk,37.8,성세천하: 여제의 탄생,12.3,4,false,single_game_or_non_game,,2026-06-15T12:50:50.203208
2d9c748b6f6eb56228ec7791594d33b4,naverchzzk,,,,,,,,444,마인크래프트,36.2,talk,35.8,이터널 리턴,18.5,6,true,multi_game,,2026-06-15T12:50:51.187552
a4947e52ad85f880bf3a30de0af7fa03,naverchzzk,,,,,,,,100,스트리트 파이터 6,46.8,명조:워더링 웨이브,38.9,제로 ~붉은 나비~ REMAKE,6.3,8,true,multi_game,,2026-06-15T12:50:56.185980
6fd98626d398c3acd7903389e6821468,naverchzzk,,,,,,,,1466,talk,37.5,서브노티카 2,33.9,스타듀 밸리,19.4,5,true,multi_game,,2026-06-15T12:50:56.641557
e1364f7852c38fd8a49f7ddc43e2bdf3,naverchzzk,,,,,,,,255,,0,,0,,0,0,unknown,no_category_data,,2026-06-15T12:51:01.975436
900d761fd519764075fd7ee8195a80b1,naverchzzk,,,,,,,,2728,talk,38.8,이터널 리턴,21.5,마인크래프트,12.1,16,false,single_game_or_non_game,,2026-06-15T12:51:05.497792
02013c555d2121f5475200c7c4733570,naverchzzk,,,,,,,,612,친구모아 아일랜드 두근두근 라이프,35.8,성세천하: 여제의 탄생 Ⅱ,27.2,라이브러리안: 타이디 업 더 아케인 라이브러리!,25.8,4,true,multi_game,,2026-06-15T12:51:05.789646
217f0c87e94b23211c0f0db9eb220213,naverchzzk,,,,,,,,895,,0,,0,,0,0,unknown,no_category_data,,2026-06-15T12:51:06.560061
5dd33d192799b2292333c77eadca08ea,naverchzzk,,,,,,,,1644,리그 오브 레전드,45.5,PUBG: 배틀그라운드,19.7,talk,9.8,13,true,multi_game,,2026-06-15T12:51:07.703343
cf39121b1abf9a64d728db629330e781,naverchzzk,,,,,,,,727,발로란트,54.3,talk,21.2,리그 오브 레전드,10.0,7,false,single_game_or_non_game,,2026-06-15T12:51:07.724432
08a6aa2c145fa1ef30c95bca45e2d013,naverchzzk,,,,,,,,330,리그 오브 레전드,62.7,스타크래프트 II : 공허의 유산,26.1,메이플스토리,8.1,4,true,multi_game,,2026-06-15T12:51:08.368553
015f55f5e42700395e4944cf70812e5a,naverchzzk,,,,,,,,249,그림/아트,66.7,세븐 데이즈 투 다이,33.3,,0,2,false,single_game_or_non_game,,2026-06-15T12:51:11.022303
c6f8727281dd0838e4ca1b1977342376,naverchzzk,,,,,,,,592,로스트아크,90.7,이터널 리턴,3.9,PUBG: 배틀그라운드,2.4,5,false,single_game_dominant,,2026-06-15T12:51:11.415064
09849ec517134f7c6c7ac749c82213e1,naverchzzk,,,,,,,,867,디아블로 4: 증오의 군주,47.2,리그 오브 레전드,15.7,명일방주: 엔드필드,11.5,7,true,multi_game,,2026-06-15T12:51:15.988635
1f9a2b2742f28d0a9dc89ab6f130224d,naverchzzk,,,,,,,,58,,0,,0,,0,0,unknown,no_category_data,,2026-06-15T12:51:20.464066
3a51450db11744d2b94d55e188dad4fe,naverchzzk,,,,,,,,767,몬스터 헌터 와일즈,62.5,붉은사막,18.5,talk,10.6,5,true,multi_game,,2026-06-15T12:51:22.644399
e7f20711e1d5220253c671a80a3375ba,naverchzzk,,,,,,,,90,,0,,0,,0,0,unknown,no_category_data,,2026-06-15T12:51:26.835876
ceedb660dc9f58f1d5eae4c7f087fbb1,naverchzzk,,,,,,,,613,talk,65.0,PUBG: 배틀그라운드,20.5,폴가이즈,9.1,4,false,talk_primary,,2026-06-15T12:51:26.955199
b84ac4ca8070cf45c263f9fbdcb926d1,naverchzzk,,,,,,,,1066,음악/노래,52.9,talk,28.6,종합 게임,4.8,8,false,single_game_or_non_game,,2026-06-15T12:51:28.531616
20dc67a827b1341f49ad6f5d889c7804,naverchzzk,,,,,,,,381,로스트아크,85.2,오버워치,8.1,링 피트 어드벤처,2.0,6,false,single_game_dominant,,2026-06-15T12:51:30.006734
f0a70e2b08b7e7828bc9b0e294419c75,naverchzzk,,,,,,,,613,패스 오브 엑자일 2,47.7,히어로 시즈,39.0,발더스 게이트 3,8.8,5,true,multi_game,,2026-06-15T12:51:30.597634
d73c5ff6b1c5a37910854e0d34fea82b,naverchzzk,,,,,,,,462,이터널 리턴,83.4,리그 오브 레전드,5.3,서브노티카 2,4.9,6,false,single_game_dominant,,2026-06-15T12:51:31.870580
abd48ec1cce16c35574f5fd3a3af7577,naverchzzk,,,,,,,,334,talk,23.2,이환,21.2,활협전,16.9,15,true,multi_game,,2026-06-15T12:51:33.807587
4fa22bdd5b624c11fd70295437228828,naverchzzk,,,,,,,,879,talk,61.4,성세천하: 여제의 탄생 Ⅱ,13.1,종합 게임,6.5,10,false,talk_primary,,2026-06-15T12:51:43.336970
d8f2df24d9d19e1c0b67545b4032c47d,naverchzzk,,,,,,,,645,talk,67.6,테라테크 리전,9.0,스크릿치 스크래치,7.1,6,false,talk_primary,,2026-06-15T12:51:47.326674
24e3fd60634d14b853aabebc123e24f6,naverchzzk,,,,,,,,214,종합 게임,90.9,talk,9.1,,0,2,true,gg_primary,,2026-06-15T12:51:48.623358
ad7a449061f71f48284c6410fcbd8749,naverchzzk,,,,,,,,576,톰 클랜시의 더 디비전,24.7,몬스터헌터 스토리즈 3 엇갈린 운명,19.3,talk,14.5,9,true,multi_game,,2026-06-15T12:51:51.750570
7edc7996ccdd604693e7aa531142ebe4,naverchzzk,,,,,,,,364,종합 게임,52.4,PUBG: 배틀그라운드,23.7,talk,11.2,18,true,gg_primary,,2026-06-15T12:51:52.872375
ebc0a9dfd7f913e7479184335845dba5,naverchzzk,,,,,,,,133,디아블로 II: 레저렉션,92.8,종합 게임,3.6,클레르 옵스퀴르: 33 원정대,2.9,4,false,single_game_dominant,,2026-06-15T12:51:54.440662
2b981938a97e5ec827cb66cfe5208759,naverchzzk,,,,,,,,787,마비노기,75.5,블랙 소울즈 II,7.4,블랙 소울즈,3.8,11,false,single_game_or_non_game,,2026-06-15T12:51:56.516364
362c69914f15e385462f4d964b3ba1be,naverchzzk,,,,,,,,656,워크래프트 3: 리포지드,25.4,talk,22.5,메이플스토리 월드,17.9,10,true,multi_game,,2026-06-15T12:51:56.755498
eb4326c47f2202544c5793e2f3886e04,naverchzzk,,,,,,,,666,메이플스토리,89.3,마인크래프트,3.5,메이플스토리 월드,3.4,6,false,single_game_dominant,,2026-06-15T12:51:58.207688
bf300d4bebbc19e757980e0e5d1cbf2f,naverchzzk,,,,,,,,162,디아블로 4: 증오의 군주,89.1,슬레이 더 스파이어 2,9.9,디아블로 4,1.0,3,false,single_game_dominant,,2026-06-15T12:52:01.144924
0527eae7d1ed9b683817fd160d160a93,naverchzzk,,,,,,,,204,종합 게임,39.7,talk,19.8,전략적 팀 전투 : 우주의 신들,19.4,6,true,gg_primary,,2026-06-15T12:52:01.780410
518b7d3c9f8615eebb52297c879b1e53,naverchzzk,,,,,,,,123,그랑블루 판타지: 리링크,65.5,이환,21.7,종합 게임,9.2,5,true,multi_game,,2026-06-15T12:52:01.964504
dbb6bee26b0f5bdb8574c4a03a48d075,naverchzzk,,,,,,,,331,,0,,0,,0,0,unknown,no_category_data,,2026-06-15T12:52:03.844915
bfbce84dd9a798094a6e41c9ee201796,naverchzzk,,,,,,,,902,음악/노래,100.0,,0,,0,1,false,single_game_dominant,,2026-06-15T12:52:05.317131
44d985ddad9d44bc8bc5e9113d446317,naverchzzk,,,,,,,,893,이터널 리턴,98.8,리그 오브 레전드,0.7,종합 게임,0.5,4,false,single_game_dominant,,2026-06-15T12:52:05.995051
1fd75c77d25219c60fb810c3e2f7eca0,naverchzzk,,,,,,,,366,,0,,0,,0,0,unknown,no_category_data,,2026-06-15T12:52:06.535486
88f022aacc3631d3646582fb1b1a6e23,naverchzzk,,,,,,,,1494,,0,,0,,0,0,unknown,no_category_data,,2026-06-15T12:52:06.744286
8a13b48bf962d6266f646e584a4ee466,naverchzzk,,,,,,,,2943,,0,,0,,0,0,unknown,no_category_data,,2026-06-15T12:52:06.869780
909b318d88632d2bd27b6f6e725e1c0e,naverchzzk,,,,,,,,252,,0,,0,,0,0,unknown,no_category_data,,2026-06-15T12:52:09.270433
ccf42816a07ed3f24fb27d0e6d41425d,naverchzzk,,,,,,,,125,,0,,0,,0,0,unknown,no_category_data,,2026-06-15T12:52:10.113460
61f03ac21d64eeef51ca4497596574d4,naverchzzk,,,,,,,,542,,0,,0,,0,0,unknown,no_category_data,,2026-06-15T12:52:11.704422
8c074e72c043e4a15aaaa0deb318cf55,naverchzzk,,,,,,,,1125,리그 오브 레전드,30.5,talk,22.7,더 위쳐 3: 와일드 헌트,19.8,14,true,multi_game,,2026-06-15T12:52:11.978007
c10ce15d86dc6bf6c8b29392d4b7cf7b,naverchzzk,,,,,,,,2762,오버워치,53.3,리그 오브 레전드,22.9,talk,15.8,4,true,multi_game,,2026-06-15T12:52:21.265688
21cd6d26957fc6287111813a576d0996,naverchzzk,,,,,,,,348,리그 오브 레전드,100.0,,0,,0,1,false,single_game_dominant,,2026-06-15T12:52:21.683609
b39d90f6cd828bdb79ce60d9617bf731,naverchzzk,,,,,,,,202,리그 오브 레전드,100.0,,0,,0,1,false,single_game_dominant,,2026-06-15T12:52:23.516426
9f43952bbf5b455e29ff50f5bce43b54,naverchzzk,,,,,,,,763,,0,,0,,0,0,unknown,no_category_data,,2026-06-15T12:52:24.263303
375c23aef993b26218562a2a38e91312,naverchzzk,,,,,,,,1008,파이널판타지14,69.5,talk,12.5,승리의 여신: 니케,7.7,8,false,single_game_or_non_game,,2026-06-15T12:52:24.501527
35bdd7b94f04cbbe1174d7a1c06d0302,naverchzzk,,,,,,,,48,,0,,0,,0,0,unknown,no_category_data,,2026-06-15T12:52:24.732026
3bd0ebe04d173a7f5abfabbe793c1fbf,naverchzzk,,,,,,,,1424,그림/아트,51.9,메이플스토리 월드,26.1,마인크래프트,10.0,10,false,single_game_or_non_game,,2026-06-15T12:52:24.816806
12f8a4f6fd4e318a18ac9ac92bde7153,naverchzzk,,,,,,,,1682,종합 게임,51.3,마인크래프트,22.3,VR챗,20.9,6,true,gg_primary,,2026-06-15T12:52:24.958257
332287ba7e39978bd83c125db09cf600,naverchzzk,,,,,,,,1086,talk,28.0,마인크래프트,27.5,PUBG: 배틀그라운드,17.8,11,true,multi_game,,2026-06-15T12:52:25.378204
ca0fc273b53efaedc58980ff27c7527a,naverchzzk,,,,,,,,374,talk,36.3,Grand Theft Auto V,13.8,레이튼 교수와 이상한 마을 HD,12.0,12,false,single_game_or_non_game,,2026-06-15T12:52:29.795972
3b511b986d32f1821aca90b10eb15a0b,naverchzzk,,,,,,,,984,talk,53.3,포켓몬 포코피아,13.5,엘든 링,8.4,9,false,talk_primary,,2026-06-15T12:52:31.489041
1c941ffa367bed4a640f00194fdee26e,naverchzzk,,,,,,,,496,,0,,0,,0,0,unknown,no_category_data,,2026-06-15T12:52:41.670625
a60a100f92b18c63eb7d238aec8d29a0,naverchzzk,,,,,,,,1326,로스트아크,45.1,이터널 리턴,33.7,talk,13.8,8,true,multi_game,,2026-06-15T12:52:44.600605
2128a867c65d462c14b00999d3f7ddfc,naverchzzk,,,,,,,,1692,두근두근타운,27.4,서브노티카 2,23.7,테트리스,18.4,8,true,multi_game,,2026-06-15T12:52:47.911218
f3e05c4c8d90ae77db629fa2e12ced40,naverchzzk,,,,,,,,702,에코,23.5,스톤 샤드,21.9,발로란트,13.3,11,true,multi_game,,2026-06-15T12:52:48.564290
06a49a5d30180ebdde03d03049495d42,naverchzzk,,,,,,,,423,메이플스토리 월드,96.7,아이온2,1.5,종합 게임,1.3,4,false,single_game_dominant,,2026-06-15T12:52:49.690055
b134c6981709fdb7c9e8c52f42c48d4b,naverchzzk,,,,,,,,2782,이터널 리턴,44.4,talk,22.9,리그 오브 레전드,13.2,10,false,single_game_or_non_game,,2026-06-15T12:52:49.695828
b00048724556bf2d9cea583e7725a571,naverchzzk,,,,,,,,867,데드 바이 데이라이트,63.9,마비노기 모바일,15.6,히어로즈 오브 더 스톰,8.3,8,true,multi_game,,2026-06-15T12:52:49.728701
044648d8ae117ad569811e7ff8bff4b5,naverchzzk,,,,,,,,326,작혼: 리치 마작,35.2,종합 게임,21.4,명일방주,19.9,9,true,multi_game,,2026-06-15T12:52:50.640609
2229be25fd4122083a8f93daf2a55d26,naverchzzk,,,,,,,,3711,talk,43.1,마인크래프트,19.4,이환,11.9,11,false,single_game_or_non_game,,2026-06-15T12:52:50.820936
e121e6e75270c8fa821678e5c226c095,naverchzzk,,,,,,,,753,talk,100.0,,0,,0,1,false,talk_primary,,2026-06-15T12:52:51.087989
0b1ded9dd768c10f00c90edfbb84f772,naverchzzk,,,,,,,,1586,그림/아트,60.7,용과 같이 7: 빛과 어둠의 행방,22.8,사일런트 힐 f,8.8,7,false,single_game_or_non_game,,2026-06-15T12:52:53.322049
fce9e6da0553ce747fd77aa7c965654e,naverchzzk,,,,,,,,265,,0,,0,,0,0,unknown,no_category_data,,2026-06-15T12:52:58.114752
c80e6af5e863a54f8d489f5800fa1298,naverchzzk,,,,,,,,450,talk,29.6,발로란트,21.5,종합 게임,20.0,6,true,multi_game,,2026-06-15T12:53:02.424074
c22e0a99ee43bc2642755bf4d38df2b9,naverchzzk,,,,,,,,1519,,0,,0,,0,0,unknown,no_category_data,,2026-06-15T12:53:05.051524
3e65f254641dcf4458c56894b97abd24,naverchzzk,,,,,,,,849,,0,,0,,0,0,unknown,no_category_data,,2026-06-15T12:53:06.519516
b5ceecf6b4ac4002b70d61f9d6cbd0e0,naverchzzk,,,,,,,,649,리그 오브 레전드,62.7,talk,16.7,서브노티카 2,4.8,20,false,single_game_or_non_game,,2026-06-15T12:53:10.284983
bf1d3ff76427ffaeda3fc11f064fd301,naverchzzk,,,,,,,,89,포르자 호라이즌 6,61.7,슈퍼 스매시브라더스 얼티밋,21.6,미나 더 할로워,8.0,6,true,multi_game,,2026-06-15T12:53:10.869034
44424fa93fae1f5b03a0479cac94f39c,naverchzzk,,,,,,,,6006,이터널 리턴,99.4,마비노기 모바일,0.5,talk,0.1,3,false,single_game_dominant,,2026-06-15T12:53:10.945946
9d37449ef7d1f404404941248f4e09e5,naverchzzk,,,,,,,,361,이환,40.6,talk,14.2,포르자 호라이즌 6,14.0,9,false,single_game_or_non_game,,2026-06-15T12:53:11.015498
5ebc36275f94b1342ef77e8ca5302d87,naverchzzk,,,,,,,,6376,talk,79.8,리그 오브 레전드,20.2,,0,2,false,talk_primary,,2026-06-15T12:53:11.974128
8c18744367ee2302fbed6c387b16d345,naverchzzk,,,,,,,,447,아이온2,47.5,서브노티카 2,21.9,종합 게임,15.8,6,true,multi_game,,2026-06-15T12:53:14.501541
d20f164fe5946abe0bce2e5a43052923,naverchzzk,,,,,,,,3929,음악/노래,43.6,talk,27.2,포켓로그,19.7,8,true,multi_game,,2026-06-15T12:53:15.331392
b6679b6aeba888a972cdd0ac96f7f26f,naverchzzk,,,,,,,,167,패스 오브 엑자일 2,47.7,스컬: 더 히어로 슬레이어,23.3,전략적 팀 전투 : 우주의 신들,18.9,8,true,multi_game,,2026-06-15T12:53:16.398921
1fc8f7b8e8718dcb764de34745711f36,naverchzzk,,,,,,,,1875,사이퍼즈,40.6,슬레이 더 스파이어 2,17.7,talk,12.7,15,true,multi_game,,2026-06-15T12:53:21.055431
d34133e63dfe780344b94d821d8c5eeb,naverchzzk,,,,,,,,348,talk,100.0,,0,,0,1,false,talk_primary,,2026-06-15T12:53:21.297275
64ad64183fdae6da0310fc601b310cae,naverchzzk,,,,,,,,434,포켓몬 챔피언스,100.0,,0,,0,1,false,single_game_dominant,,2026-06-15T12:53:24.742062
a28f743c0ddfdb3d5dd850cb9128184f,naverchzzk,,,,,,,,1535,,0,,0,,0,0,unknown,no_category_data,,2026-06-15T12:53:27.398337
1913a238cf738ebabb24d42a2a187774,naverchzzk,,,,,,,,188,메이플스토리 월드,41.5,프리즌 이스케이프 시뮬레이터: 디그 아웃,14.8,발헤임,14.0,13,false,single_game_or_non_game,,2026-06-15T12:53:27.416595
64ae7501776d6706ef8cdac3fa0c0a2b,naverchzzk,,,,,,,,143,리그 오브 레전드,78.7,슬레이 더 스파이어 2,13.0,데드 스페이스,2.7,9,false,single_game_or_non_game,,2026-06-15T12:53:27.956475
91c69376be8ad25bdfa81ef8cc73ccb2,naverchzzk,,,,,,,,1504,오버워치,74.4,디제이맥스 리스펙트 V,7.0,호지,5.8,9,false,single_game_or_non_game,,2026-06-15T12:53:28.101991
61fbae42dbc080fd4c1b753b9c355c02,naverchzzk,,,,,,,,103,고전 게임,75.2,천하제일상거상,10.4,FC온라인,4.8,6,false,single_game_or_non_game,,2026-06-15T12:53:31.830541
cdd562df448ced4b2df6ab0df6faac65,naverchzzk,,,,,,,,2391,발로란트,65.4,talk,12.0,PUBG: 배틀그라운드,8.1,10,false,single_game_or_non_game,,2026-06-15T12:53:32.362742
88a3cc93da8b998e0958811fcd509b77,naverchzzk,,,,,,,,576,talk,46.9,그림/아트,41.2,매지컬 프린세스,4.5,5,false,single_game_or_non_game,,2026-06-15T12:53:33.084618
8b63442f9a542f34c3b6bd4e058c1596,naverchzzk,,,,,,,,688,,0,,0,,0,0,unknown,no_category_data,,2026-06-15T12:53:33.565807
e735731ec82294bbe584701cd617bcfb,naverchzzk,,,,,,,,630,talk,78.6,종합 게임,11.9,갬블 위드 유어 프렌즈,6.7,4,false,talk_primary,,2026-06-15T12:53:33.574285
ade4785c093a5afc3d6c25bc5ae5bbc0,naverchzzk,,,,,,,,263,,0,,0,,0,0,unknown,no_category_data,,2026-06-15T12:53:37.653507
ef08b124e11f15aefb5571f3e4d70bac,naverchzzk,,,,,,,,136,마비노기 모바일,57.3,메이플스토리 월드,35.1,종합 게임,5.3,5,true,multi_game,,2026-06-15T12:53:41.521014
b3a37808768b364fbcf5a5a42421124a,naverchzzk,,,,,,,,320,오버워치,28.7,종합 게임,16.2,이스케이프 더 백룸,7.1,24,true,multi_game,,2026-06-15T12:53:44.520686
498171cef4c29e76b39c27a197be03f7,naverchzzk,,,,,,,,230,리그 오브 레전드,36.1,메이플스토리,32.1,talk,18.7,5,true,multi_game,,2026-06-15T12:53:44.790957
638ba1529256d2697530413d652646ba,naverchzzk,,,,,,,,536,talk,64.0,폴가이즈,12.7,스크릿치 스크래치,10.0,9,false,talk_primary,,2026-06-15T12:53:47.058575
8ee6eea6820744d5071bae5d216fbac5,naverchzzk,,,,,,,,368,종합 게임,50.0,talk,50.0,,0,2,true,gg_primary,,2026-06-15T12:53:47.662807
7134a59094ebd365d0294af36cbd3551,naverchzzk,,,,,,,,226,페이트/스테이 나이트 리마스터드,57.4,엘든 링,21.1,talk,18.0,5,true,multi_game,,2026-06-15T12:53:49.579476
be0a268009c4776929fbfd11ef6e9ffc,naverchzzk,,,,,,,,1738,성세천하: 여제의 탄생 Ⅱ,37.3,talk,26.2,야구,15.6,6,true,multi_game,,2026-06-15T12:53:49.603539
c588fbdde1bcccbbf3d8eece06656dd1,naverchzzk,,,,,,,,536,,0,,0,,0,0,unknown,no_category_data,,2026-06-15T12:53:49.619839
323970787564737af69cdff5c0dfdba3,naverchzzk,,,,,,,,264,talk,61.3,프래그마타,15.8,슈타인즈 게이트 엘리트,8.5,6,false,talk_primary,,2026-06-15T12:53:50.129367
3dedff83175021126d2337074e153903,naverchzzk,,,,,,,,477,이터널 리턴,66.5,명조:워더링 웨이브,16.9,talk,11.4,6,true,multi_game,,2026-06-15T12:53:51.956635
5ea6e27ce25ffc1d3a9252e7b655848f,naverchzzk,,,,,,,,747,마인크래프트,56.9,그레이브야드 키퍼,36.6,룬 다이스,6.5,4,true,multi_game,,2026-06-15T12:54:00.127072
bbbcc4a89ad406826a1d0e4a74ad19cd,naverchzzk,,,,,,,,2095,talk,28.3,ASMR,22.3,시드 마이어의 문명 VI,10.7,12,false,single_game_or_non_game,,2026-06-15T12:54:01.843693
9aa58d63409391c69b52971a545dcb9f,naverchzzk,,,,,,,,542,,0,,0,,0,0,unknown,no_category_data,,2026-06-15T12:54:02.984103
9e3b362a84690110b5a51737f386a9b0,naverchzzk,,,,,,,,52,,0,,0,,0,0,unknown,no_category_data,,2026-06-15T12:54:05.525231
249cc711845778f80c433b6e0aed4cd9,naverchzzk,,,,,,,,263,,0,,0,,0,0,unknown,no_category_data,,2026-06-15T12:54:06.145328
85e3d9a6e1c6fa036fa9f73251ac4f33,naverchzzk,,,,,,,,679,,0,,0,,0,0,unknown,no_category_data,,2026-06-15T12:54:07.537709
34a7f6966837b8942a87661ddf18ba69,naverchzzk,,,,,,,,640,PUBG: 배틀그라운드,47.5,리그 오브 레전드,38.2,마인크래프트,13.8,4,true,multi_game,,2026-06-15T12:54:08.629911
f9efec5bd77dd0ea0a9c307057038348,naverchzzk,,,,,,,,2329,메이플스토리,84.9,PUBG: 배틀그라운드,9.3,리그 오브 레전드,5.9,3,false,single_game_dominant,,2026-06-15T12:54:11.726601
3d45cc1453a63543aff5a437293dfdac,naverchzzk,,,,,,,,238,VR챗,41.9,talk,17.9,종합 게임,16.8,7,true,multi_game,,2026-06-15T12:54:11.845478
6cc73acc2198d453b02bbcdc5c466bb5,naverchzzk,,,,,,,,174,,0,,0,,0,0,unknown,no_category_data,,2026-06-15T12:54:17.315255
1e4d7f710394ad05310f6439fa9d25e1,naverchzzk,,,,,,,,1487,PUBG: 배틀그라운드,74.9,이스케이프 프롬 타르코프,19.4,talk,5.6,3,true,multi_game,,2026-06-15T12:54:21.208843
b60167c1c2fe92479705996f385e7e2a,naverchzzk,,,,,,,,1090,패스 오브 엑자일 2,53.1,디아블로 4: 증오의 군주,40.2,세피리아,6.6,4,true,multi_game,,2026-06-15T12:54:21.464379
41b50f6f27d8a7f5ad7f549c65c7c6c3,naverchzzk,,,,,,,,143,,0,,0,,0,0,unknown,no_category_data,,2026-06-15T12:54:22.730398
6d8278bd00414584fda1381428133c25,naverchzzk,,,,,,,,2416,오버워치,100.0,,0,,0,1,false,single_game_dominant,,2026-06-15T12:54:24.726300
fb2d6d9dcf892d06999102cc2fab670a,naverchzzk,,,,,,,,855,talk,47.1,종합 게임,26.3,마인크래프트,17.2,5,true,multi_game,,2026-06-15T12:54:24.875993
5a008118eedc49ef29285fa6553659ca,naverchzzk,,,,,,,,575,리그 오브 레전드,68.7,피크,17.7,talk,13.6,3,true,multi_game,,2026-06-15T12:54:25.020354
354ddc28b9cd1d3c89be394036e5b007,naverchzzk,,,,,,,,149,,0,,0,,0,0,unknown,no_category_data,,2026-06-15T12:54:25.173880
15a8e6667f8262344871fa0f8c09b1d9,naverchzzk,,,,,,,,52,블루 아카이브,88.5,종합 게임,11.5,,0,2,false,single_game_dominant,,2026-06-15T12:54:25.248548
3ebd0484d59ff1c50f44f058d6f3e115,naverchzzk,,,,,,,,915,이스케이프 프롬 타르코프,97.7,데이즈,2.3,,0,2,false,single_game_dominant,,2026-06-15T12:54:26.762416
ae5ce5ef0f4bbfd51aa1f5f0fc9be034,naverchzzk,,,,,,,,652,PUBG: 배틀그라운드,100.0,,0,,0,1,false,single_game_dominant,,2026-06-15T12:54:30.115071
60c251102117ebc55f5eb1f2e429941d,naverchzzk,,,,,,,,215,,0,,0,,0,0,unknown,no_category_data,,2026-06-15T12:54:30.834083
e39869fe9e2ee24fc642123c7b926e95,naverchzzk,,,,,,,,424,talk,26.5,마인크래프트,18.1,테일즈런너,15.2,11,true,multi_game,,2026-06-15T12:54:31.049509
5851f4952ab5e5f63e1e93904f549a22,naverchzzk,,,,,,,,60,데드 바이 데이라이트,100.0,,0,,0,1,false,single_game_dominant,,2026-06-15T12:54:38.554779
9e0fd4531fce350fcf8703d973bb6f51,naverchzzk,,,,,,,,69,,0,,0,,0,0,unknown,no_category_data,,2026-06-15T12:54:40.359615
c4d50acc3b43930a0d371197cf5e50f9,naverchzzk,,,,,,,,367,마인크래프트,41.7,테일즈런너,28.6,talk,19.2,9,true,multi_game,,2026-06-15T12:54:41.880062
024b26f3b7fd033d3b3cd0d61deb28b0,naverchzzk,,,,,,,,1724,talk,78.5,커피 토크,12.8,커피 토크 도쿄,7.8,4,false,talk_primary,,2026-06-15T12:54:42.519190
be7db546b3de12f3e1658a68f4949251,naverchzzk,,,,,,,,560,talk,42.4,스타듀 밸리,33.0,견습 기사 모험기,10.1,9,false,single_game_or_non_game,,2026-06-15T12:54:42.609587
9209e9c94d0139137be4b36608b44f0e,naverchzzk,,,,,,,,160,종합 게임,44.9,talk,39.3,오버워치,12.4,4,true,gg_primary,,2026-06-15T12:54:42.877382
dadb0a61ec6a6e6eee09613fc3b350c7,naverchzzk,,,,,,,,828,림월드,59.9,그림/아트,21.9,연운,12.6,4,false,single_game_or_non_game,,2026-06-15T12:54:43.313236
46bfe49967fcd673e6ea5c97f7f34f66,naverchzzk,,,,,,,,239,PUBG: 배틀그라운드,43.2,고전 게임,32.6,더 킹 오브 파이터즈 '98,9.3,5,true,multi_game,,2026-06-15T12:54:45.233255
8e2d92e8009eda008ef512b08b13f848,naverchzzk,,,,,,,,390,패스 오브 엑자일 2,55.9,Once Human,37.2,서브노티카 2,5.4,4,true,multi_game,,2026-06-15T12:54:46.883845
d9acc0eb9ccb54c435e58065bf0f8277,naverchzzk,,,,,,,,401,마비노기 모바일,65.9,이환,23.5,코어 키퍼,2.8,10,true,multi_game,,2026-06-15T12:54:55.813170
f1d964eb26c50dada481cef1947d077d,naverchzzk,,,,,,,,21,,0,,0,,0,0,unknown,no_category_data,,2026-06-15T12:54:57.122604
98fc635f2240626f5936c1c76d80e28f,naverchzzk,,,,,,,,250,,0,,0,,0,0,unknown,no_category_data,,2026-06-15T12:54:57.566238
77cef0f50eb9f7b30eb9614c205e374e,naverchzzk,,,,,,,,50,,0,,0,,0,0,unknown,no_category_data,,2026-06-15T12:54:58.394746
a923277c369dff5523a98fd5aa55ffaf,naverchzzk,,,,,,,,211,talk,78.8,종합 게임,21.2,그린 헬,0.0,3,false,talk_primary,,2026-06-15T12:54:58.914951
8093e1642d5f6087c11f74e755791bd1,naverchzzk,,,,,,,,426,,0,,0,,0,0,unknown,no_category_data,,2026-06-15T12:55:00.083432
5b7722a1178c90224a4061dc4e037785,naverchzzk,,,,,,,,119,이터널 리턴,43.1,포르자 호라이즌 6,18.2,팀파이트 매니저 2,16.7,12,true,multi_game,,2026-06-15T12:55:00.185397
52853e8b8fce81e95754fcee74d24490,naverchzzk,,,,,,,,829,talk,66.1,종합 게임,10.6,성세천하: 여제의 탄생 Ⅱ,8.8,8,false,talk_primary,,2026-06-15T12:55:00.335025
4968dceee1f3ebea6d4702821010f092,naverchzzk,,,,,,,,420,PUBG: 배틀그라운드,61.3,종합 게임,15.7,talk,12.7,8,true,multi_game,,2026-06-15T12:55:00.616045
a1a148a62040fa35e609eb9c4e9c5804,naverchzzk,,,,,,,,825,talk,85.3,라이브러리안: 타이디 업 더 아케인 라이브러리!,6.4,저니,3.4,6,false,talk_primary,,2026-06-15T12:55:03.624314
99853216bdffae14c4c6a5c3be3fbcf5,naverchzzk,,,,,,,,483,,0,,0,,0,0,unknown,no_category_data,,2026-06-15T12:55:12.948722
5bd6b30bb8be8815cbb8e9835117f1c6,naverchzzk,,,,,,,,3875,이터널 리턴,79.3,마인크래프트,5.7,TRPG,3.5,9,false,single_game_or_non_game,,2026-06-15T12:55:14.496565
b5a2d272592b0153495dda4bb3d4bc0b,naverchzzk,,,,,,,,92,,0,,0,,0,0,unknown,no_category_data,,2026-06-15T12:55:15.504440
263337924ec8adeec2b9088d94201e04,naverchzzk,,,,,,,,1304,,0,,0,,0,0,unknown,no_category_data,,2026-06-15T12:55:15.643210
439ad53a326573c0694ce1a19abd4c55,naverchzzk,,,,,,,,2296,종합 게임,100.0,,0,,0,1,true,gg_primary,,2026-06-15T12:55:16.519151
9d14035c565bb701af3c7b81d871cd7d,naverchzzk,,,,,,,,2582,,0,,0,,0,0,unknown,no_category_data,,2026-06-15T12:55:16.548115
ef4a6e1efcd9d7a7907b256d0bea2823,naverchzzk,,,,,,,,912,,0,,0,,0,0,unknown,no_category_data,,2026-06-15T12:55:16.859655
396c9bde0d8b2e8bcc517455926f3d90,naverchzzk,,,,,,,,157,던전앤파이터,91.5,랑그릿사,6.9,고전 게임,1.5,3,false,single_game_dominant,,2026-06-15T12:55:17.252127
5b03b7896ac73caa95729298227d9fc7,naverchzzk,,,,,,,,242,포르자 호라이즌 6,52.1,크라임 씬 클리너,16.5,에이리언: 아이솔레이션,8.8,14,true,multi_game,,2026-06-15T12:55:17.601161
29c1ec1c219888695aafb9b28c005aae,naverchzzk,,,,,,,,83,에이펙스 레전드,62.5,이스케이프 프롬 타르코프,10.9,마라톤,10.2,9,false,single_game_or_non_game,,2026-06-15T12:55:22.229188
ecf489fb67472a4a3d71909942132a9c,naverchzzk,,,,,,,,867,talk,66.5,서브노티카 2,13.1,붕괴: 스타레일,6.7,9,false,talk_primary,,2026-06-15T12:55:30.735170
7fc2d3bd38646a73150d691a3c7d1f8e,naverchzzk,,,,,,,,678,마인크래프트,46.7,메이플스토리 월드,38.2,서브노티카 2,7.5,6,true,multi_game,,2026-06-15T12:55:30.760058
9e96ec1ad3a4388cdca4636f0bc60882,naverchzzk,,,,,,,,285,talk,44.0,마인크래프트,18.3,종합 게임,16.9,6,true,multi_game,,2026-06-15T12:55:32.575275
8ba1c2c5c047cc2abff5084703c544b9,naverchzzk,,,,,,,,1206,,0,,0,,0,0,unknown,no_category_data,,2026-06-15T12:55:33.226320
ab51202b82f3c291ff066ea8447c23b0,naverchzzk,,,,,,,,427,FC온라인,79.5,리그 오브 레전드,14.7,축구,2.7,8,false,single_game_or_non_game,,2026-06-15T12:55:37.410840
f731046c8f0fb338f8e32431519c7efd,naverchzzk,,,,,,,,88,리그 오브 레전드,29.5,오버워치,27.9,종합 게임,17.8,7,true,multi_game,,2026-06-15T12:55:38.936756
a976dce6128ec38e518bb3707ba7171f,naverchzzk,,,,,,,,1378,PUBG: 배틀그라운드,43.2,talk,21.4,영화,8.0,13,false,single_game_or_non_game,,2026-06-15T12:55:39.455774
05b32b2eef4d0f94542c4f9e7b59bed3,naverchzzk,,,,,,,,943,talk,20.2,발헤임,18.5,원신,16.9,20,true,multi_game,,2026-06-15T12:55:39.806389
520546ce9c0092b0a8aa7feb9a9779be,naverchzzk,,,,,,,,5654,FC온라인,27.3,2026 FIFA 북중미 월드컵,25.4,최후의 주유소,10.4,11,true,multi_game,,2026-06-15T12:55:44.768787
9dc300603f43ef664863a19999e3cc7a,naverchzzk,,,,,,,,358,,0,,0,,0,0,unknown,no_category_data,,2026-06-15T12:55:45.094453
7821284999add2b38e46a724d11ed209,naverchzzk,,,,,,,,192,,0,,0,,0,0,unknown,no_category_data,,2026-06-15T12:55:47.074404
6c7b77ec4bd39903f7f2e0ab84cd3839,naverchzzk,,,,,,,,377,음악/노래,59.6,그림/아트,14.4,마인크래프트,10.7,9,false,single_game_or_non_game,,2026-06-15T12:55:51.505125
cfd1401e95a69a6dbeef3977703d97f1,naverchzzk,,,,,,,,100,쓰르라미 울 적에 봉 - Ch.7 미나고로시,17.9,쓰르라미 울 적에 봉 - Ch.8 마츠리바야시,15.2,데드 바이 데이라이트,14.8,13,true,multi_game,,2026-06-15T12:55:54.071965
22f51a91718ef4f23bdbeec006de76c2,naverchzzk,,,,,,,,1425,마인크래프트,64.1,PUBG: 배틀그라운드,23.6,오버워치,5.7,7,true,multi_game,,2026-06-15T12:55:58.457915
4f9963668012f5b4d4c2647eb77820e6,naverchzzk,,,,,,,,1546,talk,67.2,프로스트펑크,9.2,PUBG: 배틀그라운드,6.9,10,false,talk_primary,,2026-06-15T12:55:58.524411
c6a33415729e321d5427faa8fb0130ce,naverchzzk,,,,,,,,926,,0,,0,,0,0,unknown,no_category_data,,2026-06-15T12:55:58.709783
a60d6721101afc76dba1b24d90ff60bb,naverchzzk,,,,,,,,328,PUBG: 배틀그라운드,67.7,talk,25.5,종합 게임,5.6,4,false,single_game_or_non_game,,2026-06-15T12:55:58.770292
3672dcf3ed323df04d16ce8e53310fbb,naverchzzk,,,,,,,,697,talk,55.6,리플레이스드,7.6,성세천하: 여제의 탄생 Ⅱ,7.0,13,false,talk_primary,,2026-06-15T12:55:59.404870
03bf220d9788b834ac7671385e2934a4,naverchzzk,,,,,,,,851,talk,33.0,명일방주: 엔드필드,31.9,림버스 컴퍼니,21.7,7,true,multi_game,,2026-06-15T12:56:01.261021
d646e99797f0edae4d1e2e2085949f95,naverchzzk,,,,,,,,811,페이트/스테이 나이트 리마스터드,33.4,블루 아카이브,24.0,명일방주,21.7,7,true,multi_game,,2026-06-15T12:56:02.260909
ca95416cb7a1f59e3fc390d5907533f7,naverchzzk,,,,,,,,1850,talk,31.1,디아블로 II: 레저렉션,20.4,디아블로 3: 이터널 컬렉션,14.5,8,false,single_game_or_non_game,,2026-06-15T12:56:03.165575
1578d4999bb78f6c886c4c7b09e48ac4,naverchzzk,,,,,,,,1436,음악/노래,71.8,스타크래프트 : 리마스터,18.2,talk,4.3,6,true,multi_game,,2026-06-15T12:56:04.253540
59c34639c5a1941b1710684b4166f2b5,naverchzzk,,,,,,,,582,,0,,0,,0,0,unknown,no_category_data,,2026-06-15T12:56:11.034272
1fd80c9cffa37c45f763e9471f570d90,naverchzzk,,,,,,,,253,패스 오브 엑자일 2,43.8,갓 오브 워 라그나로크,31.5,알타입 파이널 2,22.0,4,true,multi_game,,2026-06-15T12:56:14.099471
4a34d69c8258052c1da1068ffcb471d2,naverchzzk,,,,,,,,461,데드 바이 데이라이트,17.6,talk,13.1,젤다의 전설 티어스 오브 더 킹덤,11.2,17,false,single_game_or_non_game,,2026-06-15T12:56:20.105605
76734a0a4d469bb00304d4018cda896a,naverchzzk,,,,,,,,909,로스트아크,85.5,마인크래프트,4.4,리그 오브 레전드,2.3,10,false,single_game_dominant,,2026-06-15T12:56:21.387662
8d5ed2dcfde122205a547a5dc6f0671d,naverchzzk,,,,,,,,949,에이펙스 레전드,24.4,붉은사막,17.9,디제이맥스 리스펙트 V,12.2,17,true,multi_game,,2026-06-15T12:56:22.246973
0d97f92e538f91caacdeea24ee3dd340,naverchzzk,,,,,,,,679,talk,30.2,코어 키퍼,16.2,서브노티카,12.6,18,false,single_game_or_non_game,,2026-06-15T12:56:24.985127
9233a9242cf38416822d5b31f7bf7e57,naverchzzk,,,,,,,,364,talk,46.1,성세천하: 여제의 탄생 Ⅱ,17.4,언커버 더 스모킹 건,12.7,10,false,single_game_or_non_game,,2026-06-15T12:56:25.357527
518166cdeb0ac9bb7119a381be5df7f4,naverchzzk,,,,,,,,2242,talk,48.0,마인크래프트,22.7,도시전설 해체센터,7.3,10,false,single_game_or_non_game,,2026-06-15T12:56:26.518471
7d9a727b5424a45819746042ca6f52d5,naverchzzk,,,,,,,,256,이환,94.6,몬스터 헌터 와일즈,3.9,명조:워더링 웨이브,1.5,4,false,single_game_dominant,,2026-06-15T12:56:26.703365
aa596ceebc1580cd1147c19bf1b2ebe1,naverchzzk,,,,,,,,848,원신,51.3,이환,32.8,리밋 제로 브레이커스,7.9,5,true,multi_game,,2026-06-15T12:56:30.118431
8fc0f6e93501c61c9ec64a6d4c7e22e1,naverchzzk,,,,,,,,1136,talk,93.0,종합 게임,7.0,,0,2,false,talk_primary,,2026-06-15T12:56:32.293663
1e8b3471109dc03be526cb83de2b3e57,naverchzzk,,,,,,,,616,로스트아크,57.6,마인크래프트,17.9,사일런트 힐 2,7.2,7,true,multi_game,,2026-06-15T12:56:40.993120
5214e00e5f878406032b484c3202af9d,naverchzzk,,,,,,,,235,,0,,0,,0,0,unknown,no_category_data,,2026-06-15T12:56:43.081395
f89201d916c0e46daa08ba7ca03e2d05,naverchzzk,,,,,,,,361,카운터 스트라이크 2,100.0,,0,,0,1,false,single_game_dominant,,2026-06-15T12:56:43.905493
f358380ad1e1611e9025edec166439dc,naverchzzk,,,,,,,,658,Once Human,71.8,붉은사막,13.7,서브노티카 2,4.5,17,false,single_game_or_non_game,,2026-06-15T12:56:45.913600
2834351ea78a38579e6da23d9fa538fe,naverchzzk,,,,,,,,64,이환,40.4,명조:워더링 웨이브,34.7,하스스톤,12.9,5,true,multi_game,,2026-06-15T12:56:47.754121
bafd083f02d975eca19829fde0656782,naverchzzk,,,,,,,,1402,talk,64.5,로블록스,20.0,종합 게임,10.2,5,false,talk_primary,,2026-06-15T12:56:48.224556
2da08f212872256fbe93bc5a4e274fe1,naverchzzk,,,,,,,,202,데드 바이 데이라이트,85.0,리그 오브 레전드,6.3,더 코마 2: 비셔스 시스터즈,2.3,7,false,single_game_dominant,,2026-06-15T12:56:48.530130
a7a58a9f4ea484429d6ca06fd1bc3b7b,naverchzzk,,,,,,,,1398,talk,59.9,명조:워더링 웨이브,15.6,이터널 리턴,9.9,8,false,talk_primary,,2026-06-15T12:56:49.850400
5fbfe6e67fbd44b49778f9398446c2cc,naverchzzk,,,,,,,,1227,데드 바이 데이라이트,59.8,talk,21.6,스크릿치 스크래치,6.2,8,false,single_game_or_non_game,,2026-06-15T12:56:50.857268
747a6322826f2bb0d54df0f72ad47fdb,naverchzzk,,,,,,,,108,,0,,0,,0,0,unknown,no_category_data,,2026-06-15T12:56:51.480822
24971b02e5cb83a5c2b46c1cbc2fdfa4,naverchzzk,,,,,,,,388,월드 오브 워크래프트: 한밤,99.2,2026 FIFA 북중미 월드컵,0.8,,0,2,false,single_game_dominant,,2026-06-15T12:57:00.133395
813bdc0e81f4dc4ea04a6f0000b8e11f,naverchzzk,,,,,,,,324,원신,25.9,PUBG: 배틀그라운드,24.7,오버워치,20.6,5,true,multi_game,,2026-06-15T12:57:01.630714
2f15b1272b730b79a43a0bddf3b5d1dd,naverchzzk,,,,,,,,4363,음악/노래,47.3,talk,21.2,이환,11.6,13,false,single_game_or_non_game,,2026-06-15T12:57:05.500212
dbac51de8ae234f86209ad9742a08682,naverchzzk,,,,,,,,163,서든어택,22.6,마비노기 모바일,19.4,talk,19.4,8,true,multi_game,,2026-06-15T12:57:06.464202
b9c267387dbf38109404ac26c90660d1,naverchzzk,,,,,,,,415,스타듀 밸리,17.2,그라운디드,10.6,talk,9.4,23,false,single_game_or_non_game,,2026-06-15T12:57:07.084522
c27bbdb2161bfb99861d1180bb606bd3,naverchzzk,,,,,,,,1456,talk,48.8,007 퍼스트 라이트,26.8,붉은사막,17.2,4,true,multi_game,,2026-06-15T12:57:09.911290
a1b88355295f2bbf17feb565db0807c5,naverchzzk,,,,,,,,357,새티스팩토리,68.6,talk,31.4,,0,2,false,single_game_or_non_game,,2026-06-15T12:57:09.977169
98ab34d1fb9fa16ed4246c1640f09b16,naverchzzk,,,,,,,,264,철권 8,44.7,포르자 호라이즌 6,20.1,명조:워더링 웨이브,11.0,12,true,multi_game,,2026-06-15T12:57:10.790789
7d842772eb66fb20f402f233d3ce8e46,naverchzzk,,,,,,,,236,히어로즈 오브 더 스톰,80.5,talk,9.2,몬스터 헌터 와일즈,5.9,7,false,single_game_dominant,,2026-06-15T12:57:11.246787
455cd390735b1ee9ee8ae4feb3dc7592,naverchzzk,,,,,,,,1320,포켓몬스터 파이어레드,39.2,talk,31.3,포켓몬 챔피언스,29.5,3,true,multi_game,,2026-06-15T12:57:13.085479
9ff5f67c928a1cc1aebc82cce396e5c6,naverchzzk,,,,,,,,73,종합 게임,96.2,talk,3.8,,0,2,true,gg_primary,,2026-06-15T12:57:13.201089
1846b2704325f3a2406469ed74be55f6,naverchzzk,,,,,,,,620,마인크래프트,63.2,오버워치,14.9,talk,11.9,5,false,single_game_or_non_game,,2026-06-15T12:57:17.216400
fe01fbaef4a8bf9d008dd8cde31543f3,naverchzzk,,,,,,,,360,오버워치,46.2,talk,21.8,월드 오브 워쉽,21.6,7,true,multi_game,,2026-06-15T12:57:20.147120
17ed672b76c0c05937a47f0b10cbce69,naverchzzk,,,,,,,,187,,0,,0,,0,0,unknown,no_category_data,,2026-06-15T12:57:20.173383
d7a534f4f02b0c7f37535ca877545c31,naverchzzk,,,,,,,,516,talk,65.6,프래그마타,34.4,,0,2,false,talk_primary,,2026-06-15T12:57:21.818929
5bf2fa7752f95e6a53d787c1c7fe41d9,naverchzzk,,,,,,,,789,talk,100.0,,0,,0,1,false,talk_primary,,2026-06-15T12:57:22.542076
8b9c9401955799848533d16f4cc93e84,naverchzzk,,,,,,,,1615,,0,,0,,0,0,unknown,no_category_data,,2026-06-15T12:57:23.000403
f47c97ffeae725b33c887cccf879a272,naverchzzk,,,,,,,,343,포르자 호라이즌 6,47.3,스타듀 밸리,34.0,승리의 여신: 니케,5.3,7,true,multi_game,,2026-06-15T12:57:25.114521
4ef5b27530983d094b54b83977720702,naverchzzk,,,,,,,,541,발로란트,51.9,PUBG: 배틀그라운드,20.4,리그 오브 레전드,17.9,7,true,multi_game,,2026-06-15T12:57:25.518003
b3b6e09e520e0e37aa34e3263aeb0447,naverchzzk,,,,,,,,610,,0,,0,,0,0,unknown,no_category_data,,2026-06-15T12:57:26.315010
b7722236b867f632785ec376a028715e,naverchzzk,,,,,,,,910,로스트아크,28.3,스타듀 밸리,25.3,리그 오브 레전드,21.7,11,true,multi_game,,2026-06-15T12:57:26.458847
ee3eeb4a48ec873a9692734c58438df7,naverchzzk,,,,,,,,562,talk,43.3,메이플스토리 월드,24.1,서브노티카,16.9,6,true,multi_game,,2026-06-15T12:57:35.011228
a88e3d2c8db0fbef51ef6a97598a5437,naverchzzk,,,,,,,,20,,0,,0,,0,0,unknown,no_category_data,,2026-06-15T12:57:35.311798
aa4e4434b4b9ca335011a8c61b9531d3,naverchzzk,,,,,,,,753,talk,48.3,음악/노래,17.0,아쿠아리움은 춤추지 않아,10.9,9,false,single_game_or_non_game,,2026-06-15T12:57:35.324479
306b62bd3d7ac5dc4dfa98e57c209775,naverchzzk,,,,,,,,104,종합 게임,43.8,두근두근타운,18.6,talk,17.5,6,true,gg_primary,,2026-06-15T12:57:38.897266
de2c87cb0d287a8c6e1dd177499378a5,naverchzzk,,,,,,,,82,,0,,0,,0,0,unknown,no_category_data,,2026-06-15T12:57:39.629679
1b31c93fe4f1a9016328091457d7b945,naverchzzk,,,,,,,,346,견습 기사 모험기,40.4,오버워치,23.4,R.E.P.O.,19.1,4,true,multi_game,,2026-06-15T12:57:41.495056
6879fecef7ab3ad23347415b38c95154,naverchzzk,,,,,,,,526,마비노기,51.8,메이플스토리 월드,26.9,리그 오브 레전드,16.4,5,true,multi_game,,2026-06-15T12:57:44.377749
dfb6711cf947fe82ba341ebcb3d9d878,naverchzzk,,,,,,,,707,talk,36.3,림버스 컴퍼니,13.6,이스케이프 더 백룸,12.0,15,false,single_game_or_non_game,,2026-06-15T12:57:45.674502
abc43bc32249cf4b802bb10f35ecffde,naverchzzk,,,,,,,,572,리그 오브 레전드,65.1,PUBG: 배틀그라운드,21.7,talk,5.7,6,true,multi_game,,2026-06-15T12:57:47.804985
bd7d4b2a04260687205811df96ecb9b0,naverchzzk,,,,,,,,663,,0,,0,,0,0,unknown,no_category_data,,2026-06-15T12:57:48.795431
13f61e9745cf06fc4e77c36192470c89,naverchzzk,,,,,,,,77,,0,,0,,0,0,unknown,no_category_data,,2026-06-15T12:57:54.587575
25f9252e94279d75b3e774cd2130d25a,naverchzzk,,,,,,,,613,PUBG: 배틀그라운드,32.4,더 롱 다크,28.6,최후의 주유소,12.0,13,true,multi_game,,2026-06-15T12:57:57.397049
7b14b8186433531e7fca59164dca8b7e,naverchzzk,,,,,,,,1059,오버워치,55.2,메이플스토리 월드,31.1,마인크래프트,12.1,5,true,multi_game,,2026-06-15T12:57:57.404551
f3554e67dca8935092004758a4810063,naverchzzk,,,,,,,,53,종합 게임,100.0,,0,,0,1,true,gg_primary,,2026-06-15T12:57:57.481337
a8aa84801c2bda3cc2604a870b7c799b,naverchzzk,,,,,,,,179,에이펙스 레전드,100.0,델타포스,0.0,,0,2,false,single_game_dominant,,2026-06-15T12:58:01.073496
6a6f65bb251699e76df8e9187ce07aba,naverchzzk,,,,,,,,582,발로란트,68.2,카운터 스트라이크 2,16.1,마인크래프트,12.5,4,true,multi_game,,2026-06-15T12:58:03.985762
3708288775ee45d896b9bf9e94a0c5f3,naverchzzk,,,,,,,,574,리그 오브 레전드,55.7,PUBG: 배틀그라운드,27.0,talk,14.8,5,true,multi_game,,2026-06-15T12:58:12.187875
6f941b6842de4265ccde69a4b2f7b6f2,naverchzzk,,,,,,,,1571,talk,100.0,,0,,0,1,false,talk_primary,,2026-06-15T12:58:13.699952
5ed3eb41cadbd8cdb053a96cf4b200fb,naverchzzk,,,,,,,,866,talk,40.9,007 퍼스트 라이트,20.1,붉은사막,13.3,9,false,single_game_or_non_game,,2026-06-15T12:58:14.631861
5d2d579e1c5ddf327e10b024c0e7caaf,naverchzzk,,,,,,,,1450,talk,92.3,아니마 : 성인들을 위한 잔혹동화,3.9,삼등분의 최애님,3.8,3,false,talk_primary,,2026-06-15T12:58:14.730073
a783cb36c0646b23721eaf0f52b8d333,naverchzzk,,,,,,,,390,그라운디드,34.2,팰월드,24.1,리그 오브 레전드,13.6,9,true,multi_game,,2026-06-15T12:58:15.994301
abf92481139530a3d77a8946bedf8d96,naverchzzk,,,,,,,,435,,0,,0,,0,0,unknown,no_category_data,,2026-06-15T12:58:18.282617
42b0c384472c774b188ae62d90ac9bc8,naverchzzk,,,,,,,,92,,0,,0,,0,0,unknown,no_category_data,,2026-06-15T12:58:19.174085
f69d887151f6c31097aeb19c92aa4554,naverchzzk,,,,,,,,575,데이브 더 다이버,27.3,이환,22.3,talk,20.6,7,true,multi_game,,2026-06-15T12:58:21.307028
fb734b643fa0b691195c8bbdc8e643cd,naverchzzk,,,,,,,,140,마비노기 모바일,49.5,이환,25.6,talk,15.2,7,true,multi_game,,2026-06-15T12:58:24.634310
7012a7afcb262ce24a28076ba395b21f,naverchzzk,,,,,,,,150,,0,,0,,0,0,unknown,no_category_data,,2026-06-15T12:58:25.251341
5d12ab4dc23c2d5dccec2cd34534902c,naverchzzk,,,,,,,,1180,리그 오브 레전드,79.8,talk,9.7,스타크래프트 : 리마스터,5.1,6,false,single_game_or_non_game,,2026-06-15T12:58:27.861101
fa6cf6903c316639df8df23542dd7f26,naverchzzk,,,,,,,,222,인투 더 데드: 아워 다키스트 데이즈,54.4,포장마차 : 한국 길거리 음식 경영시뮬레이터,24.0,talk,12.8,5,true,multi_game,,2026-06-15T12:58:28.149526
50191086645567b58b8e127d42cf88e2,naverchzzk,,,,,,,,534,리그 오브 레전드,38.6,talk,34.2,철권 8,11.8,12,false,single_game_or_non_game,,2026-06-15T12:58:31.494412
9e4da31c1063859075f036cfeca2776d,naverchzzk,,,,,,,,1153,talk,100.0,,0,,0,1,false,talk_primary,,2026-06-15T12:58:31.832125
77da7d36379a4df4821b4d332e3fa6f2,naverchzzk,,,,,,,,1267,이터널 리턴,91.0,프로젝트 좀보이드,4.7,프랫폴,1.3,7,false,single_game_dominant,,2026-06-15T12:58:36.138156
08c35f83ed1f967b89ec7b67f7226f1d,naverchzzk,,,,,,,,669,,0,,0,,0,0,unknown,no_category_data,,2026-06-15T12:58:36.986017
f04a7656b5703c08903db8ecc38fd389,naverchzzk,,,,,,,,1125,로스트아크,70.4,용과 같이: 극,11.0,페르소나 3 리로드,9.7,6,false,single_game_or_non_game,,2026-06-15T12:58:36.996243
e66acc8276b509151dbdc3f9a4477dbc,naverchzzk,,,,,,,,971,talk,91.8,프로젝트 좀보이드,5.4,종합 게임,2.5,4,false,talk_primary,,2026-06-15T12:58:37.459396
fb3ebbfaf5201660e9f0205b574c5d54,naverchzzk,,,,,,,,506,클로저스,39.5,리그 오브 레전드,16.9,아주르 프로밀리아,9.3,11,true,multi_game,,2026-06-15T12:58:37.637545
0381554c42dbc2323331b70212201589,naverchzzk,,,,,,,,530,마인크래프트,41.2,오버워치,39.3,프로젝트 좀보이드,7.6,7,true,multi_game,,2026-06-15T12:58:39.269127
b1dce061762e901e0561c59b94ecc122,naverchzzk,,,,,,,,202,talk,94.4,주식 거래 및 투자가 포함된 증권거래소 게임 시뮬레이터,5.6,,0,2,false,talk_primary,,2026-06-15T12:58:40.119976
b8efed7b498fb6e71657ff1406cc0e64,naverchzzk,,,,,,,,319,발로란트,73.3,종합 게임,26.7,,0,2,true,multi_game,,2026-06-15T12:58:40.396264
8e1588b076423bdf8d24b93000022e75,naverchzzk,,,,,,,,358,,0,,0,,0,0,unknown,no_category_data,,2026-06-15T12:58:40.415529
91a5074443ec952df6b7c3c4659a611e,naverchzzk,,,,,,,,57,,0,,0,,0,0,unknown,no_category_data,,2026-06-15T12:58:43.831083
e300595128bd932cabb09985f8c71e7c,naverchzzk,,,,,,,,881,,0,,0,,0,0,unknown,no_category_data,,2026-06-15T12:58:48.571506
05e576f5353884e59bfaee9b35130bd3,naverchzzk,,,,,,,,229,,0,,0,,0,0,unknown,no_category_data,,2026-06-15T12:58:49.486994
6f498951b1f14af8a0101070c56b1870,naverchzzk,,,,,,,,215,,0,,0,,0,0,unknown,no_category_data,,2026-06-15T12:58:52.077894
3448ac1ca83b617460a2199ec1ccaebe,naverchzzk,,,,,,,,1418,,0,,0,,0,0,unknown,no_category_data,,2026-06-15T12:58:53.264237
8dd5492b082069793dba0ab30f580fc8,naverchzzk,,,,,,,,617,음악/노래,48.4,종합 게임,24.4,talk,20.1,5,true,multi_game,,2026-06-15T12:58:53.505297
08596525797312c8ac724d70c4cb5f67,naverchzzk,,,,,,,,850,,0,,0,,0,0,unknown,no_category_data,,2026-06-15T12:58:53.649664
16d456336ae8f956fef4a1664fd7b04c,naverchzzk,,,,,,,,5036,림버스 컴퍼니,82.5,talk,9.3,이터널 리턴,4.0,6,false,single_game_dominant,,2026-06-15T12:58:54.444346
07ac7aff66b81360c1551a58e9c69f72,naverchzzk,,,,,,,,3069,talk,55.1,명조:워더링 웨이브,30.5,림버스 컴퍼니,9.4,5,false,talk_primary,,2026-06-15T12:58:57.266909
35e78c45979f8032ec66d36b144e1871,naverchzzk,,,,,,,,595,던전앤파이터,98.6,리그 오브 레전드,1.4,,0,2,false,single_game_dominant,,2026-06-15T12:59:04.352543
49f844e92f232690480eef280d7f5da6,naverchzzk,,,,,,,,106,로스트아크,50.6,종합 게임,20.5,아크 레이더스,18.9,6,true,multi_game,,2026-06-15T12:59:06.488064
84a6e4f699f495737395f235da5477c9,naverchzzk,,,,,,,,2195,스타크래프트 II : 자유의 날개,18.3,마인크래프트,15.4,talk,13.7,15,true,multi_game,,2026-06-15T12:59:06.669862
d4d908bb644fcf6e2a83717ce4a96bad,naverchzzk,,,,,,,,252,,0,,0,,0,0,unknown,no_category_data,,2026-06-15T12:59:07.639906
10e895fd51240d4bf5673f7807022b76,naverchzzk,,,,,,,,572,talk,58.6,서브노티카,30.9,이스케이프 더 백룸,8.6,4,false,talk_primary,,2026-06-15T12:59:11.109023
c376622f765901eb5cc983ecd16f511f,naverchzzk,,,,,,,,1646,그림/아트,40.8,talk,18.9,명일방주,12.9,10,false,single_game_or_non_game,,2026-06-15T12:59:11.116350
7cef15773a60d5815e563d93f305c16c,naverchzzk,,,,,,,,457,talk,67.0,그림/아트,20.4,종합 게임,12.6,3,false,talk_primary,,2026-06-15T12:59:12.110328
2ef658dacd68d7f5a8ab1b3c6bde4efe,naverchzzk,,,,,,,,311,종합 게임,33.1,talk,31.5,이터널 리턴,27.1,7,true,gg_primary,,2026-06-15T12:59:12.173692
f1622e81b2dc67beccc3556e92e9d344,naverchzzk,,,,,,,,889,마인크래프트,61.3,엘든 링,17.3,talk,11.3,10,true,multi_game,,2026-06-15T12:59:12.726228
7ed5d5815896cf7122904b47e3187d84,naverchzzk,,,,,,,,943,talk,64.7,종합 게임,19.7,Grand Theft Auto V,10.7,6,false,talk_primary,,2026-06-15T12:59:13.405130
dabade1707bc4c70f4e2bf59acb39487,naverchzzk,,,,,,,,1019,talk,100.0,,0,,0,1,false,talk_primary,,2026-06-15T12:59:15.605415
a6263bf68e5e2974b2536f99d035c56f,naverchzzk,,,,,,,,824,명조:워더링 웨이브,62.5,talk,21.3,프래그마타,16.2,3,true,multi_game,,2026-06-15T12:59:16.634977
da6140377a9cdafa5e7da0c919effa73,naverchzzk,,,,,,,,176,엘든 링,51.4,talk,39.5,엘든 링 황금 나무의 그림자,2.7,8,false,single_game_or_non_game,,2026-06-15T12:59:17.332890
f343eb48de5c87922df069a5904b25d2,naverchzzk,,,,,,,,1598,,0,,0,,0,0,unknown,no_category_data,,2026-06-15T12:59:21.743674
1a5d9c9d6b8d0fb9a7b4819b9366d4d6,naverchzzk,,,,,,,,835,림버스 컴퍼니,37.7,마비노기 모바일,21.7,talk,13.7,7,true,multi_game,,2026-06-15T12:59:27.324167
b84fc075495cb122b565feb853084839,naverchzzk,,,,,,,,308,,0,,0,,0,0,unknown,no_category_data,,2026-06-15T12:59:27.669499
ecd43744d4377e904f086503393459da,naverchzzk,,,,,,,,478,로스트아크,84.4,talk,7.9,종합 게임,3.2,7,false,single_game_dominant,,2026-06-15T12:59:29.845664
5c48399f264d9906f9ebf4e5eaf17283,naverchzzk,,,,,,,,1172,메이플스토리,69.3,talk,9.2,리그 오브 레전드,7.1,7,false,single_game_or_non_game,,2026-06-15T12:59:31.625433
93a0b78b40bee56629ec4bee904aa0f1,naverchzzk,,,,,,,,1508,하스스톤,77.3,이터널 리턴,6.1,리그 오브 레전드,5.1,7,false,single_game_or_non_game,,2026-06-15T12:59:31.984294
c8a1f383c554b61e4e195757431275eb,naverchzzk,,,,,,,,562,talk,46.0,붉은사막,21.9,007 퍼스트 라이트,14.2,10,false,single_game_or_non_game,,2026-06-15T12:59:32.576932
227e45e689d147052b0dc95e3ab3b796,naverchzzk,,,,,,,,91,,0,,0,,0,0,unknown,no_category_data,,2026-06-15T12:59:33.385429
2e88da194ba5b346af96888c55ef2e85,naverchzzk,,,,,,,,466,환세취호전 플러스,59.0,소드 오브 콘발라리아,17.9,백영웅전,12.8,4,true,multi_game,,2026-06-15T12:59:33.853431
4a0493dd6f3542b99943c39848ad1045,naverchzzk,,,,,,,,3042,음악/노래,66.3,talk,22.7,성세천하: 여제의 탄생 Ⅱ,6.2,7,false,single_game_or_non_game,,2026-06-15T12:59:34.086558
fffc8f1fa75e024d003e45cae45e3e77,naverchzzk,,,,,,,,33,,0,,0,,0,0,unknown,no_category_data,,2026-06-15T12:59:38.197076
b8e72c365674a1358acd6e51aab6eb9b,naverchzzk,,,,,,,,53,,0,,0,,0,0,unknown,no_category_data,,2026-06-15T12:59:39.280540
7ee79f5a3f70e3bf8eb6bca91b8ab2bb,naverchzzk,,,,,,,,546,로스트아크,61.4,talk,18.8,서브노티카 2,12.7,6,false,single_game_or_non_game,,2026-06-15T12:59:42.174534
7f632957a4b205a32f51ab3cd66260f8,naverchzzk,,,,,,,,67,,0,,0,,0,0,unknown,no_category_data,,2026-06-15T12:59:44.183554
6164cc7a8d4b863c9bd377cd15cb756b,naverchzzk,,,,,,,,861,,0,,0,,0,0,unknown,no_category_data,,2026-06-15T12:59:44.988418
d1a0e5ce3c051bb1ae633801d410f0a4,naverchzzk,,,,,,,,219,,0,,0,,0,0,unknown,no_category_data,,2026-06-15T12:59:48.335417
772aa6ebbce77ec24d9c0a45d9ed00e8,naverchzzk,,,,,,,,76,,0,,0,,0,0,unknown,no_category_data,,2026-06-15T12:59:51.883453
6c957d4bc3b3c11fe3aa54cc476620b2,naverchzzk,,,,,,,,1749,talk,100.0,,0,,0,1,false,talk_primary,,2026-06-15T12:59:52.935077
ca5e1b3de1da047ac547a29619fb7e1d,naverchzzk,,,,,,,,931,로스트아크,65.9,메이플스토리 월드,26.2,세븐나이츠 리버스,7.1,5,true,multi_game,,2026-06-15T12:59:53.007750
baffda4fdae84dfd59e5e59b4524f2a1,naverchzzk,,,,,,,,1069,원신,41.5,talk,25.1,붕괴: 스타레일,20.6,4,true,multi_game,,2026-06-15T12:59:54.519246
99734142c7d6578977f5e2de9c3b37a8,naverchzzk,,,,,,,,1360,,0,,0,,0,0,unknown,no_category_data,,2026-06-15T12:59:54.938866
df167369aa606bc2ced92ffbb580fbb1,naverchzzk,,,,,,,,2389,talk,46.6,명조:워더링 웨이브,12.4,"워해머 40,000: 스페이스 마린 2",11.1,14,false,single_game_or_non_game,,2026-06-15T12:59:57.185292
b245807a322ebe9bb990ae3c8445c8eb,naverchzzk,,,,,,,,293,마인크래프트,97.1,오버워치,2.9,,0,2,false,single_game_dominant,,2026-06-15T12:59:57.784427
a5aecbaee8727e0aea126ec3334cf61f,naverchzzk,,,,,,,,194,철권 8,59.2,다크 소울 2,14.6,종합 게임,10.7,10,false,single_game_or_non_game,,2026-06-15T12:59:57.806733
37965aa8c73eef583d0185296b970c39,naverchzzk,,,,,,,,671,디지몬마스터즈,58.9,포켓몬스터 브릴리언트 다이아몬드 · 샤이닝 펄,5.9,폴가이즈,5.8,19,false,single_game_or_non_game,,2026-06-15T12:59:57.831324
ff9545bf4670f98390ff7e8c50548f38,naverchzzk,,,,,,,,497,,0,,0,,0,0,unknown,no_category_data,,2026-06-15T13:00:00.004777
312b0544b0f223ed7b95629453f374c0,naverchzzk,,,,,,,,3742,,0,,0,,0,0,unknown,no_category_data,,2026-06-15T13:00:03.036405
0d0baa8afa78592ce2b17774087968dd,naverchzzk,,,,,,,,324,,0,,0,,0,0,unknown,no_category_data,,2026-06-15T13:00:07.725174
7dd4af5017e73a5932fc7b38fe235cae,naverchzzk,,,,,,,,1661,마인크래프트,51.8,리틀 나이트메어 3,11.4,바이오하자드 RE:4,10.9,12,false,single_game_or_non_game,,2026-06-15T13:00:11.264436
1c252a6f813d0e63ae2d06f3767e2921,naverchzzk,,,,,,,,736,,0,,0,,0,0,unknown,no_category_data,,2026-06-15T13:00:13.805136
384c8f0ef54e78c742b7137658d60489,naverchzzk,,,,,,,,1833,,0,,0,,0,0,unknown,no_category_data,,2026-06-15T13:00:15.514199
4698c456176e3b68d56edb55f338c4a2,naverchzzk,,,,,,,,1228,talk,62.9,종합 게임,27.5,PUBG: 배틀그라운드,4.9,5,false,talk_primary,,2026-06-15T13:00:16.278355
8e8fd11fcb8bbb8d9b5b6d8bd2836435,naverchzzk,,,,,,,,465,,0,,0,,0,0,unknown,no_category_data,,2026-06-15T13:00:17.256773
3b9aa1ea2394359ab8b291ea25525225,naverchzzk,,,,,,,,212,다크 소울 2,20.0,몬스터 헌터 와일즈,19.5,talk,14.4,15,true,multi_game,,2026-06-15T13:00:17.589588
0529e420ace8ad95cc47dc50904c7abb,naverchzzk,,,,,,,,930,트릭컬 리바이브,77.4,talk,11.9,유희왕 마스터 듀얼,8.1,4,false,single_game_or_non_game,,2026-06-15T13:00:17.680653
b5cd97e6e0bcfea885bf758f5eaf3465,naverchzzk,,,,,,,,578,몬스터 헌터 월드: 아이스본,34.3,윈드로즈,34.0,붉은사막,24.0,5,true,multi_game,,2026-06-15T13:00:17.705452
1859722c1c8e61f38a69411e872bb7a2,naverchzzk,,,,,,,,769,talk,27.5,발로란트,17.3,마인크래프트,14.6,11,false,single_game_or_non_game,,2026-06-15T13:00:17.740223
158629a53ed5997e2563fb3d4daba4ed,naverchzzk,,,,,,,,102,,0,,0,,0,0,unknown,no_category_data,,2026-06-15T13:00:18.787636
d65a6a19ca492b5e802902ed837efd15,naverchzzk,,,,,,,,1756,마비노기 모바일,46.3,talk,42.4,아이온2,11.3,3,false,single_game_or_non_game,,2026-06-15T13:00:23.290365
0138f92f585f5e98ea501530d80592a6,naverchzzk,,,,,,,,586,마비노기,50.2,이환,25.1,몬길: STAR DIVE,12.4,10,true,multi_game,,2026-06-15T13:00:30.136728
17e17cde45439aec0af1cacc9fa0aced,naverchzzk,,,,,,,,244,,0,,0,,0,0,unknown,no_category_data,,2026-06-15T13:00:31.795272
ba85331e00fa7a489186cdfc5e365a8a,naverchzzk,,,,,,,,3121,어쌔신 크리드: 오디세이,22.8,talk,21.1,림버스 컴퍼니,13.1,9,false,single_game_or_non_game,,2026-06-15T13:00:32.064549
0004db0fdd3094d0df595038d19ae791,naverchzzk,,,,,,,,241,,0,,0,,0,0,unknown,no_category_data,,2026-06-15T13:00:32.496214
a298a524609480181baea48f397677e6,naverchzzk,,,,,,,,1569,,0,,0,,0,0,unknown,no_category_data,,2026-06-15T13:00:32.574447
e6f2d0b717b27e22cd0a1dae7cc7c7fd,naverchzzk,,,,,,,,628,리그 오브 레전드,57.9,talk,22.7,프로젝트 좀보이드,8.8,10,false,single_game_or_non_game,,2026-06-15T13:00:33.858528
803c8e3575c13f2e5822ffb15cf312e0,naverchzzk,,,,,,,,189,talk,36.8,ELDEN RING 밤의 통치자,26.5,리그 오브 레전드,9.8,6,false,single_game_or_non_game,,2026-06-15T13:00:35.699431
657b07ad9aadf5f2fe6b42eab8b333b5,naverchzzk,,,,,,,,78,메이플스토리 월드,93.3,리그 오브 레전드,6.7,,0,2,false,single_game_dominant,,2026-06-15T13:00:36.483222
33c501a6d711c517f4c617c0b5409e37,naverchzzk,,,,,,,,2308,talk,88.7,리그 오브 레전드,11.3,,0,2,false,talk_primary,,2026-06-15T13:00:36.557028
7e5d4f9a11a98bfdebbcb18a42842f23,naverchzzk,,,,,,,,576,,0,,0,,0,0,unknown,no_category_data,,2026-06-15T13:00:44.525358
d57e586b28826c63ec9ddd37ecefcd1b,naverchzzk,,,,,,,,923,발로란트,100.0,,0,,0,1,false,single_game_dominant,,2026-06-15T13:00:50.407681
221e2a43cb4ae7b2550f70cfa3d30108,naverchzzk,,,,,,,,541,프랫폴,21.9,R.E.P.O.,21.9,친구모아 아일랜드 두근두근 라이프,13.3,10,true,multi_game,,2026-06-15T13:00:51.778759
529eb943b6f91f6e6395859456804a86,naverchzzk,,,,,,,,775,talk,50.1,마법소녀의 마녀재판,12.6,음악/노래,11.1,9,false,talk_primary,,2026-06-15T13:00:51.853820
72aba108eced7f98192ab5bae923eb70,naverchzzk,,,,,,,,339,,0,,0,,0,0,unknown,no_category_data,,2026-06-15T13:00:52.651024
b06b67c3dba9b5a2170888d9a5fdc415,naverchzzk,,,,,,,,470,talk,66.7,발로란트,33.3,,0,2,false,talk_primary,,2026-06-15T13:00:53.155876
c140e6dd083b80540d7a70106b9da0d5,naverchzzk,,,,,,,,193,,0,,0,,0,0,unknown,no_category_data,,2026-06-15T13:00:53.994427
cde9b4c389b36d38c8b2693a95de7385,naverchzzk,,,,,,,,1102,talk,25.2,P의 거짓,14.9,승리의 여신: 니케,11.3,14,false,single_game_or_non_game,,2026-06-15T13:00:54.056451
520707ca325f88e232932cf638223f00,naverchzzk,,,,,,,,581,talk,56.4,음악/노래,15.8,종합 게임,14.3,4,false,talk_primary,,2026-06-15T13:00:54.187189
77699c0c6391e49ec5db0c5f2a9b9ad4,naverchzzk,,,,,,,,799,명조:워더링 웨이브,95.3,talk,2.5,이환,1.3,6,false,single_game_dominant,,2026-06-15T13:00:54.195058
746f416779cb3d09c9c54553abcdaa5a,naverchzzk,,,,,,,,234,스톤 샤드,58.1,스타더스트: 별과 마녀,21.3,무림생존,12.1,4,true,multi_game,,2026-06-15T13:01:05.684581
3fdc5e21238d48b13f88a265a7f15d2b,naverchzzk,,,,,,,,534,,0,,0,,0,0,unknown,no_category_data,,2026-06-15T13:01:06.139192
181490ad2489a3ae8e655e42d097490e,naverchzzk,,,,,,,,333,,0,,0,,0,0,unknown,no_category_data,,2026-06-15T13:01:08.324180
470c826106b74e5522ac611900fa175a,naverchzzk,,,,,,,,83,,0,,0,,0,0,unknown,no_category_data,,2026-06-15T13:01:08.387666
8ae905a116453f8e55c2766e6924facd,naverchzzk,,,,,,,,61,,0,,0,,0,0,unknown,no_category_data,,2026-06-15T13:01:08.874157
00b1080eac585944d346e69904baeff4,naverchzzk,,,,,,,,79,리그 오브 레전드,77.7,두근두근타운,8.0,애니메이션,7.4,6,false,single_game_or_non_game,,2026-06-15T13:01:09.222359
115a8e14cb747eb3a33f7ccb0c1b27fd,naverchzzk,,,,,,,,1049,,0,,0,,0,0,unknown,no_category_data,,2026-06-15T13:01:09.580231
cc42779778ac3fe1a44e3785aaca8090,naverchzzk,,,,,,,,85,붉은사막,75.8,talk,8.5,길티기어 -스트라이브-,7.8,6,false,single_game_or_non_game,,2026-06-15T13:01:10.091885
ef2401ac4f6ebcb7cc0692e9f3d17a9a,naverchzzk,,,,,,,,1160,talk,62.8,스타듀 밸리,24.2,친구모아 아일랜드 두근두근 라이프,7.7,4,false,talk_primary,,2026-06-15T13:01:10.482131
a8aab5bfc053c023a00987dc3e36e549,naverchzzk,,,,,,,,262,,0,,0,,0,0,unknown,no_category_data,,2026-06-15T13:01:26.535037
e78057b782dd515c146bef40eebcbe30,naverchzzk,,,,,,,,269,talk,38.2,종합 게임,37.1,테이블탑 시뮬레이터,15.7,4,true,multi_game,,2026-06-15T13:01:27.389218
55c24cb649b4bdf99f7cb2869ac4426d,naverchzzk,,,,,,,,266,talk,97.4,오버워치,2.6,,0,2,false,talk_primary,,2026-06-15T13:01:27.800557
de5c3eee67bcb6ba96ab0e7e384536dd,naverchzzk,,,,,,,,332,몬스터 헌터 월드: 아이스본,47.7,talk,33.6,음악/노래,10.8,7,false,single_game_or_non_game,,2026-06-15T13:01:28.015072
f3e5cc407d610a4616a0d13d9d4c654f,naverchzzk,,,,,,,,1040,로스트아크,66.2,리그 오브 레전드,16.3,젤다의 전설 티어스 오브 더 킹덤,7.2,9,true,multi_game,,2026-06-15T13:01:28.070246
4977d00a136833f431fbb735ed51387f,naverchzzk,,,,,,,,564,바이오하자드 레퀴엠,29.0,talk,19.8,서브노티카 2,16.9,9,true,multi_game,,2026-06-15T13:01:30.082161
d3ee746aebe57605e8f35fb5d411bfd2,naverchzzk,,,,,,,,2932,talk,54.0,프래그마타,12.8,그림/아트,12.1,9,false,talk_primary,,2026-06-15T13:01:30.750277
0afc649754b783af2dde58284ad8dd5d,naverchzzk,,,,,,,,3537,아크 레이더스,51.2,PUBG: 배틀그라운드,25.7,이터널 리턴,16.2,8,true,multi_game,,2026-06-15T13:01:30.817813
f9666b790723630d4c5e73525f968f94,naverchzzk,,,,,,,,531,talk,44.6,오버워치,27.4,두근두근타운,10.9,6,false,single_game_or_non_game,,2026-06-15T13:01:31.896718
5e8feadb6a3191eac0adf484ceb29b40,naverchzzk,,,,,,,,315,,0,,0,,0,0,unknown,no_category_data,,2026-06-15T13:01:34.545272
116c90f3896519bb8fcdcc9899f5fe5e,naverchzzk,,,,,,,,106,,0,,0,,0,0,unknown,no_category_data,,2026-06-15T13:01:40.930870
ec0b7d332934dd9ae38d032f8e1b88d9,naverchzzk,,,,,,,,180,,0,,0,,0,0,unknown,no_category_data,,2026-06-15T13:01:41.473411
b8ab5ea46a71c13a5152eaf8c5a3e285,naverchzzk,,,,,,,,308,,0,,0,,0,0,unknown,no_category_data,,2026-06-15T13:01:47.059217
898d072b98d26ba95499e6f7661b8448,naverchzzk,,,,,,,,239,포켓몬스터 스칼렛 · 바이올렛,26.5,모여봐요 동물의 숲,20.7,포켓몬 포코피아,12.4,16,true,multi_game,,2026-06-15T13:01:48.127504
5eb1a5f1b9d614282fdb2be3cebd033c,naverchzzk,,,,,,,,667,메이플스토리 월드,100.0,,0,,0,1,false,single_game_dominant,,2026-06-15T13:01:49.483704
2e7284e76328aa98622eaa8ddba433e0,naverchzzk,,,,,,,,1922,데드 바이 데이라이트,94.4,슬레이 더 스파이어 2,5.1,talk,0.5,3,false,single_game_dominant,,2026-06-15T13:01:51.398935
08d50d8b580de6b3c53e93224765a706,naverchzzk,,,,,,,,1937,에코,31.3,스타크래프트 II : 공허의 유산,15.6,이터널 리턴,9.5,13,true,multi_game,,2026-06-15T13:01:53.690312
ecd98901685d8f613ee8db55e49df8e9,naverchzzk,,,,,,,,471,talk,40.9,마인크래프트,23.6,PUBG: 배틀그라운드,12.9,23,false,single_game_or_non_game,,2026-06-15T13:01:53.941309
b5354fd777e4bc4f44c9cad0ca4d873e,naverchzzk,,,,,,,,37,,0,,0,,0,0,unknown,no_category_data,,2026-06-15T13:01:55.305419
389d372f95dd9cf3c3209e6337b949be,naverchzzk,,,,,,,,160,리그 오브 레전드,57.8,슬레이 더 스파이어 2,16.5,오버워치,8.8,8,true,multi_game,,2026-06-15T13:01:56.253656
4e03a8019f038df45eebf32f4934ce3f,naverchzzk,,,,,,,,347,Once Human,38.2,메이플스토리 월드,21.9,팰월드,16.3,8,true,multi_game,,2026-06-15T13:02:01.098308
940b63e92186a814719c4c3e07ee66ca,naverchzzk,,,,,,,,200,,0,,0,,0,0,unknown,no_category_data,,2026-06-15T13:02:02.151027
5be6ff35ca7b2d9b69e596f3cea4ffb9,naverchzzk,,,,,,,,121,로스트아크,85.4,러스티 레이크: 루츠,4.4,서브노티카 2,3.7,8,false,single_game_dominant,,2026-06-15T13:02:07.474102
4076c1f22da9dc071bd29a627924e82e,naverchzzk,,,,,,,,232,마블 라이벌즈,51.6,스크릿치 스크래치,17.1,두근두근타운,10.9,7,true,multi_game,,2026-06-15T13:02:09.142349
ef935e68b61168fbe647f70f0f00431c,naverchzzk,,,,,,,,313,서브노티카 2,27.0,이스케이프 프롬 타르코프,25.5,talk,24.1,8,true,multi_game,,2026-06-15T13:02:12.886570
cc172bd1ab98f911f3bd7e0b816f2f5b,naverchzzk,,,,,,,,1067,talk,100.0,,0,,0,1,false,talk_primary,,2026-06-15T13:02:14.431268
df9e94e7367e608c376562701e048e18,naverchzzk,,,,,,,,389,,0,,0,,0,0,unknown,no_category_data,,2026-06-15T13:02:14.600251
6c6c1f829aa4aa5d846c063ea307741c,naverchzzk,,,,,,,,214,종합 게임,72.3,메이플스토리,11.3,던전앤파이터,10.1,6,true,gg_primary,,2026-06-15T13:02:14.621446
3d83268015a526d90c30b4364fc01b7e,naverchzzk,,,,,,,,229,talk,33.5,붕괴: 스타레일,24.5,리버스: 1999,20.9,7,true,multi_game,,2026-06-15T13:02:14.920565
408bc5c959f8ff760656f5295ecad8d1,naverchzzk,,,,,,,,1086,음악/노래,55.2,talk,44.8,,0,2,false,single_game_or_non_game,,2026-06-15T13:02:15.080332
048391f449ce154fb81b37f83804950f,naverchzzk,,,,,,,,112,이터널 리턴,73.5,팀파이트 매니저 2,13.3,종합 게임,11.5,6,false,single_game_or_non_game,,2026-06-15T13:02:15.157473
0b346c1574eb3663cce90572187c350f,naverchzzk,,,,,,,,726,talk,47.4,숲속의 작은 마녀,24.3,에브리씽 이즈 크랩: 동물 진화 로그라이트,18.4,4,true,multi_game,,2026-06-15T13:02:16.071907
4a86c071039fbe2847e79e3ac7131123,naverchzzk,,,,,,,,417,그림/아트,44.3,이스케이프 프롬 타르코프,28.8,컴퍼니 오브 히어로즈 3,21.3,9,true,multi_game,,2026-06-15T13:02:18.460928
a02fea3c967b4c07e6410108feb805b8,naverchzzk,,,,,,,,505,,0,,0,,0,0,unknown,no_category_data,,2026-06-15T13:02:20.491491
575a82e87a8f817e9c6edca7185fa24c,naverchzzk,,,,,,,,1484,,0,,0,,0,0,unknown,no_category_data,,2026-06-15T13:02:30.144278
11b341ba910f59f356dd6de9a73f2ab7,naverchzzk,,,,,,,,1956,종합 게임,41.9,talk,36.8,음악/노래,21.3,3,true,gg_primary,,2026-06-15T13:02:30.575104
02bfcf9b5573f32ab870dbcf1cce676c,naverchzzk,,,,,,,,440,,0,,0,,0,0,unknown,no_category_data,,2026-06-15T13:02:33.795575
82149213e84208b1b7824a7a145bc254,naverchzzk,,,,,,,,256,talk,32.4,PUBG: 배틀그라운드,25.5,오버워치,15.9,13,true,multi_game,,2026-06-15T13:02:34.347053
46ba350bb54c9881b18fa5fe8ff6585b,naverchzzk,,,,,,,,1538,리그 오브 레전드,91.1,talk,6.3,종합 게임,1.1,5,false,single_game_dominant,,2026-06-15T13:02:35.835563
4f8278894090fa8e34054f2a8d13dd1e,naverchzzk,,,,,,,,456,Once Human,45.8,서브노티카 2,19.8,이환,8.9,8,true,multi_game,,2026-06-15T13:02:35.920578
507ffd8e897b89478db23ea22f07c8ce,naverchzzk,,,,,,,,242,데이 아 빌리언즈,68.4,림버스 컴퍼니,25.5,리그 오브 레전드,3.5,7,true,multi_game,,2026-06-15T13:02:35.928338
605a709309e4a586d9fc165c9b7be0e9,naverchzzk,,,,,,,,1660,리그 오브 레전드,63.3,던전앤파이터,32.2,talk,2.5,5,true,multi_game,,2026-06-15T13:02:36.372669
ace49078adb7b34531d4e782078ab26f,naverchzzk,,,,,,,,259,talk,47.2,겟 투 워크,35.2,종합 게임,9.2,4,false,single_game_or_non_game,,2026-06-15T13:02:36.433843
dbc5906d632b15ff5f226285eb68866d,naverchzzk,,,,,,,,1578,talk,52.3,명일방주: 엔드필드,16.3,마인크래프트,15.9,6,false,talk_primary,,2026-06-15T13:02:39.690484
746201a013be741f2d751e63c8d317ae,naverchzzk,,,,,,,,1756,음악/노래,42.8,림버스 컴퍼니,28.8,talk,17.5,5,true,multi_game,,2026-06-15T13:02:39.926232
cd9fd0cb2cef21c71b3be6df808b950e,naverchzzk,,,,,,,,166,유희왕 마스터 듀얼,38.0,작혼: 리치 마작,16.1,슬레이 더 스파이어 2,11.7,12,true,multi_game,,2026-06-15T13:02:50.831557
7d4b019e96824e6e0d35499b4eede4ad,naverchzzk,,,,,,,,703,승리의 여신: 니케,29.7,오버워치,25.7,이스케이프 프롬 타르코프,24.5,8,true,multi_game,,2026-06-15T13:02:56.649117
7b208ecd789efb4c3dcbea7cca2959da,naverchzzk,,,,,,,,688,오버워치,79.2,음악/노래,11.3,발로란트,7.5,4,false,single_game_or_non_game,,2026-06-15T13:03:02.513170
2b643e1b0cb736763965e0830179a297,naverchzzk,,,,,,,,2207,이터널 리턴,90.4,명조:워더링 웨이브,3.7,talk,2.8,6,false,single_game_dominant,,2026-06-15T13:03:04.105781
f85f37dacf7eccc5192706a4a7db5e27,naverchzzk,,,,,,,,416,PUBG: 배틀그라운드,28.9,종합 게임,18.6,샌드: 레이더스 오브 소피,16.0,10,true,multi_game,,2026-06-15T13:03:04.385057
f070b8c41f933081cc7647ed182c34ad,naverchzzk,,,,,,,,94,친구모아 아일랜드 두근두근 라이프,35.7,종합 게임,28.5,서브노티카,17.9,6,true,multi_game,,2026-06-15T13:03:04.656292
296769ebe91448cd647432a1b2bc47d3,naverchzzk,,,,,,,,900,로스트아크,30.6,PUBG: 배틀그라운드,21.3,에이펙스 레전드,17.9,11,true,multi_game,,2026-06-15T13:03:05.091614
8c6d1ec2a40ab036a38c22516b6629e1,naverchzzk,,,,,,,,876,Once Human,100.0,,0,,0,1,false,single_game_dominant,,2026-06-15T13:03:05.704396
dfdd7178b01f4c6573fb999fc75283ac,naverchzzk,,,,,,,,131,talk,50.0,종합 게임,21.7,바이오하자드 RE:4,15.2,4,false,talk_primary,,2026-06-15T13:03:08.256022
e35f7c5f089c0b94da7540f08852be44,naverchzzk,,,,,,,,5444,talk,53.9,림버스 컴퍼니,20.3,명조:워더링 웨이브,12.4,7,false,talk_primary,,2026-06-15T13:03:13.378704
6740609e358698ff0f33e6b0f3f0f171,naverchzzk,,,,,,,,531,talk,64.5,승리의 여신: 니케,16.5,기동전사 건담 배틀 오퍼레이션 2,14.7,4,false,talk_primary,,2026-06-15T13:03:14.883413
34998f1c505f20ffbca3639bde94e29a,naverchzzk,,,,,,,,1479,,0,,0,,0,0,unknown,no_category_data,,2026-06-15T13:03:17.723557
0a145eaec860caef51d7c28e74d162be,naverchzzk,,,,,,,,183,데드 바이 데이라이트,72.7,여동생 운전 가르치기,27.3,,0,2,true,multi_game,,2026-06-15T13:03:18.656292
cdbe5c81de7d2977e4270ceed18b452f,naverchzzk,,,,,,,,351,,0,,0,,0,0,unknown,no_category_data,,2026-06-15T13:03:18.816747
a9bd0cee494a0c4de5780ca4f761311f,naverchzzk,,,,,,,,479,음악/노래,58.3,talk,41.7,,0,2,false,single_game_or_non_game,,2026-06-15T13:03:18.837807
ef6685bbd903f22039bc5d8bb4147f55,naverchzzk,,,,,,,,42,,0,,0,,0,0,unknown,no_category_data,,2026-06-15T13:03:19.895740
cc3e3251abaf1466434849bc0955cb4e,naverchzzk,,,,,,,,573,talk,47.5,스컬: 더 히어로 슬레이어,15.1,성세천하: 여제의 탄생 Ⅱ,7.8,12,false,single_game_or_non_game,,2026-06-15T13:03:26.047666
18c31cbaeb588915866b702263b2eec8,naverchzzk,,,,,,,,453,로스트아크,36.1,리그 오브 레전드,20.2,talk,17.9,9,true,multi_game,,2026-06-15T13:03:31.353313
5f4c9261c94242801b1ecf3ecbd11f5a,naverchzzk,,,,,,,,463,,0,,0,,0,0,unknown,no_category_data,,2026-06-15T13:03:32.905497
77d636dbad12a580502716ba70c16630,naverchzzk,,,,,,,,373,그림/아트,45.3,다크 소울 3,36.0,talk,18.7,3,false,single_game_or_non_game,,2026-06-15T13:03:33.475096
ec95836f39a65ff2b8e3f37027260668,naverchzzk,,,,,,,,160,종합 게임,24.1,에이리언: 아이솔레이션,18.9,스타듀 밸리,14.5,12,true,gg_primary,,2026-06-15T13:03:35.567139
656fc51aefa5c2a2a44f3e387e801b6d,naverchzzk,,,,,,,,24,,0,,0,,0,0,unknown,no_category_data,,2026-06-15T13:03:35.825275
0bdd2da7d5dd4c68b00fb6471ab36809,naverchzzk,,,,,,,,2007,오버워치,76.6,로스트아크,11.1,디제이맥스 리스펙트 V,5.3,9,false,single_game_or_non_game,,2026-06-15T13:03:36.420682
ff72b8a3fa00dc74df81228cf75a0bbe,naverchzzk,,,,,,,,156,이터널 리턴,75.1,던전앤파이터,24.9,,0,2,true,multi_game,,2026-06-15T13:03:40.240631
4a6c23fb40ac7ed997fe67d8abab083a,naverchzzk,,,,,,,,2037,talk,90.7,음악/노래,3.8,콜 오브 듀티: 모던 워페어 II 2022,2.7,6,false,talk_primary,,2026-06-15T13:03:40.377215
726e8988eb88ec0b19426af7bd9496d9,naverchzzk,,,,,,,,615,이터널 리턴,86.5,이환,6.7,두근두근타운,3.2,8,false,single_game_dominant,,2026-06-15T13:03:46.219143
5497143cce2f987e87850d0ee9deb9b8,naverchzzk,,,,,,,,297,,0,,0,,0,0,unknown,no_category_data,,2026-06-15T13:03:46.239787
3fcdee47f7dce6d1bbbce316323cccfc,naverchzzk,,,,,,,,338,,0,,0,,0,0,unknown,no_category_data,,2026-06-15T13:03:50.745362
1f4796e2d5189d12bfb1eb7b5f18dabf,naverchzzk,,,,,,,,731,talk,52.2,이터널 리턴,16.8,명조:워더링 웨이브,15.7,6,false,talk_primary,,2026-06-15T13:03:52.790762
3ef2c48dfff709246aded1d4357a4fbd,naverchzzk,,,,,,,,77,talk,0,,0,,0,1,false,single_game_or_non_game,,2026-06-15T13:03:52.851472
1d4dff4d3dbee94ece2b64cbaa5267eb,naverchzzk,,,,,,,,1712,talk,27.1,명일방주: 엔드필드,21.6,종합 게임,12.8,12,false,single_game_or_non_game,,2026-06-15T13:03:57.577380
c3c31a5e14b29ac11da61093c7cb1a03,naverchzzk,,,,,,,,221,종합 게임,52.5,talk,31.1,파워워시 시뮬레이터 2,16.4,3,true,gg_primary,,2026-06-15T13:03:59.344367
04b9e7e035b4a8cf75e094d992757a15,naverchzzk,,,,,,,,443,,0,,0,,0,0,unknown,no_category_data,,2026-06-15T13:04:06.866652
d429e9d274e5de63c966dfe9ac9837aa,naverchzzk,,,,,,,,280,FC온라인,99.2,종합 게임,0.8,,0,2,false,single_game_dominant,,2026-06-15T13:04:07.425670
0eba71ab7b6e7406492cf4099af59f3e,naverchzzk,,,,,,,,165,고전 게임,94.6,유로 트럭 시뮬레이터 2,4.7,신데리아,0.7,3,false,single_game_dominant,,2026-06-15T13:04:10.153374
4ca63abec34cb4dc6d0e7f5662507045,naverchzzk,,,,,,,,279,코어 키퍼,23.5,블루 프로토콜: 스타 레조넌스,19.5,림월드,13.9,10,true,multi_game,,2026-06-15T13:04:17.861679
00c8f4a1fde6db50963635f8bfae8391,naverchzzk,,,,,,,,109,PUBG: 배틀그라운드,100.0,,0,,0,1,false,single_game_dominant,,2026-06-15T13:04:24.445276
c96c49c253eb4122842679c2a3b9ebc6,naverchzzk,,,,,,,,1497,talk,67.3,이스케이프 더 백룸,7.6,음악/노래,7.5,9,false,talk_primary,,2026-06-15T13:04:27.107973
7de39549c0166dd68258edf30b40aa30,naverchzzk,,,,,,,,30,종합 게임,80.6,talk,10.6,007 퍼스트 라이트,8.8,3,true,gg_primary,,2026-06-15T13:04:28.764886
e9633317ba86ce4261786e93a93d5c7d,naverchzzk,,,,,,,,588,에브리씽 이즈 크랩: 동물 진화 로그라이트,62.3,talk,17.1,그림/아트,12.8,4,false,single_game_or_non_game,,2026-06-15T13:04:28.875122
7be4284bfb4b56f429f072af2d8c1735,naverchzzk,,,,,,,,397,talk,90.9,PUBG: 배틀그라운드,9.1,,0,2,false,talk_primary,,2026-06-15T13:04:31.002205
bf74f594072e4430f3b12705a8079580,naverchzzk,,,,,,,,820,,0,,0,,0,0,unknown,no_category_data,,2026-06-15T13:04:31.619420
fe55dc10d100a313292ba17b3a970db7,naverchzzk,,,,,,,,665,,0,,0,,0,0,unknown,no_category_data,,2026-06-15T13:04:31.665207
b526e18899e23855ce4a298b812e3b16,naverchzzk,,,,,,,,890,세피리아,38.9,PUBG: 배틀그라운드,37.4,서브노티카 2,23.4,4,true,multi_game,,2026-06-15T13:04:42.994502
c7cfbdfe5ac9ad4e37042d9694421897,naverchzzk,,,,,,,,31,토탈 워: 워해머 3,67.2,슬레이 더 스파이어 2,17.6,컴퍼니 오브 히어로즈,12.0,4,true,multi_game,,2026-06-15T13:04:44.931937
a1522d6bf1fb7737cadbd3ea9535bef7,naverchzzk,,,,,,,,969,림버스 컴퍼니,100.0,,0,,0,1,false,single_game_dominant,,2026-06-15T13:04:50.256675
a3c0a16f67046557fdf22679ebededbe,naverchzzk,,,,,,,,2792,talk,45.6,디아블로 4: 증오의 군주,28.8,붉은사막,11.1,7,false,single_game_or_non_game,,2026-06-15T13:04:54.211925
9fdfaa1b5e044f4285fdc616586865d9,naverchzzk,,,,,,,,946,종합 게임,78.6,마비노기,21.4,,0,2,true,gg_primary,,2026-06-15T13:04:55.058200
287bd9c604c390fe2ff87ae650d62f99,naverchzzk,,,,,,,,2748,이터널 리턴,59.1,메이플스토리 월드,27.8,카오스 제로 나이트메어,5.4,8,true,multi_game,,2026-06-15T13:05:04.566119
96323616ff7dda48c2b1f9a9f940bc39,naverchzzk,,,,,,,,443,talk,39.7,리그 오브 레전드,27.0,음악/노래,12.4,8,false,single_game_or_non_game,,2026-06-15T13:05:05.126284
a130995f9928ab8f5f0136296aed5369,naverchzzk,,,,,,,,122,,0,,0,,0,0,unknown,no_category_data,,2026-06-15T13:05:05.660464
d236b8b83b1d8c65a9d05e39e6537352,naverchzzk,,,,,,,,630,음악/노래,84.8,talk,15.2,,0,2,false,single_game_dominant,,2026-06-15T13:05:06.781415
28e72c8e6bd93999ef3453072b1402ea,naverchzzk,,,,,,,,1027,오버워치,93.4,talk,3.4,마인크래프트,1.9,5,false,single_game_dominant,,2026-06-15T13:05:08.019387
d072ab8481ba07572fe1408841a4f117,naverchzzk,,,,,,,,39,마비노기 영웅전,74.5,종합 게임,25.5,talk,0.0,3,true,multi_game,,2026-06-15T13:05:15.675418
7d00d6eb92c384d1d8e67bdcf50256cb,naverchzzk,,,,,,,,450,이환,57.4,명일방주: 엔드필드,24.6,윈드로즈,13.6,5,true,multi_game,,2026-06-15T13:05:20.395459
f0f57d2c3c9e2ad203bf90357baac8a4,naverchzzk,,,,,,,,285,그림/아트,25.6,종합 게임,12.9,캡처드 2,12.0,9,false,single_game_or_non_game,,2026-06-15T13:05:24.660076
92e5c7f8a6bd79920a1c930e6f011623,naverchzzk,,,,,,,,1671,VR챗,86.0,엘든 링,9.4,talk,4.6,3,false,single_game_dominant,,2026-06-15T13:05:26.931115
3d1c87ae5bf56dcad8f90b8b1eee6221,naverchzzk,,,,,,,,827,,0,,0,,0,0,unknown,no_category_data,,2026-06-15T13:05:28.973718
e63c771d002d40a21b76584708c67b2f,naverchzzk,,,,,,,,182,,0,,0,,0,0,unknown,no_category_data,,2026-06-15T13:05:29.013561
3e1ccf0fb3baf6b78d3b1831bde59f55,naverchzzk,,,,,,,,622,오버워치,40.2,talk,32.3,PUBG: 배틀그라운드,14.7,5,false,single_game_or_non_game,,2026-06-15T13:05:29.069898
9d865b511f02025292d27b6cb9074c2a,naverchzzk,,,,,,,,750,talk,27.5,음악/노래,21.5,전략적 팀 전투 : 우주의 신들,15.5,7,true,multi_game,,2026-06-15T13:05:31.699506
cbf4a9852fc6f242eb501c819cb147c4,naverchzzk,,,,,,,,118,,0,,0,,0,0,unknown,no_category_data,,2026-06-15T13:05:32.894587
9ccacc6be10d2563a0f1ec9d8e73cb93,naverchzzk,,,,,,,,295,마인크래프트,56.2,음악/노래,34.9,talk,7.7,4,true,multi_game,,2026-06-15T13:05:32.972970
adbebe35927f8356b3770a70e8c24364,naverchzzk,,,,,,,,200,talk,35.7,세키로: 섀도우 다이 트와이스,23.0,섀도우버스 월즈 비욘드,20.0,8,true,multi_game,,2026-06-15T13:05:41.708549
717d915daa8ff0b71097f7ca9e8be3a4,naverchzzk,,,,,,,,144,,0,,0,,0,0,unknown,no_category_data,,2026-06-15T13:05:45.915036
8f3c95f3e69a5ece6d66c776cc446732,naverchzzk,,,,,,,,455,패스파인더: 킹메이커,56.0,프리스타일풋볼z,26.5,007 퍼스트 라이트,6.2,8,true,multi_game,,2026-06-15T13:05:46.716149
6c144288aea90dbb1f4d9f60da6e8acf,naverchzzk,,,,,,,,2612,블루 아카이브,61.6,talk,24.6,마인크래프트,6.1,8,false,single_game_or_non_game,,2026-06-15T13:05:49.790885
3fb090c3eab491d4603abfcc1a645273,naverchzzk,,,,,,,,117,레드 데드 리뎀션 2,51.9,디아블로 II: 레저렉션,22.2,디아블로 4: 증오의 군주,12.0,6,true,multi_game,,2026-06-15T13:05:50.848336
ba604d373beea1c5db8b73bab20c2a33,naverchzzk,,,,,,,,1367,사이퍼즈,53.7,검은사막,42.2,그림/아트,2.9,5,true,multi_game,,2026-06-15T13:05:55.626588
3878fc3da3ddcda1fad68457ab9e6783,naverchzzk,,,,,,,,2962,음악/노래,32.4,리그 오브 레전드,30.3,마인크래프트,13.8,10,true,multi_game,,2026-06-15T13:05:56.265001
211dab98e556effea07cd32dcaa37f37,naverchzzk,,,,,,,,594,007 퍼스트 라이트,35.2,이스케이프 더 백룸,29.4,talk,24.6,5,true,multi_game,,2026-06-15T13:05:57.049542
7a60d07a85c5a620cdf012148c58182f,naverchzzk,,,,,,,,393,리그 오브 레전드,100.0,,0,,0,1,false,single_game_dominant,,2026-06-15T13:05:58.944336
54d755db029d2854f9027f1ef2fe7216,naverchzzk,,,,,,,,247,,0,,0,,0,0,unknown,no_category_data,,2026-06-15T13:06:01.099501
5dd56e8a5f50459e031e5edb8671b991,naverchzzk,,,,,,,,235,talk,100.0,,0,,0,1,false,talk_primary,,2026-06-15T13:06:01.623650
3ac36eead7d987339191808f06e066db,naverchzzk,,,,,,,,847,talk,20.1,포켓몬 포코피아,18.3,숲속의 작은 마녀,12.7,14,false,single_game_or_non_game,,2026-06-15T13:06:01.765033
5015f25b1d7ba808aafb76096ff10f19,naverchzzk,,,,,,,,508,,0,,0,,0,0,unknown,no_category_data,,2026-06-15T13:06:01.861669
6e75b02c7ff17b3597d2893a9b37afc8,naverchzzk,,,,,,,,1293,talk,67.7,유로 트럭 시뮬레이터 2,17.3,리그 오브 레전드,4.2,8,false,talk_primary,,2026-06-15T13:06:02.129853
3dc9bf7b33a33332569ef10a3b10ab2b,naverchzzk,,,,,,,,1840,talk,71.9,톰 클랜시의 레인보우 식스 시즈 X,23.0,포 아너,3.2,5,false,talk_primary,,2026-06-15T13:06:07.972854
3a41f52fbf35022142aa6fe13fe34035,naverchzzk,,,,,,,,1367,,0,,0,,0,0,unknown,no_category_data,,2026-06-15T13:06:12.911509
3244782af757b3741e4bd5c146e1db87,naverchzzk,,,,,,,,204,talk,100.0,,0,,0,1,false,talk_primary,,2026-06-15T13:06:23.648074
dac785f62595d758b0421cd270dae414,naverchzzk,,,,,,,,652,스타 시티즌,82.3,이스케이프 프롬 타르코프,11.0,명일방주: 엔드필드,6.7,3,false,single_game_dominant,,2026-06-15T13:06:27.074094
269edc95873a1ec9fc534851c0783d1f,naverchzzk,,,,,,,,724,talk,49.6,사이버펑크 2077,24.2,사이버펑크 2077: 팬텀 리버티,13.3,7,false,single_game_or_non_game,,2026-06-15T13:06:30.159283
ff93bea961c69fa1188ae221f270d47a,naverchzzk,,,,,,,,61,브로큰로어: 언팔로우,100.0,종합 게임,0.0,,0,2,false,single_game_dominant,,2026-06-15T13:06:34.111404
15558be4cb5d45e6f6c0d2ee9967b8b4,naverchzzk,,,,,,,,1863,PUBG: 배틀그라운드,42.7,마인크래프트,17.4,talk,12.7,12,true,multi_game,,2026-06-15T13:06:34.934475
a086aea35fe08c340e6fd8d7f8942f08,naverchzzk,,,,,,,,4279,데드 바이 데이라이트,82.7,Grand Theft Auto V,9.3,PUBG: 배틀그라운드,4.9,5,false,single_game_dominant,,2026-06-15T13:06:35.106901
1dbd44b304285b2c238cc28e4756d88b,naverchzzk,,,,,,,,218,마비노기 모바일,39.1,talk,21.1,서브노티카: 빌로우 제로,12.2,15,false,single_game_or_non_game,,2026-06-15T13:06:36.283234
ff5c50ee96f6871112f776679ea2c4ee,naverchzzk,,,,,,,,1618,talk,72.7,종합 게임,9.6,클로버핏,8.5,6,false,talk_primary,,2026-06-15T13:06:36.850020
7edc1bfd477b6fbfd6d7fb32132f11a6,naverchzzk,,,,,,,,800,PUBG: 배틀그라운드,57.6,talk,14.5,마인크래프트,9.1,13,false,single_game_or_non_game,,2026-06-15T13:06:37.346583
99add47f41ad26bd73e01091aee4347d,naverchzzk,,,,,,,,158,데드 바이 데이라이트,87.0,종합 게임,11.7,talk,1.3,3,false,single_game_dominant,,2026-06-15T13:06:40.781009
88e7b369cd1e4614e0cb61e45455c834,naverchzzk,,,,,,,,351,talk,46.8,마비노기 모바일,34.7,하우스 플리퍼,13.7,4,false,single_game_or_non_game,,2026-06-15T13:06:41.857608
54d303f16a952cba45dabd8b54ae8673,naverchzzk,,,,,,,,307,그림/아트,35.5,PUBG: 배틀그라운드,16.3,talk,14.0,8,false,single_game_or_non_game,,2026-06-15T13:06:45.134855
3fe2c9597d36222e070571d64575b568,naverchzzk,,,,,,,,735,발로란트,100.0,,0,,0,1,false,single_game_dominant,,2026-06-15T13:06:48.046906
7deae6a64978a4904f5d4a2a7bffb0fc,naverchzzk,,,,,,,,1060,,0,,0,,0,0,unknown,no_category_data,,2026-06-15T13:06:53.897542
13bd05e5dfa433e9ea5da4eae5cb5db5,naverchzzk,,,,,,,,200,종합 게임,71.9,스타쉽 트루퍼스: 익스터미네이션,28.1,,0,2,true,gg_primary,,2026-06-15T13:06:57.151476
abc750bb5dd7e8726e1c952571a06408,naverchzzk,,,,,,,,705,철권 8,94.4,종합 게임,4.3,리그 오브 레전드,1.3,3,false,single_game_dominant,,2026-06-15T13:06:57.834533
fdb983a72e11229985fefa67cb20db89,naverchzzk,,,,,,,,113,종합 게임,93.1,talk,6.9,,0,2,true,gg_primary,,2026-06-15T13:07:00.858309
29f34312508d777df1caeecc3f3a81ef,naverchzzk,,,,,,,,275,,0,,0,,0,0,unknown,no_category_data,,2026-06-15T13:07:02.568267
8af74462f4ba3ca44c6e5212f274d844,naverchzzk,,,,,,,,271,talk,60.1,서브노티카 2,23.7,크라임 씬 클리너,13.3,4,false,talk_primary,,2026-06-15T13:07:02.796690
491e397278e313b59c62b4526c1b4200,naverchzzk,,,,,,,,4218,이스케이프 프롬 타르코프,70.5,오버워치,18.9,PUBG: 배틀그라운드,6.3,7,true,multi_game,,2026-06-15T13:07:05.018804
d4be904ce09bab3a51c36a123a0cfd1a,naverchzzk,,,,,,,,529,talk,67.8,크리처 키친,8.5,음악/노래,6.1,7,false,talk_primary,,2026-06-15T13:07:06.811467
367d088c7ab854cac936abf111c4d9f5,naverchzzk,,,,,,,,754,talk,74.9,로스트아크,16.1,그림/아트,3.8,5,false,talk_primary,,2026-06-15T13:07:07.549779
d7e161abcc3a7fd11ae00a109cd9d2f3,naverchzzk,,,,,,,,998,,0,,0,,0,0,unknown,no_category_data,,2026-06-15T13:07:11.383352
714f93d84638d012387ea0924690963a,naverchzzk,,,,,,,,1062,메이플스토리 월드,76.9,talk,8.3,스타크래프트 : 리마스터,6.1,9,false,single_game_or_non_game,,2026-06-15T13:07:16.755697
1e7e3c61e6f0828ebe76005c4e12b849,naverchzzk,,,,,,,,38,,0,,0,,0,0,unknown,no_category_data,,2026-06-15T13:07:18.919706
2434c8e01c4582b37b1ab925af938cde,naverchzzk,,,,,,,,1158,명조:워더링 웨이브,45.8,원신,20.3,이환,19.9,5,true,multi_game,,2026-06-15T13:07:19.755345
6ffacfafd60f25453d6ae512265c372e,naverchzzk,,,,,,,,43,호그와트 레거시,100.0,,0,,0,1,false,single_game_dominant,,2026-06-15T13:07:19.781647
265a7a06f73058e3bd4120859361ffd9,naverchzzk,,,,,,,,76,,0,,0,,0,0,unknown,no_category_data,,2026-06-15T13:07:21.613444
ddab7c928a6ebb76b6e6f4c6be57f3b8,naverchzzk,,,,,,,,2907,,0,,0,,0,0,unknown,no_category_data,,2026-06-15T13:07:21.953311
ff92dac6519969b708bb9b55bd732362,naverchzzk,,,,,,,,495,트릭컬 리바이브,29.7,이환,25.3,림버스 컴퍼니,14.7,11,true,multi_game,,2026-06-15T13:07:22.541346
8f99eb06d95ad8723673d8081a350417,naverchzzk,,,,,,,,1345,야구,65.1,talk,23.8,마인크래프트,4.4,7,false,single_game_or_non_game,,2026-06-15T13:07:22.794078
e7b00254449387c810d35f8dbb4265c7,naverchzzk,,,,,,,,416,,0,,0,,0,0,unknown,no_category_data,,2026-06-15T13:07:22.845174
73d006ad5ed12000547433ed33a68247,naverchzzk,,,,,,,,2927,talk,35.2,음악/노래,32.1,승리의 여신: 니케,8.9,11,false,single_game_or_non_game,,2026-06-15T13:07:25.896079
a9ac8902ceba5035c20c731c3dacdd73,naverchzzk,,,,,,,,282,,0,,0,,0,0,unknown,no_category_data,,2026-06-15T13:07:26.905054
b19141af3d76152a4a1ad9a606663a20,naverchzzk,,,,,,,,107,,0,,0,,0,0,unknown,no_category_data,,2026-06-15T13:07:27.959308
cb49feed1e784ac9fed28498cbd889cc,naverchzzk,,,,,,,,640,,0,,0,,0,0,unknown,no_category_data,,2026-06-15T13:07:28.984261
a572177378319a765b429f998cf88e3d,naverchzzk,,,,,,,,865,talk,35.0,림버스 컴퍼니,30.7,컬트 오브 더 램,8.9,9,false,single_game_or_non_game,,2026-06-15T13:07:31.786839
b2c2cdcf8c7554e003357daa251ff2df,naverchzzk,,,,,,,,679,,0,,0,,0,0,unknown,no_category_data,,2026-06-15T13:07:34.594163
9e94845709cb866233c25a22c22f27ea,naverchzzk,,,,,,,,173,talk,70.5,종합 게임,29.5,,0,2,false,talk_primary,,2026-06-15T13:07:36.365031
bcc05a0348b8349c7018dc950612d325,naverchzzk,,,,,,,,364,PUBG: 배틀그라운드,51.9,마인크래프트,27.8,리그 오브 레전드,6.7,7,true,multi_game,,2026-06-15T13:07:39.025406
37ee4c14a7273fb354665213bd3db991,naverchzzk,,,,,,,,1195,,0,,0,,0,0,unknown,no_category_data,,2026-06-15T13:07:39.193786
65c1bc6a1a73d243762f90ddf98a6860,naverchzzk,,,,,,,,467,talk,55.6,리그 오브 레전드,44.4,,0,2,false,talk_primary,,2026-06-15T13:07:39.620417
813be1d84ac6c3cba204bfe8974a9461,naverchzzk,,,,,,,,1119,패스 오브 엑자일 2,66.8,메이플스토리 월드,25.3,리니지 클래식,4.8,5,true,multi_game,,2026-06-15T13:07:40.170511
b263ab67469dd1a6adaafd9016800906,naverchzzk,,,,,,,,234,포켓몬스터 파이어레드,37.2,이환,24.6,원신,13.1,7,true,multi_game,,2026-06-15T13:07:40.920003
e5d166b4b3fd5c0572867b507ed93a8f,naverchzzk,,,,,,,,617,돈 스타브 투게더,85.7,종합 게임,5.6,배터리노트,3.7,5,false,single_game_dominant,,2026-06-15T13:07:44.762626
c3f3c469ade0b50646d707bbe4c5fa35,naverchzzk,,,,,,,,699,,0,,0,,0,0,unknown,no_category_data,,2026-06-15T13:07:46.936576
c74e12f274bd25a2a27bd9a848d646e7,naverchzzk,,,,,,,,778,마인크래프트,44.7,talk,43.7,오버워치,5.3,8,false,single_game_or_non_game,,2026-06-15T13:07:49.945091
d762d21fab9980b4e4a3e99336beb5da,naverchzzk,,,,,,,,56,,0,,0,,0,0,unknown,no_category_data,,2026-06-15T13:07:51.246522
02f51d5bcb553975a54e245def4d241c,naverchzzk,,,,,,,,1050,,0,,0,,0,0,unknown,no_category_data,,2026-06-15T13:07:55.705783
be9b7b41220331d768e4acaca870f1b0,naverchzzk,,,,,,,,58,,0,,0,,0,0,unknown,no_category_data,,2026-06-15T13:07:57.513370
b511ce442fdf8babd8fe00d7426f86bb,naverchzzk,,,,,,,,605,,0,,0,,0,0,unknown,no_category_data,,2026-06-15T13:08:00.324202
65a087bc8f9801eb2395e4732e579e22,naverchzzk,,,,,,,,644,,0,,0,,0,0,unknown,no_category_data,,2026-06-15T13:08:02.999521
35b825176856fa7ab54f97f111d3344d,naverchzzk,,,,,,,,684,talk,93.8,발로란트,2.1,종합 게임,1.9,5,false,talk_primary,,2026-06-15T13:08:03.095366
0c939c140596e074e149cf60a4b3b4a1,naverchzzk,,,,,,,,932,종합 게임,41.9,겟앰프드,38.2,철권 8,8.8,9,true,gg_primary,,2026-06-15T13:08:03.451943
7ef206fc7c057132698b31b3b1c3acdf,naverchzzk,,,,,,,,3022,talk,58.9,몬스터헌터 스토리즈 3 엇갈린 운명,11.4,명일방주: 엔드필드,9.8,10,false,talk_primary,,2026-06-15T13:08:04.805097
e76a3c62cdfde19b2912022602ad314a,naverchzzk,,,,,,,,852,talk,50.1,마인크래프트,43.7,음악/노래,6.2,3,false,talk_primary,,2026-06-15T13:08:06.217995
fedb21a1e1d5f9862eb47b15c69beadd,naverchzzk,,,,,,,,827,talk,46.0,엘든 링,21.5,음악/노래,9.7,9,false,single_game_or_non_game,,2026-06-15T13:08:09.381382
830d3552c7d6acea5b77cb688e58ba68,naverchzzk,,,,,,,,531,디제이맥스 리스펙트 V,36.3,리그 오브 레전드,29.9,바이오하자드 RE:2,10.0,16,true,multi_game,,2026-06-15T13:08:09.394317
2062dd1f984b9a6aa7c3aad3412455c2,naverchzzk,,,,,,,,21,리그 오브 레전드,53.1,메이플스토리 월드,27.6,종합 게임,13.2,4,true,multi_game,,2026-06-15T13:08:09.686270
28cbc9a7f252b4bccf6fc479caca686e,naverchzzk,,,,,,,,950,음악/노래,45.0,마인크래프트,21.7,talk,10.8,9,true,multi_game,,2026-06-15T13:08:11.615258
65d1a7a3296fd6abcbba547ab2252af5,naverchzzk,,,,,,,,453,그라운드 제로,31.9,톰 클랜시의 레인보우 식스 시즈 X,31.9,이스케이프 프롬 타르코프,17.0,6,true,multi_game,,2026-06-15T13:08:12.780944
176e5416e0b393e3f4f90b12871f76dd,naverchzzk,,,,,,,,44,월드 오브 워크래프트: 한밤,58.6,종합 게임,41.4,,0,2,true,multi_game,,2026-06-15T13:08:14.032295
030ce0559ac21731c2296438bfbc2ae8,naverchzzk,,,,,,,,292,하스스톤,50.0,전략적 팀 전투 : 우주의 신들,33.3,에브리씽 이즈 크랩: 동물 진화 로그라이트,16.7,5,true,multi_game,,2026-06-15T13:08:14.352775
1ce80a5bb1283107cda1e725be93fd01,naverchzzk,,,,,,,,433,,0,,0,,0,0,unknown,no_category_data,,2026-06-15T13:08:14.887678
2f050f29c9924122356ac91765f17e56,naverchzzk,,,,,,,,2004,명일방주: 엔드필드,23.0,명조:워더링 웨이브,21.7,이환,17.9,6,true,multi_game,,2026-06-15T13:08:14.956146
e5bbc9e8491b83f8089fc93d8de50ca7,naverchzzk,,,,,,,,97,,0,,0,,0,0,unknown,no_category_data,,2026-06-15T13:08:22.945736
42ee3afa0ead38afb59238b391ea88a0,naverchzzk,,,,,,,,2548,마인크래프트,100.0,,0,,0,1,false,single_game_dominant,,2026-06-15T13:08:27.034100
5b43ec5f9f42c03a0df2bc878a804538,naverchzzk,,,,,,,,32,,0,,0,,0,0,unknown,no_category_data,,2026-06-15T13:08:27.333421
279eef84b089e12d1dbb5a30a992ed5e,naverchzzk,,,,,,,,201,이스케이프 프롬 타르코프,45.1,더 롱 다크,12.4,데이즈 곤,11.5,15,false,single_game_or_non_game,,2026-06-15T13:08:27.455463
d0f20c63e53807e09b5d05cd59583577,naverchzzk,,,,,,,,719,,0,,0,,0,0,unknown,no_category_data,,2026-06-15T13:08:27.626598
572f901f9a63a4525ff0187b8b2ffd4f,naverchzzk,,,,,,,,1253,로스트아크,49.3,마인크래프트,13.9,리그 오브 레전드,9.6,11,false,single_game_or_non_game,,2026-06-15T13:08:27.875653
a33a60dee5d1b0b9368468e9b3f7ccd5,naverchzzk,,,,,,,,187,,0,,0,,0,0,unknown,no_category_data,,2026-06-15T13:08:28.140298
1106d75ca577becce9b6db49aa2f4148,naverchzzk,,,,,,,,355,에이펙스 레전드,69.6,종합 게임,30.4,,0,2,true,multi_game,,2026-06-15T13:08:28.155114
23c4d2a98b4dd930411a051de1b4587d,naverchzzk,,,,,,,,117,종합 게임,100.0,음악/노래,0.0,오버워치,0.0,4,true,gg_primary,,2026-06-15T13:08:28.301112
705b6a18ecb39d2bd7ed6cca5e320d87,naverchzzk,,,,,,,,1957,talk,85.7,오버워치,14.3,,0,2,false,talk_primary,,2026-06-15T13:08:31.904362
3f9e4d1bbf2e30bd0522d66e83bbc0a2,naverchzzk,,,,,,,,218,프래그마타,37.8,이환,29.4,리그 오브 레전드,20.2,5,true,multi_game,,2026-06-15T13:08:38.931084
8400f4654eca023852f409d393b2565e,naverchzzk,,,,,,,,1238,,0,,0,,0,0,unknown,no_category_data,,2026-06-15T13:08:41.884266
e4a7bc678444dac9529c82a6e2ba5abf,naverchzzk,,,,,,,,109,,0,,0,,0,0,unknown,no_category_data,,2026-06-15T13:08:42.176506
a161b5de604e84b80a1b824384f35eb8,naverchzzk,,,,,,,,187,,0,,0,,0,0,unknown,no_category_data,,2026-06-15T13:08:43.976967
15cb678053aaec6ba36f7534b24f2192,naverchzzk,,,,,,,,424,패스 오브 엑자일 2,77.3,포르자 호라이즌 6,11.9,샌드: 레이더스 오브 소피,3.8,6,false,single_game_or_non_game,,2026-06-15T13:08:50.595230
f7745abca640cbb17b83290ea206b42e,naverchzzk,,,,,,,,127,talk,90.8,오버워치,6.6,앤드 로저,2.6,3,false,talk_primary,,2026-06-15T13:08:50.787821
f025229eebfd7b78b75f6fc33a840cb0,naverchzzk,,,,,,,,331,talk,31.9,TBH: 태스크바 히어로,27.4,리그 오브 레전드,17.5,11,true,multi_game,,2026-06-15T13:08:50.928106
e003cc76def33b6884e0566df5c882e6,naverchzzk,,,,,,,,497,에이펙스 레전드,97.5,타이탄폴 2,0.7,talk,0.7,5,false,single_game_dominant,,2026-06-15T13:08:51.071443
c26fd7e1f01a31a608ece1548fc8e69e,naverchzzk,,,,,,,,354,로스트아크,94.2,리그 오브 레전드,5.5,디제이맥스 포터블,0.3,3,false,single_game_dominant,,2026-06-15T13:08:54.136465
229e61da91cc1b32ee100cb8ac5f756b,naverchzzk,,,,,,,,165,,0,,0,,0,0,unknown,no_category_data,,2026-06-15T13:08:55.516275
d9b0c929f2ba78d4dab29ab455983e87,naverchzzk,,,,,,,,613,,0,,0,,0,0,unknown,no_category_data,,2026-06-15T13:08:58.399279
f3d2eadda7186863a891c87f6ad4b573,naverchzzk,,,,,,,,1611,talk,47.6,림월드,27.1,서브노티카 2,9.0,8,false,single_game_or_non_game,,2026-06-15T13:08:59.043293
bcb9a730560ff9ce2c65327b3d24169b,naverchzzk,,,,,,,,245,프로젝트 좀보이드,93.3,종합 게임,4.5,타워 유나이트,1.1,4,false,single_game_dominant,,2026-06-15T13:09:04.705247
c647462a1762c00d6c30dae42320973c,naverchzzk,,,,,,,,193,talk,100.0,,0,,0,1,false,talk_primary,,2026-06-15T13:09:06.263819
4da08d4815d7c461da289cb6a1240a1f,naverchzzk,,,,,,,,499,,0,,0,,0,0,unknown,no_category_data,,2026-06-15T13:09:07.051102
2d6756a477c2ab682994819a3a5593f3,naverchzzk,,,,,,,,2280,,0,,0,,0,0,unknown,no_category_data,,2026-06-15T13:09:15.927348
fde66e266136cea72f06a13b7c8f484a,naverchzzk,,,,,,,,2024,talk,65.6,포켓몬 레전드 Z-A,30.6,프래그마타,3.8,4,false,talk_primary,,2026-06-15T13:09:19.119280
d9e803f0c54f9b64e03d078cae7c3d3b,naverchzzk,,,,,,,,711,PUBG: 배틀그라운드,40.7,로스트아크,29.6,발로란트,18.5,4,true,multi_game,,2026-06-15T13:09:19.227983
ffa4e48a65c36c6a75d6cda59caa5d9c,naverchzzk,,,,,,,,1856,메이플스토리 월드,77.4,리그 오브 레전드,22.6,,0,2,true,multi_game,,2026-06-15T13:09:20.086814
cd709637e79c615f643716c66d774524,naverchzzk,,,,,,,,680,,0,,0,,0,0,unknown,no_category_data,,2026-06-15T13:09:21.166362
bc559f5bc4fe071ebce0bf523907432e,naverchzzk,,,,,,,,985,,0,,0,,0,0,unknown,no_category_data,,2026-06-15T13:09:21.335765
ab1be0f321d94071b81a58946ab71962,naverchzzk,,,,,,,,678,,0,,0,,0,0,unknown,no_category_data,,2026-06-15T13:09:22.721927
72827bbec4187a10829703330c6149bc,naverchzzk,,,,,,,,802,talk,51.1,종합 게임,19.9,승리의 여신: 니케,19.5,7,false,talk_primary,,2026-06-15T13:09:24.443525
25a691d7449d2df8a5c774289ba7fa8a,naverchzzk,,,,,,,,1213,포켓몬 챔피언스,25.0,마비노기 모바일,22.2,두근두근타운,18.8,8,true,multi_game,,2026-06-15T13:09:27.293413
92560bc6ec6c31ef814166a786082c65,naverchzzk,,,,,,,,44,,0,,0,,0,0,unknown,no_category_data,,2026-06-15T13:09:33.773683
703ac32bfe9fa3200bda5a2477ef20a2,naverchzzk,,,,,,,,632,작혼: 리치 마작,37.9,talk,17.2,스타크래프트 : 리마스터,15.5,10,true,multi_game,,2026-06-15T13:09:34.415177
efdcddb17722e1c7187e3f6ba5e48cdc,naverchzzk,,,,,,,,167,제5인격,72.3,디 이블 위딘,27.7,,0,2,true,multi_game,,2026-06-15T13:09:42.365073
0a666db8a4f82e2c7e4b1324cfea2666,naverchzzk,,,,,,,,514,스텔라 블레이드,57.1,용과 같이: 극,12.6,앨런 웨이크,7.2,9,false,single_game_or_non_game,,2026-06-15T13:09:43.111306
81b8fc04f4914e5ca823ca602d98e9f0,naverchzzk,,,,,,,,584,,0,,0,,0,0,unknown,no_category_data,,2026-06-15T13:09:44.126402
64699fa33e0c5dd6289c301fb277c0b8,naverchzzk,,,,,,,,560,PUBG: 배틀그라운드,74.6,메이플스토리 월드,23.7,2026 FIFA 북중미 월드컵,1.7,3,true,multi_game,,2026-06-15T13:09:45.179016
41bb3c0d8601b085337900ef18f4f695,naverchzzk,,,,,,,,1289,림버스 컴퍼니,38.6,talk,28.5,승리의 여신: 니케,7.7,13,false,single_game_or_non_game,,2026-06-15T13:09:46.978313
7f2200cdb2912877b5a5e6e7f53a9ba1,naverchzzk,,,,,,,,303,서브노티카,56.1,원신,15.9,talk,13.4,7,true,multi_game,,2026-06-15T13:09:47.331264
a3b81e79e990c8a31a4e701b763cd11d,naverchzzk,,,,,,,,761,VR챗,76.1,PUBG: 배틀그라운드,19.7,리그 오브 레전드,4.3,3,true,multi_game,,2026-06-15T13:09:49.396389
b1f0019fa4c1e69638904c91e40dac3b,naverchzzk,,,,,,,,142,talk,33.3,워 썬더,21.4,원신,14.3,7,false,single_game_or_non_game,,2026-06-15T13:09:53.042225
6e0d70f5626d72a65a719992531838d2,naverchzzk,,,,,,,,82,,0,,0,,0,0,unknown,no_category_data,,2026-06-15T13:09:55.364950
c585573cd1ce8ae9cd7fb43a76309bf2,naverchzzk,,,,,,,,1282,talk,37.0,명조:워더링 웨이브,36.1,승리의 여신: 니케,16.8,7,true,multi_game,,2026-06-15T13:09:55.797114
e1d3701b7fd59df1305923bcd95080cb,naverchzzk,,,,,,,,294,,0,,0,,0,0,unknown,no_category_data,,2026-06-15T13:09:56.435249
4464c72ac240fc9a6c9098e4272407cb,naverchzzk,,,,,,,,162,,0,,0,,0,0,unknown,no_category_data,,2026-06-15T13:10:00.579323
00d1906f38b354629b8fcb4a76427dbd,naverchzzk,,,,,,,,167,스타크래프트 II : 공허의 유산,40.1,히어로즈 오브 더 스톰,24.0,서브노티카 2,15.6,6,true,multi_game,,2026-06-15T13:10:04.426543
c1d3e86824b501cf838d988d7cddf05b,naverchzzk,,,,,,,,1155,발로란트,100.0,,0,,0,1,false,single_game_dominant,,2026-06-15T13:10:05.682724
b488406022a428d6ae8e0d4c57ac514e,naverchzzk,,,,,,,,168,,0,,0,,0,0,unknown,no_category_data,,2026-06-15T13:10:07.135255
29f24bd0a7908aa81ed740dbadbc6b4b,naverchzzk,,,,,,,,1410,발로란트,40.7,마인크래프트,24.0,talk,11.7,18,true,multi_game,,2026-06-15T13:10:07.587558
c281020db47f6b1e1d1e3d3114f108d5,naverchzzk,,,,,,,,3489,오버워치,47.9,발로란트,41.1,리그 오브 레전드,4.3,6,true,multi_game,,2026-06-15T13:10:09.364537
681b7afeaa433312ff2a6a8b645b20c7,naverchzzk,,,,,,,,764,,0,,0,,0,0,unknown,no_category_data,,2026-06-15T13:10:09.465065
b1504b06824d26d3a9cd6dc380f50497,naverchzzk,,,,,,,,564,,0,,0,,0,0,unknown,no_category_data,,2026-06-15T13:10:09.538170
e3ca0cef3df86716909b42cac3f3444c,naverchzzk,,,,,,,,1109,PUBG: 배틀그라운드,78.8,마인크래프트,13.2,리그 오브 레전드,3.8,8,false,single_game_or_non_game,,2026-06-15T13:10:10.838475
3de450db9060f3d8636dc8b7c7ae9ab5,naverchzzk,,,,,,,,179,로스트아크,65.9,종합 게임,14.8,talk,10.4,5,false,single_game_or_non_game,,2026-06-15T13:10:12.263725
f91ec04fe804e9ba39300f65e58ab936,naverchzzk,,,,,,,,563,,0,,0,,0,0,unknown,no_category_data,,2026-06-15T13:10:14.115905
426b5b7379ce9d481d356be67c62560f,naverchzzk,,,,,,,,1499,서브노티카 2,56.5,종합 게임,43.5,,0,2,true,multi_game,,2026-06-15T13:10:14.888624
35612bf2d99e3fdd3ef327842c0cf9b3,naverchzzk,,,,,,,,135,,0,,0,,0,0,unknown,no_category_data,,2026-06-15T13:10:15.551099
4308028855bff42863e58a96777e6820,naverchzzk,,,,,,,,1262,PUBG: 배틀그라운드,100.0,,0,,0,1,false,single_game_dominant,,2026-06-15T13:10:15.604228
e5568c2f818221a8a575e2c68ae33d8c,naverchzzk,,,,,,,,30,,0,,0,,0,0,unknown,no_category_data,,2026-06-15T13:10:19.356747
857ebba05292346144ca4f31d6366c41,naverchzzk,,,,,,,,831,프래그마타,100.0,,0,,0,1,false,single_game_dominant,,2026-06-15T13:10:20.647486
d95118d58cf993ba7d2628a5f646077d,naverchzzk,,,,,,,,1178,그림/아트,77.5,트릭컬 리바이브,9.6,오버워치,5.6,7,false,single_game_or_non_game,,2026-06-15T13:10:23.336732
afbcf7ef2de1d5ff2f18abaeec983c4b,naverchzzk,,,,,,,,321,,0,,0,,0,0,unknown,no_category_data,,2026-06-15T13:10:26.778019
c935bfe5ce48cc463db905131c08fb0d,naverchzzk,,,,,,,,904,Once Human,25.9,발로란트,19.5,오버워치,15.3,10,true,multi_game,,2026-06-15T13:10:28.583448
ad36f91152d9907dbf60194c71810fc1,naverchzzk,,,,,,,,184,이스케이프 프롬 타르코프,100.0,종합 게임,0.0,,0,2,false,single_game_dominant,,2026-06-15T13:10:28.644257
9b5f9025298145658dbd8be47c0f0382,naverchzzk,,,,,,,,450,던전앤파이터,84.5,철권 8,10.3,헬다이버즈 2,4.3,4,false,single_game_dominant,,2026-06-15T13:10:29.903333
5569b2532580f926dc0b03c7adca132b,naverchzzk,,,,,,,,3612,,0,,0,,0,0,unknown,no_category_data,,2026-06-15T13:10:32.866548
08cbcf6f38129e27612712d7207664a2,naverchzzk,,,,,,,,4874,talk,100.0,,0,,0,1,false,talk_primary,,2026-06-15T13:10:33.003391
8b04eacf77814a57a740369783a9b898,naverchzzk,,,,,,,,231,talk,36.4,음악/노래,27.2,PUBG: 배틀그라운드,11.8,8,false,single_game_or_non_game,,2026-06-15T13:10:33.030443
3cd51d9cb1dde566c5629b1dcebdf57b,naverchzzk,,,,,,,,944,메이플스토리 월드,68.1,talk,7.8,레이튼 교수와 악마의 상자 HD,5.3,17,false,single_game_or_non_game,,2026-06-15T13:10:36.143284
6efc997a50fb4131866c52072ec16764,naverchzzk,,,,,,,,989,talk,90.7,그림/아트,9.3,,0,2,false,talk_primary,,2026-06-15T13:10:39.806803
c3c8991d780ba0fe7bb7b39d2af4d4c1,naverchzzk,,,,,,,,823,PUBG: 배틀그라운드,27.4,talk,18.3,Grand Theft Auto V,15.8,14,true,multi_game,,2026-06-15T13:10:41.234990
738952e037183f1a4ec25028defe72dc,naverchzzk,,,,,,,,497,,0,,0,,0,0,unknown,no_category_data,,2026-06-15T13:10:46.595340
aba02de73acd0fde38427c243a86b2ec,naverchzzk,,,,,,,,398,메이플스토리,100.0,,0,,0,1,false,single_game_dominant,,2026-06-15T13:10:48.050358
4a372ebe1371e867cf160dcd4deeaf2c,naverchzzk,,,,,,,,1394,명조:워더링 웨이브,42.0,talk,23.9,이환,19.5,15,true,multi_game,,2026-06-15T13:10:48.529510
ae6697767b55d8a88facd21aae2d027d,naverchzzk,,,,,,,,344,두근두근타운,68.9,종합 게임,17.3,007 퍼스트 라이트,12.0,4,true,multi_game,,2026-06-15T13:10:48.861862
03da5f1d509908f8aa5e5aae1c8c06a8,naverchzzk,,,,,,,,1215,talk,42.9,리그 오브 레전드,30.0,메이플스토리 월드,12.8,6,false,single_game_or_non_game,,2026-06-15T13:10:49.368439
2b777f88980e1eda075a9de9928e54cc,naverchzzk,,,,,,,,830,명조:워더링 웨이브,25.4,talk,24.7,엘든 링,21.4,13,true,multi_game,,2026-06-15T13:10:51.500143
ff259e3b7c03d877d6e700cf4b1c32c2,naverchzzk,,,,,,,,224,,0,,0,,0,0,unknown,no_category_data,,2026-06-15T13:10:52.092659
b0b6b39cd316d797833c198677423d8d,naverchzzk,,,,,,,,72,철권 8,69.4,디제이맥스 리스펙트 V,16.3,스트리트 파이터 6,14.3,3,true,multi_game,,2026-06-15T13:10:52.718609
4542703ce5b7e1daf1901bb8b9eb0222,naverchzzk,,,,,,,,2089,talk,97.9,음악/노래,2.1,,0,2,false,talk_primary,,2026-06-15T13:10:53.546373
b7e0c14365c339e0a92c26aa20aad552,naverchzzk,,,,,,,,472,talk,86.6,종합 게임,13.4,,0,2,false,talk_primary,,2026-06-15T13:10:58.723532
1cd261198be20c22207661e555695cbd,naverchzzk,,,,,,,,1607,,0,,0,,0,0,unknown,no_category_data,,2026-06-15T13:11:01.017286
6cde201bdcb1f05fed2f0097ebf2c8b3,naverchzzk,,,,,,,,2997,PUBG: 배틀그라운드,30.5,talk,27.1,발로란트,16.9,5,true,multi_game,,2026-06-15T13:11:02.108401
0498c5275a8e83a9735add69212758e1,naverchzzk,,,,,,,,408,이환,62.4,필즈 오브 미스트리아,21.2,talk,9.4,4,true,multi_game,,2026-06-15T13:11:05.915509
6ff435514692971c23ce8923799097c9,naverchzzk,,,,,,,,3996,패스 오브 엑자일 2,66.6,ASMR,16.0,talk,11.5,4,true,multi_game,,2026-06-15T13:11:06.044988
f7a48f0faecb9dcf07c58b7ec34a5b68,naverchzzk,,,,,,,,2042,talk,88.5,데드 바이 데이라이트,11.5,,0,2,false,talk_primary,,2026-06-15T13:11:11.515964
67f9c47016fe6308b8c4bbdbc695142c,naverchzzk,,,,,,,,1639,talk,77.9,리그 오브 레전드,4.5,승리의 여신: 니케,4.1,8,false,talk_primary,,2026-06-15T13:11:12.118996
f793b6f8f7451bc72ce91a6212b5eae1,naverchzzk,,,,,,,,737,워크래프트 3: 리포지드,100.0,,0,,0,1,false,single_game_dominant,,2026-06-15T13:11:12.425608
ccb95b80ee7be27f845e4f86fd9e159f,naverchzzk,,,,,,,,1113,마인크래프트,57.2,발로란트,18.5,오버워치,11.7,11,true,multi_game,,2026-06-15T13:11:14.103556
087790c98091000d785a368e9ec2e22d,naverchzzk,,,,,,,,391,리그 오브 레전드,100.0,,0,,0,1,false,single_game_dominant,,2026-06-15T13:11:14.164211
4225f60e0d9890a5dbbffd67ee3642dd,naverchzzk,,,,,,,,394,talk,68.5,아크: 서바이벌 이볼브드,12.0,사니양 연구실 (시크릿 플러스),9.8,5,false,talk_primary,,2026-06-15T13:11:16.377078
183fd62a1766c813c3edba93e60e0397,naverchzzk,,,,,,,,168,패스 오브 엑자일 2,44.1,천하제일상거상,40.3,이스케이프 프롬 타르코프,8.9,4,true,multi_game,,2026-06-15T13:11:17.044467
f844fa6788a1373fcc7ac53a06b16632,naverchzzk,,,,,,,,259,,0,,0,,0,0,unknown,no_category_data,,2026-06-15T13:11:17.134480
55ad8f9f2efc705df96ed6e150907044,naverchzzk,,,,,,,,1480,talk,48.2,명조:워더링 웨이브,25.2,헬다이버즈 2,10.1,7,false,single_game_or_non_game,,2026-06-15T13:11:17.509400
27596a1b605858332a998e587cdbab82,naverchzzk,,,,,,,,1634,,0,,0,,0,0,unknown,no_category_data,,2026-06-15T13:11:25.851726
0721511ee249b34ecd32e2c05efcb272,naverchzzk,,,,,,,,46,종합 게임,63.6,발로란트,31.9,데드 애즈 디스코,4.5,3,true,gg_primary,,2026-06-15T13:11:29.674507
454ad90a4a36b5ee1e1918a49f13bef5,naverchzzk,,,,,,,,1368,,0,,0,,0,0,unknown,no_category_data,,2026-06-15T13:11:31.452165
70163f79d7ec01c371e7d074870f6ff9,naverchzzk,,,,,,,,2385,메이플스토리 월드,69.3,이터널 리턴,30.7,,0,2,true,multi_game,,2026-06-15T13:11:33.004448
c3baf6edcc7b51b3fb6ec5e00bbdb80e,naverchzzk,,,,,,,,935,talk,100.0,,0,,0,1,false,talk_primary,,2026-06-15T13:11:33.079446
2737bfddb6120be9faafc4402678bb42,naverchzzk,,,,,,,,933,talk,40.6,PUBG: 배틀그라운드,25.6,오버워치,11.1,12,false,single_game_or_non_game,,2026-06-15T13:11:34.348943
64ffb0ce2c66e8c0d4bd880ac5c0ff07,naverchzzk,,,,,,,,445,talk,76.8,커피 토크 도쿄,14.0,왕좌의 게임: 킹스로드,5.2,4,false,talk_primary,,2026-06-15T13:11:34.974510
ff2ce361010fd1840bcb2a58b0b52d04,naverchzzk,,,,,,,,2978,포르자 호라이즌 6,43.1,talk,39.0,음악/노래,7.8,8,false,single_game_or_non_game,,2026-06-15T13:11:35.220105
caff403a6c25b5b78e1c36f7eda362d8,naverchzzk,,,,,,,,29,talk,100.0,리애니멀,0.0,,0,2,false,talk_primary,,2026-06-15T13:11:36.443189
a224d921895c2271e61922cdf141b722,naverchzzk,,,,,,,,304,두근두근타운,74.5,헬다이버즈 2,19.3,종합 게임,3.6,7,true,multi_game,,2026-06-15T13:11:37.761307
95e771a3e1538cbf48fa34fb4beb203d,naverchzzk,,,,,,,,3437,에코,24.8,talk,22.6,유로 트럭 시뮬레이터 2,16.8,9,true,multi_game,,2026-06-15T13:11:41.153572
bd06e444dbe0fd9e94277d375c3ca954,naverchzzk,,,,,,,,270,PUBG: 배틀그라운드,71.7,리그 오브 레전드,11.1,명조:워더링 웨이브,7.8,9,false,single_game_or_non_game,,2026-06-15T13:11:44.055242
ab4ab8f53050598fa8a9778dd18b295b,naverchzzk,,,,,,,,747,,0,,0,,0,0,unknown,no_category_data,,2026-06-15T13:11:47.460619
0d69e50d7c0d6fbb7ddaff0c61faacab,naverchzzk,,,,,,,,410,,0,,0,,0,0,unknown,no_category_data,,2026-06-15T13:11:49.635501
0dc1c24ce6b06869a1add2a3a4249657,naverchzzk,,,,,,,,158,,0,,0,,0,0,unknown,no_category_data,,2026-06-15T13:11:49.758937
cccbb46dc713d793a747c00ea15129c1,naverchzzk,,,,,,,,1767,talk,28.6,림월드,22.0,리그 오브 레전드,13.2,10,false,single_game_or_non_game,,2026-06-15T13:11:52.661159
ca0a1424c7388ae0a2fc9bf1ae0670d4,naverchzzk,,,,,,,,247,,0,,0,,0,0,unknown,no_category_data,,2026-06-15T13:11:53.335520
476dcb10a7a17a0d848cfcfcd0c25f6e,naverchzzk,,,,,,,,828,로스트아크,90.7,스타듀 밸리,2.9,원신,2.5,8,false,single_game_dominant,,2026-06-15T13:11:53.444561
1e8eff3ec8aab703eedc9a1ad69317f3,naverchzzk,,,,,,,,136,종합 게임,50.6,철권 8,21.7,슬레딩 게임,20.9,5,true,gg_primary,,2026-06-15T13:11:53.580403
24883ccf105d1271a05b5873a3ab57f2,naverchzzk,,,,,,,,407,사이퍼즈,94.4,파이널판타지14,5.6,,0,2,false,single_game_dominant,,2026-06-15T13:11:53.918060
b9687773148113270a39655bf267629e,naverchzzk,,,,,,,,325,,0,,0,,0,0,unknown,no_category_data,,2026-06-15T13:11:54.048213
c95d476610949334065e94d04dd2aee9,naverchzzk,,,,,,,,1222,메이플스토리 월드,55.0,몬길: STAR DIVE,25.0,talk,9.3,13,true,multi_game,,2026-06-15T13:11:56.414268
923c4c36c7706ad5fa1b746b9e31dd8f,naverchzzk,,,,,,,,630,리그 오브 레전드,63.8,이터널 리턴,28.8,talk,4.4,4,true,multi_game,,2026-06-15T13:11:59.710188
f2fd7c9fca55bc02be222b87fb7ef40a,naverchzzk,,,,,,,,305,원신,50.2,크로노스: 더 뉴 던,8.7,톰 클랜시의 레인보우 식스 시즈 X,7.4,13,false,single_game_or_non_game,,2026-06-15T13:11:59.905172
e306318325f8dfab50e25fea1efd6737,naverchzzk,,,,,,,,1206,,0,,0,,0,0,unknown,no_category_data,,2026-06-15T13:12:08.583785
c73d0de3f862b57c07197c29ec2539d4,naverchzzk,,,,,,,,1315,아이온2,95.0,오버워치,5.0,,0,2,false,single_game_dominant,,2026-06-15T13:12:14.022979
3646012a54c583ddb0897d4d1ce2e96f,naverchzzk,,,,,,,,167,talk,92.8,발라트로,3.8,셰프 나이트,2.1,4,false,talk_primary,,2026-06-15T13:12:14.300579
bd435a37373e596d583ed6fd2f17d2f3,naverchzzk,,,,,,,,1877,음악/노래,80.5,PUBG: 배틀그라운드,12.9,친구모아 아일랜드 두근두근 라이프,4.6,4,false,single_game_dominant,,2026-06-15T13:12:15.104229
3c551c7e8f2e3e3848fa8ca559df4dd0,naverchzzk,,,,,,,,55,,0,,0,,0,0,unknown,no_category_data,,2026-06-15T13:12:15.295073
7c190da0ad852a7980f49a007a211454,naverchzzk,,,,,,,,117,PUBG: 배틀그라운드,100.0,,0,,0,1,false,single_game_dominant,,2026-06-15T13:12:15.345313
f03d1d44c9a261332e22c61bca72979c,naverchzzk,,,,,,,,854,마비노기 모바일,36.8,음악/노래,20.5,전략적 팀 전투 : 우주의 신들,8.4,10,true,multi_game,,2026-06-15T13:12:15.736542
103f99c5ddafa23b5dd241e93168be2d,naverchzzk,,,,,,,,868,친구모아 아일랜드 두근두근 라이프,60.7,두근두근타운,17.8,연운,10.9,13,true,multi_game,,2026-06-15T13:12:16.159494
0723aa95b05cb389ecb3ef388fd2e736,naverchzzk,,,,,,,,411,리그 오브 레전드,37.4,이터널 리턴,31.3,talk,19.8,4,true,multi_game,,2026-06-15T13:12:17.467970
5bd3985b094f9e12b2f446aeadf0492c,naverchzzk,,,,,,,,798,,0,,0,,0,0,unknown,no_category_data,,2026-06-15T13:12:18.374192
cc26217d15c3fe4eb2319c8024b2d340,naverchzzk,,,,,,,,529,,0,,0,,0,0,unknown,no_category_data,,2026-06-15T13:12:22.519790
b715984ba6c452b8520fdea639018371,naverchzzk,,,,,,,,347,talk,60.0,마비노기 모바일,40.0,,0,2,false,talk_primary,,2026-06-15T13:12:27.444757
ff8febad15cb392fac1974ace67f17c2,naverchzzk,,,,,,,,268,,0,,0,,0,0,unknown,no_category_data,,2026-06-15T13:12:33.049462
31427af5258e3fec4fa1d1073a3a05a8,naverchzzk,,,,,,,,480,,0,,0,,0,0,unknown,no_category_data,,2026-06-15T13:12:34.814314
a57896cc3606f553e82c76c6b1479cba,naverchzzk,,,,,,,,578,talk,46.4,오버워치,23.3,음악/노래,16.7,6,true,multi_game,,2026-06-15T13:12:39.096862
fa03c6332b8c5bb37c776fdc5a65fcb3,naverchzzk,,,,,,,,815,아이온2,84.7,파이널판타지14,7.2,돈 플레이 디스,3.9,6,false,single_game_dominant,,2026-06-15T13:12:39.305321
bab835be742ebb0488e0d37f17bf2002,naverchzzk,,,,,,,,1258,talk,57.9,엔터 더 건전,16.6,에브리씽 이즈 크랩: 동물 진화 로그라이트,10.8,7,false,talk_primary,,2026-06-15T13:12:39.848725
50a787f79d2070533939b24f7a6b047f,naverchzzk,,,,,,,,809,메이플스토리 월드,51.5,talk,23.1,이스케이프 프롬 타르코프,9.2,13,false,single_game_or_non_game,,2026-06-15T13:12:40.052050
99693201ad07473e07cef1f6942a5cd2,naverchzzk,,,,,,,,313,,0,,0,,0,0,unknown,no_category_data,,2026-06-15T13:12:40.836225
e9813487c354e901305ba5487a545040,naverchzzk,,,,,,,,500,코어 키퍼,25.1,더 헌터: 야생의 부름,21.8,명조:워더링 웨이브,15.1,14,true,multi_game,,2026-06-15T13:12:41.815334
113708096ebf2f057b9b20ae2486295b,naverchzzk,,,,,,,,577,이스케이프 프롬 타르코프,78.8,스타듀 밸리,6.5,talk,5.1,6,false,single_game_or_non_game,,2026-06-15T13:12:47.647695
20a1e7b88ec7cbe50f5e9779fe9fe2f4,naverchzzk,,,,,,,,343,오버워치,100.0,,0,,0,1,false,single_game_dominant,,2026-06-15T13:12:55.434104
2044b293380de23e5df1bb2b4b9407b1,naverchzzk,,,,,,,,864,승리의 여신: 니케,67.4,명조:워더링 웨이브,11.5,림버스 컴퍼니,7.2,9,false,single_game_or_non_game,,2026-06-15T13:12:59.207473
f229e652d87ebbd769ba3a575ff89f1f,naverchzzk,,,,,,,,245,,0,,0,,0,0,unknown,no_category_data,,2026-06-15T13:13:06.494340
a9c30f2043b7f72f4c8d83546be0a671,naverchzzk,,,,,,,,737,이터널 리턴,93.8,음악/노래,3.9,젠레스 존 제로,2.1,4,false,single_game_dominant,,2026-06-15T13:13:06.781932
96e7f7df22670b394e07d1cd4cae1ee4,naverchzzk,,,,,,,,775,talk,32.3,리그 오브 레전드,13.7,이환,12.1,13,false,single_game_or_non_game,,2026-06-15T13:13:06.993432
3f9618a0d8991deb2ac3123742977fd9,naverchzzk,,,,,,,,396,오버워치,40.7,talk,32.8,PUBG: 배틀그라운드,26.6,3,true,multi_game,,2026-06-15T13:13:09.051578
9284b042b06da94f435a6d20819d079b,naverchzzk,,,,,,,,113,종합 게임,30.3,프로젝트 좀보이드,20.2,윈드로즈,14.4,10,true,gg_primary,,2026-06-15T13:13:09.275867
ee0c4a079f51a200781373b82dbb3750,naverchzzk,,,,,,,,727,이환,90.8,VR챗,8.8,talk,0.3,3,false,single_game_dominant,,2026-06-15T13:13:09.398722
d6ca9c32f3f2f4d3a671d8559a072d92,naverchzzk,,,,,,,,618,고전 게임,94.4,포켓몬스터 금,3.7,건파이어 리본,0.8,8,false,single_game_dominant,,2026-06-15T13:13:13.170144
be745b77d16bc2e9cfad5d04bcf8dabb,naverchzzk,,,,,,,,806,마비노기 모바일,100.0,,0,,0,1,false,single_game_dominant,,2026-06-15T13:13:26.288648
414baf5100a43be72ec61b016f8e5029,naverchzzk,,,,,,,,553,이터널 리턴,40.8,작혼: 리치 마작,36.5,슬레이 더 스파이어 2,6.5,13,true,multi_game,,2026-06-15T13:13:28.125427
bb0c9f0006e81330cd30ee8484e8eac8,naverchzzk,,,,,,,,708,프랫폴,50.0,트릭컬 리바이브,50.0,,0,2,true,multi_game,,2026-06-15T13:13:28.760248
f70842baff402a0b951fc68e5254d81e,naverchzzk,,,,,,,,348,talk,100.0,,0,,0,1,false,talk_primary,,2026-06-15T13:13:29.655412
6ee535d09e1e000166096c05f02d7867,naverchzzk,,,,,,,,39,,0,,0,,0,0,unknown,no_category_data,,2026-06-15T13:13:30.988551
7e18a631ab897ce19bb1fee83b4a6f68,naverchzzk,,,,,,,,167,옥토패스 트래블러 II,60.0,파라노마사이트: 혼조의 7가지 미스터리,14.7,더 라이즈 오브 더 골든 아이돌,12.3,8,false,single_game_or_non_game,,2026-06-15T13:13:31.251869
edaed4de662e87414ef8b5c473aa3594,naverchzzk,,,,,,,,929,,0,,0,,0,0,unknown,no_category_data,,2026-06-15T13:13:31.440551
08810e8b17185f0e3e80f5b53eae08f9,naverchzzk,,,,,,,,155,메이플스토리 월드,73.9,리그 오브 레전드,17.7,종합 게임,5.2,5,true,multi_game,,2026-06-15T13:13:31.449065
cc5b5bfb1483ed369625dd3e84d79d8b,naverchzzk,,,,,,,,1653,talk,35.4,림버스 컴퍼니,29.6,더 게임 오브 라이프 포 닌텐도 스위치,5.0,12,false,single_game_or_non_game,,2026-06-15T13:13:31.719739
3efbc4c543ad1a0ad4b263eb81cb209c,naverchzzk,,,,,,,,255,talk,86.8,음악/노래,13.2,,0,2,false,talk_primary,,2026-06-15T13:13:34.859414
f0b9b88a88f1a1bbc192dd793099c5d3,naverchzzk,,,,,,,,296,,0,,0,,0,0,unknown,no_category_data,,2026-06-15T13:13:36.295354
99381b9dca14afccacb0456dc8ec4881,naverchzzk,,,,,,,,848,talk,69.9,구스 구스 덕,17.2,리그 오브 레전드,12.9,3,false,talk_primary,,2026-06-15T13:13:38.513471
36d223a43deec3901b645a62e77c0bd6,naverchzzk,,,,,,,,893,오버워치,62.5,PUBG: 배틀그라운드,18.9,종합 게임,13.5,5,true,multi_game,,2026-06-15T13:13:43.375111
f966db5af83d81993b70d10b38775122,naverchzzk,,,,,,,,137,고스트 트릭,68.6,스트레이,17.1,붕괴: 스타레일,11.4,5,true,multi_game,,2026-06-15T13:13:43.705191
9a489c7e0124e4c9b41de8b7e594a929,naverchzzk,,,,,,,,137,그림/아트,100.0,,0,,0,1,false,single_game_dominant,,2026-06-15T13:13:45.185294
e18444e558cb84d062d82bdb637143ad,naverchzzk,,,,,,,,1483,talk,67.8,이터널 리턴,20.7,리그 오브 레전드,6.6,4,false,talk_primary,,2026-06-15T13:13:46.222182
c00be0ab49ce2d542a9883e90f9e2a4c,naverchzzk,,,,,,,,297,,0,,0,,0,0,unknown,no_category_data,,2026-06-15T13:13:48.838177
253d1fb5227796cd5a2bea39a38fe30d,naverchzzk,,,,,,,,507,이터널 리턴,100.0,,0,,0,1,false,single_game_dominant,,2026-06-15T13:13:50.719420
50f649cf08f289626bc40c6deb72a58a,naverchzzk,,,,,,,,4266,talk,50.5,명조:워더링 웨이브,22.7,서브노티카 2,11.3,6,false,talk_primary,,2026-06-15T13:13:52.446100
b0ad4b78805f7eb11ac7a9fe0b686242,naverchzzk,,,,,,,,1805,철권 8,45.2,talk,17.0,할로우 나이트: 실크송,15.4,12,true,multi_game,,2026-06-15T13:13:53.281824
1a78f2d275e7f80d6053ac43ac9b6e14,naverchzzk,,,,,,,,442,talk,100.0,,0,,0,1,false,talk_primary,,2026-06-15T13:13:57.154221
5dae3ea934f5a78cce746e429516f961,naverchzzk,,,,,,,,638,승리의 여신: 니케,88.4,명조:워더링 웨이브,10.9,종합 게임,0.7,3,false,single_game_dominant,,2026-06-15T13:13:57.160245
517d38ac7e5e4ff80e74cb8495db8251,naverchzzk,,,,,,,,598,점프 킹,97.4,talk,2.6,,0,2,false,single_game_dominant,,2026-06-15T13:13:57.655099
c4c86b947374677f96ce1ee9ec10c668,naverchzzk,,,,,,,,25,,0,,0,,0,0,unknown,no_category_data,,2026-06-15T13:13:58.637903
c6edb805e019f1df68f34d39a9badc40,naverchzzk,,,,,,,,20,,0,,0,,0,0,unknown,no_category_data,,2026-06-15T13:13:59.135380
f608d21236d1331097d801ad86c8e3f4,naverchzzk,,,,,,,,831,talk,56.4,승리의 여신: 니케,38.6,폴가이즈,3.0,4,false,talk_primary,,2026-06-15T13:14:01.057685
341f758e51a2542b008346c3c99dbc62,naverchzzk,,,,,,,,1431,talk,58.4,ASMR,38.3,에이펙스 레전드,3.3,3,false,talk_primary,,2026-06-15T13:14:05.310851
ab756bd312f988fa13e2d5c8744c91b0,naverchzzk,,,,,,,,1615,아레나 브레이크아웃,79.0,PUBG: 배틀그라운드,9.8,talk,2.9,9,false,single_game_or_non_game,,2026-06-15T13:14:09.768553
71f66aa3a105d616aa7a88cf8ebdffde,naverchzzk,,,,,,,,749,오버워치,100.0,,0,,0,1,false,single_game_dominant,,2026-06-15T13:14:10.114223
bea17d85b87ac5ae776853d1697d7df0,naverchzzk,,,,,,,,496,로스트아크,96.2,talk,3.8,,0,2,false,single_game_dominant,,2026-06-15T13:14:10.691282
422f84eac539444b00a30b668c2083e4,naverchzzk,,,,,,,,170,,0,,0,,0,0,unknown,no_category_data,,2026-06-15T13:14:11.842292
635719d6da92bd32257871a6f821b918,naverchzzk,,,,,,,,1506,,0,,0,,0,0,unknown,no_category_data,,2026-06-15T13:14:12.881558
38071c937de058a6d42f88dfdc82c82b,naverchzzk,,,,,,,,390,오버워치,85.0,종합 게임,4.4,폴가이즈,3.0,9,false,single_game_dominant,,2026-06-15T13:14:13.367501
e557f2cc0a4119ce5405b415af4c9043,naverchzzk,,,,,,,,1708,talk,85.0,에리의 액션,6.1,종합 게임,4.7,5,false,talk_primary,,2026-06-15T13:14:13.431736
4ae9592363b5817433142a807b172bb6,naverchzzk,,,,,,,,579,메이플스토리,90.5,talk,7.2,리그 오브 레전드,2.4,3,false,single_game_dominant,,2026-06-15T13:14:13.915655
eca15d2adbee346e82a647904c1559fd,naverchzzk,,,,,,,,2003,talk,72.4,이지투온 리부트: R,27.6,,0,2,false,talk_primary,,2026-06-15T13:14:14.284053
947533ac96e8bb1aa457d04e3983031a,naverchzzk,,,,,,,,525,,0,,0,,0,0,unknown,no_category_data,,2026-06-15T13:14:18.079758
218044b3affeb856e62a5c5f2abeda89,naverchzzk,,,,,,,,126,포켓몬 챔피언스,100.0,,0,,0,1,false,single_game_dominant,,2026-06-15T13:14:19.105405
c0d0231ad6fd2b0059808e31d84b775c,naverchzzk,,,,,,,,461,명조:워더링 웨이브,27.5,리그 오브 레전드,20.1,이터널 리턴,18.8,7,true,multi_game,,2026-06-15T13:14:21.773450
248702e9d224dc59629ba2540adc4a0b,naverchzzk,,,,,,,,76,,0,,0,,0,0,unknown,no_category_data,,2026-06-15T13:14:25.295983
ced3d298788a5a6affb5a1b138e57812,naverchzzk,,,,,,,,458,이환,69.5,마인크래프트,11.9,talk,11.0,4,false,single_game_or_non_game,,2026-06-15T13:14:26.238714
27e08410043a8bd78f21d1736e99368d,naverchzzk,,,,,,,,21,,0,,0,,0,0,unknown,no_category_data,,2026-06-15T13:14:26.794126
8cf648ad529853df39e31352bb1ae53b,naverchzzk,,,,,,,,23,,0,,0,,0,0,unknown,no_category_data,,2026-06-15T13:14:27.005437
4228105c1b603ffe19bb84ac362b88b4,naverchzzk,,,,,,,,842,talk,57.2,할로우 나이트,20.9,음악/노래,9.1,9,false,talk_primary,,2026-06-15T13:14:28.318956
2669bc54821b80d091a99953b197bf36,naverchzzk,,,,,,,,227,리그 오브 레전드,74.6,종합 게임,7.4,오버워치,6.0,10,false,single_game_or_non_game,,2026-06-15T13:14:28.772292
88367a7c57bca710c12285f679be4fc7,naverchzzk,,,,,,,,441,명조:워더링 웨이브,90.3,나 혼자만 레벨업:어라이즈 오버드라이브,7.0,리밋 제로 브레이커스,2.1,4,false,single_game_dominant,,2026-06-15T13:14:29.731854
a4a2dea4364d3963981d66e1268c2c42,naverchzzk,,,,,,,,62,패스 오브 엑자일 2,100.0,,0,,0,1,false,single_game_dominant,,2026-06-15T13:14:30.062718
b8a490db52d4a263def87d2fa9b9864a,naverchzzk,,,,,,,,1790,마인크래프트,53.2,메이플스토리,23.5,talk,11.2,8,true,multi_game,,2026-06-15T13:14:31.631832
0c389894298ff13727647df2c46a6f04,naverchzzk,,,,,,,,197,이스케이프 프롬 타르코프,85.3,에이펙스 레전드,6.1,이터널 리턴,4.8,8,false,single_game_dominant,,2026-06-15T13:14:38.845385
a159378576c47ba382ae2a8c3e306980,naverchzzk,,,,,,,,326,talk,58.7,파타퐁 1+2 리플레이,21.1,종합 게임,10.1,5,false,talk_primary,,2026-06-15T13:14:42.085142
355114d45e65c42e661735f8c38bb36c,naverchzzk,,,,,,,,131,,0,,0,,0,0,unknown,no_category_data,,2026-06-15T13:14:42.214542
df37b99bc3ca439cd41cb18a5c36eabf,naverchzzk,,,,,,,,11,,0,,0,,0,0,unknown,no_category_data,,2026-06-15T13:14:42.434238
5ef00d05887c3cce0c09992bce25249f,naverchzzk,,,,,,,,290,사이퍼즈,51.9,데이브 더 다이버,25.7,이터널 리턴,10.7,6,true,multi_game,,2026-06-15T13:14:42.985072
9a10498e7e984d9a4d3de557fd9af200,naverchzzk,,,,,,,,1205,승리의 여신: 니케,41.4,talk,31.9,명조:워더링 웨이브,16.1,6,true,multi_game,,2026-06-15T13:14:43.104078
aa96c022058979bc961960fd6d22e7fa,naverchzzk,,,,,,,,80,,0,,0,,0,0,unknown,no_category_data,,2026-06-15T13:14:43.395678
f26657ac3f1c0ae5e8618557bb58533c,naverchzzk,,,,,,,,1137,리그 오브 레전드,82.9,talk,9.7,음악/노래,2.7,6,false,single_game_dominant,,2026-06-15T13:14:43.597641
2cdfeb1a977e0b0f695214aefd601615,naverchzzk,,,,,,,,945,히어로즈 오브 더 스톰,53.1,프로젝트 좀보이드,32.0,디아블로 4: 증오의 군주,6.5,7,true,multi_game,,2026-06-15T13:14:44.367636
4689938f36cf099ba2d03d957e22f9e9,naverchzzk,,,,,,,,978,음악/노래,70.9,종합 게임,12.8,그림/아트,10.3,6,false,single_game_or_non_game,,2026-06-15T13:14:46.765464
518eabca054efbbf177f2cf3f85852a1,naverchzzk,,,,,,,,2228,,0,,0,,0,0,unknown,no_category_data,,2026-06-15T13:14:55.415546
afc226321d8342f2c6c7b1ef97bcd3a6,naverchzzk,,,,,,,,385,,0,,0,,0,0,unknown,no_category_data,,2026-06-15T13:14:58.696953
05d7ab36c54449089f3547f5b5c7fd84,naverchzzk,,,,,,,,374,,0,,0,,0,0,unknown,no_category_data,,2026-06-15T13:14:58.877949
7e4e05f9b6fd0862d2c9cc0d01a51ee3,naverchzzk,,,,,,,,2014,메이플스토리,77.1,talk,7.9,성세천하: 여제의 탄생 Ⅱ,6.6,7,false,single_game_or_non_game,,2026-06-15T13:15:02.143935
01a12e1d9939e6cd4a71222b219880f3,naverchzzk,,,,,,,,161,마인크래프트,23.9,발로란트,14.9,PUBG: 배틀그라운드,13.3,15,false,single_game_or_non_game,,2026-06-15T13:15:02.568832
2ad04609758ff13d84778bcd83519fc3,naverchzzk,,,,,,,,1222,talk,53.9,엘든 링,15.0,PUBG: 배틀그라운드,9.1,12,false,talk_primary,,2026-06-15T13:15:03.060222
64559dc10cd78e6b84d516ca57001b42,naverchzzk,,,,,,,,859,마인크래프트,34.5,에이펙스 레전드,29.6,명조:워더링 웨이브,18.0,9,true,multi_game,,2026-06-15T13:15:03.134142
95ef23acfc4873eb0908b9cb8c775a62,naverchzzk,,,,,,,,4683,talk,33.3,아이작의 번제: 리버스,22.0,성세천하: 여제의 탄생,17.4,6,true,multi_game,,2026-06-15T13:15:03.412634
59c16520796cf026c88bfb13ac8be39e,naverchzzk,,,,,,,,996,로스트아크,94.9,언젠가는 도착해,3.7,구스 구스 덕,1.4,3,false,single_game_dominant,,2026-06-15T13:15:03.778521
c4b914afd0eacfe0c9b05c5b402e5826,naverchzzk,,,,,,,,476,,0,,0,,0,0,unknown,no_category_data,,2026-06-15T13:15:03.944946
4480799b7095c6d113b345e5f053fd80,naverchzzk,,,,,,,,1394,메이플스토리,98.7,talk,1.3,,0,2,false,single_game_dominant,,2026-06-15T13:15:08.657168
4d4387a742bc92e1f1cfe4c43c71f14c,naverchzzk,,,,,,,,223,talk,64.8,종합 게임,14.1,작혼: 리치 마작,6.8,11,false,talk_primary,,2026-06-15T13:15:10.284514
f05762c27b1d7363c9a050e44587719d,naverchzzk,,,,,,,,1740,,0,,0,,0,0,unknown,no_category_data,,2026-06-15T13:15:15.710796
6f96757cb6526fe15745b1470530f276,naverchzzk,,,,,,,,1141,,0,,0,,0,0,unknown,no_category_data,,2026-06-15T13:15:17.235540
12aca2db33995834e997433e924f6c6c,naverchzzk,,,,,,,,278,,0,,0,,0,0,unknown,no_category_data,,2026-06-15T13:15:17.478617
a585c2722e2cd54b9a4e4f324a12a530,naverchzzk,,,,,,,,841,리그 오브 레전드,68.7,talk,25.0,PUBG: 배틀그라운드,6.3,3,false,single_game_or_non_game,,2026-06-15T13:15:18.554340
7bf59e9906e5d9dc63a6a80457d60b18,naverchzzk,,,,,,,,425,talk,50.7,바이오하자드 7 레지던트 이블,6.8,스타크래프트 : 리마스터,6.6,18,false,talk_primary,,2026-06-15T13:15:19.130069
6813eba67ac5c54cc224c9663544560f,naverchzzk,,,,,,,,675,마인크래프트,72.9,talk,10.9,모여봐요 동물의 숲,5.0,7,false,single_game_or_non_game,,2026-06-15T13:15:20.086195
c315a311746200a9f689b4377b751c0b,naverchzzk,,,,,,,,869,이터널 리턴,28.9,음악/노래,21.7,성세천하: 여제의 탄생 Ⅱ,11.1,12,true,multi_game,,2026-06-15T13:15:20.360250
ef032d51099c26e55c1caa02fbc0ab5f,naverchzzk,,,,,,,,368,림버스 컴퍼니,72.0,방 탈출 시뮬레이터2,16.0,워프레임,8.0,4,true,multi_game,,2026-06-15T13:15:20.625433
c55f440fe8ac3f9adff6f2a27ec9876e,naverchzzk,,,,,,,,222,talk,56.7,그림/아트,18.5,종합 게임,13.1,6,false,talk_primary,,2026-06-15T13:15:21.335309
a15d23d7f33a7e0073df600019f7c505,naverchzzk,,,,,,,,1556,발로란트,82.0,talk,18.0,,0,2,false,single_game_dominant,,2026-06-15T13:15:23.631691
ba5d85ba72fe92eb63dbff2bdb34685c,naverchzzk,,,,,,,,775,,0,,0,,0,0,unknown,no_category_data,,2026-06-15T13:15:29.465450
ed81e1c3bed5d1af0456d41fda76f9b1,naverchzzk,,,,,,,,301,,0,,0,,0,0,unknown,no_category_data,,2026-06-15T13:15:37.786012
0d807bd9e1b71c71fad580f11b666b31,naverchzzk,,,,,,,,171,,0,,0,,0,0,unknown,no_category_data,,2026-06-15T13:15:38.113407
0f4774c61489992234709fd1c0d0b01c,naverchzzk,,,,,,,,172,,0,,0,,0,0,unknown,no_category_data,,2026-06-15T13:15:38.205671
9bd111975038fefc833b7df978b4be68,naverchzzk,,,,,,,,2249,,0,,0,,0,0,unknown,no_category_data,,2026-06-15T13:15:40.602355
bcf03700c8b1034217de08323e4a7ae2,naverchzzk,,,,,,,,2096,talk,39.8,오버워치,11.0,PUBG: 배틀그라운드,9.8,17,false,single_game_or_non_game,,2026-06-15T13:15:40.964452
fd92e1b98ebd19413cd73cde0f40701b,naverchzzk,,,,,,,,37,리그 오브 레전드,40.0,음악/노래,40.0,그림/아트,20.0,3,true,multi_game,,2026-06-15T13:15:42.535316
19084de4736b490be305cb1690dd1c03,naverchzzk,,,,,,,,1263,음악/노래,26.9,talk,20.5,마인크래프트,17.0,14,true,multi_game,,2026-06-15T13:15:42.708557
e528f5105fb757dbe6050bed8ca77541,naverchzzk,,,,,,,,245,talk,34.2,역전재판 3,16.6,종합 게임,13.8,13,false,single_game_or_non_game,,2026-06-15T13:15:42.727716
af82a9f77e2c0f2cb3072405379451ca,naverchzzk,,,,,,,,407,리그 오브 레전드,100.0,,0,,0,1,false,single_game_dominant,,2026-06-15T13:15:42.968260
429c8b47323d32714ea3c5bf10f87e97,naverchzzk,,,,,,,,671,,0,,0,,0,0,unknown,no_category_data,,2026-06-15T13:15:51.410649
11aa58ba63d65bd0aeb891eea27aa3fc,naverchzzk,,,,,,,,485,,0,,0,,0,0,unknown,no_category_data,,2026-06-15T13:15:53.945357
e90cf133df88bbeefac0d741a37ee5d8,naverchzzk,,,,,,,,600,이터널 리턴,42.2,오버워치,22.3,테라리아,11.6,11,true,multi_game,,2026-06-15T13:15:55.621290
43292e0f4d47804cae77436c7763e1c8,naverchzzk,,,,,,,,1114,,0,,0,,0,0,unknown,no_category_data,,2026-06-15T13:15:55.676730
4053a87f70ee7e18d536019e11291db5,naverchzzk,,,,,,,,111,,0,,0,,0,0,unknown,no_category_data,,2026-06-15T13:15:56.032122
3285a960f1d932a39ea4b09054a962cc,naverchzzk,,,,,,,,882,월드 오브 워크래프트: 한밤,100.0,,0,,0,1,false,single_game_dominant,,2026-06-15T13:15:56.118094
2a9e91108f2a96e7bd8e685f9b4339a7,naverchzzk,,,,,,,,327,talk,29.5,음악/노래,15.5,서브노티카 2,11.9,9,false,single_game_or_non_game,,2026-06-15T13:15:56.338290
6f634f5899c7ec11455cdfcb1131e4f1,naverchzzk,,,,,,,,1886,모여봐요 동물의 숲,62.9,친구모아 아일랜드 두근두근 라이프,16.6,포켓몬 포코피아,12.3,5,true,multi_game,,2026-06-15T13:15:56.526048
a832d52bc6930e374ef41ab1b397a1de,naverchzzk,,,,,,,,2697,음악/노래,98.1,종합 게임,1.9,,0,2,false,single_game_dominant,,2026-06-15T13:15:56.982059
fd55c4deb3544f85af74828c862f53d9,naverchzzk,,,,,,,,473,,0,,0,,0,0,unknown,no_category_data,,2026-06-15T13:15:58.871380
d69fff77bd75a266241ebca4ffb0574a,naverchzzk,,,,,,,,520,talk,61.8,셰프 나이트,9.4,클로버핏,7.5,15,false,talk_primary,,2026-06-15T13:16:04.513601
0e03d684b62c2d12583a747393401088,naverchzzk,,,,,,,,70,,0,,0,,0,0,unknown,no_category_data,,2026-06-15T13:16:11.324069
d2cd02d96e04f8455abe567edd4c29be,naverchzzk,,,,,,,,451,아레나 브레이크아웃,50.4,talk,18.5,서브노티카 2,9.5,14,false,single_game_or_non_game,,2026-06-15T13:16:11.855156
15d9739a4b327d67b34db4e2e38c0d79,naverchzzk,,,,,,,,106,,0,,0,,0,0,unknown,no_category_data,,2026-06-15T13:16:12.148024
fa87f1fa14f13bd76cdd019a331bb032,naverchzzk,,,,,,,,254,,0,,0,,0,0,unknown,no_category_data,,2026-06-15T13:16:12.334073
aa9a72952a6b7874bcb7fd3ad929c1e3,naverchzzk,,,,,,,,52,철권 8,87.3,헬테이커,9.8,talk,2.9,3,false,single_game_dominant,,2026-06-15T13:16:13.235121
894fb3eb909a714a672803af9d42f928,naverchzzk,,,,,,,,1796,마인크래프트,66.5,talk,15.4,PUBG: 배틀그라운드,8.8,9,false,single_game_or_non_game,,2026-06-15T13:16:14.066259
5706f0676d2769f81db1b3f31a53ff80,naverchzzk,,,,,,,,449,마비노기 모바일,49.2,로스트아크,22.5,이환,16.2,9,true,multi_game,,2026-06-15T13:16:15.086755
e5741666d750cc335e2ab60271544543,naverchzzk,,,,,,,,205,,0,,0,,0,0,unknown,no_category_data,,2026-06-15T13:16:15.540808
c55f080ab12aaf586646f4d19c982c28,naverchzzk,,,,,,,,1632,던전앤파이터,100.0,,0,,0,1,false,single_game_dominant,,2026-06-15T13:16:16.986861
ed432dc7231cbe1f682eca9f06193c65,naverchzzk,,,,,,,,71,,0,,0,,0,0,unknown,no_category_data,,2026-06-15T13:16:25.165090
6c36d176628dfb9787342423be202ed3,naverchzzk,,,,,,,,476,talk,45.5,엘든 링,16.9,종합 게임,9.9,8,false,single_game_or_non_game,,2026-06-15T13:16:31.906971
9af3fb95baf4549053a1c442f16f53f1,naverchzzk,,,,,,,,1673,이환,100.0,,0,,0,1,false,single_game_dominant,,2026-06-15T13:16:33.563573
a611e1b4139d1ec6c9154e1179e33b15,naverchzzk,,,,,,,,250,,0,,0,,0,0,unknown,no_category_data,,2026-06-15T13:16:33.624293
1bd0e73c0742559fb39d83f6db7b68d3,naverchzzk,,,,,,,,289,피크,22.7,talk,22.7,튜닉,19.6,9,true,multi_game,,2026-06-15T13:16:33.713376
91f8de75d9d993c236b6be83b1857689,naverchzzk,,,,,,,,314,원신,42.4,로스트아크,25.9,talk,21.2,6,true,multi_game,,2026-06-15T13:16:33.929164
6250b25eba07cfa4eb13a8b376328d19,naverchzzk,,,,,,,,345,talk,35.0,엘든 링,20.2,페이크북,11.4,13,false,single_game_or_non_game,,2026-06-15T13:16:34.675386
a888c2aa0a015dddef2ac7cbb283e71e,naverchzzk,,,,,,,,39,종합 게임,93.4,이스케이프 프롬 타르코프,4.0,서브노티카 2,1.7,4,true,gg_primary,,2026-06-15T13:16:36.297994
79ab43ee260fd49c005191a469389cd7,naverchzzk,,,,,,,,325,,0,,0,,0,0,unknown,no_category_data,,2026-06-15T13:16:36.342186
0982b0a6aadbbde5f727cc00f47d3363,naverchzzk,,,,,,,,1471,talk,43.5,트릭컬 리바이브,24.3,그림/아트,7.7,10,false,single_game_or_non_game,,2026-06-15T13:16:36.580365
aab05c1132b4d41e2c1486d6b9b9d525,naverchzzk,,,,,,,,395,로스트아크,100.0,,0,,0,1,false,single_game_dominant,,2026-06-15T13:16:39.661852
ce806dbb676851fbfcc7556078af685d,naverchzzk,,,,,,,,329,,0,,0,,0,0,unknown,no_category_data,,2026-06-15T13:16:45.120337
b3834a987dc9775cf8a11871da56b5c6,naverchzzk,,,,,,,,142,,0,,0,,0,0,unknown,no_category_data,,2026-06-15T13:16:46.165101
493f35c6ff74fd831203a900df7d5e88,naverchzzk,,,,,,,,153,에픽세븐,98.7,리밋 제로 브레이커스,1.3,,0,2,false,single_game_dominant,,2026-06-15T13:16:46.211563
031bce12c8c9d9a3c4c7dea497a79a9a,naverchzzk,,,,,,,,949,,0,,0,,0,0,unknown,no_category_data,,2026-06-15T13:16:46.565233
ba8b8c5470e84a115f33f2a34d9e3110,naverchzzk,,,,,,,,7123,talk,82.0,슬레이 더 스파이어 2,11.7,슈퍼 스매시브라더스 얼티밋,6.4,3,false,talk_primary,,2026-06-15T13:16:49.488003
f6b50750d56efab855824afadd917a58,naverchzzk,,,,,,,,416,,0,,0,,0,0,unknown,no_category_data,,2026-06-15T13:16:50.341669
e5f9778c18f2895c0f041edabd2edeeb,naverchzzk,,,,,,,,694,델타포스,87.5,서브노티카 2,7.3,아스트로니어,2.7,4,false,single_game_dominant,,2026-06-15T13:16:50.772409
b402dc3eeadeab5839c7559f8711e293,naverchzzk,,,,,,,,406,talk,64.2,사니양 연구실 (시크릿 플러스),23.7,림버스 컴퍼니,4.4,7,false,talk_primary,,2026-06-15T13:16:51.061158
7867d6ae0b65fd2db0158d030d320404,naverchzzk,,,,,,,,766,마비노기 영웅전,63.2,명조:워더링 웨이브,12.4,데드 아일랜드 2,7.9,10,false,single_game_or_non_game,,2026-06-15T13:16:51.090699
658d48103b62b240c6a2ce4e79c5c965,naverchzzk,,,,,,,,196,,0,,0,,0,0,unknown,no_category_data,,2026-06-15T13:16:52.652117
527cdff1e808397bc51c865e9b635adf,naverchzzk,,,,,,,,2015,음악/노래,28.8,이터널 리턴,21.7,talk,19.3,8,true,multi_game,,2026-06-15T13:17:08.391059
b02dddcb31f96fe1ba4c49f7e855d276,naverchzzk,,,,,,,,208,서든어택,60.7,리그 오브 레전드,16.2,발로란트,11.0,7,true,multi_game,,2026-06-15T13:17:08.709343
30b7a4f1abda452281f6054f3d2b17d1,naverchzzk,,,,,,,,2300,이터널 리턴,20.5,talk,20.5,스타크래프트 : 리마스터,15.9,14,true,multi_game,,2026-06-15T13:17:08.817883
35a038dd7f8edfba921108a2d76bd215,naverchzzk,,,,,,,,627,FC온라인,50.6,전략적 팀 전투 : 우주의 신들,49.4,,0,2,true,multi_game,,2026-06-15T13:17:10.582449
21d119029ab682cd4356b52bc270f953,naverchzzk,,,,,,,,1089,아이온2,19.8,아크 레이더스,16.2,메이플스토리 월드,15.5,9,true,multi_game,,2026-06-15T13:17:11.006867
ae6519031f2d7eb1c90af04321a0b643,naverchzzk,,,,,,,,1441,PUBG: 배틀그라운드,38.5,로스트아크,28.8,마인크래프트,12.7,7,true,multi_game,,2026-06-15T13:17:13.191113
27903270a24831fe43d4e096163142a2,naverchzzk,,,,,,,,671,talk,56.2,음악/노래,33.4,종합 게임,10.4,3,false,talk_primary,,2026-06-15T13:17:13.776048
82e55f09f2235ac3d23c155bf20877de,naverchzzk,,,,,,,,3398,talk,82.6,리그 오브 레전드,6.5,음악/노래,2.9,7,false,talk_primary,,2026-06-15T13:17:13.783556
2b84638f7b372e9b8c851a29ce7f515c,naverchzzk,,,,,,,,167,오버워치,97.7,종합 게임,2.3,,0,2,false,single_game_dominant,,2026-06-15T13:17:14.042354
bc828253d654781cacfffacfd2e8978c,naverchzzk,,,,,,,,724,,0,,0,,0,0,unknown,no_category_data,,2026-06-15T13:17:19.965192
edde39729e24d00df2808e651a6d8129,naverchzzk,,,,,,,,448,talk,57.7,서브노티카 2,25.5,프래그마타,10.5,4,false,talk_primary,,2026-06-15T13:17:24.120134
7f894159ac4d94eb5e0b774433c9d1ea,naverchzzk,,,,,,,,830,이환,50.5,Once Human,23.8,패스 오브 엑자일 2,9.8,7,true,multi_game,,2026-06-15T13:17:25.172048
993e466b9c6f772405c02a169a8ca476,naverchzzk,,,,,,,,70,,0,,0,,0,0,unknown,no_category_data,,2026-06-15T13:17:28.954180
5ef68dab9a8d4fd9c358694d9b6efb77,naverchzzk,,,,,,,,171,,0,,0,,0,0,unknown,no_category_data,,2026-06-15T13:17:29.019410
0a75c8f29ea3f675a6b1764a53c3ff13,naverchzzk,,,,,,,,582,talk,22.6,V 라이징,18.8,연운,17.1,10,true,multi_game,,2026-06-15T13:17:30.775101
f2a9973e36680c32467a266d4e9d90c1,naverchzzk,,,,,,,,1013,로스트아크,45.6,마인크래프트,16.2,전략적 팀 전투 : 우주의 신들,15.1,9,true,multi_game,,2026-06-15T13:17:31.276357
c82e101e1cf85a13d00c5ee621ae06a3,naverchzzk,,,,,,,,253,,0,,0,,0,0,unknown,no_category_data,,2026-06-15T13:17:31.963599
b2d5af771e2ace887c86e514e953b4f2,naverchzzk,,,,,,,,924,명일방주,30.7,talk,26.9,명일방주: 엔드필드,15.5,10,true,multi_game,,2026-06-15T13:17:32.465514
46d94fc32422a609162e1091a6d75bab,naverchzzk,,,,,,,,1160,talk,41.7,ELDEN RING 밤의 통치자,30.1,유희왕 마스터 듀얼,12.5,7,false,single_game_or_non_game,,2026-06-15T13:17:32.569600
8a4cee16200b3ea39a9f27ef72dfb856,naverchzzk,,,,,,,,202,,0,,0,,0,0,unknown,no_category_data,,2026-06-15T13:17:33.953985
42956fe0a0af5cea4fce3fa5721fe2f9,naverchzzk,,,,,,,,6440,발로란트,69.4,talk,20.5,종합 게임,4.5,6,false,single_game_or_non_game,,2026-06-15T13:17:40.898908
3dad4b63ec6c116bf230951e5362ddc9,naverchzzk,,,,,,,,930,,0,,0,,0,0,unknown,no_category_data,,2026-06-15T13:17:48.994567
711d4d1a947b0ff1b9bc381bcb89ed9f,naverchzzk,,,,,,,,216,talk,50.0,골프 위드 유어 프렌즈,20.0,리그 오브 레전드,10.0,5,false,talk_primary,,2026-06-15T13:17:49.132429
74e79142b1db379dce32040c7ba3316e,naverchzzk,,,,,,,,616,talk,55.7,승리의 여신: 니케,18.9,더 롱 다크,6.4,8,false,talk_primary,,2026-06-15T13:17:50.464430
16213558d1b36c86063f345a173e87fd,naverchzzk,,,,,,,,936,마비노기 모바일,66.4,talk,14.9,림버스 컴퍼니,11.9,14,false,single_game_or_non_game,,2026-06-15T13:17:51.358454
90497fc9ba635fd31fa8f17043618a24,naverchzzk,,,,,,,,483,talk,37.0,할로우 나이트: 실크송,24.5,서브노티카,20.1,9,true,multi_game,,2026-06-15T13:17:52.715960
9dae12aba137c65ba5c5f5158be2bbcb,naverchzzk,,,,,,,,766,메이플스토리,41.7,talk,21.4,승리의 여신: 니케,21.1,7,true,multi_game,,2026-06-15T13:17:53.148171
3e1648d93929d0230903e1198b274568,naverchzzk,,,,,,,,938,퍼스트 디센던트,88.5,듀엣 나이트 어비스,6.1,이환,5.3,4,false,single_game_dominant,,2026-06-15T13:17:53.765059
9d094fcd5fd1ce9a8bb3f244cbe30788,naverchzzk,,,,,,,,319,포르자 호라이즌 6,68.7,유로 트럭 시뮬레이터 2,15.9,테트리스,8.1,10,true,multi_game,,2026-06-15T13:17:54.161594
9cb7107b940997f62227d4b1bdbdb5f1,naverchzzk,,,,,,,,1558,talk,33.1,림버스 컴퍼니,20.3,몬스터 헌터 월드: 아이스본,17.6,11,true,multi_game,,2026-06-15T13:17:55.072657
131dea2a91a16ef18c6b1edb55e60773,naverchzzk,,,,,,,,340,,0,,0,,0,0,unknown,no_category_data,,2026-06-15T13:17:57.432187
2ecd98310383bdd93fb5aa8e8151dee0,naverchzzk,,,,,,,,200,종합 게임,66.8,아이온2,33.2,,0,2,true,gg_primary,,2026-06-15T13:17:58.814365
30943d6a1a57fd807252267cb540cd54,naverchzzk,,,,,,,,655,철권 8,31.9,talk,28.2,그림/아트,9.9,16,false,single_game_or_non_game,,2026-06-15T13:17:59.669943
196b5a72d5635df40998eea4aa8f257f,naverchzzk,,,,,,,,1494,데드 바이 데이라이트,54.2,던전앤파이터,39.1,메이플스토리,6.7,3,true,multi_game,,2026-06-15T13:18:04.707245
ec72ea1e695c50f8ae4796826a4e3beb,naverchzzk,,,,,,,,509,,0,,0,,0,0,unknown,no_category_data,,2026-06-15T13:18:05.057463
04ba46557a96e7ddb20a4419c3d96872,naverchzzk,,,,,,,,301,,0,,0,,0,0,unknown,no_category_data,,2026-06-15T13:18:06.635199
8bd4497b9b57933fd3b309c19d9af473,naverchzzk,,,,,,,,169,,0,,0,,0,0,unknown,no_category_data,,2026-06-15T13:18:08.299498
e1b4c4264d1a26e757ecb6fb48cc4af1,naverchzzk,,,,,,,,187,승리의 여신: 니케,43.4,talk,31.9,종합 게임,14.0,5,false,single_game_or_non_game,,2026-06-15T13:18:09.657908
60a32a228dd11987e650abbe73876326,naverchzzk,,,,,,,,299,,0,,0,,0,0,unknown,no_category_data,,2026-06-15T13:18:10.075106
99bf8b11eb851e5db7871a297dc8aaaa,naverchzzk,,,,,,,,868,Grand Theft Auto V,48.7,오버워치,19.7,talk,11.1,10,true,multi_game,,2026-06-15T13:18:10.154189
2ccdaee4954f50670dce254d76f5308f,naverchzzk,,,,,,,,854,talk,42.9,그림/아트,12.1,음악/노래,9.9,13,false,single_game_or_non_game,,2026-06-15T13:18:10.549607
ed568494e643f1a1a5653c81ffaa933b,naverchzzk,,,,,,,,151,철권 8,60.9,종합 게임,12.5,먹방/쿡방,7.0,11,false,single_game_or_non_game,,2026-06-15T13:18:11.482241
6a8984eb7f0fa1129bf588c35c040857,naverchzzk,,,,,,,,677,,0,,0,,0,0,unknown,no_category_data,,2026-06-15T13:18:13.337147
540b7cc4586300c48ba12a76f2c8aa88,naverchzzk,,,,,,,,278,,0,,0,,0,0,unknown,no_category_data,,2026-06-15T13:18:13.479081
cd06fafa7f20f4e7dd850f996d7c49a3,naverchzzk,,,,,,,,240,talk,39.8,붕괴: 스타레일,21.3,트릭컬 리바이브,15.9,10,true,multi_game,,2026-06-15T13:18:16.191161
b75739b3b0667f9a39b4473da203b2ad,naverchzzk,,,,,,,,1834,,0,,0,,0,0,unknown,no_category_data,,2026-06-15T13:18:16.195217
c4d5f4117a9dc557d968e83c9255b57b,naverchzzk,,,,,,,,1333,,0,,0,,0,0,unknown,no_category_data,,2026-06-15T13:18:18.865211
9b4723ac77b358c044d1ceb6250b5309,naverchzzk,,,,,,,,530,,0,,0,,0,0,unknown,no_category_data,,2026-06-15T13:18:23.334349
e46cea323438412a97ed8d9311571ac6,naverchzzk,,,,,,,,582,talk,48.8,더 게임 오브 시시포스,13.5,융융 전파 신드롬,8.5,14,false,single_game_or_non_game,,2026-06-15T13:18:28.082080
95b3f3b27ca43ac8b89fc79577a1c0f3,naverchzzk,,,,,,,,785,림버스 컴퍼니,32.4,그림/아트,26.1,talk,26.1,7,false,single_game_or_non_game,,2026-06-15T13:18:30.066860
663ed2123b9188ef59e446779c0d8d94,naverchzzk,,,,,,,,1242,메이플스토리 월드,46.3,VR챗,29.8,talk,8.5,8,true,multi_game,,2026-06-15T13:18:30.205214
23b0fa6f721f998611c2b03a6167b5a0,naverchzzk,,,,,,,,189,,0,,0,,0,0,unknown,no_category_data,,2026-06-15T13:18:30.593985
af2670ebefcb46845b1214475d8e8646,naverchzzk,,,,,,,,485,로스트아크,81.9,전략적 팀 전투 : 우주의 신들,6.8,인디아나 존스: 그레이트 서클,6.2,8,false,single_game_dominant,,2026-06-15T13:18:31.453503
179c972d4a0c5c8103ce86863b7b2337,naverchzzk,,,,,,,,212,,0,,0,,0,0,unknown,no_category_data,,2026-06-15T13:18:32.138102
4b2b2873dd2eca2b092945f9f448a762,naverchzzk,,,,,,,,963,talk,41.4,음악/노래,18.7,메이플스토리 월드,13.2,10,false,single_game_or_non_game,,2026-06-15T13:18:32.459281
852e70e68d191be3e194ed3b625cb199,naverchzzk,,,,,,,,225,talk,21.8,성세천하: 여제의 탄생 Ⅱ,19.5,종합 게임,19.1,10,true,multi_game,,2026-06-15T13:18:32.849698
aea5b7abae9806188556cdac07834589,naverchzzk,,,,,,,,324,talk,31.5,메이플스토리 월드,27.6,종합 게임,13.2,9,false,single_game_or_non_game,,2026-06-15T13:18:33.266219
332252c897ee72e03b9854a6a15d1a56,naverchzzk,,,,,,,,348,talk,51.3,리그 오브 레전드,20.9,메이플스토리 월드,6.5,15,false,talk_primary,,2026-06-15T13:18:36.769442
7a1690b78e052b87cc60ba182f5e1d3d,naverchzzk,,,,,,,,2373,,0,,0,,0,0,unknown,no_category_data,,2026-06-15T13:18:47.441162
4c4b713d3ea8d42cc20f334045d4dc74,naverchzzk,,,,,,,,1196,리그 오브 레전드,32.6,젤다의 전설 티어스 오브 더 킹덤,14.1,PUBG: 배틀그라운드,13.9,9,false,single_game_or_non_game,,2026-06-15T13:18:50.860135
53343c68298913841d6da7237b719a84,naverchzzk,,,,,,,,530,에이펙스 레전드,46.0,talk,43.1,서브노티카 2,5.9,6,false,single_game_or_non_game,,2026-06-15T13:18:51.155535
0f4f18f178575c7cb2e1da6d04fc9657,naverchzzk,,,,,,,,196,명조:워더링 웨이브,32.9,이환,24.4,스노우 브레이크: 포비든 존,17.7,9,true,multi_game,,2026-06-15T13:18:51.727708
1c7da6cfa0e17c272616a2734aa8c22f,naverchzzk,,,,,,,,247,아레나 브레이크아웃,63.1,에이펙스 레전드,29.2,패스 오브 엑자일 2,6.6,4,true,multi_game,,2026-06-15T13:18:52.103704
3fd1a6ced5b550cf810b58bf775bcc00,naverchzzk,,,,,,,,917,오버워치,26.7,talk,20.1,스테퍼 케이스:초능력 추리 어드벤처,16.1,8,true,multi_game,,2026-06-15T13:18:52.726156
1f70ac2d2e5d437b3bc5eedb262efa98,naverchzzk,,,,,,,,401,오버워치,67.7,종합 게임,27.8,talk,2.4,4,true,multi_game,,2026-06-15T13:18:53.138855
03b332ef80f4dd0aa68b07d11a34d28b,naverchzzk,,,,,,,,44,전략적 팀 전투 : 우주의 신들,66.7,talk,22.2,메이플스토리,11.1,3,false,single_game_or_non_game,,2026-06-15T13:18:53.221868
1ffd81497f26656589e9921436fdc697,naverchzzk,,,,,,,,1127,로스트아크,51.0,전략적 팀 전투 : 우주의 신들,9.7,리그 오브 레전드,8.3,10,false,single_game_or_non_game,,2026-06-15T13:18:54.518103
e7cc8848fa4cbfcbf55085454a1dc218,naverchzzk,,,,,,,,1278,바이오하자드 레퀴엠,60.7,talk,20.5,위스퍼 오브 더 하우스,18.8,3,true,multi_game,,2026-06-15T13:18:55.456090
9181ac6dc8902fc6e7c240be36e5c183,naverchzzk,,,,,,,,374,,0,,0,,0,0,unknown,no_category_data,,2026-06-15T13:19:08.370167
d71aa743b97bf9569855fe4034907c4e,naverchzzk,,,,,,,,310,몬스터 헌터 월드: 아이스본,55.1,마인크래프트,22.4,데드 바이 데이라이트,12.2,4,true,multi_game,,2026-06-15T13:19:10.373372
3d6a680fd18b2fc0c9113a55fbf8230d,naverchzzk,,,,,,,,284,,0,,0,,0,0,unknown,no_category_data,,2026-06-15T13:19:11.284331
1edab1edfde6af2b9ea1c9b4ef6f41a8,naverchzzk,,,,,,,,286,,0,,0,,0,0,unknown,no_category_data,,2026-06-15T13:19:12.425127
1c6fada938b302c8b19784c5ddb5c3d7,naverchzzk,,,,,,,,2838,talk,51.1,승리의 여신: 니케,27.7,마인크래프트,8.1,6,false,talk_primary,,2026-06-15T13:19:12.971972
3da31ea1ccde23f2d2f6b1e4d20d1322,naverchzzk,,,,,,,,1083,발로란트,50.0,마인크래프트,16.7,talk,10.4,7,true,multi_game,,2026-06-15T13:19:13.463505
b3e3e73ea0921d3d30bdd632cfafc5d2,naverchzzk,,,,,,,,607,talk,79.7,음악/노래,8.4,영화,6.4,5,false,talk_primary,,2026-06-15T13:19:15.576463
26957114ae96093a6c58f3ecf9a47aae,naverchzzk,,,,,,,,3233,talk,42.9,이환,39.9,메이플스토리 월드,17.2,3,true,multi_game,,2026-06-15T13:19:16.078514
6053c0214159af98b0e8dfc787e49554,naverchzzk,,,,,,,,857,talk,18.8,이터널 리턴,16.5,브라운더스트2,13.1,19,false,single_game_or_non_game,,2026-06-15T13:19:17.180125
388e4da12932487056d2f05d1817fb2c,naverchzzk,,,,,,,,1318,,0,,0,,0,0,unknown,no_category_data,,2026-06-15T13:19:17.828691
5894304475a3bcc8adc55e8d70c60eb8,naverchzzk,,,,,,,,551,,0,,0,,0,0,unknown,no_category_data,,2026-06-15T13:19:19.350737
aa8d08b18c8001e4cf59c4d9ce699564,naverchzzk,,,,,,,,25,,0,,0,,0,0,unknown,no_category_data,,2026-06-15T13:19:20.273703
b5bfba0beda4e0757e34b13092de03eb,naverchzzk,,,,,,,,498,talk,100.0,,0,,0,1,false,talk_primary,,2026-06-15T13:19:22.899687
f5d22cf5db373f7ec1a08527c915c905,naverchzzk,,,,,,,,77,,0,,0,,0,0,unknown,no_category_data,,2026-06-15T13:19:24.411741
aeaa0aeb05ebf8655b6bd51fa665857e,naverchzzk,,,,,,,,375,리그 오브 레전드,79.4,스타크래프트 : 리마스터,8.0,전략적 팀 전투 : 우주의 신들,7.5,6,false,single_game_or_non_game,,2026-06-15T13:19:26.984107
ebdd494a49f3f4efa0f007bba7d8c469,naverchzzk,,,,,,,,422,,0,,0,,0,0,unknown,no_category_data,,2026-06-15T13:19:29.894427
6d6e213a87a1fa5315a0da74ac15946e,naverchzzk,,,,,,,,81,,0,,0,,0,0,unknown,no_category_data,,2026-06-15T13:19:31.306594
5765fd46cc77d3833c76ded471e1f61b,naverchzzk,,,,,,,,858,리그 오브 레전드,32.2,아레나 브레이크아웃,25.8,디제이맥스 리스펙트 V,8.6,13,true,multi_game,,2026-06-15T13:19:31.763582
123b23a811f94b48b6c79f0d3261b2a0,naverchzzk,,,,,,,,373,엘든 링,43.3,마인크래프트,17.5,talk,17.1,15,true,multi_game,,2026-06-15T13:19:33.457038
8e97e048991ce9912e74c84149d1a214,naverchzzk,,,,,,,,1261,일곱 개의 대죄: Origin,89.9,이환,5.3,일곱 개의 대죄: GRAND CROSS,4.9,3,false,single_game_dominant,,2026-06-15T13:19:33.739554
6cdd99209a7dba277f753b149d6cf372,naverchzzk,,,,,,,,1288,,0,,0,,0,0,unknown,no_category_data,,2026-06-15T13:19:35.161009
16e117a492bea77106531673f005e23f,naverchzzk,,,,,,,,580,오버워치,79.0,리그 오브 레전드,11.2,성세천하: 여제의 탄생 Ⅱ,3.8,6,false,single_game_or_non_game,,2026-06-15T13:19:37.645208
9477a52f7f137b6a91c491638eee5841,naverchzzk,,,,,,,,266,오버워치,55.5,서브노티카 2,34.7,talk,9.8,3,true,multi_game,,2026-06-15T13:19:39.582201
891972b24c4603cd367e2cd0080752e5,naverchzzk,,,,,,,,243,몬스터 헌터 와일즈,68.8,에브리씽 이즈 크랩: 동물 진화 로그라이트,9.4,talk,6.6,10,false,single_game_or_non_game,,2026-06-15T13:19:39.675438
d9cece0ebb3be29da228bb64ed873691,naverchzzk,,,,,,,,140,마인크래프트,50.0,talk,30.0,종합 게임,20.0,3,true,multi_game,,2026-06-15T13:19:41.545422
fcc48cce8c6db1fce4721668ab99e125,naverchzzk,,,,,,,,782,음악/노래,85.9,talk,13.1,라스트 네이버,1.0,3,false,single_game_dominant,,2026-06-15T13:19:41.784388
a93901cfd6813947bd499a395e5fbca8,naverchzzk,,,,,,,,2224,talk,50.9,음악/노래,49.1,,0,2,false,talk_primary,,2026-06-15T13:19:41.929290
2030a669dc8a34691c24d3b9bddbf0c0,naverchzzk,,,,,,,,624,유희왕 마스터 듀얼,76.5,점프 킹,11.8,우리집 반려소녀,7.6,4,false,single_game_or_non_game,,2026-06-15T13:19:43.331331
d67d581bae5b11442d84be1144a07013,naverchzzk,,,,,,,,284,,0,,0,,0,0,unknown,no_category_data,,2026-06-15T13:19:43.509125
ce614dfe7f8a59daee3177cf8752e4a6,naverchzzk,,,,,,,,1524,talk,38.2,프래그마타,34.6,니디 걸 오버도즈 : NEEDY GIRL OVERDOSE,10.0,7,false,single_game_or_non_game,,2026-06-15T13:19:44.185423
888fee885791d42944942c84a9b88503,naverchzzk,,,,,,,,555,팰월드,61.8,두근두근타운,31.6,음악/노래,4.5,4,true,multi_game,,2026-06-15T13:19:54.266994
e1fa6c160b2504b5cd190a095b618130,naverchzzk,,,,,,,,349,,0,,0,,0,0,unknown,no_category_data,,2026-06-15T13:19:57.225313
0ef8872b25c5c62833715a75640baa6a,naverchzzk,,,,,,,,872,,0,,0,,0,0,unknown,no_category_data,,2026-06-15T13:19:58.961257
ebbb25b1d119c0f12970993931638f7a,naverchzzk,,,,,,,,1022,로스트아크,75.6,이터널 리턴,21.7,종합 게임,2.7,3,true,multi_game,,2026-06-15T13:20:00.174870
28c8a29241f2b391bc4efc14acc81ed9,naverchzzk,,,,,,,,1608,카운터-스트라이크 온라인,81.4,디제이맥스 리스펙트 V,15.4,이지투온 리부트: R,3.1,3,false,single_game_dominant,,2026-06-15T13:20:00.651752
e3c646cd497169ed427270e7fe52ff3f,naverchzzk,,,,,,,,146,붉은사막,72.3,오버워치,26.0,몬스터 헌터 와일즈,1.3,4,true,multi_game,,2026-06-15T13:20:01.366301
202a3f2a818aed09d124e3bb892152ca,naverchzzk,,,,,,,,886,talk,68.9,로스트아크,18.0,오구와 비밀의 숲,13.1,3,false,talk_primary,,2026-06-15T13:20:01.857436
954fb6b61e165af2aea29d3f52109d47,naverchzzk,,,,,,,,1031,리그 오브 레전드,51.7,PUBG: 배틀그라운드,21.7,이환,10.6,8,true,multi_game,,2026-06-15T13:20:02.019525
3515726bbf94920ee4e6475f823a3a36,naverchzzk,,,,,,,,2161,리그 오브 레전드,85.7,talk,9.6,메이플스토리,4.7,3,false,single_game_dominant,,2026-06-15T13:20:02.214465
f5ac3798ef6aab52ade0f9235cbf122b,naverchzzk,,,,,,,,27,,0,,0,,0,0,unknown,no_category_data,,2026-06-15T13:20:02.625811
13add72a9cf1e296eaff035e9fe8b300,naverchzzk,,,,,,,,1455,림버스 컴퍼니,36.0,talk,23.7,스타크래프트 : 리마스터,12.7,15,false,single_game_or_non_game,,2026-06-15T13:20:05.899746
29dcd0e288aa57fc32a068d91a094bfc,naverchzzk,,,,,,,,190,,0,,0,,0,0,unknown,no_category_data,,2026-06-15T13:20:06.592237
6d7811c04a4a8ff0d7edcca572d8827d,naverchzzk,,,,,,,,321,서브노티카,77.8,리그 오브 레전드,22.2,,0,2,true,multi_game,,2026-06-15T13:20:10.787002
54c4d82732657b0aa4728db50db6be87,naverchzzk,,,,,,,,43,,0,,0,,0,0,unknown,no_category_data,,2026-06-15T13:20:15.195375
adfd3554abd518abde9ac19776405717,naverchzzk,,,,,,,,187,헬다이버즈 2,29.7,"워해머 40,000: 스페이스 마린 2",27.2,발헤임,25.5,8,true,multi_game,,2026-06-15T13:20:16.050239
07cd657cc1b295288ea180456735d3a3,naverchzzk,,,,,,,,298,,0,,0,,0,0,unknown,no_category_data,,2026-06-15T13:20:18.657414
4fc64d839b88c4396a609485ceaaec3d,naverchzzk,,,,,,,,500,,0,,0,,0,0,unknown,no_category_data,,2026-06-15T13:20:18.952324
da1d143c86dfb69ac667e1df63ce9063,naverchzzk,,,,,,,,532,엘든 링,51.8,붉은사막,47.8,귀무자 Way of the Sword,0.4,3,true,multi_game,,2026-06-15T13:20:19.874473
6f3d81da787c852f27bf4c8a36261c1e,naverchzzk,,,,,,,,2479,오버워치,80.3,talk,13.1,서브노티카 2,2.9,7,false,single_game_dominant,,2026-06-15T13:20:20.338672
d202a12455e7e1e617637a98e5add553,naverchzzk,,,,,,,,565,talk,41.8,인격해체,17.2,프래그마타,14.3,8,false,single_game_or_non_game,,2026-06-15T13:20:20.371337
bf21adda33120014ca6c5a7aa45d9564,naverchzzk,,,,,,,,1192,오버워치,100.0,,0,,0,1,false,single_game_dominant,,2026-06-15T13:20:20.500408
1443ef6454ac57f5add2b91f121a8d3e,naverchzzk,,,,,,,,852,,0,,0,,0,0,unknown,no_category_data,,2026-06-15T13:20:20.789542
b9259d008c4b828433ea4e1d1fb467e5,naverchzzk,,,,,,,,2056,,0,,0,,0,0,unknown,no_category_data,,2026-06-15T13:20:23.220424
d10594215444398ada015cba2b9a7eb1,naverchzzk,,,,,,,,79,포르자 호라이즌 6,65.8,007 퍼스트 라이트,21.9,talk,12.3,3,true,multi_game,,2026-06-15T13:20:24.710841
da0d2be06a5948c3494eb64e2d07ef7b,naverchzzk,,,,,,,,660,VR챗,100.0,,0,,0,1,false,single_game_dominant,,2026-06-15T13:20:35.725536
9d3f837953fabcd3aae0e3dc96c9e2c0,naverchzzk,,,,,,,,190,음악/노래,100.0,talk,0.0,,0,2,false,single_game_dominant,,2026-06-15T13:20:36.410761
a810a66092def1949468369f8bbdb697,naverchzzk,,,,,,,,887,메이플스토리 월드,77.5,talk,21.9,음악/노래,0.6,3,false,single_game_or_non_game,,2026-06-15T13:20:38.855424
ea16cc492f778f16663b97ecdb18610a,naverchzzk,,,,,,,,1445,,0,,0,,0,0,unknown,no_category_data,,2026-06-15T13:20:39.525340
e9dae42d16bb265cc8f12de51534f6d2,naverchzzk,,,,,,,,84,오버워치,86.3,종합 게임,12.0,림월드,1.0,5,false,single_game_dominant,,2026-06-15T13:20:40.515487
102af5375e37dd74a9979d239f85e7b7,naverchzzk,,,,,,,,399,페이트/그랜드 오더,73.8,talk,15.5,블루 아카이브,3.5,6,false,single_game_or_non_game,,2026-06-15T13:20:40.878625
af0f0b9880cd3fa14a3e50a296d72ecb,naverchzzk,,,,,,,,224,FC온라인,44.2,2026 FIFA 북중미 월드컵,28.3,talk,16.1,7,true,multi_game,,2026-06-15T13:20:41.358962
60df4036c68428636e26ee01006e428c,naverchzzk,,,,,,,,457,PUBG: 배틀그라운드,21.9,종합 게임,18.5,talk,15.8,11,true,multi_game,,2026-06-15T13:20:41.565345
1c35da049f50f88d15736bbe3f26ca13,naverchzzk,,,,,,,,1245,마인크래프트,30.9,talk,25.8,사이버펑크 2077,8.8,12,false,single_game_or_non_game,,2026-06-15T13:20:42.180207
6bcb1bdfcc21ee3eaf95a8af787db060,naverchzzk,,,,,,,,396,,0,,0,,0,0,unknown,no_category_data,,2026-06-15T13:20:45.219221
8451db6e6603213da480c4d1a578ee5f,naverchzzk,,,,,,,,253,,0,,0,,0,0,unknown,no_category_data,,2026-06-15T13:20:45.387203
2789ac8ab18f159ac296e211197e6c13,naverchzzk,,,,,,,,1330,,0,,0,,0,0,unknown,no_category_data,,2026-06-15T13:20:46.598635
2e802a7d8e0ea3d304fe2f33f0748054,naverchzzk,,,,,,,,273,talk,72.5,두근두근 문예부!,9.5,음악/노래,7.7,5,false,talk_primary,,2026-06-15T13:20:47.173717
cd0275c5eac9a3b5085ecb4baee9574a,naverchzzk,,,,,,,,740,,0,,0,,0,0,unknown,no_category_data,,2026-06-15T13:20:53.961108
137550d4645f5397be7ce23b66d03a89,naverchzzk,,,,,,,,530,카오스 제로 나이트메어,29.7,디아블로 4: 증오의 군주,29.2,원신,19.6,7,true,multi_game,,2026-06-15T13:20:54.673313
8f8dd50690143b06110c93ff9b1a6fd8,naverchzzk,,,,,,,,1723,talk,38.8,이환,19.5,레드 데드 리뎀션 2,8.9,18,false,single_game_or_non_game,,2026-06-15T13:20:55.584126
cd740fab3ade2ed1b5e81566ddb3b682,naverchzzk,,,,,,,,415,talk,36.8,리그 오브 레전드,34.3,그림/아트,7.8,8,false,single_game_or_non_game,,2026-06-15T13:20:57.484271
6ee1c7dd9823d9fdb0416eaa75483208,naverchzzk,,,,,,,,321,워프레임,26.2,이환,17.5,V 라이징,13.7,16,true,multi_game,,2026-06-15T13:20:58.137552
a960ac1e850cfde6a36efa2ef9fac978,naverchzzk,,,,,,,,144,,0,,0,,0,0,unknown,no_category_data,,2026-06-15T13:20:59.217194
5be483a7ba96c3085eb3541e3dc767de,naverchzzk,,,,,,,,331,전략적 팀 전투 : 우주의 신들,30.1,PUBG: 배틀그라운드,29.5,talk,18.1,14,true,multi_game,,2026-06-15T13:21:00.096883
fb373a756677b73ce4c18aa3e79f65e2,naverchzzk,,,,,,,,416,마인크래프트,46.5,워 썬더,20.3,롬스테드,17.4,10,true,multi_game,,2026-06-15T13:21:00.405217
40a7f1d3f24b773769ddb54ef2163334,naverchzzk,,,,,,,,355,아이온2,86.2,리그 오브 레전드,6.9,포르자 호라이즌 6,3.6,4,false,single_game_dominant,,2026-06-15T13:21:00.518587
19a9dd70b8fcc29c889494267efdfc21,naverchzzk,,,,,,,,3204,메이플스토리 월드,98.0,talk,2.0,,0,2,false,single_game_dominant,,2026-06-15T13:21:03.960053
f8cdbdbd82fa010f0a55285438c6d1ac,naverchzzk,,,,,,,,79,V 라이징,50.5,서브노티카 2,16.1,종합 게임,9.7,8,true,multi_game,,2026-06-15T13:21:04.054453
151a70f534cab33665859597c274095a,naverchzzk,,,,,,,,2899,로스트아크,95.3,종합 게임,4.7,,0,2,false,single_game_dominant,,2026-06-15T13:21:04.374482
e796c84bc495a08baf3c5ab70f13a256,naverchzzk,,,,,,,,484,발로란트,52.0,마인크래프트,16.0,talk,15.6,7,true,multi_game,,2026-06-15T13:21:10.914321
97c69a12835bba786fb82f2c849f2ba8,naverchzzk,,,,,,,,952,talk,67.3,음악/노래,14.5,레이튼 교수와 악마의 상자 HD,4.1,12,false,talk_primary,,2026-06-15T13:21:15.487626
c6883e9be221c06615447b8792d9d8ba,naverchzzk,,,,,,,,2637,talk,87.6,친구모아 아일랜드 두근두근 라이프,8.5,메이플스토리 월드,3.9,3,false,talk_primary,,2026-06-15T13:21:21.752241
4f33fd189614dfe4d619987119021d36,naverchzzk,,,,,,,,576,talk,70.7,마인크래프트,8.7,테일즈런너,8.1,9,false,talk_primary,,2026-06-15T13:21:22.515186
30472812e2740969ed3dd1a187411df5,naverchzzk,,,,,,,,1078,마비노기 모바일,94.9,역전재판 123 나루호도 셀렉션,1.7,구스 구스 덕,1.5,6,false,single_game_dominant,,2026-06-15T13:21:22.909242
9a4c5ac72c4df1aa452b8da41c767fae,naverchzzk,,,,,,,,361,스타크래프트 II : 공허의 유산,92.8,이환,6.2,종합 게임,1.0,4,false,single_game_dominant,,2026-06-15T13:21:23.865466
3b761f97fcf007834dd6503ecb44f804,naverchzzk,,,,,,,,416,로스트아크,92.6,레프트 4 데드 2,2.6,길트,2.3,5,false,single_game_dominant,,2026-06-15T13:21:24.403384
65b83a05b1ef4cfaaa7b830fe9430586,naverchzzk,,,,,,,,96,,0,,0,,0,0,unknown,no_category_data,,2026-06-15T13:21:24.560588
b93b46d912f60bc4879632d39c070872,naverchzzk,,,,,,,,707,talk,70.4,그림자 복도 2: 비의 수국,11.6,ASMR,7.6,6,false,talk_primary,,2026-06-15T13:21:24.758769
fdd15d762901d0969d9eb0eeb0c2dae0,naverchzzk,,,,,,,,462,talk,55.6,서브노티카 2,33.4,백시트 드라이버스,4.8,5,false,talk_primary,,2026-06-15T13:21:25.429181
3460d98a6fcb078bde389b13245072ce,naverchzzk,,,,,,,,1716,오버워치,65.2,PUBG: 배틀그라운드,27.7,구스 구스 덕,1.0,12,true,multi_game,,2026-06-15T13:21:26.647359
3075fbeb69511d9a4f3e91d09e6f0eac,naverchzzk,,,,,,,,534,,0,,0,,0,0,unknown,no_category_data,,2026-06-15T13:21:31.099764
19856d4efd1d4282b85a8de8998917a4,naverchzzk,,,,,,,,243,,0,,0,,0,0,unknown,no_category_data,,2026-06-15T13:21:35.435300
6ba512eadf11d8253b061510fce87e32,naverchzzk,,,,,,,,220,리그 오브 레전드,86.4,talk,13.6,,0,2,false,single_game_dominant,,2026-06-15T13:21:39.379608
83b5682c42aa5b3238c91d4f000458c1,naverchzzk,,,,,,,,344,마법 주문 팀,31.7,데드락,28.2,래프트,13.6,8,true,multi_game,,2026-06-15T13:21:42.697869
6d4a8a8f5deb358fd5669f9df8a0e7ae,naverchzzk,,,,,,,,1686,talk,88.0,성세천하: 여제의 탄생 Ⅱ,5.7,2026 FIFA 북중미 월드컵,3.3,4,false,talk_primary,,2026-06-15T13:21:43.340320
4c4c55cb3ab17be5c2b401ce7ebd1a56,naverchzzk,,,,,,,,716,talk,100.0,,0,,0,1,false,talk_primary,,2026-06-15T13:21:43.640897
b83ec2e9078ad5777c7fc90e80222377,naverchzzk,,,,,,,,1580,마인크래프트,29.2,메이플스토리 월드,29.0,PUBG: 배틀그라운드,19.7,5,true,multi_game,,2026-06-15T13:21:47.864203
bcb586c8fc3e5f4684d619040eedeb96,naverchzzk,,,,,,,,417,오버워치,95.8,종합 게임,4.2,,0,2,false,single_game_dominant,,2026-06-15T13:21:48.729745
d8c3a1ffb0706d6c283752dda2f3c737,naverchzzk,,,,,,,,3143,리그 오브 레전드,29.9,명조:워더링 웨이브,26.1,talk,20.9,12,true,multi_game,,2026-06-15T13:21:49.477154
03135a7cb00d32055a179f98951220c7,naverchzzk,,,,,,,,342,이터널 리턴,75.2,괭이갈매기 울 적에 - 문제편,23.4,talk,1.4,3,true,multi_game,,2026-06-15T13:21:50.971830
b7addb9cc83a15c2f2bc2bf42fe4e7d5,naverchzzk,,,,,,,,106,,0,,0,,0,0,unknown,no_category_data,,2026-06-15T13:21:53.425680
c0a0a2a0f9d353b2cd060cf95c7b15d0,naverchzzk,,,,,,,,1305,용과 같이 6: 생명의 시,14.8,톰 클랜시의 레인보우 식스 시즈 X,14.3,에이펙스 레전드,12.2,19,false,single_game_or_non_game,,2026-06-15T13:21:57.931776
d3ccbb93d92c682988b081b7579db160,naverchzzk,,,,,,,,604,메이플스토리,53.7,오버워치,46.3,,0,2,true,multi_game,,2026-06-15T13:21:58.172976
d64cb85310340b5d8c216112a6d641dd,naverchzzk,,,,,,,,3990,,0,,0,,0,0,unknown,no_category_data,,2026-06-15T13:21:59.578485
873f8a1a678e99f4e33b3aabc316a6a6,naverchzzk,,,,,,,,69,이터널 리턴,100.0,,0,,0,1,false,single_game_dominant,,2026-06-15T13:22:05.732106
7b572945b0a8e13945b17f8af6f983a7,naverchzzk,,,,,,,,630,,0,,0,,0,0,unknown,no_category_data,,2026-06-15T13:22:07.499046
9d02e0287bd623bf78c0f7939d37a380,naverchzzk,,,,,,,,352,talk,68.1,모뉴먼트 밸리,9.7,서브노티카 2,6.8,7,false,talk_primary,,2026-06-15T13:22:07.620144
8f52a7daca1c72330f80b92babd2f560,naverchzzk,,,,,,,,984,로스트아크,57.2,메이플스토리 월드,8.8,talk,8.6,16,false,single_game_or_non_game,,2026-06-15T13:22:08.449121
3f8aecc1599e5dd637449aac4c865425,naverchzzk,,,,,,,,401,로블록스,100.0,,0,,0,1,false,single_game_dominant,,2026-06-15T13:22:11.398802
1d4f0a072b1e29aadba9877a0f8353c9,naverchzzk,,,,,,,,593,림월드,86.1,이터널 리턴,7.4,산소미포함,3.1,7,false,single_game_dominant,,2026-06-15T13:22:11.868686
ea7bf8da2bd85eef79e50200e69e91fa,naverchzzk,,,,,,,,75,,0,,0,,0,0,unknown,no_category_data,,2026-06-15T13:22:12.693267
aa31900d53195cb1904cc94599f44c4c,naverchzzk,,,,,,,,1620,오버워치,100.0,,0,,0,1,false,single_game_dominant,,2026-06-15T13:22:15.498563
c6195205b55f1f5b99b345c3a9a59138,naverchzzk,,,,,,,,916,던전앤파이터,100.0,,0,,0,1,false,single_game_dominant,,2026-06-15T13:22:18.618052
12a961202a83df40478cd641e0ee2a52,naverchzzk,,,,,,,,891,talk,75.0,마인크래프트,25.0,,0,2,false,talk_primary,,2026-06-15T13:22:19.907028
3472f7d51caa1b278f2c680a8b6d42b5,naverchzzk,,,,,,,,330,talk,88.5,성세천하: 여제의 탄생 Ⅱ,7.1,종합 게임,4.4,3,false,talk_primary,,2026-06-15T13:22:21.487689
9993a7c163546f42872898fdb35d71de,naverchzzk,,,,,,,,491,talk,53.0,음악/노래,23.8,라이어 게임,14.0,4,false,talk_primary,,2026-06-15T13:22:24.669837
c6b31548a6b82ce27273d691802ff7cd,naverchzzk,,,,,,,,524,로스트아크,99.8,talk,0.2,,0,2,false,single_game_dominant,,2026-06-15T13:22:26.185613
029cd4b5416a7fb351efbe3de7165851,naverchzzk,,,,,,,,1067,오버워치,93.6,두근두근타운,6.4,,0,2,false,single_game_dominant,,2026-06-15T13:22:28.080687
aad5ca9a81d7be86176a887bc32607a1,naverchzzk,,,,,,,,374,세피리아,36.1,슬레이 더 스파이어 2,12.9,신데리아,10.7,10,false,single_game_or_non_game,,2026-06-15T13:22:28.387910
9a991d7bce4901188075276199d63e00,naverchzzk,,,,,,,,1239,talk,34.7,리그 오브 레전드,28.2,이터널 리턴,13.8,8,false,single_game_or_non_game,,2026-06-15T13:22:29.600971
f5fc59a8b00ac8f4c602c1c096ae8854,naverchzzk,,,,,,,,1013,,0,,0,,0,0,unknown,no_category_data,,2026-06-15T13:22:30.053251
7ea18ec887e22e0289933e94c26d1fbb,naverchzzk,,,,,,,,656,더 게임 오브 라이프 포 닌텐도 스위치,37.0,음악/노래,27.0,종합 게임,20.0,7,true,multi_game,,2026-06-15T13:22:30.428163
937ca89ba173e20985c4249222ce7096,naverchzzk,,,,,,,,1823,PUBG: 배틀그라운드,96.9,먹방/쿡방,3.1,talk,0.0,3,false,single_game_dominant,,2026-06-15T13:22:33.156855
db4e055cd10d31f6c35d910c9c4ee241,naverchzzk,,,,,,,,213,데드 바이 데이라이트,67.3,딥 락 갤럭틱: 서바이버,32.7,,0,2,true,multi_game,,2026-06-15T13:22:33.216932
16e749d331185778ce2301e04597c81b,naverchzzk,,,,,,,,775,리그 오브 레전드,91.6,talk,3.4,세피리아,2.7,7,false,single_game_dominant,,2026-06-15T13:22:33.380575
2b0d198a876924c25512ca2ed1332159,naverchzzk,,,,,,,,1404,명조:워더링 웨이브,47.7,리그 오브 레전드,38.4,talk,14.0,3,true,multi_game,,2026-06-15T13:22:35.848812
6ed4426cb722255daaf7a740d402d43a,naverchzzk,,,,,,,,137,,0,,0,,0,0,unknown,no_category_data,,2026-06-15T13:22:41.047114
efabd31f80b3b1b7627f9c993349f2dc,naverchzzk,,,,,,,,494,PUBG: 배틀그라운드,100.0,,0,,0,1,false,single_game_dominant,,2026-06-15T13:22:41.697928
eb81ba76a81edd2dd883f66ddb83753d,naverchzzk,,,,,,,,581,종합 게임,16.9,단간론파: 희망의 학원과 절망의 고교생,16.4,슈퍼 단간론파 2: 안녕히 절망학원,12.2,15,true,gg_primary,,2026-06-15T13:22:43.475526
e642c0e5b9c1f334998646299b5b4c13,naverchzzk,,,,,,,,1058,오버워치,79.4,talk,13.5,앙빅,7.0,3,false,single_game_or_non_game,,2026-06-15T13:22:43.916934
d3e8f8b829f3925c9c6f34afcc4371b3,naverchzzk,,,,,,,,16,종합 게임,100.0,무명기록부,0.0,,0,2,true,gg_primary,,2026-06-15T13:22:48.092129
b05c77137f47647684406f32511fea8f,naverchzzk,,,,,,,,1063,talk,38.4,음악/노래,34.4,명조:워더링 웨이브,25.3,4,true,multi_game,,2026-06-15T13:22:49.695139
07b82b77d06c8cf121bbaf1d42d0a26d,naverchzzk,,,,,,,,714,이스케이프 프롬 타르코프,75.5,로스트아크,17.8,서브노티카 2,3.2,5,true,multi_game,,2026-06-15T13:22:49.854470
e1acdaf981a068dedb3edfdd9c0ad452,naverchzzk,,,,,,,,635,요시와 신기한 도감,17.5,클레르 옵스퀴르: 33 원정대,14.8,음악/노래,13.5,9,false,single_game_or_non_game,,2026-06-15T13:22:51.432328
a9e5a0a046cbbd949aa4da5ea63452ff,naverchzzk,,,,,,,,591,라이브러리 오브 루이나,27.7,talk,27.4,이터널 리턴,19.8,6,true,multi_game,,2026-06-15T13:22:52.174740
fcdad8858aa4d25497ce091d51a0ecef,naverchzzk,,,,,,,,581,피크,90.0,talk,10.0,,0,2,false,single_game_dominant,,2026-06-15T13:22:52.842057
3af24acd7d2a6d24cfb7c28ffe23b052,naverchzzk,,,,,,,,1336,철권 8,79.0,야구,8.0,talk,5.6,7,false,single_game_or_non_game,,2026-06-15T13:22:53.587069
e5bd13b6138feb4da6f6a5648618b6ef,naverchzzk,,,,,,,,431,,0,,0,,0,0,unknown,no_category_data,,2026-06-15T13:22:53.682267
f98994661887febe63c79a76dafe5fcd,naverchzzk,,,,,,,,205,철권 8,84.2,패스 오브 엑자일 2,8.8,음악/노래,3.2,6,false,single_game_dominant,,2026-06-15T13:22:53.890382
f1eb8262882e513aef0752cec8d211cf,naverchzzk,,,,,,,,78,엘든 링,35.0,아우터 와일즈,29.6,파워워시 시뮬레이터,20.5,6,true,multi_game,,2026-06-15T13:22:57.672703
e818ae7683cb59ace963f5ddf92121ec,naverchzzk,,,,,,,,239,,0,,0,,0,0,unknown,no_category_data,,2026-06-15T13:23:05.886221
096f7b1223aef7a981f2d01118efc7da,naverchzzk,,,,,,,,709,로스트아크,76.4,스타크래프트 : 리마스터,9.8,마인크래프트,9.6,8,false,single_game_or_non_game,,2026-06-15T13:23:08.130180
beac45d419397ccd54713ab55ed9dfb8,naverchzzk,,,,,,,,2426,talk,67.7,림버스 컴퍼니,12.6,더 게임 오브 라이프 포 닌텐도 스위치,9.1,6,false,talk_primary,,2026-06-15T13:23:09.641698
aa2c0401a4c6003656d4162f931d4840,naverchzzk,,,,,,,,433,talk,53.2,종합 게임,46.8,,0,2,false,talk_primary,,2026-06-15T13:23:12.119866
da8edddc515e3d503d9ad9590db438b4,naverchzzk,,,,,,,,621,talk,38.5,월드 오브 워크래프트: 한밤,24.8,서브노티카 2,10.8,15,false,single_game_or_non_game,,2026-06-15T13:23:12.974612
b7063f66630590eee87c87e02fabb02c,naverchzzk,,,,,,,,270,오버워치,44.7,talk,27.1,마인크래프트,18.0,9,true,multi_game,,2026-06-15T13:23:13.373050
fac61b56123dd87aa236b3d8cc2f1e56,naverchzzk,,,,,,,,602,talk,96.7,바이오하자드 빌리지,3.3,,0,2,false,talk_primary,,2026-06-15T13:23:13.508803
a7bff687829833b36f02bc712824de5d,naverchzzk,,,,,,,,347,에이펙스 레전드,38.9,talk,28.3,종합 게임,22.1,7,true,multi_game,,2026-06-15T13:23:13.584416
a6ec6f750a6685335670017f4d379fe2,naverchzzk,,,,,,,,1758,워프레임,69.9,퍼스트 디센던트,13.3,아주르 프로밀리아,11.5,4,false,single_game_or_non_game,,2026-06-15T13:23:13.673682
aad5e69401266f33f514a5eb46ebae8f,naverchzzk,,,,,,,,690,발로란트,44.7,페인,16.0,talk,16.0,6,true,multi_game,,2026-06-15T13:23:14.799094
beacae342b1a2d2af38abe9b58e3e87c,naverchzzk,,,,,,,,262,메이플스토리,48.9,리그 오브 레전드,37.2,talk,9.3,6,true,multi_game,,2026-06-15T13:23:16.748923
4b84bb9dbab046ba217a0b99233048b5,naverchzzk,,,,,,,,178,,0,,0,,0,0,unknown,no_category_data,,2026-06-15T13:23:17.230825
226e49a37a55295a38acab2e8bc32f98,naverchzzk,,,,,,,,194,,0,,0,,0,0,unknown,no_category_data,,2026-06-15T13:23:19.770973
5608f4546d11cfe810f01fb65c523b51,naverchzzk,,,,,,,,287,,0,,0,,0,0,unknown,no_category_data,,2026-06-15T13:23:25.756857
764eb1b411c2b118e7ecb87599da415e,naverchzzk,,,,,,,,117,,0,,0,,0,0,unknown,no_category_data,,2026-06-15T13:23:27.510932
d1fba91291c6af035b0ce8c4f7a145f1,naverchzzk,,,,,,,,662,포켓몬 포코피아,30.1,친구모아 아일랜드 두근두근 라이프,30.1,마인크래프트,20.4,4,true,multi_game,,2026-06-15T13:23:27.904076
9f5a30a3abf01c25cbd8151b7fae7192,naverchzzk,,,,,,,,1401,talk,22.4,리그 오브 레전드,12.7,용과 같이: 극,12.4,20,false,single_game_or_non_game,,2026-06-15T13:23:28.667587
2557eaf357526a841f107840bdadfd32,naverchzzk,,,,,,,,359,talk,39.6,윈드로즈,35.8,몬스터 헌터: 월드,24.5,3,true,multi_game,,2026-06-15T13:23:29.802426
46888f73d34058f40a935e221321020f,naverchzzk,,,,,,,,656,트릭컬 리바이브,62.5,림버스 컴퍼니,37.5,,0,2,true,multi_game,,2026-06-15T13:23:29.976089
16d228f025613a0091a9d9f685485dc8,naverchzzk,,,,,,,,1574,리그 오브 레전드,43.1,스타크래프트 : 리마스터,18.5,명조:워더링 웨이브,11.0,12,true,multi_game,,2026-06-15T13:23:31.100668
1dbe6170fb2911b0410dcc5bbb668a88,naverchzzk,,,,,,,,1785,이터널 리턴,60.0,명조:워더링 웨이브,24.9,talk,10.0,4,true,multi_game,,2026-06-15T13:23:31.570610
8f0ad1019b6c121dedef726449e3a036,naverchzzk,,,,,,,,529,데이브 더 다이버,35.4,talk,31.9,하이-파이 러시,10.8,8,false,single_game_or_non_game,,2026-06-15T13:23:32.060236
edd55a83e7567c234d0086c6f712453b,naverchzzk,,,,,,,,336,,0,,0,,0,0,unknown,no_category_data,,2026-06-15T13:23:33.284679
2c7a6f98135f74adacf0a6baef19efe0,naverchzzk,,,,,,,,1362,패스 오브 엑자일 2,89.2,히어로즈 오브 마이트 앤 매직: 올든 에라,10.8,,0,2,false,single_game_dominant,,2026-06-15T13:23:47.100081
dd3d2ca719ee10c02af8f582c82e8f4e,naverchzzk,,,,,,,,53,,0,,0,,0,0,unknown,no_category_data,,2026-06-15T13:23:47.243688
570adcec2a4585d53b83b3032fcc6f56,naverchzzk,,,,,,,,1948,talk,88.7,코어 키퍼,5.1,데이브 더 다이버,3.2,5,false,talk_primary,,2026-06-15T13:23:51.298536
20e2e7d9fda51bb7e5cffdc7b379735a,naverchzzk,,,,,,,,137,붉은사막,88.7,림버스 컴퍼니,11.3,,0,2,false,single_game_dominant,,2026-06-15T13:23:51.901298
520bc2058e8f302e022e3eca8289d060,naverchzzk,,,,,,,,1132,,0,,0,,0,0,unknown,no_category_data,,2026-06-15T13:23:52.146057
b9c35f7f4fd8225e9f8225f96a976889,naverchzzk,,,,,,,,1042,스타크래프트 : 리마스터,43.4,PUBG: 배틀그라운드,25.8,talk,17.9,6,true,multi_game,,2026-06-15T13:23:52.152664
83f7122a52a2e9e4d0c70236bedf60f8,naverchzzk,,,,,,,,871,talk,49.6,레이튼 교수와 이상한 마을 HD,16.9,젤다의 전설 브레스 오브 더 와일드,8.7,9,false,single_game_or_non_game,,2026-06-15T13:23:53.068886
f46873690a8a70ca77c2cb13282dc9b3,naverchzzk,,,,,,,,545,로스트아크,92.7,고독방송,2.8,마이 리틀 퍼피,2.1,5,false,single_game_dominant,,2026-06-15T13:23:53.491291
c4355058a6bae351ca229b38c0db4a2c,naverchzzk,,,,,,,,2119,음악/노래,43.7,talk,28.1,아우터 와일즈,10.1,10,false,single_game_or_non_game,,2026-06-15T13:23:53.950906
67bf5781ae673ed427c6402ca9839fb2,naverchzzk,,,,,,,,1172,,0,,0,,0,0,unknown,no_category_data,,2026-06-15T13:23:55.565790
b952688d9f018ef9dc4fb23b5953f992,naverchzzk,,,,,,,,712,워프레임,53.7,마인크래프트,15.7,음악/노래,7.3,15,true,multi_game,,2026-06-15T13:23:56.357706
ac5a7a3e1a3964b2b527dcf3464ce465,naverchzzk,,,,,,,,324,,0,,0,,0,0,unknown,no_category_data,,2026-06-15T13:24:07.768665
93203edf85947d8f29ab3c25e546e980,naverchzzk,,,,,,,,435,,0,,0,,0,0,unknown,no_category_data,,2026-06-15T13:24:08.155581
e9cf5a26054627a9a13099aa51506164,naverchzzk,,,,,,,,370,젤다의 전설 브레스 오브 더 와일드,69.6,성세천하: 여제의 탄생 Ⅱ,14.0,talk,11.8,5,false,single_game_or_non_game,,2026-06-15T13:24:09.776294
d691d21c116ead97fce72071ee37ed37,naverchzzk,,,,,,,,915,,0,,0,,0,0,unknown,no_category_data,,2026-06-15T13:24:10.327990
7246d601614b84982f4cf6c8f1e87a6e,naverchzzk,,,,,,,,340,007 퍼스트 라이트,64.5,talk,15.1,음악/노래,10.8,4,false,single_game_or_non_game,,2026-06-15T13:24:10.841744
7790fbff6c378aea5096be800307cfcb,naverchzzk,,,,,,,,3540,메이플스토리,99.2,먹방/쿡방,0.8,,0,2,false,single_game_dominant,,2026-06-15T13:24:13.047998
c43bc58378e0f9f747e2e69db74495b6,naverchzzk,,,,,,,,664,음악/노래,83.6,talk,13.2,종합 게임,3.2,3,false,single_game_dominant,,2026-06-15T13:24:15.466929
e8ab7ef4313de872eb8930262e0a416e,naverchzzk,,,,,,,,528,리그 오브 레전드,100.0,,0,,0,1,false,single_game_dominant,,2026-06-15T13:24:16.201581
d80ff09b69f049fb761396368302cf4d,naverchzzk,,,,,,,,384,그림/아트,57.7,작혼: 리치 마작,16.5,프래그마타,11.8,7,false,single_game_or_non_game,,2026-06-15T13:24:16.712089
438b7bd5b06439cb64501c7a51b0d267,naverchzzk,,,,,,,,701,,0,,0,,0,0,unknown,no_category_data,,2026-06-15T13:24:18.904918
c23b26a468d0dd18ccef32b0011bd70f,naverchzzk,,,,,,,,1300,,0,,0,,0,0,unknown,no_category_data,,2026-06-15T13:24:21.022741
ecd3cd05e9445ee099dd00c9855a3ef3,naverchzzk,,,,,,,,4114,,0,,0,,0,0,unknown,no_category_data,,2026-06-15T13:24:21.740776
43f5367310d32c37f45b045ae76d058a,naverchzzk,,,,,,,,350,talk,61.3,서든어택,23.4,이스케이프 더 백룸,9.5,5,false,talk_primary,,2026-06-15T13:24:22.817834
5cd51d3c832c0fd8b133d1e6ae08349c,naverchzzk,,,,,,,,1565,오버워치,50.1,스타크래프트 II : 공허의 유산,22.6,디아블로 4: 증오의 군주,8.7,11,true,multi_game,,2026-06-15T13:24:24.634832
8b5fcf9920a4a8ac4dd20cfb6bfe68d2,naverchzzk,,,,,,,,680,,0,,0,,0,0,unknown,no_category_data,,2026-06-15T13:24:28.262195
5c027e16c7a1e5a1b5be6ab783f451b6,naverchzzk,,,,,,,,323,로스트아크,46.7,talk,35.8,더 클래스룸,4.1,11,false,single_game_or_non_game,,2026-06-15T13:24:28.999229
55dae8e5d0bd938c924bdc7b0bbb75dc,naverchzzk,,,,,,,,219,talk,41.0,붉은사막,18.1,데이브 더 다이버,14.3,8,false,single_game_or_non_game,,2026-06-15T13:24:33.217873
1fdffbe6d12dd9bc15b2809c94c3f55c,naverchzzk,,,,,,,,1445,음악/노래,28.1,talk,25.2,스타듀 밸리,21.3,8,true,multi_game,,2026-06-15T13:24:34.045127
2f79bf5870f29d2091bd1af230a3a4a0,naverchzzk,,,,,,,,470,음악/노래,100.0,,0,,0,1,false,single_game_dominant,,2026-06-15T13:24:35.401271
5f957deeb5c410813367fd192d20e496,naverchzzk,,,,,,,,403,리그 오브 레전드,47.1,talk,38.3,종합 게임,4.2,9,false,single_game_or_non_game,,2026-06-15T13:24:37.228582
325aee7d0bb35ff33ef8713f75289253,naverchzzk,,,,,,,,1370,talk,42.2,마인크래프트,21.2,리그 오브 레전드,13.4,11,false,single_game_or_non_game,,2026-06-15T13:24:38.361636
79c7fa668fd3d619ccb4ec12ff6475ad,naverchzzk,,,,,,,,1324,,0,,0,,0,0,unknown,no_category_data,,2026-06-15T13:24:38.954940
2f4478a4559c9f64724c0be6cfa44224,naverchzzk,,,,,,,,123,서브노티카,41.0,ELDEN RING 밤의 통치자,13.6,종합 게임,12.0,10,false,single_game_or_non_game,,2026-06-15T13:24:39.814700
f1191cac256e04239d82fe3ef7ca1ee3,naverchzzk,,,,,,,,311,타이탄폴 2,56.1,이환,25.2,고전 게임,18.7,3,true,multi_game,,2026-06-15T13:24:40.657094
2563ae3f4527aac5e59a67c02676bf38,naverchzzk,,,,,,,,1111,세피리아,25.7,리그 오브 레전드,20.2,팰월드,14.7,13,true,multi_game,,2026-06-15T13:24:48.545094
ed5311b26b1aa25357ac00c576c36814,naverchzzk,,,,,,,,2042,talk,51.8,PUBG: 배틀그라운드,48.2,,0,2,false,talk_primary,,2026-06-15T13:24:52.795494
9302816b72e803579b5056a80bcaea43,naverchzzk,,,,,,,,1177,,0,,0,,0,0,unknown,no_category_data,,2026-06-15T13:24:53.788596
67794ee9a42903e72f71a90ee01064cc,naverchzzk,,,,,,,,1031,PUBG: 배틀그라운드,36.7,매지컬 프린세스,18.2,MIO: 메모리즈 인 오빗,15.5,8,true,multi_game,,2026-06-15T13:24:54.812318
d0489c513d1bbd026de5c610a7db9b98,naverchzzk,,,,,,,,511,talk,53.3,PUBG: 배틀그라운드,20.8,리그 오브 레전드,16.2,6,false,talk_primary,,2026-06-15T13:24:56.148495
0f406b5bff5e6f5221f95c10de420232,naverchzzk,,,,,,,,1261,마인크래프트,34.0,talk,19.1,성세천하: 여제의 탄생,8.0,17,false,single_game_or_non_game,,2026-06-15T13:24:56.786974
d81bf028fb03ae5998831b60c5bc9fd1,naverchzzk,,,,,,,,576,talk,65.5,명조:워더링 웨이브,18.8,이스케이프 더 백룸,6.2,6,false,talk_primary,,2026-06-15T13:24:58.407310
a63cef971e42a3dac2d38ea512483c76,naverchzzk,,,,,,,,2175,talk,100.0,,0,,0,1,false,talk_primary,,2026-06-15T13:24:58.881697
81341206fcd3bda1ba9779fa11bd4640,naverchzzk,,,,,,,,934,ELDEN RING 밤의 통치자,53.0,오버워치,39.1,숲속의 작은 마녀,7.8,3,true,multi_game,,2026-06-15T13:24:59.341584
37a8e2eb26181d852e0fccd4c5918629,naverchzzk,,,,,,,,1634,talk,100.0,,0,,0,1,false,talk_primary,,2026-06-15T13:25:00.162031
a24064ff059142e0b8296b469e970cd2,naverchzzk,,,,,,,,1337,,0,,0,,0,0,unknown,no_category_data,,2026-06-15T13:25:05.615196
8c302fa07edb37548f9a5afe867f985e,naverchzzk,,,,,,,,643,,0,,0,,0,0,unknown,no_category_data,,2026-06-15T13:25:07.380794
8226a9e12cc8bc5e864d644ce87dae2f,naverchzzk,,,,,,,,248,,0,,0,,0,0,unknown,no_category_data,,2026-06-15T13:25:10.377782
5abe8e91176d4a7bbddf0283c6371a71,naverchzzk,,,,,,,,677,,0,,0,,0,0,unknown,no_category_data,,2026-06-15T13:25:10.727209
acfd6025837da1c7d7bd20f9e9f10885,naverchzzk,,,,,,,,1235,메이플스토리 월드,100.0,,0,,0,1,false,single_game_dominant,,2026-06-15T13:25:11.064154
95ac38d604417c0a2f8669d201e12cbc,naverchzzk,,,,,,,,934,오버워치,40.8,talk,23.7,종합 게임,11.0,10,false,single_game_or_non_game,,2026-06-15T13:25:17.781436
b83b97e4b40af8ba7ba986e05085b383,naverchzzk,,,,,,,,821,승리의 여신: 니케,100.0,,0,,0,1,false,single_game_dominant,,2026-06-15T13:25:18.767692
8d24390e20d0c6ee6efe8f7639c81cb5,naverchzzk,,,,,,,,792,이터널 리턴,68.2,talk,9.8,명조:워더링 웨이브,7.7,6,false,single_game_or_non_game,,2026-06-15T13:25:19.005079
8fe52a88d3d847d6fe21df3b3784f276,naverchzzk,,,,,,,,858,메이플스토리 월드,65.1,던전앤파이터,20.5,메이플스토리,9.0,6,true,multi_game,,2026-06-15T13:25:23.596803
f8ec6b3fa3f17d7265c0519d09f8bc65,naverchzzk,,,,,,,,474,섀도우버스 월즈 비욘드,94.5,리그 오브 레전드,2.3,talk,1.6,4,false,single_game_dominant,,2026-06-15T13:25:27.078473
4664566c5c56e11bbbca89454b778ab9,naverchzzk,,,,,,,,816,리그 오브 레전드,83.9,PUBG: 배틀그라운드,11.5,talk,4.7,3,false,single_game_dominant,,2026-06-15T13:25:28.198675
e561270da12df448ea379cac3cd0558f,naverchzzk,,,,,,,,1407,talk,67.7,아가사 나이프,15.3,멧챠 카멜레온,7.5,5,false,talk_primary,,2026-06-15T13:25:32.227144
331d817a66a62fc5ac426f8ca048f16e,naverchzzk,,,,,,,,631,음악/노래,30.2,talk,22.2,철권 8,11.1,10,false,single_game_or_non_game,,2026-06-15T13:25:32.615675
aff98b48cda10abfb234a8c864233f5d,naverchzzk,,,,,,,,1090,로블록스,95.8,피크,4.2,,0,2,false,single_game_dominant,,2026-06-15T13:25:32.624676
21d423dd8944195cfa4de673d2ba7824,naverchzzk,,,,,,,,593,이환,55.7,원신,25.7,명조:워더링 웨이브,14.8,6,true,multi_game,,2026-06-15T13:25:35.090722
6b50ffd7270ea27f688d10b3487c67e6,naverchzzk,,,,,,,,424,talk,88.9,성세천하: 여제의 탄생 Ⅱ,6.8,스타크래프트 II : 자유의 날개,2.6,4,false,talk_primary,,2026-06-15T13:25:37.509631
1b1dc96b5c97f12006241d7f55355c76,naverchzzk,,,,,,,,454,talk,30.6,던전앤파이터,17.9,리그 오브 레전드,16.5,17,true,multi_game,,2026-06-15T13:25:38.239478
a7599249b0be9b0523d37ce63a2709d0,naverchzzk,,,,,,,,636,이환,38.3,그레이 존 워페어,22.1,V 라이징,12.5,11,true,multi_game,,2026-06-15T13:25:38.271096
89a93878d2be90084d59a4545042493f,naverchzzk,,,,,,,,307,talk,34.8,서브노티카 2,24.2,VR챗,14.0,8,false,single_game_or_non_game,,2026-06-15T13:25:38.688755
2cb3d2de295e9c530b0285794fa6e6ae,naverchzzk,,,,,,,,226,talk,32.7,디아블로 II: 레저렉션,17.3,PUBG: 배틀그라운드,9.8,18,false,single_game_or_non_game,,2026-06-15T13:25:41.292802
0983bbb047df34e9580363abcf85d1a7,naverchzzk,,,,,,,,757,,0,,0,,0,0,unknown,no_category_data,,2026-06-15T13:25:43.312416
382f985715ef21ded9062c15bab11327,naverchzzk,,,,,,,,663,talk,51.0,파워워시 시뮬레이터 2,23.8,마인크래프트,12.9,5,false,talk_primary,,2026-06-15T13:25:49.344326
e5f6e803858f4d49aad18bc5035bc9f8,naverchzzk,,,,,,,,2855,talk,53.0,마인크래프트,18.4,R.E.P.O.,10.2,7,false,talk_primary,,2026-06-15T13:25:50.272703
2470f29053418c8c79582e9b1fd72ce0,naverchzzk,,,,,,,,199,,0,,0,,0,0,unknown,no_category_data,,2026-06-15T13:25:51.874004
7bfc56b6686ada95f9104dee2ef9e164,naverchzzk,,,,,,,,318,,0,,0,,0,0,unknown,no_category_data,,2026-06-15T13:25:52.113752
ea36fe0c7f5fcd9d623bd71374a3170c,naverchzzk,,,,,,,,570,,0,,0,,0,0,unknown,no_category_data,,2026-06-15T13:25:52.174255
7d141ec776b6daf9f4f15dead7188b2f,naverchzzk,,,,,,,,549,데스티니 가디언즈: 운명의 경계,67.1,007 퍼스트 라이트,10.8,서브노티카 2,7.8,6,false,single_game_or_non_game,,2026-06-15T13:25:52.648045
1ad48f87a81e3ae0f71d47e1d79f5b7e,naverchzzk,,,,,,,,745,원신,91.6,명조:워더링 웨이브,4.9,리밋 제로 브레이커스,1.7,5,false,single_game_dominant,,2026-06-15T13:25:53.355432
f68d9753869a1742da90066279472e24,naverchzzk,,,,,,,,16,,0,,0,,0,0,unknown,no_category_data,,2026-06-15T13:25:53.480631
01349f4496556d795623e234dfe02228,naverchzzk,,,,,,,,304,에이펙스 레전드,38.8,리그 오브 레전드,33.3,talk,19.7,5,true,multi_game,,2026-06-15T13:25:54.098292
b7821f9496365efde27c7fd90a564faf,naverchzzk,,,,,,,,110,,0,,0,,0,0,unknown,no_category_data,,2026-06-15T13:25:56.801180
98eab1b3765ad0d2c535555ee77cdb5f,naverchzzk,,,,,,,,1345,,0,,0,,0,0,unknown,no_category_data,,2026-06-15T13:26:06.980492
d2eecbdfec4d950c443cef6ec8751db3,naverchzzk,,,,,,,,525,talk,47.6,종합 게임,26.2,그림/아트,26.2,3,true,gg_secondary,,2026-06-15T13:26:07.678930
be9b9923149ab7999b9fafd93dad03c9,naverchzzk,,,,,,,,532,패스 오브 엑자일 2,69.6,다크 앤 다커,30.4,,0,2,true,multi_game,,2026-06-15T13:26:08.423687
0ee21eabd7fc27bba02b8562a63c6ee2,naverchzzk,,,,,,,,362,,0,,0,,0,0,unknown,no_category_data,,2026-06-15T13:26:08.861849
e8f798bea1eb57a4c266b36c9663e3a0,naverchzzk,,,,,,,,663,PUBG: 배틀그라운드,35.9,talk,32.8,오버워치,12.7,12,false,single_game_or_non_game,,2026-06-15T13:26:14.457606
2bbd33069fe3bf11fdeb3f1c58f49d26,naverchzzk,,,,,,,,986,명조:워더링 웨이브,72.4,talk,6.9,이환,6.7,7,false,single_game_or_non_game,,2026-06-15T13:26:18.504516
75106a9fbcd60d7ec7b38fbe2d9ef756,naverchzzk,,,,,,,,991,월드 오브 워크래프트: 한밤,27.9,2026 FIFA 북중미 월드컵,23.3,PUBG: 배틀그라운드,10.1,17,true,multi_game,,2026-06-15T13:26:20.296750
f470552444c85072cfdfb233d96c0ad2,naverchzzk,,,,,,,,2759,PUBG: 배틀그라운드,78.4,붉은사막,8.7,엘든 링,4.1,8,false,single_game_or_non_game,,2026-06-15T13:26:21.211662
9bae4dcefd9a7f6d8148eebd5d5d6f42,naverchzzk,,,,,,,,201,,0,,0,,0,0,unknown,no_category_data,,2026-06-15T13:26:24.777862
7c89f186996a6aecf053b904823f53b6,naverchzzk,,,,,,,,1452,로스트아크,64.6,파이널판타지14,31.0,오버워치,3.8,5,true,multi_game,,2026-06-15T13:26:25.245416
e4088a77e922643e2a1794850305d2c6,naverchzzk,,,,,,,,670,데드 바이 데이라이트,48.0,이스케이프 더 백룸,43.8,종합 게임,8.2,3,true,multi_game,,2026-06-15T13:26:25.258859
ec60f9f3736a39113b8f732933d2a9cd,naverchzzk,,,,,,,,10367,발로란트,79.1,talk,17.4,언젠가는 도착해,2.9,5,false,single_game_or_non_game,,2026-06-15T13:26:30.510683
13663120bda373ea03bd3c002d4aabbd,naverchzzk,,,,,,,,158,스타듀 밸리,15.9,이환,13.9,원신,7.9,26,false,single_game_or_non_game,,2026-06-15T13:26:31.077630
6363d2a27c011b27b4b7c662fb69ff98,naverchzzk,,,,,,,,155,,0,,0,,0,0,unknown,no_category_data,,2026-06-15T13:26:31.737808
84c3b79ff7ebb48f75c1dd6b4d857ba3,naverchzzk,,,,,,,,1162,몬길: STAR DIVE,45.2,발로란트,39.0,talk,15.8,3,true,multi_game,,2026-06-15T13:26:32.307662
236d325663c13b20c53e14e97260fbf1,naverchzzk,,,,,,,,706,영웅전설 시작의 궤적,37.8,그림/아트,12.8,마리오 카트 월드,12.2,7,false,single_game_or_non_game,,2026-06-15T13:26:32.829261
706c5635127800f8012bccbe0598d117,naverchzzk,,,,,,,,1250,,0,,0,,0,0,unknown,no_category_data,,2026-06-15T13:26:33.658026
59a5512c4bd5f561f68c6a34de1a0e7d,naverchzzk,,,,,,,,104,,0,,0,,0,0,unknown,no_category_data,,2026-06-15T13:26:35.173921
ffde4bddeacdc71241d5794dc7432603,naverchzzk,,,,,,,,26,,0,,0,,0,0,unknown,no_category_data,,2026-06-15T13:26:35.177043
46057b3b071ee82461f5a0fa25ff9520,naverchzzk,,,,,,,,675,몬스터 헌터 와일즈,88.5,젤다의 전설 티어스 오브 더 킹덤,6.8,종합 게임,2.1,5,false,single_game_dominant,,2026-06-15T13:26:35.907874
6e484da76d5fb438bb2b2045d0adfb6e,naverchzzk,,,,,,,,329,스트리트 파이터 6,76.4,FC온라인,23.6,,0,2,true,multi_game,,2026-06-15T13:26:38.605508
df3c17ebe6c3fd0a69183be3b42b5fba,naverchzzk,,,,,,,,163,,0,,0,,0,0,unknown,no_category_data,,2026-06-15T13:26:42.974042
67a5a579dcb15ec4801760d818e0d513,naverchzzk,,,,,,,,327,talk,54.7,PUBG: 배틀그라운드,9.7,디텍티브 블러드포비아,7.0,12,false,talk_primary,,2026-06-15T13:26:47.958474
d561f94e8113b6ef0645168f43218c77,naverchzzk,,,,,,,,826,,0,,0,,0,0,unknown,no_category_data,,2026-06-15T13:26:48.196824
52329a7e5fcdc24382aafde3c15dbf8c,naverchzzk,,,,,,,,889,로스트아크,47.3,메이플스토리 월드,24.7,오버워치,15.0,9,true,multi_game,,2026-06-15T13:26:53.610961
35e8783d9b55b06a7f17550e189c390c,naverchzzk,,,,,,,,974,리그 오브 레전드,56.5,발로란트,26.8,오버워치,7.9,8,true,multi_game,,2026-06-15T13:26:54.254266
86c34d1d7fd1e3b2ac73cab59cda17ad,naverchzzk,,,,,,,,8829,음악/노래,56.6,명조:워더링 웨이브,31.5,2026 FIFA 북중미 월드컵,8.9,4,true,multi_game,,2026-06-15T13:26:58.423852
760679b90f5dcc28325f58c2339ffe8d,naverchzzk,,,,,,,,1020,에노트리아: 더 라스트 송,40.2,007 퍼스트 라이트,22.4,엘든 링,21.8,7,true,multi_game,,2026-06-15T13:27:00.862683
95db70a18862fb00b210e5e8c02cac5e,naverchzzk,,,,,,,,400,이터널 리턴,90.5,종합 게임,4.6,두근두근타운,4.4,5,false,single_game_dominant,,2026-06-15T13:27:02.480666
c68d77cde9e8ccdfdab85121972f5b15,naverchzzk,,,,,,,,164,Once Human,32.0,코어 키퍼,26.6,서브노티카 2,18.0,8,true,multi_game,,2026-06-15T13:27:04.691695
56361f8075bc8c348469556f20507be9,naverchzzk,,,,,,,,1458,,0,,0,,0,0,unknown,no_category_data,,2026-06-15T13:27:07.370027
ec58714c6ec3a32330d6f94d0c4546a4,naverchzzk,,,,,,,,303,선즈 오브 더 포레스트,52.3,V 라이징,21.6,talk,18.2,4,true,multi_game,,2026-06-15T13:27:07.489788
96fe5087cb0195df09ad54cac8a1e24a,naverchzzk,,,,,,,,433,,0,,0,,0,0,unknown,no_category_data,,2026-06-15T13:27:08.145733
a666cbf3a59e3512bb827a0fcc51b325,naverchzzk,,,,,,,,262,마라톤,56.6,데스티니 가디언즈,25.5,던전앤파이터,8.3,7,true,multi_game,,2026-06-15T13:27:10.090571
baba7db944bf727c82747e3fc2fa3c4d,naverchzzk,,,,,,,,2187,림월드,84.5,에코,5.3,프로젝트 좀보이드,4.7,5,false,single_game_dominant,,2026-06-15T13:27:10.198895
0740aef2de43acf381d1fafcd04137a2,naverchzzk,,,,,,,,214,로스트아크,71.4,몬스터 헌터 월드: 아이스본,24.4,프랫폴,2.2,4,true,multi_game,,2026-06-15T13:27:11.416124
bf9327ce4f47218be32bb5d1c896dd42,naverchzzk,,,,,,,,371,,0,,0,,0,0,unknown,no_category_data,,2026-06-15T13:27:12.213039
a6a438cf973313314226a25997bcab5f,naverchzzk,,,,,,,,757,talk,30.4,드래곤볼 Z 카카로트,22.1,이터널 리턴,20.5,9,true,multi_game,,2026-06-15T13:27:12.355504
b45ea2bc8b87937ebdd1a336dc276ecc,naverchzzk,,,,,,,,316,이터널 리턴,66.7,talk,33.3,승리의 여신: 니케,0.0,3,false,single_game_or_non_game,,2026-06-15T13:27:12.880302
592514aff364a66ecbc94a924b5f52c4,naverchzzk,,,,,,,,876,talk,58.6,종합 게임,18.3,음악/노래,9.5,6,false,talk_primary,,2026-06-15T13:27:19.873739
daf2c99a232dd3ebebf5cda474c9763a,naverchzzk,,,,,,,,1508,talk,77.5,마인크래프트,11.4,에브리씽 이즈 크랩: 동물 진화 로그라이트,5.0,5,false,talk_primary,,2026-06-15T13:27:20.318786
41b62937cf29b5612d99d1f312fbc405,naverchzzk,,,,,,,,86,,0,,0,,0,0,unknown,no_category_data,,2026-06-15T13:27:27.041192
6dd1e21513fdf43b36b91b38e205dbed,naverchzzk,,,,,,,,646,원신,41.9,이환,15.7,승리의 여신: 니케,15.0,11,true,multi_game,,2026-06-15T13:27:29.955603
814c628ec9069de4a27b446c80cfb60f,naverchzzk,,,,,,,,1817,,0,,0,,0,0,unknown,no_category_data,,2026-06-15T13:27:30.321954
921c70405272dd3614d0f4b840f4b585,naverchzzk,,,,,,,,828,그림/아트,33.7,음악/노래,22.9,talk,22.5,8,false,single_game_or_non_game,,2026-06-15T13:27:30.980582
626a6f63dd80490b1c6c35864165c2e3,naverchzzk,,,,,,,,1256,,0,,0,,0,0,unknown,no_category_data,,2026-06-15T13:27:31.787173
c9e99d7384961f06f26a12165a85a522,naverchzzk,,,,,,,,796,talk,71.8,마인크래프트,21.0,종합 게임,7.2,3,false,talk_primary,,2026-06-15T13:27:36.380984
80ef67f2cb9220f56398fcdc67ad37e2,naverchzzk,,,,,,,,471,talk,62.7,이터널 리턴,18.9,마인크래프트,14.5,8,false,talk_primary,,2026-06-15T13:27:37.578599
d2e0bab1f63f7c313136ab3f9edac0f3,naverchzzk,,,,,,,,688,Once Human,86.4,아이온2,11.7,멧챠 카멜레온,1.9,3,false,single_game_dominant,,2026-06-15T13:27:43.064017
b64a6299af64440731132f4d60955713,naverchzzk,,,,,,,,1311,리그 오브 레전드,35.3,PUBG: 배틀그라운드,31.0,마인크래프트,18.9,10,true,multi_game,,2026-06-15T13:27:44.328732
4bcad1dad915695d1a026441c0d32019,naverchzzk,,,,,,,,589,,0,,0,,0,0,unknown,no_category_data,,2026-06-15T13:27:45.526981
2c749fa90d6281bf17bf4dd1a444fe7b,naverchzzk,,,,,,,,2394,talk,78.9,음악/노래,15.7,오버워치,5.4,3,false,talk_primary,,2026-06-15T13:27:46.687851
1a91575310a0dc0d98b238eb7fa80d22,naverchzzk,,,,,,,,301,,0,,0,,0,0,unknown,no_category_data,,2026-06-15T13:27:46.827522
aea373ce00fbe8f08a1f6c8d6d89f8f5,naverchzzk,,,,,,,,785,톰 클랜시의 레인보우 식스 시즈 X,36.7,이터널 리턴,19.9,talk,16.2,8,true,multi_game,,2026-06-15T13:27:48.749951
de109050329cad090f3f4cc06ea72359,naverchzzk,,,,,,,,71,,0,,0,,0,0,unknown,no_category_data,,2026-06-15T13:27:50.435803
e0faf4d1decd91b5979362609b196df8,naverchzzk,,,,,,,,38,,0,,0,,0,0,unknown,no_category_data,,2026-06-15T13:27:50.941275
cc026e151c90aed63435c20142487757,naverchzzk,,,,,,,,284,아이온2,91.5,스텔라 블레이드,7.5,리그 오브 레전드,0.9,3,false,single_game_dominant,,2026-06-15T13:27:52.588885
3d8f88f119c8d6ae682c94dfb0765375,naverchzzk,,,,,,,,574,talk,52.9,로스트아크,47.1,,0,2,false,talk_primary,,2026-06-15T13:28:02.609090
1a159a627ffcae0225efcf9ed814eece,naverchzzk,,,,,,,,318,포켓몬 챔피언스,23.0,디지몬 스토리 타임 스트레인저,20.6,포르자 호라이즌 6,13.3,9,true,multi_game,,2026-06-15T13:28:05.859004
37c17d45444e30343dae66d9c088be32,naverchzzk,,,,,,,,157,리그 오브 레전드,88.6,음악/노래,11.4,,0,2,false,single_game_dominant,,2026-06-15T13:28:06.036042
89e309a202e4363bbb999f7e761eae2f,naverchzzk,,,,,,,,2059,talk,35.7,그림/아트,32.6,R.E.P.O.,12.3,8,false,single_game_or_non_game,,2026-06-15T13:28:07.140416
9a1c3da3ada3e13e2fbad6da69225334,naverchzzk,,,,,,,,1712,talk,36.2,마인크래프트,23.4,PUBG: 배틀그라운드,9.8,14,false,single_game_or_non_game,,2026-06-15T13:28:08.098943
7d273f0923e0c5913b2d28748b32a72b,naverchzzk,,,,,,,,1293,톰 클랜시의 레인보우 식스 시즈 X,41.6,talk,34.7,P의 거짓,4.2,13,false,single_game_or_non_game,,2026-06-15T13:28:10.385468
addb8714b999138b95e768dd5df68388,naverchzzk,,,,,,,,476,음악/노래,32.9,리그 오브 레전드,28.0,talk,22.7,7,true,multi_game,,2026-06-15T13:28:13.161387
6216bd74965496940fb4049b8e981f22,naverchzzk,,,,,,,,15,종합 게임,67.7,세피리아,26.6,리그 오브 레전드,5.6,3,true,gg_primary,,2026-06-15T13:28:14.263382
55c272017a1bd43c836444e56c71d422,naverchzzk,,,,,,,,441,talk,56.0,그림/아트,14.4,종합 게임,12.9,6,false,talk_primary,,2026-06-15T13:28:14.967940
10802ee502520954920814bfca6794be,naverchzzk,,,,,,,,599,작혼: 리치 마작,54.0,종합 게임,16.5,talk,14.0,5,true,multi_game,,2026-06-15T13:28:20.274342
97d0160482c446fe57d6274d688b03d9,naverchzzk,,,,,,,,75,,0,,0,,0,0,unknown,no_category_data,,2026-06-15T13:28:21.798854
b2774c1c1efe16bb5b7ce26796b30f68,naverchzzk,,,,,,,,814,,0,,0,,0,0,unknown,no_category_data,,2026-06-15T13:28:23.572210
fccc3de223cf5c5d7778efb9901b1a93,naverchzzk,,,,,,,,5891,PUBG: 배틀그라운드,47.7,마인크래프트,23.5,talk,11.9,9,true,multi_game,,2026-06-15T13:28:26.730755
4b5ea295b9f558af87141a463f20db94,naverchzzk,,,,,,,,344,그림/아트,89.8,ELDEN RING 밤의 통치자,7.7,마작일번가,2.5,3,false,single_game_dominant,,2026-06-15T13:28:31.986921
7200feac2e1cc9e0a1875d93a0e3d4c7,naverchzzk,,,,,,,,808,종합 게임,72.3,그림/아트,23.9,몬길: STAR DIVE,3.8,3,true,gg_primary,,2026-06-15T13:28:36.617951
c6fc4a73f3dc6c98611d2a39af36ae3a,naverchzzk,,,,,,,,342,종합 게임,100.0,,0,,0,1,true,gg_primary,,2026-06-15T13:28:36.682237
252e487ecfc76a8ad524c9119de055b4,naverchzzk,,,,,,,,207,종합 게임,100.0,,0,,0,1,true,gg_primary,,2026-06-15T13:28:37.957643
74464510ad0e4fad4c855aff6d483b84,naverchzzk,,,,,,,,482,종합 게임,100.0,,0,,0,1,true,gg_primary,,2026-06-15T13:28:39.358844
4435bb951c320149b637c5054c573a46,naverchzzk,,,,,,,,932,종합 게임,51.5,발헤임,21.9,호텔 아키텍트,16.9,5,true,gg_primary,,2026-06-15T13:28:40.614692
37932eb04955f8cdd0ff7ea7892797ee,naverchzzk,,,,,,,,519,talk,67.1,종합 게임,16.6,007 퍼스트 라이트,9.8,7,false,talk_primary,,2026-06-15T13:28:41.948008
821bfedf4164f26931931fe00aa01ca4,naverchzzk,,,,,,,,176,종합 게임,100.0,,0,,0,1,true,gg_primary,,2026-06-15T13:28:42.544236
cd94f8f4b13e8c195e551bc9f42b2646,naverchzzk,,,,,,,,1496,종합 게임,81.6,33 이모탈스,10.1,엠버 나이트,3.5,6,true,gg_primary,,2026-06-15T13:28:44.232308
2228ae2dad51035987c5222b6dcc2b09,naverchzzk,,,,,,,,238,종합 게임,66.0,록맨 제로,9.1,블라스퍼머스 2,7.2,8,true,gg_primary,,2026-06-15T13:28:48.438800
a4fd197e164bec9a925c53ac4f831d07,naverchzzk,,,,,,,,238,종합 게임,87.2,이스케이프 프롬 타르코프,7.0,러시안 피싱 4,3.6,5,true,gg_primary,,2026-06-15T13:28:53.557767
9becba80e75bd5a7ba73ef7de32d578e,naverchzzk,,,,,,,,253,종합 게임,47.7,명조:워더링 웨이브,22.7,데이 아 빌리언즈,11.4,7,true,gg_primary,,2026-06-15T13:28:59.357211
deb124f491c6debfbf06bcc01deef6ef,naverchzzk,,,,,,,,243,종합 게임,100.0,,0,,0,1,true,gg_primary,,2026-06-15T13:29:00.658830
67b99b03f73b0bc2f8fe1d2ef5c9af81,naverchzzk,,,,,,,,618,림월드,26.6,리그 오브 레전드,25.8,종합 게임,18.4,15,true,multi_game,,2026-06-15T13:29:06.154447
0f3719d022ddaa297aa801ae5a755dc9,naverchzzk,,,,,,,,161,,0,,0,,0,0,unknown,no_category_data,,2026-06-15T13:29:07.722882
65d845f717e3c3abb93de6158c613f0d,naverchzzk,,,,,,,,1240,패스 오브 엑자일 2,41.0,디아블로 4: 증오의 군주,40.7,talk,16.1,4,true,multi_game,,2026-06-15T13:29:08.420693
063fc5a0287c24c218e32e44325f385e,naverchzzk,,,,,,,,376,종합 게임,100.0,,0,,0,1,true,gg_primary,,2026-06-15T13:29:08.768278
d1d9c7fe724bbb2da63cbb8a97bfde26,naverchzzk,,,,,,,,516,talk,50.5,마인크래프트,37.3,종합 게임,12.2,3,false,talk_primary,,2026-06-15T13:29:09.312884
b955e2a87eb767345d2edc921061c784,naverchzzk,,,,,,,,250,종합 게임,75.2,스타더스트: 별과 마녀,12.7,폴아웃 4,12.1,3,true,gg_primary,,2026-06-15T13:29:12.195401
52b2f7d78f07b3b175dbaaa3cb9abc85,naverchzzk,,,,,,,,2233,스트리노바,41.5,이환,19.3,명일방주,7.7,20,true,multi_game,,2026-06-15T13:29:21.227954
ee127dbe96d87d8056348dca8798ddd5,naverchzzk,,,,,,,,379,종합 게임,77.5,007 퍼스트 라이트,17.8,리밋 제로 브레이커스,4.6,4,true,gg_primary,,2026-06-15T13:29:26.557846
4cd76d9219e872fb80681d13308025c6,naverchzzk,,,,,,,,295,종합 게임,36.0,용과 같이 0: 맹세의 장소,15.6,마비노기 모바일,13.9,14,true,gg_primary,,2026-06-15T13:29:31.830205
516719e614f5212b795f2c1abc4c7c42,naverchzzk,,,,,,,,350,종합 게임,58.9,선켄 엔진,24.6,talk,11.8,4,true,gg_primary,,2026-06-15T13:29:33.079471
24ff83ceabd555220b6d8b9ddc9de15f,naverchzzk,,,,,,,,60,종합 게임,100.0,,0,,0,1,true,gg_primary,,2026-06-15T13:29:33.186963
78c9480053d17ccd049a5700d3a3062a,naverchzzk,,,,,,,,1333,몬스터 헌터 와일즈,46.4,산소미포함,16.9,코어 키퍼,16.4,12,true,multi_game,,2026-06-15T13:29:35.313219
8b97e0d12a71178dea5d5957e7ccc9b2,naverchzzk,,,,,,,,109,종합 게임,86.3,데스티니 가디언즈,13.4,철권 8,0.3,3,true,gg_primary,,2026-06-15T13:29:35.782241
2c2672208d143b0a26b653c75687bd01,naverchzzk,,,,,,,,1258,종합 게임,83.4,talk,10.0,발로란트,6.6,3,true,gg_primary,,2026-06-15T13:29:36.424552
4edc447768e9770025626dad41b6623b,naverchzzk,,,,,,,,1375,이터널 리턴,60.9,33 이모탈스,11.3,보이드 다이버: 이스케이프 프롬 디 어비스,8.3,7,false,single_game_or_non_game,,2026-06-15T13:29:37.335275
c059a9caca586a9dcdd2c738ba237618,naverchzzk,,,,,,,,230,종합 게임,80.2,패스 오브 엑자일 2,15.0,PUBG: 배틀그라운드,4.9,3,true,gg_primary,,2026-06-15T13:29:37.965109
c980fa4fa9201bc47c89ac0ded3e0345,naverchzzk,,,,,,,,334,종합 게임,42.6,talk,30.3,마인크래프트,17.2,8,true,gg_primary,,2026-06-15T13:29:38.401240
75ac98062c580c9ddb86bd513047ab98,naverchzzk,,,,,,,,209,삼국지13,86.4,그노시아,7.5,바바 이즈 유,3.2,4,false,single_game_dominant,,2026-06-15T13:29:48.065379
39111714a5ea2c857fb49c9796269a32,naverchzzk,,,,,,,,59,종합 게임,100.0,,0,,0,1,true,gg_primary,,2026-06-15T13:29:52.560359
8d2a6539c9b0570f9d69c8539eebeb69,naverchzzk,,,,,,,,732,talk,26.2,서브노티카,21.8,이환,15.7,12,true,multi_game,,2026-06-15T13:29:54.640367
b9da7500aeb83523a78df6ccf8ecea53,naverchzzk,,,,,,,,372,종합 게임,41.2,리그 오브 레전드,9.0,마인크래프트,8.2,15,true,gg_primary,,2026-06-15T13:29:56.878736
0379c6788078a342b3e06af6afb67736,naverchzzk,,,,,,,,1119,,0,,0,,0,0,unknown,no_category_data,,2026-06-15T13:29:57.562147
237cfc9438c3a96a0c9f06e60ff0c051,naverchzzk,,,,,,,,199,talk,100.0,,0,,0,1,false,talk_primary,,2026-06-15T13:29:58.869289
e2ad4ff3044d7872279e1cdf09230094,naverchzzk,,,,,,,,592,이환,26.4,Once Human,25.2,종합 게임,22.7,11,true,multi_game,,2026-06-15T13:29:58.950363
3955111786445de5a92b4cfb685ac111,naverchzzk,,,,,,,,1086,리그 오브 레전드,37.1,마인크래프트,33.9,talk,10.0,9,true,multi_game,,2026-06-15T13:29:59.842859
68efb421978ddd0e34d8f2a09b70f48f,naverchzzk,,,,,,,,399,종합 게임,100.0,,0,,0,1,true,gg_primary,,2026-06-15T13:30:00.058930
507b4bf9eeb2e4f0a1d8593874973da9,naverchzzk,,,,,,,,280,그림/아트,100.0,,0,,0,1,false,single_game_dominant,,2026-06-15T13:30:00.139736
34fb30b1985b85d57675c60113367089,naverchzzk,,,,,,,,764,talk,56.5,종합 게임,25.5,철권 8,8.7,7,false,talk_primary,,2026-06-15T13:30:02.570611
ee01af7ae3b8422f0edc49e92570f1a8,naverchzzk,,,,,,,,417,종합 게임,74.9,명조:워더링 웨이브,13.8,아주르 프로밀리아,11.3,3,true,gg_primary,,2026-06-15T13:30:02.659338
bf6242a2b184b97aebc9142ef7ba00fd,naverchzzk,,,,,,,,61,종합 게임,99.3,유희왕 마스터 듀얼,0.7,,0,2,true,gg_primary,,2026-06-15T13:30:10.047231
d6b3c991c7b19aa02bb08232d8b877a6,naverchzzk,,,,,,,,2528,종합 게임,100.0,,0,,0,1,true,gg_primary,,2026-06-15T13:30:16.822585
bd132693e706793ff8f06c78d8b315c1,naverchzzk,,,,,,,,400,,0,,0,,0,0,unknown,no_category_data,,2026-06-15T13:30:17.127804
63d1d26a9dbf5ade38d4fb51b960064d,naverchzzk,,,,,,,,1929,마인크래프트,22.3,돈 스타브 투게더,17.0,서브노티카 2,16.0,11,true,multi_game,,2026-06-15T13:30:20.687103
2d27c050d8db708af8b54c9d128d2278,naverchzzk,,,,,,,,2184,talk,41.7,록맨 X 애니버서리 컬렉션,10.4,트릭컬 리바이브,8.7,13,false,single_game_or_non_game,,2026-06-15T13:30:20.694200
a52c6317359cf411e7ceb90ff27c0840,naverchzzk,,,,,,,,189,종합 게임,100.0,,0,,0,1,true,gg_primary,,2026-06-15T13:30:21.240335
9819b8259cf05ff892393e5e4d11705a,naverchzzk,,,,,,,,588,라그나로크 온라인,93.4,종합 게임,4.6,더 드리프터,2.0,3,false,single_game_dominant,,2026-06-15T13:30:21.716419
1abdd12d26d0bdd140274d854165133d,naverchzzk,,,,,,,,695,종합 게임,31.9,talk,26.4,PUBG: 배틀그라운드,12.0,11,true,gg_primary,,2026-06-15T13:30:23.023197
9fe1c03dc47a18c4797e05914b9e3fdc,naverchzzk,,,,,,,,720,리그 오브 레전드,37.4,에이펙스 레전드,34.5,메이플스토리 월드,8.7,8,true,multi_game,,2026-06-15T13:30:24.088990
0c9cfe6471e1c3e848630bab7a041757,naverchzzk,,,,,,,,64,종합 게임,100.0,,0,,0,1,true,gg_primary,,2026-06-15T13:30:25.454647
1b490777e83a84fb1125eeecc506c1da,naverchzzk,,,,,,,,110,,0,,0,,0,0,unknown,no_category_data,,2026-06-15T13:30:26.394871
4a62ee4e2d30ac11709453faf4583f1a,naverchzzk,,,,,,,,299,종합 게임,100.0,,0,,0,1,true,gg_primary,,2026-06-15T13:30:26.578775
f5490c7268f6c3dde4243a609d928b4e,naverchzzk,,,,,,,,90,,0,,0,,0,0,unknown,no_category_data,,2026-06-15T13:30:42.095390
5eed8165e379d9201ee3177f1a3b837d,naverchzzk,,,,,,,,356,철권 8,47.1,종합 게임,25.5,파이널 판타지 6,16.1,5,true,multi_game,,2026-06-15T13:30:45.624596
bfe779077553be629d067b34728be2a1,naverchzzk,,,,,,,,1252,talk,70.6,리그 오브 레전드,15.1,종합 게임,11.7,5,false,talk_primary,,2026-06-15T13:30:46.750533
b3faaa462d5ed590e966e7ee8936fa53,naverchzzk,,,,,,,,2012,던전앤파이터,24.6,talk,16.7,다크 소울 2,9.9,21,false,single_game_or_non_game,,2026-06-15T13:30:47.774766
8d87e7057474f4506d2db5d0c2769138,naverchzzk,,,,,,,,661,승리의 여신: 니케,61.6,종합 게임,17.7,명조:워더링 웨이브,6.9,13,true,multi_game,,2026-06-15T13:30:49.065851
8b8697840179cb5269bfc244b7881ea1,naverchzzk,,,,,,,,643,림월드,22.3,이스케이프 프롬 타르코프,15.2,talk,8.9,19,true,multi_game,,2026-06-15T13:30:49.164154
85077dcf916fd68a3f0580076ea5ed94,naverchzzk,,,,,,,,162,고딕 1 리메이크,32.4,패스 오브 엑자일 2,11.5,미저리,11.4,18,false,single_game_or_non_game,,2026-06-15T13:30:50.092031
3a7ceba0ddfe34697943374899858891,naverchzzk,,,,,,,,250,PUBG: 배틀그라운드,76.1,엘든 링,19.2,talk,2.1,6,true,multi_game,,2026-06-15T13:30:52.874310
7a847332420ea9ec8a2795d2bfd4ecaa,naverchzzk,,,,,,,,2226,림버스 컴퍼니,35.4,음악/노래,13.9,페르소나5: 더 팬텀 X,7.6,18,false,single_game_or_non_game,,2026-06-15T13:30:55.241675
5aaebd33ed301dbcaa09ebcb515a59cb,naverchzzk,,,,,,,,414,FC온라인,29.4,명조:워더링 웨이브,22.2,이환,11.0,13,true,multi_game,,2026-06-15T13:30:59.440646
3e37d763f523aa85702513fc3c04b2d9,naverchzzk,,,,,,,,775,몬스터 헌터 월드: 아이스본,55.7,종합 게임,18.8,붉은사막,11.7,5,true,multi_game,,2026-06-15T13:31:02.997465
81f9d1a01440d936e64728c05978a26a,naverchzzk,,,,,,,,85,,0,,0,,0,0,unknown,no_category_data,,2026-06-15T13:31:06.051925
7839037e2c05af7473df365aab79fbaa,naverchzzk,,,,,,,,897,talk,33.4,검은사막,23.1,이환,21.9,7,true,multi_game,,2026-06-15T13:31:09.558615
f84b650e0fa192cbfd2215372732972e,naverchzzk,,,,,,,,567,림월드,22.1,이터널 리턴,17.5,바이오하자드 RE:4,11.4,12,true,multi_game,,2026-06-15T13:31:10.532432
dd8664f9fdc4c2d8938761e738681199,naverchzzk,,,,,,,,122,용과 같이 극2,24.9,종합 게임,17.1,리그 오브 레전드,13.9,17,true,multi_game,,2026-06-15T13:31:16.612031
b6ee6b02fe1625ac750fcb0adc126bce,naverchzzk,,,,,,,,178,종합 게임,100.0,,0,,0,1,true,gg_primary,,2026-06-15T13:31:19.349784
9b33830ece658041fb6f8b95064085f1,naverchzzk,,,,,,,,117,이환,51.3,워크래프트3,22.1,워크래프트 III : 프로즌 쓰론,15.7,4,true,multi_game,,2026-06-15T13:31:21.845525
a21a5559dc3f749b483c1ecb2b5e4959,naverchzzk,,,,,,,,357,종합 게임,59.8,talk,39.7,반교 : 디텐션,0.4,3,true,gg_primary,,2026-06-15T13:31:22.644135
3a8b3fda88cec6b17c7923b77491fedc,naverchzzk,,,,,,,,457,마인크래프트,38.7,talk,31.5,종합 게임,25.8,4,true,multi_game,,2026-06-15T13:31:27.934526
5497880b21a2b50c77dc50404c1542ed,naverchzzk,,,,,,,,790,하츠 오브 아이언 4,71.1,빅토리아 3,15.2,크루세이더 킹즈 3,6.0,6,true,multi_game,,2026-06-15T13:31:35.278046
6fdb2087d2d7d0349d0c194cfe1be0d9,naverchzzk,,,,,,,,1131,talk,48.2,종합 게임,37.9,PUBG: 배틀그라운드,5.8,5,true,gg_secondary,,2026-06-15T13:31:38.815307
e6a8499d7927c251dde2dab5bb929132,naverchzzk,,,,,,,,357,종합 게임,100.0,아레나 브레이크아웃,0.0,PUBG: 배틀그라운드,0.0,3,true,gg_primary,,2026-06-15T13:31:40.200428
dba054a105477139d4e3a291dfe6fa57,naverchzzk,,,,,,,,284,종합 게임,55.2,사이코 노 스토커,11.9,포비아 - 세인트 딘프나 호텔,7.2,20,true,gg_primary,,2026-06-15T13:31:40.413635
7fa5d078ac6d5f5bab419720c20cbaff,naverchzzk,,,,,,,,2,,0,,0,,0,0,unknown,no_category_data,,2026-06-15T13:31:41.055550
5a5956351a81b8f52fdc1bb3fa9aaf5d,naverchzzk,,,,,,,,1194,리그 오브 레전드,75.5,몬스터 헌터 월드: 아이스본,13.7,헬다이버즈 2,6.2,5,false,single_game_or_non_game,,2026-06-15T13:31:45.885286
582698728ea0e3a02913ac2c852c6f19,naverchzzk,,,,,,,,984,talk,58.9,다키스트 던전,8.2,하데스,7.8,16,false,talk_primary,,2026-06-15T13:31:46.473525
3793eb7c46b59693dea0b835956a8513,naverchzzk,,,,,,,,296,종합 게임,36.9,리그 오브 레전드,31.1,마비노기 모바일,21.3,4,true,gg_primary,,2026-06-15T13:31:47.693930
613dd45d3d3f1088689d305257e70923,naverchzzk,,,,,,,,1350,이터널 리턴,75.3,talk,16.9,마인크래프트,2.6,8,false,single_game_or_non_game,,2026-06-15T13:31:51.926969
5ed1748435bb9f4fd96971f885e34402,naverchzzk,,,,,,,,230,,0,,0,,0,0,unknown,no_category_data,,2026-06-15T13:31:56.100135
19a8dc64e2d93bbbfecbbf6c10e8a3d8,naverchzzk,,,,,,,,520,리그 오브 레전드,46.9,talk,12.8,종합 게임,7.6,12,false,single_game_or_non_game,,2026-06-15T13:31:58.861925
45206d34eae5d9f26897c0022da76275,naverchzzk,,,,,,,,379,이스케이프 프롬 타르코프,25.3,talk,16.5,명조:워더링 웨이브,16.0,10,true,multi_game,,2026-06-15T13:32:02.131278
4d93eaefb9387f2245e36634890d4c28,naverchzzk,,,,,,,,769,PUBG: 배틀그라운드,30.8,talk,28.5,종합 게임,16.9,9,true,multi_game,,2026-06-15T13:32:04.496841
dfb27368b4a7ed8c8b4048075875596a,naverchzzk,,,,,,,,1648,이환,38.8,명조:워더링 웨이브,25.7,원신,17.6,6,true,multi_game,,2026-06-15T13:32:04.809237
6e1f142e5c47e2f33732ca90b73dc4c4,naverchzzk,,,,,,,,145,데드 바이 데이라이트,42.1,스타크래프트 : 리마스터,31.4,오버워치,15.7,6,true,multi_game,,2026-06-15T13:32:06.356177
1dada30afe50db9e6b0349d9e6aa50df,naverchzzk,,,,,,,,193,,0,,0,,0,0,unknown,no_category_data,,2026-06-15T13:32:07.528564
910178578a17431ecb3292b609a63bc4,naverchzzk,,,,,,,,1232,마인크래프트,65.6,talk,8.5,두근두근타운,6.3,11,false,single_game_or_non_game,,2026-06-15T13:32:07.596264
3fdc985be3bad369225118e6d8dc496b,naverchzzk,,,,,,,,980,미나 더 할로워,34.3,종합 게임,31.1,젠레스 존 제로,10.6,8,true,multi_game,,2026-06-15T13:32:07.702686
73b34c1d968f42bfd429eba0d1cff0b3,naverchzzk,,,,,,,,459,패스 오브 엑자일 2,49.4,종합 게임,23.9,왕좌의 게임: 킹스로드,12.9,5,true,multi_game,,2026-06-15T13:32:07.914055
cbfa98548ac10dc499d489fe50f61dc3,naverchzzk,,,,,,,,1150,던전앤파이터,62.5,메이플스토리 월드,21.7,다잉 라이트,7.0,5,true,multi_game,,2026-06-15T13:32:09.537986
92f2ea8ed951ced8ba0754e18b8b8783,naverchzzk,,,,,,,,1755,,0,,0,,0,0,unknown,no_category_data,,2026-06-15T13:32:26.415509
6f689ad550a705bee880f6b91aa4dc8b,naverchzzk,,,,,,,,362,고전 게임,30.1,이환,22.4,종합 게임,22.3,9,true,multi_game,,2026-06-15T13:32:28.645071
47d609ac528898a1142f7ca1112fec65,naverchzzk,,,,,,,,705,종합 게임,66.0,talk,24.7,리그 오브 레전드,9.4,3,true,gg_primary,,2026-06-15T13:32:30.508272
4f43bb32d561a0aad70569ee6237c32f,naverchzzk,,,,,,,,148,슬레이 더 스파이어 2,97.9,종합 게임,2.1,,0,2,false,single_game_dominant,,2026-06-15T13:32:30.642756
81841392d80c54d99b2d278868072566,naverchzzk,,,,,,,,198,종합 게임,53.9,이터널 리턴,45.4,이환,0.7,3,true,gg_primary,,2026-06-15T13:32:30.824042
2844363f7dc66d5254679d4ef2fe4935,naverchzzk,,,,,,,,246,종합 게임,98.4,talk,1.6,,0,2,true,gg_primary,,2026-06-15T13:32:30.885242
5992c0c83aaec4f64199fb265e0285ec,naverchzzk,,,,,,,,1032,talk,29.6,마비노기,17.9,이환,16.3,18,true,multi_game,,2026-06-15T13:32:35.583624
13c672862655aad75add861c40ab1889,naverchzzk,,,,,,,,145,,0,,0,,0,0,unknown,no_category_data,,2026-06-15T13:32:39.083383
f5d97435032b33489dfdfe22d115d47b,naverchzzk,,,,,,,,509,리그 오브 레전드,38.5,스타크래프트 II : 공허의 유산,19.5,종합 게임,13.2,13,true,multi_game,,2026-06-15T13:32:41.479810
0e2d276771046a2b67050fb479320a27,naverchzzk,,,,,,,,191,종합 게임,91.6,젤다의 전설 브레스 오브 더 와일드,4.2,리틀 나이트메어 3,2.3,4,true,gg_primary,,2026-06-15T13:32:41.921681
84e05334a4e80c35d4d66057a4f8a706,naverchzzk,,,,,,,,163,FC온라인,34.7,왕좌의 게임: 킹스로드,28.0,데드 바이 데이라이트,14.9,8,true,multi_game,,2026-06-15T13:32:42.655105
d036752e8433d16c7e245dfbce6867e5,naverchzzk,,,,,,,,263,,0,,0,,0,0,unknown,no_category_data,,2026-06-15T13:32:44.383471
0697157fa4cfbbb1e3c8313a3c752296,naverchzzk,,,,,,,,2411,,0,,0,,0,0,unknown,no_category_data,,2026-06-15T13:32:49.969548
d635766b293f29b48c861afbfbd2f26f,naverchzzk,,,,,,,,350,talk,42.0,마블 라이벌즈,29.3,종합 게임,17.9,9,true,multi_game,,2026-06-15T13:32:50.898827
e43e57d18238478ab373d447b8017d36,naverchzzk,,,,,,,,2681,talk,40.4,이환,18.0,명조:워더링 웨이브,10.4,15,false,single_game_or_non_game,,2026-06-15T13:32:51.678667
d19b09a7ae53b27342a3b504878b4bd0,naverchzzk,,,,,,,,873,패스 오브 엑자일 2,42.2,아이온2,21.3,에이펙스 레전드,13.1,12,true,multi_game,,2026-06-15T13:32:54.003937
56c4d2e8dc88d9599d57835f9e5a94aa,naverchzzk,,,,,,,,712,,0,,0,,0,0,unknown,no_category_data,,2026-06-15T13:32:56.564574
a12bf9267f7f2c44097e408163057088,naverchzzk,,,,,,,,258,종합 게임,65.2,운동/건강,34.8,,0,2,true,gg_primary,,2026-06-15T13:33:00.557716
5115e44952e6827c6408dd979bf7ec58,naverchzzk,,,,,,,,1491,갓 오브 워,24.8,인왕 3,15.5,성세천하: 여제의 탄생 Ⅱ,14.8,14,true,multi_game,,2026-06-15T13:33:02.967717
e0d8c9d12249766c1c4b27b59b3de0a3,naverchzzk,,,,,,,,987,오버워치,62.9,종합 게임,19.5,데드 바이 데이라이트,17.6,3,true,multi_game,,2026-06-15T13:33:05.112465
828f1f6d43c534dc7241e949a702fd35,naverchzzk,,,,,,,,92,,0,,0,,0,0,unknown,no_category_data,,2026-06-15T13:33:05.346673
32ed1eff8d7ad6bfdd5bd92fd7aa7e95,naverchzzk,,,,,,,,401,종합 게임,66.5,이환,20.7,VR챗,6.7,4,true,gg_primary,,2026-06-15T13:33:06.458932
8414921d3832f2ea0faed6291600c415,naverchzzk,,,,,,,,917,패스 오브 엑자일 2,61.3,메이플스토리 월드,32.4,종합 게임,2.5,9,true,multi_game,,2026-06-15T13:33:09.082480
5d282cf5f675a9ace891f5d2e702e227,naverchzzk,,,,,,,,399,왕좌의 게임: 킹스로드,31.1,talk,16.3,패스 오브 엑자일 2,12.0,8,false,single_game_or_non_game,,2026-06-15T13:33:09.111440
7c8aa13784111d145bf9199768fe24e5,naverchzzk,,,,,,,,118,디지몬 슈퍼럼블,73.9,종합 게임,19.3,파피 플레이타임,6.9,3,true,multi_game,,2026-06-15T13:33:10.437332
746cf36edf555daaffba15eb3d64e4d5,naverchzzk,,,,,,,,237,종합 게임,73.8,스트레이,7.9,백룸: 이스케이프 투게더,7.6,6,true,gg_primary,,2026-06-15T13:33:11.848653
bfb0e2a105ae46284e0b9e5764248457,naverchzzk,,,,,,,,276,이스케이프 프롬 타르코프,46.9,종합 게임,45.9,talk,7.2,3,true,multi_game,,2026-06-15T13:33:15.854690
b526bb28c5926dc2f250cb1b4d14c482,naverchzzk,,,,,,,,1932,포르자 호라이즌 6,22.8,오버워치,10.6,아크: 서바이벌 어센디드,9.2,15,false,single_game_or_non_game,,2026-06-15T13:33:19.518726
bf6d218b507453ebf6cc3c4fea808a0e,naverchzzk,,,,,,,,1564,,0,,0,,0,0,unknown,no_category_data,,2026-06-15T13:33:27.320058
8c260b4b871f972cac47655d7e34e815,naverchzzk,,,,,,,,132,,0,,0,,0,0,unknown,no_category_data,,2026-06-15T13:33:28.256947
98f218824010d05c75b31f5e1e5b934a,naverchzzk,,,,,,,,393,종합 게임,36.1,서브노티카 2,36.1,talk,21.1,5,true,gg_primary,,2026-06-15T13:33:29.348737
7fac8dcd0dd6522c379466213d7ea5b9,naverchzzk,,,,,,,,99,데드 바이 데이라이트,99.6,talk,0.4,,0,2,false,single_game_dominant,,2026-06-15T13:33:30.238515
e5c1270f02735e2a381a70c944fd2688,naverchzzk,,,,,,,,1609,오버워치,51.1,데드 바이 데이라이트,35.2,멧챠 카멜레온,5.8,5,true,multi_game,,2026-06-15T13:33:33.533753
bb15649128b08c25ee062e1b3b1971ac,naverchzzk,,,,,,,,87,종합 게임,97.6,음악/노래,1.8,고전 게임,0.5,3,true,gg_primary,,2026-06-15T13:33:36.280803
dbf663c78417e8cf1c8986b1e40eb8dc,naverchzzk,,,,,,,,122,,0,,0,,0,0,unknown,no_category_data,,2026-06-15T13:33:40.007191
c11370f9c4685dce688238c83208ddc6,naverchzzk,,,,,,,,1416,talk,94.7,이터널 리턴,5.3,,0,2,false,talk_primary,,2026-06-15T13:33:43.564372
f60fe7ca168493dd80fb09dce35389c6,naverchzzk,,,,,,,,55,,0,,0,,0,0,unknown,no_category_data,,2026-06-15T13:33:45.503691
f2835756692f9e024f0a6db60bb6e869,naverchzzk,,,,,,,,46,종합 게임,100.0,보더랜드 2,0.0,,0,2,true,gg_primary,,2026-06-15T13:33:46.299969
83cd83d33696c46a0cdd2018d8695a8b,naverchzzk,,,,,,,,206,유로 트럭 시뮬레이터 2,80.7,고전 게임,19.3,,0,2,false,single_game_dominant,,2026-06-15T13:33:46.317589
d1430dd20ed2c2b14a13c98115f80a49,naverchzzk,,,,,,,,78,,0,,0,,0,0,unknown,no_category_data,,2026-06-15T13:33:47.394874
5b9f4c4673714b1c36d2546aa0cb0402,naverchzzk,,,,,,,,103,종합 게임,36.2,이환,23.8,명조:워더링 웨이브,22.9,5,true,gg_primary,,2026-06-15T13:33:48.068793
f2c74e59d7b72c1610bcbcfdeeb0cf34,naverchzzk,,,,,,,,316,종합 게임,64.5,성세천하: 여제의 탄생,10.6,모험가 엘리엇의 천 년 이야기,6.5,8,true,gg_primary,,2026-06-15T13:33:49.491785
3684893a6b44aa4bfb5716a8f0ae267f,naverchzzk,,,,,,,,228,종합 게임,34.1,talk,10.3,007 퍼스트 라이트,8.6,22,true,gg_primary,,2026-06-15T13:33:50.707628
9882fe6092959ff9f29bd6c9e6e1c396,naverchzzk,,,,,,,,1803,메이플스토리 월드,48.9,talk,27.3,서브노티카 2,14.0,8,false,single_game_or_non_game,,2026-06-15T13:33:56.600613
0226a7f4335be41453acae12e0446f42,naverchzzk,,,,,,,,318,talk,34.8,종합 게임,23.7,로스트아크,11.4,6,true,gg_secondary,,2026-06-15T13:34:04.290375
3d8eaab17286d6bceb4c750497fd1305,naverchzzk,,,,,,,,58,종합 게임,79.4,파이널 판타지 7 리버스,20.6,명조:워더링 웨이브,0.0,4,true,gg_primary,,2026-06-15T13:34:05.638740
396c80dcb3e96720bbc2b0477e02b600,naverchzzk,,,,,,,,1407,talk,91.7,아랑전설 시티 오브 더 울브스,8.3,,0,2,false,talk_primary,,2026-06-15T13:34:06.276930
8a1fcaa6cc114ca1662cdad86041bfd8,naverchzzk,,,,,,,,1363,talk,29.9,붉은사막,18.8,명조:워더링 웨이브,14.5,15,false,single_game_or_non_game,,2026-06-15T13:34:09.365215
eb064c26cd6f84311b664be23f047ccb,naverchzzk,,,,,,,,858,종합 게임,97.9,프래그마타,2.1,,0,2,true,gg_primary,,2026-06-15T13:34:11.496940
8739150b36f16b83007642a53f534c10,naverchzzk,,,,,,,,934,로스트아크,80.5,종합 게임,6.0,PUBG: 배틀그라운드,5.0,6,false,single_game_dominant,,2026-06-15T13:34:12.693919
c5c7447c2c1b8a592eef51320721cafb,naverchzzk,,,,,,,,976,마인크래프트,81.4,talk,15.0,VR챗,3.6,3,false,single_game_dominant,,2026-06-15T13:34:12.971306
1323cf8f829c39cac04be825c7dc2407,naverchzzk,,,,,,,,94,종합 게임,100.0,,0,,0,1,true,gg_primary,,2026-06-15T13:34:13.572882
104c9acbf30756945e1b387bd1c6f5b7,naverchzzk,,,,,,,,606,그림/아트,31.5,종합 게임,22.7,PUBG: 배틀그라운드,12.9,17,true,gg_secondary,,2026-06-15T13:34:20.489006
2cea32a23133f4ef4da4ef91aa7dd0d5,naverchzzk,,,,,,,,233,talk,100.0,,0,,0,1,false,talk_primary,,2026-06-15T13:34:20.571297
9744be4b2d701f561ae71e3fd1e18991,naverchzzk,,,,,,,,808,PUBG: 배틀그라운드,69.1,talk,18.9,골프,12.0,3,false,single_game_or_non_game,,2026-06-15T13:34:25.273799
bc294b09aa7e4293c3276e984706958c,naverchzzk,,,,,,,,89,데드 바이 데이라이트,83.3,종합 게임,11.9,마비노기 모바일,4.8,3,false,single_game_dominant,,2026-06-15T13:34:27.260803
b6a1a1b3e7bd6a8860d61c09a6b79df5,naverchzzk,,,,,,,,2104,이터널 리턴,42.5,로스트아크,35.3,명조:워더링 웨이브,11.7,7,true,multi_game,,2026-06-15T13:34:27.713630
2a65176231abe621f2243ec200b0f229,naverchzzk,,,,,,,,521,윈드로즈,32.4,엘든 링,28.9,스타듀 밸리,28.3,5,true,multi_game,,2026-06-15T13:34:29.313844
2e6c9bc6ed50d50397938d6df56f88a6,naverchzzk,,,,,,,,97,종합 게임,100.0,,0,,0,1,true,gg_primary,,2026-06-15T13:34:32.689146
07c9d7b11722208b5c6350f04e70d9e2,naverchzzk,,,,,,,,160,종합 게임,58.0,007 퍼스트 라이트,14.1,서브노티카 2,7.8,10,true,gg_primary,,2026-06-15T13:34:36.462808
2b975a045289eabe29135d7917d5f38d,naverchzzk,,,,,,,,720,그림/아트,82.5,종합 게임,15.7,2026 FIFA 북중미 월드컵,1.5,4,false,single_game_dominant,,2026-06-15T13:34:40.477897
01d89104cc91b9bc68c0d300b76bef4f,naverchzzk,,,,,,,,494,,0,,0,,0,0,unknown,no_category_data,,2026-06-15T13:34:42.764944
9c4d6af375e79095271e69b2b9942774,naverchzzk,,,,,,,,1404,철권 8,36.5,talk,19.8,PUBG: 배틀그라운드,17.6,11,true,multi_game,,2026-06-15T13:34:43.784730
21030ee8202e8e99785651805fe97212,naverchzzk,,,,,,,,3595,talk,83.2,음악/노래,6.0,프린세스 메이커 3: 꿈꾸는 요정,5.9,4,false,talk_primary,,2026-06-15T13:34:47.503611
8c07912a42ac2e39f66b6062c72269db,naverchzzk,,,,,,,,929,talk,100.0,,0,,0,1,false,talk_primary,,2026-06-15T13:34:48.222086
1d2d2fb344a7b181d610650072ab7c3e,naverchzzk,,,,,,,,906,talk,49.1,활협전,29.5,사니양 연구실,9.6,5,false,single_game_or_non_game,,2026-06-15T13:34:49.175359
1083715618553e192668ef69c2bee0fa,naverchzzk,,,,,,,,1357,talk,22.5,나인 솔즈,19.3,007 퍼스트 라이트,13.7,11,false,single_game_or_non_game,,2026-06-15T13:34:50.116830
ea25aa85a70d84e67a15f331b26f71c3,naverchzzk,,,,,,,,3054,talk,25.7,이환,25.6,볼 x 핏,13.5,11,false,single_game_or_non_game,,2026-06-15T13:34:54.844365
63d9a00e499979eb701c115cf7aa5e78,naverchzzk,,,,,,,,46,종합 게임,100.0,,0,,0,1,true,gg_primary,,2026-06-15T13:34:58.749872
7cf5d6f87f925ea36d1840a2bae21e12,naverchzzk,,,,,,,,552,로스트아크,95.9,종합 게임,3.4,메이플스토리 월드,0.6,3,false,single_game_dominant,,2026-06-15T13:34:59.157683
63b679395f45ff83e2e139385b6634be,naverchzzk,,,,,,,,1187,종합 게임,64.5,007 퍼스트 라이트,18.3,고전 게임,8.8,5,true,gg_primary,,2026-06-15T13:35:02.290991
6a993e36e743a687c53372dd2b93c262,naverchzzk,,,,,,,,106,,0,,0,,0,0,unknown,no_category_data,,2026-06-15T13:35:02.842555
4d92ba6a52eaf1c90f83e89ebc873228,naverchzzk,,,,,,,,734,카오스 제로 나이트메어,83.7,랑그릿사,11.6,명조:워더링 웨이브,2.0,5,false,single_game_dominant,,2026-06-15T13:35:04.597924
f2f93cc3139ca7a263ed681ccb6d93f5,naverchzzk,,,,,,,,740,,0,,0,,0,0,unknown,no_category_data,,2026-06-15T13:35:04.670088
7f7db00b1c928138ab6dc9bea54fe6e7,naverchzzk,,,,,,,,431,월드 오브 워크래프트: 한밤,46.9,리그 오브 레전드,22.7,패스 오브 엑자일 2,11.3,6,true,multi_game,,2026-06-15T13:35:07.687707
9c0820288c20a1d408ece175cae62c37,naverchzzk,,,,,,,,440,종합 게임,62.0,이환,17.0,리틀 나이트메어 3,6.4,7,true,gg_primary,,2026-06-15T13:35:07.985642
f72fcd1b77a7ce5c4b683bea156dd83e,naverchzzk,,,,,,,,243,바이오하자드,59.0,종합 게임,33.0,talk,8.0,3,true,multi_game,,2026-06-15T13:35:09.551157
52f24ac52111810e0b3cff635a229be7,naverchzzk,,,,,,,,351,그림/아트,31.4,리그 오브 레전드,18.2,이스케이프 프롬 타르코프,17.1,7,true,multi_game,,2026-06-15T13:35:10.339731
eacbd2575fbd759ae6d28b6a3aee75b8,naverchzzk,,,,,,,,1938,talk,50.7,메이플스토리 월드,22.5,스플릿 픽션,13.4,10,false,talk_primary,,2026-06-15T13:35:11.127041
a3c4f51960cb7d7e93648116d977897e,naverchzzk,,,,,,,,517,,0,,0,,0,0,unknown,no_category_data,,2026-06-15T13:35:12.279248
1bdd4fb6071cbf0d7fd96ffeef27033a,naverchzzk,,,,,,,,150,talk,69.5,종합 게임,24.3,포켓몬 포코피아,6.2,3,false,talk_primary,,2026-06-15T13:35:17.450026
dfbe585d196ce1227dee748df1440a2d,naverchzzk,,,,,,,,156,종합 게임,54.2,아웃바운드,8.8,솔라펑크,6.7,12,true,gg_primary,,2026-06-15T13:35:20.969087
08a4fd4c00f1e0faac6c27eaa19b20db,naverchzzk,,,,,,,,817,월드 오브 워크래프트: 한밤,33.1,talk,19.1,음악/노래,16.4,15,true,multi_game,,2026-06-15T13:35:23.990037
46769d27234f6d26382993b8d7dbb810,naverchzzk,,,,,,,,207,,0,,0,,0,0,unknown,no_category_data,,2026-06-15T13:35:26.062111
fa308a4adcf9d95dc35ede522a8a9aad,naverchzzk,,,,,,,,515,스플래툰 3,89.0,talk,5.4,피크,5.0,4,false,single_game_dominant,,2026-06-15T13:35:29.885534
3ea47d1b635b154d30f20ce0e6ce6b13,naverchzzk,,,,,,,,1205,talk,37.7,종합 게임,23.0,서브노티카 2,13.1,10,true,gg_secondary,,2026-06-15T13:35:30.373984
5a377e6408e25dbdd46b242e1a67d05b,naverchzzk,,,,,,,,262,종합 게임,40.7,명조:워더링 웨이브,33.3,젠레스 존 제로,14.2,5,true,gg_primary,,2026-06-15T13:35:32.005470
e07132edf9666b26dda526d35e1a112e,naverchzzk,,,,,,,,469,종합 게임,81.8,어센드투제로,18.2,,0,2,true,gg_primary,,2026-06-15T13:35:33.904173
16d1c15a2b32b5473155d2a295e38d8d,naverchzzk,,,,,,,,254,종합 게임,23.1,마법소녀의 마녀재판,15.1,워크래프트 3: 리포지드,10.8,19,true,gg_primary,,2026-06-15T13:35:35.264509
1b55e07f8d3cdf58334796ed76cd9699,naverchzzk,,,,,,,,3994,talk,34.7,마인크래프트,30.7,이터널 리턴,9.6,11,false,single_game_or_non_game,,2026-06-15T13:35:38.748504
1d19dc348fdf699e63885944b49ff60c,naverchzzk,,,,,,,,2449,talk,33.2,음악/노래,24.8,이터널 리턴,18.8,10,true,multi_game,,2026-06-15T13:35:41.700381
42f0a45511e2e8cf681a093dad49a061,naverchzzk,,,,,,,,216,,0,,0,,0,0,unknown,no_category_data,,2026-06-15T13:35:41.952551
720fbb69ca1ed21c0bd83f295cad3c53,naverchzzk,,,,,,,,1481,,0,,0,,0,0,unknown,no_category_data,,2026-06-15T13:35:42.318307
ff318112d4312a98fc83fd39fc0b77b3,naverchzzk,,,,,,,,1239,talk,59.0,클레르 옵스퀴르: 33 원정대,30.9,서브노티카 2,9.2,4,false,talk_primary,,2026-06-15T13:35:43.811173
2025dbae1d2521f6dc342d7c6e91ba02,naverchzzk,,,,,,,,473,talk,100.0,,0,,0,1,false,talk_primary,,2026-06-15T13:35:44.488270
5681ba75d79a5f96d0478254814e2fa1,naverchzzk,,,,,,,,495,talk,73.1,PUBG: 배틀그라운드,23.1,로블록스,1.9,4,false,talk_primary,,2026-06-15T13:35:45.692284
39fa62e81c7d74d9d18610fa6e3d5bdb,naverchzzk,,,,,,,,645,체스 닷컴,78.0,talk,10.8,사이버펑크 2077,4.7,6,false,single_game_or_non_game,,2026-06-15T13:35:47.712868
a0fe3f2a4ade129ff4fd1a414d3e1ec5,naverchzzk,,,,,,,,1851,그림/아트,93.3,종합 게임,3.0,talk,2.0,4,false,single_game_dominant,,2026-06-15T13:35:49.843871
4b1de0a13ad02355c2813c1386ffa646,naverchzzk,,,,,,,,186,종합 게임,42.1,talk,37.0,음악/노래,12.7,5,true,gg_primary,,2026-06-15T13:35:50.775114
88b9153d37cdfa868d521f8704e0a80b,naverchzzk,,,,,,,,870,,0,,0,,0,0,unknown,no_category_data,,2026-06-15T13:35:55.521811
f8ab86cdad46e4318aead9481a9a120e,naverchzzk,,,,,,,,542,톰 클랜시의 레인보우 식스 시즈 X,74.8,종합 게임,13.9,PUBG: 배틀그라운드,11.3,3,false,single_game_or_non_game,,2026-06-15T13:36:00.104259
85a8b8d6148b4011f5ce850362b9178d,naverchzzk,,,,,,,,200,명조:워더링 웨이브,96.3,종합 게임,3.7,몬스터 헌터 와일즈,0.0,3,false,single_game_dominant,,2026-06-15T13:36:01.606793
42d9e35fdeee6c2163494eb12961e9da,naverchzzk,,,,,,,,2187,블루 아카이브,49.8,talk,26.4,마인크래프트,15.7,7,true,multi_game,,2026-06-15T13:36:03.453113
85527008aabf2458456aab0554a81879,naverchzzk,,,,,,,,373,월드 오브 워크래프트: 한밤,88.9,종합 게임,10.0,talk,1.1,4,false,single_game_dominant,,2026-06-15T13:36:03.672908
b9d1951d34854deda6ba76f3677bb8b5,naverchzzk,,,,,,,,68,,0,,0,,0,0,unknown,no_category_data,,2026-06-15T13:36:03.911460
4941738cb274798344dacfefd92837c9,naverchzzk,,,,,,,,332,종합 게임,75.7,카르마 : 더 다크 월드,12.1,로보캅: 로그 시티,8.2,5,true,gg_primary,,2026-06-15T13:36:05.330390
e57af7c5eb08d5b8b0795961a93891b7,naverchzzk,,,,,,,,33,,0,,0,,0,0,unknown,no_category_data,,2026-06-15T13:36:05.539209
07ffe066ef9957cf6238b18d5a8dff40,naverchzzk,,,,,,,,282,,0,,0,,0,0,unknown,no_category_data,,2026-06-15T13:36:10.162210
bf28c2348f70eca80a882a2d9a72ca7d,naverchzzk,,,,,,,,877,리그 오브 레전드,68.1,talk,16.3,종합 게임,4.0,9,false,single_game_or_non_game,,2026-06-15T13:36:16.117872
13b74dfd3093e1db4d5af574e2ded812,naverchzzk,,,,,,,,593,메이플스토리 월드,45.4,림버스 컴퍼니,20.2,오버워치,10.9,11,true,multi_game,,2026-06-15T13:36:27.903196
6b46909b54e1a1afe3c31bfe078fe375,naverchzzk,,,,,,,,138,,0,,0,,0,0,unknown,no_category_data,,2026-06-15T13:36:28.880335
e9e1b7ac5937b0f26a033269679638e5,naverchzzk,,,,,,,,119,talk,39.1,007 퍼스트 라이트,16.6,서브노티카 2,14.9,12,false,single_game_or_non_game,,2026-06-15T13:36:31.230964
4338d5e732abd1a16258dcc4466396c8,naverchzzk,,,,,,,,150,종합 게임,96.3,음악/노래,3.7,,0,2,true,gg_primary,,2026-06-15T13:36:31.575328
6ed066a148aded6a24dcfdd3fc9b986e,naverchzzk,,,,,,,,159,서브노티카 2,51.5,성세천하: 여제의 탄생 Ⅱ,16.5,ELDEN RING 밤의 통치자,16.5,6,true,multi_game,,2026-06-15T13:36:31.668850
a1846626c29ac66a9be9bd18d35802a8,naverchzzk,,,,,,,,212,종합 게임,100.0,,0,,0,1,true,gg_primary,,2026-06-15T13:36:32.123476
76c63931592b3fd2bb57e264dbdc8e76,naverchzzk,,,,,,,,231,talk,61.6,종합 게임,32.2,명조:워더링 웨이브,4.1,4,false,talk_primary,,2026-06-15T13:36:32.442125
d54a236580af9d3d1dca84e7cb0d7a66,naverchzzk,,,,,,,,68,종합 게임,97.9,몬스터 헌터 와일즈,1.1,talk,0.9,3,true,gg_primary,,2026-06-15T13:36:34.516798
c1a29777d79c579dee11150857dd445a,naverchzzk,,,,,,,,431,talk,32.1,마인크래프트,20.8,파 파 웨스트,15.1,8,true,multi_game,,2026-06-15T13:36:35.628544
a3a9a476ea4dd0eef053d76403c59aa5,naverchzzk,,,,,,,,697,talk,26.0,음악/노래,19.8,종합 게임,16.3,15,true,multi_game,,2026-06-15T13:36:51.399503
b9aa434ac6960331d9e91e84a6f22b70,naverchzzk,,,,,,,,602,림버스 컴퍼니,34.3,talk,29.4,TRPG,14.7,12,false,single_game_or_non_game,,2026-06-15T13:36:54.052250
53a183f0d4ccc973aabdb33c5a7e940f,naverchzzk,,,,,,,,139,,0,,0,,0,0,unknown,no_category_data,,2026-06-15T13:36:55.157094
83d3bdbc9ab2467ee74caac7a0cd8462,naverchzzk,,,,,,,,373,,0,,0,,0,0,unknown,no_category_data,,2026-06-15T13:36:55.468682
a1d5bb21b285ecfa61782324e841ac7a,naverchzzk,,,,,,,,270,talk,39.5,종합 게임,37.3,마비노기 모바일,19.2,4,true,multi_game,,2026-06-15T13:36:56.060067
9812f27abbda07386b7f47420b030572,naverchzzk,,,,,,,,1174,블루 아카이브,42.6,talk,23.6,승리의 여신: 니케,13.3,9,false,single_game_or_non_game,,2026-06-15T13:36:56.888653
f1f5faa8adbab1c2c7670cc6f63ee2cc,naverchzzk,,,,,,,,756,이터널 리턴,89.3,이스케이프 프롬 타르코프,2.3,발로란트,2.2,8,false,single_game_dominant,,2026-06-15T13:36:57.517244
694a4e3ac4406e1989f85cdde291999c,naverchzzk,,,,,,,,1691,talk,41.6,종합 게임,19.6,성세천하: 여제의 탄생 Ⅱ,14.0,8,true,gg_secondary,,2026-06-15T13:36:59.331076
a465d2dafbb2b1b42ed706665919e738,naverchzzk,,,,,,,,496,이터널 리턴,78.6,셀레스트,8.6,명조:워더링 웨이브,5.3,7,false,single_game_or_non_game,,2026-06-15T13:36:59.716884
9311d9a91a37a53d1244fccde5c2b3a3,naverchzzk,,,,,,,,190,종합 게임,59.2,talk,39.3,이터널 리턴,1.5,4,true,gg_primary,,2026-06-15T13:37:15.403951
a2bed589acb5ae3d24f0afd3e989d17e,naverchzzk,,,,,,,,186,종합 게임,58.7,2026 FIFA 북중미 월드컵,21.3,오버워치,19.2,5,true,gg_primary,,2026-06-15T13:37:21.557862
40aca7837479ddf92dcc4c1e57f30aed,naverchzzk,,,,,,,,1488,talk,40.4,엘든 링 황금 나무의 그림자,14.6,마인크래프트,11.5,13,false,single_game_or_non_game,,2026-06-15T13:37:22.539796
85eb67daa4822df8a31f1cdbd74c34da,naverchzzk,,,,,,,,2497,talk,51.5,이환,31.1,종합 게임,6.7,8,false,talk_primary,,2026-06-15T13:37:23.352112
13d07bd1465f85b902e872da4cf9fb72,naverchzzk,,,,,,,,1199,포르자 호라이즌 6,48.9,스트리트 파이터 6,13.4,종합 게임,10.9,9,false,single_game_or_non_game,,2026-06-15T13:37:23.532913
0b8b6775fa20d6c6daa391196c527cfb,naverchzzk,,,,,,,,137,스플래툰 3,100.0,,0,,0,1,false,single_game_dominant,,2026-06-15T13:37:24.665246
fd7414e8428411e3b42247643b1f49fe,naverchzzk,,,,,,,,1139,던전앤파이터,36.3,승리의 여신: 니케,13.3,이환,8.4,13,false,single_game_or_non_game,,2026-06-15T13:37:26.148502
07f30d3d52452f3da6ae22fc3bf2c544,naverchzzk,,,,,,,,2912,PUBG: 배틀그라운드,46.9,talk,28.8,종합 게임,15.0,5,true,multi_game,,2026-06-15T13:37:27.972468
d8c10a2e77e76677b093582ef6373e5b,naverchzzk,,,,,,,,947,마인크래프트,30.5,리그 오브 레전드,25.0,talk,19.4,10,true,multi_game,,2026-06-15T13:37:29.373536
7083e83967817b39ca8e32ce8a91facc,naverchzzk,,,,,,,,788,talk,46.8,친구모아 아일랜드 두근두근 라이프,8.8,언더테일,7.5,15,false,single_game_or_non_game,,2026-06-15T13:37:36.431195
3aaea9e69f6e0386c263d7e3b7d16cb5,naverchzzk,,,,,,,,424,종합 게임,100.0,talk,0.0,,0,2,true,gg_primary,,2026-06-15T13:37:42.266982
ec80a702bf28b813e6114616a98d2ae0,naverchzzk,,,,,,,,165,메이플스토리 월드,52.6,그림자 복도,13.8,그림자 복도 2: 비의 수국,13.5,10,false,single_game_or_non_game,,2026-06-15T13:37:43.595110
5a049e2cbe2054689d64c45e11960ee4,naverchzzk,,,,,,,,364,종합 게임,56.2,마인크래프트,31.2,talk,10.9,4,true,gg_primary,,2026-06-15T13:37:44.065914
fb74541470fbab69ac286cfb24a96e6c,naverchzzk,,,,,,,,457,라이브러리안: 타이디 업 더 아케인 라이브러리!,55.7,모탈 셸,28.7,talk,15.7,3,true,multi_game,,2026-06-15T13:37:44.418664
652abc4f57f73627fd3b63c1acb46735,naverchzzk,,,,,,,,1641,PUBG: 배틀그라운드,29.4,리그 오브 레전드,24.4,마인크래프트,21.5,14,true,multi_game,,2026-06-15T13:37:44.901652
c14311fb466f0d42a75e6c4cec5cf593,naverchzzk,,,,,,,,1000,슈퍼 마리오 메이커 2,52.8,원신,12.4,이환,9.1,8,false,single_game_or_non_game,,2026-06-15T13:37:44.992461
b9a9c0046303e93448e799900347a3d2,naverchzzk,,,,,,,,898,마비노기 모바일,52.6,talk,38.2,이환,4.9,4,false,single_game_or_non_game,,2026-06-15T13:37:45.678836
61acacd56ff16f2b5cd09aa8b9d5002d,naverchzzk,,,,,,,,2203,talk,50.3,리그 오브 레전드,10.3,007 퍼스트 라이트,7.3,14,false,talk_primary,,2026-06-15T13:37:45.916980
642cb40de294be8f136fc8566f4f199e,naverchzzk,,,,,,,,710,PUBG: 배틀그라운드,71.5,리그 오브 레전드,9.5,talk,5.3,9,false,single_game_or_non_game,,2026-06-15T13:37:48.638870
ee2245048ba12c418f4662e8b7ba395f,naverchzzk,,,,,,,,178,,0,,0,,0,0,unknown,no_category_data,,2026-06-15T13:37:57.306798
2d028926d6ba116e7c6a2e1fb45a29d9,naverchzzk,,,,,,,,1203,,0,,0,,0,0,unknown,no_category_data,,2026-06-15T13:38:00.647068
297262e112a7d05368bacec8c8a92085,naverchzzk,,,,,,,,262,종합 게임,76.1,스트리트 파이터 6,23.9,,0,2,true,gg_primary,,2026-06-15T13:38:02.156772
f74b4087594dd1b44480226452162b13,naverchzzk,,,,,,,,800,talk,48.2,ASMR,23.9,종합 게임,6.0,8,false,single_game_or_non_game,,2026-06-15T13:38:03.033178
ad36f270c4508dd99b12ccc1a2722c78,naverchzzk,,,,,,,,512,007 퍼스트 라이트,21.9,라이브러리안: 타이디 업 더 아케인 라이브러리!,17.7,프래그마타,17.0,7,true,multi_game,,2026-06-15T13:38:03.688854
924a636224c9203259af46ad7d8b70ca,naverchzzk,,,,,,,,1728,talk,77.6,성세천하: 여제의 탄생 Ⅱ,12.8,마이닝 머천트,6.3,4,false,talk_primary,,2026-06-15T13:38:06.068409
4fe4afb376bb35114d50b3fd80b9fc5c,naverchzzk,,,,,,,,363,더 킹 오브 파이터즈 '98,49.8,종합 게임,39.9,히어로즈 오브 마이트 앤 매직: 올든 에라,6.1,4,true,multi_game,,2026-06-15T13:38:06.296910
1cf35c36a162bdeaf7b62922221aa48f,naverchzzk,,,,,,,,1034,테라리아,22.3,talk,20.6,뮤제닉스,14.0,13,false,single_game_or_non_game,,2026-06-15T13:38:06.390069
8bca5c02ddc6c5a8ae9d0867a9ed8c50,naverchzzk,,,,,,,,875,데드 바이 데이라이트,54.7,talk,15.0,바이오하자드 레퀴엠,14.5,7,false,single_game_or_non_game,,2026-06-15T13:38:06.417167
fa13aa7f06e0ab87ff5eee9935d40c98,naverchzzk,,,,,,,,783,스톰 스트라이커,33.0,talk,31.9,작혼: 리치 마작,8.0,17,false,single_game_or_non_game,,2026-06-15T13:38:08.343800
ffabb394ec2c97be767b753d068af47d,naverchzzk,,,,,,,,76,종합 게임,100.0,,0,,0,1,true,gg_primary,,2026-06-15T13:38:10.099693
5a68162d53f9aba316685f13451e9c1f,naverchzzk,,,,,,,,751,PUBG: 배틀그라운드,92.5,리그 오브 레전드,5.5,talk,2.0,3,false,single_game_dominant,,2026-06-15T13:38:10.993274
8971ac688ece504b97553a8929f1a3c9,naverchzzk,,,,,,,,704,talk,25.3,마인크래프트,20.8,엘든 링 황금 나무의 그림자,10.2,16,false,single_game_or_non_game,,2026-06-15T13:38:19.189121
7aeb0136d1c23bb1ffebb9a8abdf6251,naverchzzk,,,,,,,,156,마인크래프트,36.1,스타크래프트 II : 공허의 유산,17.6,배틀필드 6,9.8,8,true,multi_game,,2026-06-15T13:38:19.696768
2f60d4feecc16304f77abd309ae387ba,naverchzzk,,,,,,,,434,종합 게임,55.3,talk,38.5,성세천하: 여제의 탄생 Ⅱ,6.2,3,true,gg_primary,,2026-06-15T13:38:20.478892
82d7b1d7bcae2935691248150e8d9988,naverchzzk,,,,,,,,834,,0,,0,,0,0,unknown,no_category_data,,2026-06-15T13:38:20.710980
58eb2b6520ff42f17528c5c0d3881a94,naverchzzk,,,,,,,,255,,0,,0,,0,0,unknown,no_category_data,,2026-06-15T13:38:23.079146
6c127c5accc3583f127a48b6242b5854,naverchzzk,,,,,,,,88,단간론파: 희망의 학원과 절망의 고교생,26.1,talk,24.0,역전재판 123 나루호도 셀렉션,18.3,11,true,multi_game,,2026-06-15T13:38:23.519047
1d2464b7d15ec46eb0016325899cde10,naverchzzk,,,,,,,,1624,Grand Theft Auto V,57.3,EA 스포츠 FC 26,20.9,007 퍼스트 라이트,10.1,5,true,multi_game,,2026-06-15T13:38:23.867187
f8e92473cbd037afe883e8be6a9ee966,naverchzzk,,,,,,,,43,종합 게임,100.0,,0,,0,1,true,gg_primary,,2026-06-15T13:38:24.100493
1b6ab1bf0886941211fc9ff44035e6ba,naverchzzk,,,,,,,,1306,명조:워더링 웨이브,46.3,talk,20.9,이환,15.8,7,true,multi_game,,2026-06-15T13:38:24.623662
cd31f2413aad20c575a05368e428db06,naverchzzk,,,,,,,,417,,0,,0,,0,0,unknown,no_category_data,,2026-06-15T13:38:30.609600
cf8512ab068c4a34747239de0fa478c3,naverchzzk,,,,,,,,136,스타크래프트 II : 공허의 유산,70.4,다키스트 던전,29.6,,0,2,true,multi_game,,2026-06-15T13:38:36.486073
97be9cdfb3dcd0c98219dfcbffb4baab,naverchzzk,,,,,,,,1020,talk,21.5,명조:워더링 웨이브,11.8,종합 게임,11.5,19,false,single_game_or_non_game,,2026-06-15T13:38:38.905699
b4f939d9a3d7c197f52c243a7143fdf1,naverchzzk,,,,,,,,1647,마인크래프트,86.4,talk,8.6,음악/노래,3.2,4,false,single_game_dominant,,2026-06-15T13:38:38.996961
599b42063afe3c4e8d1673796545fc25,naverchzzk,,,,,,,,1663,카운터 스트라이크 2,74.2,종합 게임,16.8,오버워치,5.4,5,true,multi_game,,2026-06-15T13:38:39.749247
c01198bfc9daccba47ed8aa489f8028e,naverchzzk,,,,,,,,1071,이터널 리턴,42.4,제5인격,28.3,초자연 작전팀,8.8,8,true,multi_game,,2026-06-15T13:38:40.018983
62de1d0c09161fff1f70b893590f140e,naverchzzk,,,,,,,,868,talk,56.1,리틀 나이트메어 3,24.4,브로큰로어: 팔로우,19.5,3,false,talk_primary,,2026-06-15T13:38:40.081261
152ab07ce2b0f7dd48549cca8c7e7b9b,naverchzzk,,,,,,,,732,,0,,0,,0,0,unknown,no_category_data,,2026-06-15T13:38:40.975899
4f531015473f8c831120a3dd455dc919,naverchzzk,,,,,,,,221,몬스터 헌터 월드: 아이스본,81.0,다크 소울 2,15.2,리그 오브 레전드,2.0,5,false,single_game_dominant,,2026-06-15T13:38:41.106927
427e45008bc116d28421ed2eae823574,naverchzzk,,,,,,,,423,talk,94.1,음악/노래,5.9,,0,2,false,talk_primary,,2026-06-15T13:38:41.162908
214e094f6b290033a7966ac99db9b485,naverchzzk,,,,,,,,65,,0,,0,,0,0,unknown,no_category_data,,2026-06-15T13:38:44.074390
944890d87d1b5701cd57fc82824a13bf,naverchzzk,,,,,,,,568,,0,,0,,0,0,unknown,no_category_data,,2026-06-15T13:38:53.813429
9fc6b619b20e203f9135114ffa55fd38,naverchzzk,,,,,,,,297,talk,92.5,종합 게임,7.5,,0,2,false,talk_primary,,2026-06-15T13:38:56.178716
48be5e3e8394324a24f219bbef62a4b2,naverchzzk,,,,,,,,82,종합 게임,100.0,,0,,0,1,true,gg_primary,,2026-06-15T13:38:56.310792
58ef687c4b5133c16b5e2e1031b1bb6c,naverchzzk,,,,,,,,565,이터널 리턴,73.7,작혼: 리치 마작,17.8,오버워치,4.4,6,true,multi_game,,2026-06-15T13:38:57.002422
6784f2b395dd808141bec1d2ad3ebfbe,naverchzzk,,,,,,,,183,스트랜디드 딥,64.6,인투 더 데드: 아워 다키스트 데이즈,32.6,종합 게임,2.8,3,true,multi_game,,2026-06-15T13:38:57.527103
a4c69e7f9c0fc25a018a1c3c3cf0c17f,naverchzzk,,,,,,,,383,고전 게임,64.3,오버워치,35.7,,0,2,true,multi_game,,2026-06-15T13:38:58.261756
63e7689c1c11ce2f0447c5626196b749,naverchzzk,,,,,,,,157,종합 게임,75.9,talk,17.0,매지컬 프린세스,4.1,5,true,gg_primary,,2026-06-15T13:38:58.268733
d8d8d768349916d74d966cc7fa0651f4,naverchzzk,,,,,,,,338,브로큰 애로우,100.0,,0,,0,1,false,single_game_dominant,,2026-06-15T13:38:58.433451
2fb957ea5f98e2d5b3a95d2d861e452c,naverchzzk,,,,,,,,58,종합 게임,56.6,루나 어비스,8.0,에코 제너레이션 2,7.7,15,true,gg_primary,,2026-06-15T13:38:58.981280
69c9f82ea5a6e9141ae7de1d15506d11,naverchzzk,,,,,,,,1570,talk,37.4,세키로: 섀도우 다이 트와이스,15.7,마법소녀의 마녀재판,13.4,11,false,single_game_or_non_game,,2026-06-15T13:39:02.997804
a032f092d8667c1797dd91a4b716c47c,naverchzzk,,,,,,,,733,talk,100.0,,0,,0,1,false,talk_primary,,2026-06-15T13:39:05.602659
81c05b325b4964b99a727a9beaa13712,naverchzzk,,,,,,,,112,토탈 워: 워해머 3,47.6,종합 게임,14.8,신데리아,13.1,7,false,single_game_or_non_game,,2026-06-15T13:39:15.600675
06e643a1c28c3e2cd0b0d18c4fb360be,naverchzzk,,,,,,,,215,종합 게임,34.3,talk,31.9,오버워치,22.8,4,true,gg_primary,,2026-06-15T13:39:18.848697
2f6c390e61a3bd09cafde6e75ac784e1,naverchzzk,,,,,,,,1302,talk,38.5,Grand Theft Auto V,21.8,이환,13.3,9,false,single_game_or_non_game,,2026-06-15T13:39:19.701237
3e38fc0d210ae18d7fdf6a2e9a0f23f5,naverchzzk,,,,,,,,562,몬스터 헌터 월드: 아이스본,64.8,몬스터 헌터 와일즈,25.4,종합 게임,9.8,3,true,multi_game,,2026-06-15T13:39:20.495414
bef4ad50f587b53403bf5235d9aa7fcc,naverchzzk,,,,,,,,1888,talk,68.2,음악/노래,11.8,던전 클롤러,5.7,9,false,talk_primary,,2026-06-15T13:39:20.828586
ab2dfa50fc970fbba8fa3f253dd2093d,naverchzzk,,,,,,,,2078,리그 오브 레전드,34.5,talk,30.6,서브노티카 2,11.8,9,false,single_game_or_non_game,,2026-06-15T13:39:21.210292
ff38fdec85167efa94405c328e8e8c6e,naverchzzk,,,,,,,,2425,리그 오브 레전드,33.3,talk,29.9,PUBG: 배틀그라운드,15.3,9,true,multi_game,,2026-06-15T13:39:21.266764
60a7ca5191e7987432e77593a368582a,naverchzzk,,,,,,,,1496,talk,40.1,종합 게임,14.3,이터널 리턴,13.7,12,false,single_game_or_non_game,,2026-06-15T13:39:21.386960
a1e8a76d16710cae478f14924373b893,naverchzzk,,,,,,,,171,종합 게임,54.6,talk,18.8,리그 오브 레전드,18.3,5,true,gg_primary,,2026-06-15T13:39:21.990903
a27c304d628ae42afd3bd7a3808b6866,naverchzzk,,,,,,,,1747,talk,38.9,포켓몬스터 소드 · 실드,19.0,Grand Theft Auto V,13.4,12,false,single_game_or_non_game,,2026-06-15T13:39:24.082795
7dd6f0927c18f4acc3f40b8d31a80f0f,naverchzzk,,,,,,,,2378,talk,38.2,이환,22.8,림버스 컴퍼니,17.4,13,true,multi_game,,2026-06-15T13:39:37.515570
6ec69351f1d68d8812d7bc3584b0ead9,naverchzzk,,,,,,,,1037,,0,,0,,0,0,unknown,no_category_data,,2026-06-15T13:39:37.955181
818daed7b43872dc63df338b7928d01b,naverchzzk,,,,,,,,206,포르자 호라이즌 6,23.4,드래곤 퀘스트 XI S 지나간 시간을 찾아서 - Definitive Edition,16.5,007 퍼스트 라이트,14.5,11,true,multi_game,,2026-06-15T13:39:40.033530
c60605305243b0234e4cd0d10a675b05,naverchzzk,,,,,,,,1736,PUBG: 배틀그라운드,44.0,마인크래프트,23.2,스톰 스트라이커,18.2,7,true,multi_game,,2026-06-15T13:39:41.962971
0c4cc4f356578842d1bfa26708e08384,naverchzzk,,,,,,,,1108,talk,43.4,이터널 리턴,31.2,슬레이 더 스파이어 2,13.0,7,false,single_game_or_non_game,,2026-06-15T13:39:42.203276
7b6cde0e65ce44e1979ec03968e6e882,naverchzzk,,,,,,,,269,메이플스토리,71.3,스타크래프트 II : 자유의 날개,6.7,거대돌섬,5.2,10,false,single_game_or_non_game,,2026-06-15T13:39:42.211792
d3cab2d2fa183991df8169a584656926,naverchzzk,,,,,,,,354,오버워치,54.3,talk,28.9,프래그마타,16.8,3,true,multi_game,,2026-06-15T13:39:42.217173
ac25509f6418d3ddb1b4fb2e0a7e2316,naverchzzk,,,,,,,,1665,발로란트,30.9,오버워치,25.0,붕괴: 스타레일,16.6,12,true,multi_game,,2026-06-15T13:39:42.444781
973337a5111c0c7a61dd3e917f2c5bac,naverchzzk,,,,,,,,389,talk,69.0,악의,31.0,,0,2,false,talk_primary,,2026-06-15T13:39:42.583630
0777acbb5ba7e4580870a027e0bdfe56,naverchzzk,,,,,,,,106,이스케이프 프롬 타르코프,100.0,,0,,0,1,false,single_game_dominant,,2026-06-15T13:39:45.780074
fa001ef1a226a1bff047eae3ed35abe2,naverchzzk,,,,,,,,35,명조:워더링 웨이브,43.6,종합 게임,38.0,명일방주: 엔드필드,11.9,6,true,multi_game,,2026-06-15T13:39:45.896900
43a64ef60810c8939b3a06dc3d7a014d,naverchzzk,,,,,,,,490,,0,,0,,0,0,unknown,no_category_data,,2026-06-15T13:39:47.640151
18bf1d09b5565383958b4b8867e5059c,naverchzzk,,,,,,,,2564,,0,,0,,0,0,unknown,no_category_data,,2026-06-15T13:40:02.071814
8df0e2fd888d52ed10562f2cdb9fa6e0,naverchzzk,,,,,,,,936,이스케이프 프롬 타르코프,58.6,마인크래프트,34.1,talk,7.3,3,true,multi_game,,2026-06-15T13:40:03.569943
f15cff93b4bb3246e594d944a74be016,naverchzzk,,,,,,,,253,종합 게임,63.9,서브노티카 2,25.8,타운 투 시티,3.7,5,true,gg_primary,,2026-06-15T13:40:04.097621
0298122d69a9b53d2dfc4c4e84d68a09,naverchzzk,,,,,,,,967,talk,57.0,종합 게임,19.0,마인크래프트,11.2,7,false,talk_primary,,2026-06-15T13:40:04.333176
2e8bf74c2f666827d87cd5603ed46e3e,naverchzzk,,,,,,,,578,talk,42.3,윈드로즈,26.8,종합 게임,16.4,5,true,multi_game,,2026-06-15T13:40:04.762055
43da465576afdfb373c9cca32177b1bb,naverchzzk,,,,,,,,1115,로스트아크,66.2,R.E.P.O.,32.7,PUBG: 배틀그라운드,1.1,3,true,multi_game,,2026-06-15T13:40:04.787099
ab3d54e7dd2b906e2af66bbf8de2c196,naverchzzk,,,,,,,,255,talk,80.1,2026 FIFA 북중미 월드컵,6.0,롬스테드,4.2,10,false,talk_primary,,2026-06-15T13:40:05.262186
b2957f41893984c7caa17983d40ab10d,naverchzzk,,,,,,,,12019,포르자 호라이즌 6,60.3,talk,17.5,007 퍼스트 라이트,14.4,6,false,single_game_or_non_game,,2026-06-15T13:40:05.648607
acc6d26262023b08c4a4040690f0f713,naverchzzk,,,,,,,,176,Qwilight,37.0,플라티나 랩,29.0,미메시스,9.4,9,true,multi_game,,2026-06-15T13:40:05.790402
cfae28dfd815af31dc046d121dda369d,naverchzzk,,,,,,,,104,,0,,0,,0,0,unknown,no_category_data,,2026-06-15T13:40:19.531230
442373e470e8a39a5c4355916cfcb4fc,naverchzzk,,,,,,,,341,두근두근타운,65.8,성세천하: 여제의 탄생 Ⅱ,12.0,오구와 비밀의 숲,7.6,8,false,single_game_or_non_game,,2026-06-15T13:40:19.722742
2fc1a0bed789006e11e948392a5d3a2e,naverchzzk,,,,,,,,68,,0,,0,,0,0,unknown,no_category_data,,2026-06-15T13:40:22.595720
faaf515a2b74e6c3efe5252f4235409b,naverchzzk,,,,,,,,253,talk,73.8,고전 게임,26.2,,0,2,false,talk_primary,,2026-06-15T13:40:24.177138
2b4a469b1375030de320628e43af9e7a,naverchzzk,,,,,,,,154,명조:워더링 웨이브,41.1,디아블로 4: 증오의 군주,10.2,엘든 링,8.9,16,false,single_game_or_non_game,,2026-06-15T13:40:25.873521
55abc0d39afbe747145d56c88e229140,naverchzzk,,,,,,,,469,발로란트,93.2,PUBG: 배틀그라운드,6.3,talk,0.5,3,false,single_game_dominant,,2026-06-15T13:40:26.699944
dc704c5a7597b970b4180617e2c111a2,naverchzzk,,,,,,,,82,히어로즈 오브 마이트 앤 매직: 올든 에라,40.5,종합 게임,39.0,에이지 오브 엠파이어 2: 디피니티브 에디션,13.8,5,true,multi_game,,2026-06-15T13:40:26.805936
5f5dfafcce4c22e0af4ce47bdbfbf789,naverchzzk,,,,,,,,545,리그 오브 레전드,74.5,talk,11.9,종합 게임,4.4,8,false,single_game_or_non_game,,2026-06-15T13:40:26.932922
beb86ff995f8e03eb2e24b49f2a30e8b,naverchzzk,,,,,,,,2059,오버워치,71.8,talk,18.4,종합 게임,6.9,6,false,single_game_or_non_game,,2026-06-15T13:40:26.964944
dd85ba41de91fe4c970fd510d4ef1114,naverchzzk,,,,,,,,453,서브노티카 2,30.1,007 퍼스트 라이트,20.4,종합 게임,15.3,9,true,multi_game,,2026-06-15T13:40:31.590697
86d3d8d5997609df783949d107fbde24,naverchzzk,,,,,,,,1142,철권 8,34.1,메이플스토리 월드,25.4,talk,17.5,11,true,multi_game,,2026-06-15T13:40:35.191401
19f9ece522b9155b4e577d7b9b46103a,naverchzzk,,,,,,,,2388,이터널 리턴,96.6,talk,1.3,성세천하: 여제의 탄생 Ⅱ,0.8,6,false,single_game_dominant,,2026-06-15T13:40:39.838669
ab2277eab9203d373f82de5e45c7db82,naverchzzk,,,,,,,,540,,0,,0,,0,0,unknown,no_category_data,,2026-06-15T13:40:40.439115
1a3d5eb3569f7610901f81a61a4da477,naverchzzk,,,,,,,,178,,0,,0,,0,0,unknown,no_category_data,,2026-06-15T13:40:41.153887
2840bad4e73e257aea1caf8580ae6c82,naverchzzk,,,,,,,,45,종합 게임,100.0,,0,,0,1,true,gg_primary,,2026-06-15T13:40:41.161565
68daca14bebc804d56b3dc601c8e7aff,naverchzzk,,,,,,,,1903,마인크래프트,20.2,talk,16.1,림월드,13.5,16,false,single_game_or_non_game,,2026-06-15T13:40:43.907847
0197d1409b1aff985d6877e6c7313c55,naverchzzk,,,,,,,,308,파이널판타지14,59.5,talk,20.8,성세천하: 여제의 탄생,11.5,5,false,single_game_or_non_game,,2026-06-15T13:40:44.013258
c6b716b20c8cc9d992fb5ae069468de3,naverchzzk,,,,,,,,461,talk,52.2,슈퍼 마리오 메이커 2,13.2,마리오 카트 월드,9.9,8,false,talk_primary,,2026-06-15T13:40:44.405907
5bf3d8b944b763398c662165bb740469,naverchzzk,,,,,,,,620,그림/아트,37.8,마인크래프트,21.6,록맨 X 애니버서리 컬렉션,14.4,9,false,single_game_or_non_game,,2026-06-15T13:40:45.032671
593d0b54a8f7dac8dd1aed63587bd7eb,naverchzzk,,,,,,,,1006,사이퍼즈,58.5,talk,17.6,리그 오브 레전드,13.0,5,false,single_game_or_non_game,,2026-06-15T13:40:45.873578
8bc2eacd4bc28c19b20688d53b3b3b0d,naverchzzk,,,,,,,,365,,0,,0,,0,0,unknown,no_category_data,,2026-06-15T13:40:47.717818
9475632f76396ad774307e492541b8d7,naverchzzk,,,,,,,,1901,talk,57.2,오버워치,33.2,리그 오브 레전드,4.7,5,false,talk_primary,,2026-06-15T13:40:58.274034
0f4307753a48b96d8c1d0e5acc8c3291,naverchzzk,,,,,,,,445,데드 바이 데이라이트,85.4,talk,8.2,종합 게임,6.5,3,false,single_game_dominant,,2026-06-15T13:40:59.118961
e09bbe0aa3bec9df6f181efc634eb281,naverchzzk,,,,,,,,507,스플래툰 3,42.4,그림/아트,28.5,종합 게임,24.7,4,true,multi_game,,2026-06-15T13:41:01.071282
dda688c4743fe41322da1b7afa3976be,naverchzzk,,,,,,,,166,종합 게임,56.8,메트로이드 프라임 4 비욘드,11.1,니트로 젠 오메가,10.2,9,true,gg_primary,,2026-06-15T13:41:02.614245
19e77fd6b1aa12e81d4128ac43d61a43,naverchzzk,,,,,,,,25,,0,,0,,0,0,unknown,no_category_data,,2026-06-15T13:41:03.094602
7aa263d03571644d9ecd17471b1a969e,naverchzzk,,,,,,,,79,종합 게임,84.0,이환,16.0,,0,2,true,gg_primary,,2026-06-15T13:41:04.759053
7ed88067545ffab624ab36d4e495c31e,naverchzzk,,,,,,,,1229,talk,41.3,용과 같이 7 빛과 어둠의 행방 International,26.2,종합 게임,8.2,10,false,single_game_or_non_game,,2026-06-15T13:41:05.431876
a87e3c9451c07bffdaf6e3a3e8c63b1b,naverchzzk,,,,,,,,14,헬다이버즈 2,97.9,메트로 엑소더스 컴플리트 에디션,2.1,,0,2,false,single_game_dominant,,2026-06-15T13:41:05.850740
aec7b4a6438338de7757597887b957ba,naverchzzk,,,,,,,,343,고전 게임,44.4,요시와 신기한 도감,19.9,미나 더 할로워,19.2,6,true,multi_game,,2026-06-15T13:41:06.151970
729aef2db2ba77b9f4165a73a04c7e09,naverchzzk,,,,,,,,102,,0,,0,,0,0,unknown,no_category_data,,2026-06-15T13:41:07.518997
f70f24f2725c8f2a03b1787a76c63e0d,naverchzzk,,,,,,,,144,파이널판타지14,99.1,패스 오브 엑자일 2,0.9,,0,2,false,single_game_dominant,,2026-06-15T13:41:11.513825
827cf700086734c7b700e138eaf9f57e,naverchzzk,,,,,,,,647,스플래툰 3,39.0,두근두근타운,17.4,talk,12.2,9,true,multi_game,,2026-06-15T13:41:15.994216
ae62ca36d3ef9891f4c1e34c6e8b3ba9,naverchzzk,,,,,,,,1924,talk,32.8,마인크래프트,28.8,서브노티카 2,7.6,14,false,single_game_or_non_game,,2026-06-15T13:41:16.678930
a7235afd44df05dd257784f8e4db2935,naverchzzk,,,,,,,,180,리그 오브 레전드,55.7,명조:워더링 웨이브,44.3,,0,2,true,multi_game,,2026-06-15T13:41:22.683509
bd1dcaadbc663f732577a18d949cd3f8,naverchzzk,,,,,,,,257,종합 게임,29.1,talk,26.7,블루 프린스,14.2,9,true,gg_primary,,2026-06-15T13:41:24.898670
b55d5ab6c5e437eb6146d15efe45379b,naverchzzk,,,,,,,,576,talk,51.3,고전 게임,16.1,패스 오브 엑자일 2,11.4,6,false,talk_primary,,2026-06-15T13:41:25.158584
adeb7ab9d551519ccfae37b3788c40f1,naverchzzk,,,,,,,,2025,디아블로 4: 증오의 군주,46.9,패스 오브 엑자일 2,37.1,세피리아,7.2,7,true,multi_game,,2026-06-15T13:41:26.240375
82d0d7494afb41193fc469e57e0df5df,naverchzzk,,,,,,,,1438,이터널 리턴,84.0,림버스 컴퍼니,8.5,talk,2.9,5,false,single_game_dominant,,2026-06-15T13:41:26.269308
ee279ba91e254d53bce40b7a1b323bda,naverchzzk,,,,,,,,954,검은사막,29.5,에이펙스 레전드,19.4,워프레임,18.6,9,true,multi_game,,2026-06-15T13:41:26.827660
c62b2462676b1d31f0219885c676fbb0,naverchzzk,,,,,,,,734,이터널 리턴,27.4,talk,26.6,음악/노래,14.0,10,false,single_game_or_non_game,,2026-06-15T13:41:27.057651
dbb692c84413d92d9bded6ef67246914,naverchzzk,,,,,,,,197,고전 게임,66.4,종합 게임,17.4,이지투온 리부트: R,7.0,6,true,multi_game,,2026-06-15T13:41:28.831964
d7140e80bad5ce031524c726a5207ecf,naverchzzk,,,,,,,,857,톰 클랜시의 더 디비전 2,71.7,킹덤언더파이어: 히어로즈,12.5,"워해머 40,000: 스페이스 마린 2",9.1,5,false,single_game_or_non_game,,2026-06-15T13:41:30.019196
b7a7a5615f63d331c6e2dcd9f9f27601,naverchzzk,,,,,,,,286,,0,,0,,0,0,unknown,no_category_data,,2026-06-15T13:41:30.835776
be6b744d84caebdc8102f541b9e3861c,naverchzzk,,,,,,,,196,종합 게임,77.1,서브노티카 2,7.2,talk,6.7,6,true,gg_primary,,2026-06-15T13:41:33.994058
b0e4b472edf2003cdfdab78c484a0c24,naverchzzk,,,,,,,,312,,0,,0,,0,0,unknown,no_category_data,,2026-06-15T13:41:34.225719
50ba1b9bd1f23f988a258bfa4e306228,naverchzzk,,,,,,,,178,테트리스,51.6,림버스 컴퍼니,30.0,종합 게임,4.9,11,true,multi_game,,2026-06-15T13:41:46.799361
243ce418ca3da7b43b04da7b635ed461,naverchzzk,,,,,,,,472,인슈라오디드,65.8,메이플스토리,32.0,두근두근타운,1.1,4,true,multi_game,,2026-06-15T13:41:47.692029
9cbe916ecffef79701d8acd3ce881067,naverchzzk,,,,,,,,203,종합 게임,42.1,talk,22.4,스타크래프트 II : 자유의 날개,18.7,4,true,gg_primary,,2026-06-15T13:41:48.545574
3f0719dbbbd72f61b425caf844af8e21,naverchzzk,,,,,,,,292,발로란트,38.0,talk,33.3,종합 게임,27.1,4,true,multi_game,,2026-06-15T13:41:49.137600
48c88686166c041dc26147feda39fa38,naverchzzk,,,,,,,,101,007 퍼스트 라이트,97.1,talk,2.9,토와와 신목에 선택받은 아이들,0.0,3,false,single_game_dominant,,2026-06-15T13:41:49.683319
d8f9cfab91b27abb7b3f7f2c1a186e29,naverchzzk,,,,,,,,2046,음악/노래,36.7,talk,31.0,엘든 링,15.1,10,true,multi_game,,2026-06-15T13:41:49.751457
24f1392c90a660b819995d9b97492958,naverchzzk,,,,,,,,1046,메이플스토리 월드,75.3,PUBG: 배틀그라운드,12.4,음악/노래,4.8,8,false,single_game_or_non_game,,2026-06-15T13:41:49.873209
51bb4d54e9967c55e10d59cceefb256a,naverchzzk,,,,,,,,292,명조:워더링 웨이브,46.7,리그 오브 레전드,16.5,서브노티카 2,10.7,10,true,multi_game,,2026-06-15T13:41:50.319686
fde2deb9f3be7f495d72f204d8b8f41a,naverchzzk,,,,,,,,95,로스트아크,39.6,GTFO,22.0,이스케이프 프롬 타르코프,12.4,9,true,multi_game,,2026-06-15T13:41:50.418645
a15df5264987af8d466a3b5e4e55a389,naverchzzk,,,,,,,,559,,0,,0,,0,0,unknown,no_category_data,,2026-06-15T13:42:01.538819
260fd8766be90073abc799b7356700e2,naverchzzk,,,,,,,,577,종합 게임,100.0,,0,,0,1,true,gg_primary,,2026-06-15T13:42:04.084019
3529ba0837370fda96671bac835b9e06,naverchzzk,,,,,,,,1103,PUBG: 배틀그라운드,77.4,메이플스토리 월드,13.2,리그 오브 레전드,5.5,10,false,single_game_or_non_game,,2026-06-15T13:42:04.258926
69e2e2f75f4076e834a5fde711c3dfb4,naverchzzk,,,,,,,,826,켄시,58.7,초자연 작전팀,13.3,talk,10.7,11,false,single_game_or_non_game,,2026-06-15T13:42:05.789409
9beabccc8ab06490c09a3ac045c17bdd,naverchzzk,,,,,,,,2322,,0,,0,,0,0,unknown,no_category_data,,2026-06-15T13:42:05.838667
88d777fded707af8c60b9526aa0f3a7b,naverchzzk,,,,,,,,40,종합 게임,87.3,서브노티카,5.6,커피 토크 도쿄,4.8,6,true,gg_primary,,2026-06-15T13:42:07.363923
08825d1bc4c9035d8521826b1462b774,naverchzzk,,,,,,,,123,종합 게임,25.6,왕좌의 게임: 킹스로드,9.8,롬스테드,9.8,24,true,gg_primary,,2026-06-15T13:42:07.699028
47ab1f2678dec0287d366593cdfe881e,naverchzzk,,,,,,,,1058,talk,71.0,종합 게임,21.2,오버워치,4.8,4,false,talk_primary,,2026-06-15T13:42:08.368843
4d2fc3e3cae4cbd0a087cb959c983ffb,naverchzzk,,,,,,,,521,talk,59.5,PUBG: 배틀그라운드,28.6,그림/아트,10.2,4,false,talk_primary,,2026-06-15T13:42:08.670212
3dadd937e0e47035b3c8c377815ce88a,naverchzzk,,,,,,,,1296,리그 오브 레전드,94.8,talk,5.2,,0,2,false,single_game_dominant,,2026-06-15T13:42:09.867864
b5181250b53f7d9ac24c31122053ebdc,naverchzzk,,,,,,,,101,,0,,0,,0,0,unknown,no_category_data,,2026-06-15T13:42:24.319083
f3c9b39e5248acf201d4cf30312de221,naverchzzk,,,,,,,,3281,,0,,0,,0,0,unknown,no_category_data,,2026-06-15T13:42:25.627110
fb617638ccce6c41b84951c4226401b2,naverchzzk,,,,,,,,231,아이온2,70.9,파이널판타지14,26.7,종합 게임,2.3,3,true,multi_game,,2026-06-15T13:42:28.513329
726b155098a80e8eba10d68f0cfc07cd,naverchzzk,,,,,,,,217,데드 바이 데이라이트,53.1,이환,20.8,이스케이프 프롬 타르코프,19.4,7,true,multi_game,,2026-06-15T13:42:28.799576
42762380a34c933366636bfdc4067293,naverchzzk,,,,,,,,547,PUBG: 배틀그라운드,58.3,리그 오브 레전드,33.4,서브노티카 2,3.6,7,true,multi_game,,2026-06-15T13:42:31.028531
97f077fb9e07f03339a8158f8e4a9aa6,naverchzzk,,,,,,,,2833,여행,94.0,더 롱 다크,4.7,talk,1.3,3,false,single_game_dominant,,2026-06-15T13:42:31.217751
f60d90f276f23f4da2ae58d86efd7ec3,naverchzzk,,,,,,,,787,패스 오브 엑자일 2,73.0,더 롱 다크,6.4,이스케이프 프롬 타르코프,4.3,15,false,single_game_or_non_game,,2026-06-15T13:42:31.809650
7b47af1f6825391a610f768c43376cb1,naverchzzk,,,,,,,,195,쥬라기 월드 에볼루션 3,20.2,종합 게임,16.4,talk,13.0,27,true,multi_game,,2026-06-15T13:42:31.841164
ebcf5a40a4481db4ea55fabe798db5e6,naverchzzk,,,,,,,,825,talk,29.4,마인크래프트,19.0,서브노티카,12.6,23,false,single_game_or_non_game,,2026-06-15T13:42:33.085853
f78d401f340a8e92e5446b31923ea149,naverchzzk,,,,,,,,90,메이플스토리 월드,100.0,,0,,0,1,false,single_game_dominant,,2026-06-15T13:42:34.752147
cf882ca21960c190dd6af5c8332d3876,naverchzzk,,,,,,,,2388,ASMR,32.9,마인크래프트,32.1,talk,20.1,10,true,multi_game,,2026-06-15T13:42:35.862075
632c5bde07df4b4153aea28e203b1b39,naverchzzk,,,,,,,,434,,0,,0,,0,0,unknown,no_category_data,,2026-06-15T13:42:36.693106
d35108d902dd1e445962ed2b4ad889f7,naverchzzk,,,,,,,,2707,리그 오브 레전드,33.3,코어 키퍼,25.6,발로란트,24.4,5,true,multi_game,,2026-06-15T13:42:39.097085
a087ae5d1995d2a408e6ab673bf33035,naverchzzk,,,,,,,,283,발로란트,70.7,피크,29.3,,0,2,true,multi_game,,2026-06-15T13:42:43.752225
6e0cf11c9837f580d79f1c247d0166c9,naverchzzk,,,,,,,,815,이환,86.1,원신,7.0,talk,5.2,4,false,single_game_dominant,,2026-06-15T13:42:54.502222
424eeea681196cd17f4cc7c0a919cdaf,naverchzzk,,,,,,,,156,고전 게임,100.0,,0,,0,1,false,single_game_dominant,,2026-06-15T13:42:55.320945
84a80a673091c5b12d5cd2fd9486b696,naverchzzk,,,,,,,,672,talk,38.9,P의 거짓,17.5,종합 게임,13.0,7,false,single_game_or_non_game,,2026-06-15T13:42:56.158609
f321837caa794541301464d83daa947b,naverchzzk,,,,,,,,551,메이플스토리,43.3,전략적 팀 전투 : 우주의 신들,24.2,워크래프트 3: 리포지드,24.0,5,true,multi_game,,2026-06-15T13:42:56.227801
4db9e0f8f8639d08cebb0d1a10100dc0,naverchzzk,,,,,,,,838,이스케이프 프롬 타르코프,27.1,종합 게임,17.8,이환,10.3,14,true,multi_game,,2026-06-15T13:42:58.321994
274b68abff4edcd71f0b63df155fa117,naverchzzk,,,,,,,,814,발로란트,78.5,talk,10.4,PUBG: 배틀그라운드,7.9,8,false,single_game_or_non_game,,2026-06-15T13:43:00.344028
25393fc6c48d6766a02a4b63df37f147,naverchzzk,,,,,,,,555,talk,63.6,프래그마타,12.2,원신,11.9,6,false,talk_primary,,2026-06-15T13:43:00.831283
6e872ef76e61aee6fd9aed66077a9f4c,naverchzzk,,,,,,,,1594,이스케이프 프롬 타르코프,60.9,마인크래프트,17.8,로스트아크,7.4,10,true,multi_game,,2026-06-15T13:43:01.138769
e675d3956f76c9b05d2628961555ef75,naverchzzk,,,,,,,,1418,마인크래프트,39.3,talk,29.2,팀버본,6.3,14,false,single_game_or_non_game,,2026-06-15T13:43:03.114831
086e698db3e7981562d4b60be4c57212,naverchzzk,,,,,,,,226,,0,,0,,0,0,unknown,no_category_data,,2026-06-15T13:43:10.290780
33a1437c1164b51cb395d242ce36bd53,naverchzzk,,,,,,,,406,talk,62.5,마왕성 스토리,15.8,포켓몬 포코피아,11.4,5,false,talk_primary,,2026-06-15T13:43:14.587868
d474e3a33f8326d0292240de3af2d92b,naverchzzk,,,,,,,,503,음악/노래,48.6,성세천하: 여제의 탄생,12.4,talk,9.3,11,false,single_game_or_non_game,,2026-06-15T13:43:14.849672
e0f485296633184ce2048e8f0270345e,naverchzzk,,,,,,,,2039,talk,92.2,음악/노래,7.8,,0,2,false,talk_primary,,2026-06-15T13:43:18.211727
3e1a9477d42ae145c02b0ce5e730a9b0,naverchzzk,,,,,,,,371,talk,38.8,고스트피아 시즌 원,20.2,데드 바이 데이라이트,12.0,12,false,single_game_or_non_game,,2026-06-15T13:43:20.030045
72daeda32bb15f58ae6c6f1866c35492,naverchzzk,,,,,,,,1640,레프트 4 데드 2,70.1,메이플스토리 월드,20.0,던전앤파이터,5.2,6,true,multi_game,,2026-06-15T13:43:21.496936
befab03007ccf553b9328384e84c4d93,naverchzzk,,,,,,,,259,리그 오브 레전드,52.4,서브노티카 2,16.0,종합 게임,14.3,6,true,multi_game,,2026-06-15T13:43:21.782827
69af8ec9cb06723aeeb1189fc6f580f7,naverchzzk,,,,,,,,1165,메카 브레이크,72.4,서브노티카 2,8.3,talk,6.7,8,false,single_game_or_non_game,,2026-06-15T13:43:23.050634
d676df6bcb09c553c26a2e2b92542fd6,naverchzzk,,,,,,,,6700,이환,49.1,아주르 프로밀리아,14.7,명조:워더링 웨이브,12.3,9,false,single_game_or_non_game,,2026-06-15T13:43:23.192021
4780ce79757a7c82057fab72a35453e8,naverchzzk,,,,,,,,5414,이환,40.8,talk,22.1,명조:워더링 웨이브,10.9,8,false,single_game_or_non_game,,2026-06-15T13:43:25.730188
04f9108aa4e96795f731c06b2e6889c1,naverchzzk,,,,,,,,523,오버워치,48.5,전략적 팀 전투 : 우주의 신들,28.0,킹덤 컴: 딜리버런스 II,21.2,5,true,multi_game,,2026-06-15T13:43:27.187911
4ef53da3663495ec22322af637f5cb34,naverchzzk,,,,,,,,389,talk,48.5,슬레이 더 스파이어 2,31.0,오버워치,7.8,5,false,single_game_or_non_game,,2026-06-15T13:43:27.619297
0dd5988f5922e65c9bfd627973ab5878,naverchzzk,,,,,,,,1327,메이플스토리 월드,58.8,talk,21.0,리그 오브 레전드,7.9,8,false,single_game_or_non_game,,2026-06-15T13:43:28.145951
24afbe348a02f146fdb7b0db4fab2c40,naverchzzk,,,,,,,,118,,0,,0,,0,0,unknown,no_category_data,,2026-06-15T13:43:28.369199
55f9d87ba8d92679e0caa0cb538413f2,naverchzzk,,,,,,,,447,마인크래프트,53.1,종합 게임,16.4,서브노티카 2,11.1,8,true,multi_game,,2026-06-15T13:43:30.204734
40ede1fca56fd7141d718c116d5501dc,naverchzzk,,,,,,,,1330,이환,49.2,종합 게임,17.5,talk,15.1,9,true,multi_game,,2026-06-15T13:43:33.249414
2fcd803a238fccd86bcb97cef73233f8,naverchzzk,,,,,,,,1051,종합 게임,18.0,스테퍼 케이스:초능력 추리 어드벤처,17.8,팀파이트 매니저 2,16.9,14,true,gg_primary,,2026-06-15T13:43:33.749943
ff49176260d1424dc72ac38b99a38b5f,naverchzzk,,,,,,,,1788,카트라이더,58.1,talk,22.2,PUBG: 배틀그라운드,5.6,11,false,single_game_or_non_game,,2026-06-15T13:43:38.364204
64589342e2a8e733573b99732aeb8822,naverchzzk,,,,,,,,63,,0,,0,,0,0,unknown,no_category_data,,2026-06-15T13:43:40.464071
3d24cb2450ec17e17f79e964d32a23e3,naverchzzk,,,,,,,,638,던전앤파이터,60.0,메이플스토리 월드,27.9,컬트 오브 더 램,2.5,10,true,multi_game,,2026-06-15T13:43:44.754107
c0d1359d074b1d19760689836edde821,naverchzzk,,,,,,,,341,리그 오브 레전드,98.4,시드 마이어의 문명 VII,1.6,,0,2,false,single_game_dominant,,2026-06-15T13:43:47.798600
3cf58789ab09865bdc1e2f3a76d66b27,naverchzzk,,,,,,,,270,그림/아트,69.6,명일방주: 엔드필드,13.3,스타크래프트 : 리마스터,6.4,9,false,single_game_or_non_game,,2026-06-15T13:43:48.389262
2d03348eca66f34791b2bbf8b711ae03,naverchzzk,,,,,,,,130,,0,,0,,0,0,unknown,no_category_data,,2026-06-15T13:43:48.503934
0cfb40c68e56441c3e0ca58231e3523b,naverchzzk,,,,,,,,1155,talk,40.2,종합 게임,24.4,이환,22.0,6,true,multi_game,,2026-06-15T13:43:49.468806
be1729574be8282d009fb7a17f141487,naverchzzk,,,,,,,,256,마인크래프트,39.3,유희왕 마스터 듀얼,16.2,리그 오브 레전드,12.1,9,true,multi_game,,2026-06-15T13:43:49.602000
881f5b83ead2350fa1f19a83ac924230,naverchzzk,,,,,,,,596,작혼: 리치 마작,22.8,talk,20.8,림버스 컴퍼니,12.8,13,false,single_game_or_non_game,,2026-06-15T13:43:50.270277
2811c205066dae97aed8066a1cd93dbc,naverchzzk,,,,,,,,33,종합 게임,100.0,,0,,0,1,true,gg_primary,,2026-06-15T13:43:54.404293
0f906bd7102ea34ff49d8f86242ea5a7,naverchzzk,,,,,,,,216,음악/노래,54.8,talk,45.2,,0,2,false,single_game_or_non_game,,2026-06-15T13:43:58.431961
2cf63fb4b9bf15ebf7f88d9aac716583,naverchzzk,,,,,,,,171,talk,68.0,포장마차 : 한국 길거리 음식 경영시뮬레이터,28.0,종합 게임,4.0,3,false,talk_primary,,2026-06-15T13:44:05.414258
86df18cf522ea1914ac055f282aa05ed,naverchzzk,,,,,,,,1290,월드 오브 워크래프트: 한밤,93.4,종합 게임,5.3,이환,1.1,4,false,single_game_dominant,,2026-06-15T13:44:06.145228
c9ab7c017e5eacc8c07671de5e370e91,naverchzzk,,,,,,,,554,,0,,0,,0,0,unknown,no_category_data,,2026-06-15T13:44:08.275687
d3beda22fdad51418f43e93bfbbf11c5,naverchzzk,,,,,,,,170,고전 게임,41.6,talk,28.2,포르자 호라이즌 6,16.1,5,true,multi_game,,2026-06-15T13:44:09.295327
ec7a795e04f5c713587df20ce7895235,naverchzzk,,,,,,,,767,세븐 데이즈 투 다이,63.7,마인크래프트,11.8,talk,7.3,8,false,single_game_or_non_game,,2026-06-15T13:44:09.324776
9974b1cff13f05651e163e01ddb7c18c,naverchzzk,,,,,,,,10364,talk,98.9,마블 라이벌즈,0.4,앵그리버드 2,0.3,5,false,talk_primary,,2026-06-15T13:44:09.331071
9da0c44b2ea2f8582b82e378a0d03d21,naverchzzk,,,,,,,,1096,이터널 리턴,65.4,메이플스토리 월드,31.6,talk,2.9,3,true,multi_game,,2026-06-15T13:44:09.421603
0537e132c47b6d4fa46650e30ba39d4a,naverchzzk,,,,,,,,2703,talk,38.0,림버스 컴퍼니,30.0,서브노티카 2,8.9,11,false,single_game_or_non_game,,2026-06-15T13:44:09.762531
fd214aa985cf2d163db79f3c881c2793,naverchzzk,,,,,,,,416,talk,49.9,서브노티카: 빌로우 제로,31.7,007 퍼스트 라이트,17.7,4,true,multi_game,,2026-06-15T13:44:10.555282
363564cc2af618751e1ac695e9963aa0,naverchzzk,,,,,,,,507,talk,49.6,종합 게임,22.9,바이오하자드 빌리지,10.5,9,true,gg_secondary,,2026-06-15T13:44:19.458567
159e9a23921859e3bc573d69edcca953,naverchzzk,,,,,,,,133,,0,,0,,0,0,unknown,no_category_data,,2026-06-15T13:44:22.422508
3c756c71b2c4a1bda8ee7a398e626f17,naverchzzk,,,,,,,,656,토탈 워: 워해머 3,55.9,림월드,29.3,아노 1800,14.7,3,true,multi_game,,2026-06-15T13:44:22.640922
204f1d5f674e2b9ec4097e91785c4e2e,naverchzzk,,,,,,,,806,,0,,0,,0,0,unknown,no_category_data,,2026-06-15T13:44:24.596821
cf636974478e2b7e0ed6dc96cb2779df,naverchzzk,,,,,,,,283,,0,,0,,0,0,unknown,no_category_data,,2026-06-15T13:44:25.378575
d8a135113677a174a6a8c18ac674100f,naverchzzk,,,,,,,,200,미나 더 할로워,44.2,리듬 닥터,24.4,talk,16.3,5,true,multi_game,,2026-06-15T13:44:25.378575
17fbaeccda7dca5f4e35150e66255f08,naverchzzk,,,,,,,,324,,0,,0,,0,0,unknown,no_category_data,,2026-06-15T13:44:25.994612
27de480f79feb6c9dadd926d03a1f8b7,naverchzzk,,,,,,,,503,리그 오브 레전드,71.4,PUBG: 배틀그라운드,14.1,그림/아트,3.2,12,false,single_game_or_non_game,,2026-06-15T13:44:31.408639
f6dfb1432bc2e45a5cc98121e3e70a81,naverchzzk,,,,,,,,103,붉은사막,89.9,음악/노래,10.1,종합 게임,0.0,3,false,single_game_dominant,,2026-06-15T13:44:31.795756
9be49a707d9928ef90363c211172f98a,naverchzzk,,,,,,,,841,,0,,0,,0,0,unknown,no_category_data,,2026-06-15T13:44:37.447900
673b7fd8643c1a6800bb67e5bdde99b6,naverchzzk,,,,,,,,3483,명조:워더링 웨이브,38.5,talk,20.5,리그 오브 레전드,12.7,13,false,single_game_or_non_game,,2026-06-15T13:44:41.621066
0be8dc1c87bc63e51380f779123df6aa,naverchzzk,,,,,,,,3022,talk,49.0,오버워치,27.2,종합 게임,10.3,9,false,single_game_or_non_game,,2026-06-15T13:44:42.839420
74cd30e5d3d1fc7bdf7fe3ea998a6929,naverchzzk,,,,,,,,192,,0,,0,,0,0,unknown,no_category_data,,2026-06-15T13:44:43.777725
59b4a707b8eecdde31e921be2642223c,naverchzzk,,,,,,,,452,talk,50.6,철권 8,20.7,엘든 링,6.2,11,false,talk_primary,,2026-06-15T13:44:44.018619
8c7fa9e3777909a858c6355e682d9510,naverchzzk,,,,,,,,349,로스트아크,90.2,종합 게임,9.3,talk,0.5,3,false,single_game_dominant,,2026-06-15T13:44:44.084976
eb88b4ba9c0f96e6b8fc38f20ade317d,naverchzzk,,,,,,,,194,소닉 더 헤지혹,44.0,종합 게임,14.6,talk,11.3,11,false,single_game_or_non_game,,2026-06-15T13:44:44.219042
107464f0bfe878da1912eefc39992638,naverchzzk,,,,,,,,232,talk,89.5,돈 플레이 디스,10.5,,0,2,false,talk_primary,,2026-06-15T13:44:44.224880
b0de2c68613b549949fb1ab92c99995b,naverchzzk,,,,,,,,295,종합 게임,87.2,talk,12.8,,0,2,true,gg_primary,,2026-06-15T13:44:44.383122
062c2bff9cf6245da75b54a70d2d0fe9,naverchzzk,,,,,,,,440,전략적 팀 전투 : 우주의 신들,45.1,리그 오브 레전드,24.0,다크 소울 2,9.3,10,true,multi_game,,2026-06-15T13:44:46.662924
c61969606c0a253f4bd4580d0082b788,naverchzzk,,,,,,,,402,종합 게임,27.3,talk,20.9,미제사건은 끝내야 하니까,8.5,15,true,gg_primary,,2026-06-15T13:44:52.099658
43d1be94a34ecf39ed730f03a8a44bd3,naverchzzk,,,,,,,,78,,0,,0,,0,0,unknown,no_category_data,,2026-06-15T13:44:58.426530
2530f0d0a29d48d7ca342e1b6313e687,naverchzzk,,,,,,,,1455,오버워치,73.3,007 퍼스트 라이트,12.8,서브노티카 2,11.3,4,false,single_game_or_non_game,,2026-06-15T13:45:00.520650
f7e62a41cfff5b33e29245e52f8431b5,naverchzzk,,,,,,,,263,종합 게임,36.2,블랙 소울즈 II,17.4,바이오하자드 RE:2,11.0,14,true,gg_primary,,2026-06-15T13:45:01.282774
c45f38431306650d33361c601badd441,naverchzzk,,,,,,,,483,마비노기 모바일,64.3,P의 거짓,5.3,리그 오브 레전드,5.2,16,false,single_game_or_non_game,,2026-06-15T13:45:03.807136
f7e71c69f222a684ed3e323e025d1fa7,naverchzzk,,,,,,,,3669,talk,46.9,마인크래프트,22.4,림월드,13.3,10,false,single_game_or_non_game,,2026-06-15T13:45:04.051177
503d5d5848466dd58d8af83083b73a14,naverchzzk,,,,,,,,3119,오버워치,58.5,발로란트,25.0,종합 게임,4.8,11,true,multi_game,,2026-06-15T13:45:04.086870
ceda73c5e3048554b32b46f65067f896,naverchzzk,,,,,,,,1912,철권 8,86.2,talk,6.5,종합 게임,4.8,4,false,single_game_dominant,,2026-06-15T13:45:04.291016
3957fa4509ce5677e403dd3589539cd4,naverchzzk,,,,,,,,68,할로우 나이트,34.9,종합 게임,33.7,talk,14.1,7,true,multi_game,,2026-06-15T13:45:04.478828
2c8ec60210ba25511bd7b6a3eb2605f1,naverchzzk,,,,,,,,447,로스트아크,72.6,서브노티카 2,8.0,서브노티카,6.8,9,false,single_game_or_non_game,,2026-06-15T13:45:04.488030
0be6c49fc48d95899f7dd89c23d56af8,naverchzzk,,,,,,,,205,리썰 컴퍼니,26.9,talk,19.5,리그 오브 레전드,14.7,18,false,single_game_or_non_game,,2026-06-15T13:45:07.188612
d5ff7de28f1a2b472d69fc6fb6f47838,naverchzzk,,,,,,,,133,윈드로즈,48.4,PUBG: 배틀그라운드,30.7,서브노티카 2,20.9,3,true,multi_game,,2026-06-15T13:45:08.221825
e3f1c85f98803a8a0f4187840ec6b862,naverchzzk,,,,,,,,1026,포켓몬스터 리프그린,33.1,포켓몬 포코피아,22.4,talk,22.1,5,true,multi_game,,2026-06-15T13:45:08.879631
c80705b6bfec75a69adca93042474f0a,naverchzzk,,,,,,,,859,,0,,0,,0,0,unknown,no_category_data,,2026-06-15T13:45:20.740700
c7f21598662d9d187330a01ddee4c76a,naverchzzk,,,,,,,,343,,0,,0,,0,0,unknown,no_category_data,,2026-06-15T13:45:25.953157
6bc69f9a1344b88409665323ea8cd925,naverchzzk,,,,,,,,804,talk,41.5,명조:워더링 웨이브,16.7,아주르 프로밀리아,10.9,12,false,single_game_or_non_game,,2026-06-15T13:45:30.138745
3ecbcdcd5c780344d396c93c61ea2595,naverchzzk,,,,,,,,1336,유희왕 마스터 듀얼,79.5,포켓몬스터 하트골드,15.2,포켓몬 챔피언스,4.6,4,true,multi_game,,2026-06-15T13:45:30.959442
6f1350c4e68bb962130a0bc27d8c4373,naverchzzk,,,,,,,,757,스플래툰 3,48.2,talk,36.8,포켓몬 챔피언스,15.0,3,true,multi_game,,2026-06-15T13:45:31.341308
4109c47454d53539ba75b26f2a6e94b5,naverchzzk,,,,,,,,337,talk,37.4,요시와 신기한 도감,17.7,포르자 호라이즌 6,13.9,8,false,single_game_or_non_game,,2026-06-15T13:45:31.417215
e2f91d088c9bbcd1fce2924ff3f58226,naverchzzk,,,,,,,,1700,PUBG: 배틀그라운드,31.9,서브노티카 2,15.3,리그 오브 레전드,13.8,13,true,multi_game,,2026-06-15T13:45:32.058061
0008cf3fdbb8ef0e838dee5deef1e8a9,naverchzzk,,,,,,,,227,이스케이프 프롬 타르코프,46.4,종합 게임,20.6,talk,20.6,7,true,multi_game,,2026-06-15T13:45:32.222852
0fe4fe352fed30fdc386148b41d84f2a,naverchzzk,,,,,,,,517,마인크래프트,53.4,이환,9.4,talk,7.3,15,false,single_game_or_non_game,,2026-06-15T13:45:32.323080
2fe6a917da1507c0e678cc3a4ca999ec,naverchzzk,,,,,,,,613,talk,60.3,오버워치,39.7,,0,2,false,talk_primary,,2026-06-15T13:45:32.678852
9d976a66073786f7ff8024b48df62ce4,naverchzzk,,,,,,,,1733,,0,,0,,0,0,unknown,no_category_data,,2026-06-15T13:45:34.207923
c41e968675bdf1e7321e9f74c74b3670,naverchzzk,,,,,,,,379,리그 오브 레전드,80.0,talk,20.0,,0,2,false,single_game_dominant,,2026-06-15T13:45:47.912285
420f9f0bcb5c542795e3fe307eb2d99a,naverchzzk,,,,,,,,316,오버워치,100.0,,0,,0,1,false,single_game_dominant,,2026-06-15T13:45:48.434116
918c535c7927e9b9c55888f0ce96dd22,naverchzzk,,,,,,,,128,이터널 리턴,55.4,명조:워더링 웨이브,30.4,승리의 여신: 니케,8.9,4,true,multi_game,,2026-06-15T13:45:48.997255
d583388dc780e7867d0e8d712cea5e8b,naverchzzk,,,,,,,,1004,talk,42.7,종합 게임,14.6,명조:워더링 웨이브,13.7,10,false,single_game_or_non_game,,2026-06-15T13:45:52.304321
f9c5767197acf2b93313d2f57d432a8d,naverchzzk,,,,,,,,1133,talk,24.5,붉은사막,23.8,포르자 호라이즌 6,12.8,18,false,single_game_or_non_game,,2026-06-15T13:45:52.430450
2629ef26d6abd8cf1fa7d52e83ba3542,naverchzzk,,,,,,,,1972,마인크래프트,46.4,talk,35.5,이터널 리턴,7.8,5,false,single_game_or_non_game,,2026-06-15T13:45:52.523277
c937ce21630daa9ab833b310c48ecd88,naverchzzk,,,,,,,,542,그림/아트,24.5,노 레스트 포 더 위키드,23.7,엠버 나이트,15.7,10,true,multi_game,,2026-06-15T13:45:52.531786
8410e08fd6359ed491b5ad366994fa0d,naverchzzk,,,,,,,,718,유희왕 마스터 듀얼,39.4,림버스 컴퍼니,22.3,야구,10.0,11,true,multi_game,,2026-06-15T13:45:52.614155
c61d9af7263c4d436e5a682c8da4d706,naverchzzk,,,,,,,,1224,talk,31.3,종합 게임,17.1,발로란트,15.3,11,true,multi_game,,2026-06-15T13:45:52.778919
9243b205089221bd8d430f3af78e6742,naverchzzk,,,,,,,,1351,,0,,0,,0,0,unknown,no_category_data,,2026-06-15T13:45:58.273432
aca36e99198a7587de9dd1bbe324fd87,naverchzzk,,,,,,,,698,리그 오브 레전드,60.8,서든어택,16.6,talk,8.1,10,true,multi_game,,2026-06-15T13:46:07.085874
6b80b3af7ba96934aa240ed9d9495442,naverchzzk,,,,,,,,629,,0,,0,,0,0,unknown,no_category_data,,2026-06-15T13:46:08.147687
eb3536eb577f8dbd5889fa69b2a826b2,naverchzzk,,,,,,,,680,,0,,0,,0,0,unknown,no_category_data,,2026-06-15T13:46:08.881398
8da2cbae1c627fab3477abfdc9e119bc,naverchzzk,,,,,,,,4280,아이온2,30.4,명조:워더링 웨이브,27.6,림월드,14.2,9,true,multi_game,,2026-06-15T13:46:11.321669
b011467a762682df78f17c1cdf800413,naverchzzk,,,,,,,,262,파이널판타지14,52.2,노 레스트 포 더 위키드,12.4,포르자 호라이즌 6,5.2,17,false,single_game_or_non_game,,2026-06-15T13:46:13.431099
d61bbf21d161b6436f8993038cc1a989,naverchzzk,,,,,,,,384,로스트 저지먼트: 심판받지 않은 기억,54.8,진・삼국무쌍: ORIGINS,18.3,007 퍼스트 라이트,13.0,9,true,multi_game,,2026-06-15T13:46:14.489925
4695513000a3ec512bd0fed52fdc6e93,naverchzzk,,,,,,,,1861,오버워치,77.4,디제이맥스 리스펙트 V,5.9,talk,4.9,9,false,single_game_or_non_game,,2026-06-15T13:46:14.537979
1d11bd39efaf72ef06ec71df2381b549,naverchzzk,,,,,,,,29,,0,,0,,0,0,unknown,no_category_data,,2026-06-15T13:46:14.737164
c9a7a8a4006fa8ed4cefbf97b398abf2,naverchzzk,,,,,,,,532,포르자 호라이즌 6,43.2,천하제일상거상,24.6,ELDEN RING 밤의 통치자,14.9,14,true,multi_game,,2026-06-15T13:46:14.802247
292610d6ce4dd6120b11fdd889b9069b,naverchzzk,,,,,,,,1168,,0,,0,,0,0,unknown,no_category_data,,2026-06-15T13:46:17.641690
3e058dcfbb022dfdaa1a9b7d9eefe45a,naverchzzk,,,,,,,,1210,던전앤파이터,59.8,종합 게임,16.7,고전 게임,9.9,8,true,multi_game,,2026-06-15T13:46:19.938356
60494e4774ed0bbac45f47cfcbbcd8be,naverchzzk,,,,,,,,2293,로스트아크,72.6,마인크래프트,9.4,종합 게임,5.7,8,false,single_game_or_non_game,,2026-06-15T13:46:26.579260
7465c95d6faf00a798ffa8880845037c,naverchzzk,,,,,,,,1669,로스트아크,85.4,승리의 여신: 니케,9.0,붉은사막,5.5,3,false,single_game_dominant,,2026-06-15T13:46:28.888876
e6ba0d54b31831ecb2c78a4132cb99e1,naverchzzk,,,,,,,,494,서브노티카 2,65.6,로스트아크,14.9,"걱정 마세요, 난기류입니다",7.1,7,false,single_game_or_non_game,,2026-06-15T13:46:29.313094
ddc0b724047a8d0f9cdc7740d65d9b17,naverchzzk,,,,,,,,1039,,0,,0,,0,0,unknown,no_category_data,,2026-06-15T13:46:33.955657
b49bd578b2a41b2e34ba198a23833305,naverchzzk,,,,,,,,395,철권 8,70.7,종합 게임,9.3,명조:워더링 웨이브,6.4,17,false,single_game_or_non_game,,2026-06-15T13:46:35.029039
edca046a9e1e8fa80bc35b7fb8855b0b,naverchzzk,,,,,,,,1587,talk,34.6,마인크래프트,11.1,이환,10.3,10,false,single_game_or_non_game,,2026-06-15T13:46:36.990765
c79ccf96180a0798cd5b0f6f7a2c9cbf,naverchzzk,,,,,,,,577,붉은사막,37.9,용과 같이0 맹세의 장소 Director's Cut,21.7,로보토미 코퍼레이션,12.8,13,true,multi_game,,2026-06-15T13:46:38.025739
a570149e06db3475e563413716ce822c,naverchzzk,,,,,,,,253,명일방주,76.8,종합 게임,4.4,명조:워더링 웨이브,3.8,12,false,single_game_or_non_game,,2026-06-15T13:46:39.028754
cd5ae4c07c49827120da9486e13454f5,naverchzzk,,,,,,,,1612,슬레이 더 스파이어 2,47.0,엘든 링,28.2,코어 키퍼,12.5,6,true,multi_game,,2026-06-15T13:46:42.399838
bb08cb468fca542c6c6e084f532388d8,naverchzzk,,,,,,,,479,종합 게임,60.9,고전 게임,12.7,서브노티카 2,12.7,5,true,gg_primary,,2026-06-15T13:46:48.665113
2b172111fade7d1fbfee02b51121cd29,naverchzzk,,,,,,,,1353,,0,,0,,0,0,unknown,no_category_data,,2026-06-15T13:46:51.568842
812f0d1a913c4e1314ff03ffb48670b7,naverchzzk,,,,,,,,873,,0,,0,,0,0,unknown,no_category_data,,2026-06-15T13:46:52.749413
e62b2771a14fb902fba8b3b324d59e45,naverchzzk,,,,,,,,3078,음악/노래,80.1,talk,19.9,,0,2,false,single_game_dominant,,2026-06-15T13:46:54.291716
e38a3db0ecf1cf7e8a461a8364c4888c,naverchzzk,,,,,,,,941,talk,48.8,종합 게임,20.3,음악/노래,13.8,7,true,gg_secondary,,2026-06-15T13:46:54.298860
e51a3fd11b3ede1138c27538925fb9ce,naverchzzk,,,,,,,,569,종합 게임,24.4,마인크래프트,23.7,테트리스,18.8,10,true,gg_primary,,2026-06-15T13:47:03.517656
7f14cb1fbbf50fa62cce90321faf57e9,naverchzzk,,,,,,,,2993,카트라이더,74.0,PUBG: 배틀그라운드,21.7,종합 게임,2.2,5,true,multi_game,,2026-06-15T13:47:04.132068
eddbcea5d023e37bf205c4ed2d73ff4d,naverchzzk,,,,,,,,945,로스트아크,59.6,톰 클랜시의 더 디비전 2,32.0,라이어 게임,3.7,6,true,multi_game,,2026-06-15T13:47:04.807610
f3969f9bce07b2eca08a295a69e40b00,naverchzzk,,,,,,,,233,,0,,0,,0,0,unknown,no_category_data,,2026-06-15T13:47:04.867649
79d0b29819d33db4b3309584b789c4d6,naverchzzk,,,,,,,,1157,몬스터 헌터 와일즈,74.1,검은 신화: 오공,11.9,talk,10.1,6,false,single_game_or_non_game,,2026-06-15T13:47:07.582153
3a4d844ef15e1b346fac101940b074d8,naverchzzk,,,,,,,,221,,0,,0,,0,0,unknown,no_category_data,,2026-06-15T13:47:07.667001
8fa62da2c99383d8b5e886b7cbbebb13,naverchzzk,,,,,,,,111,,0,,0,,0,0,unknown,no_category_data,,2026-06-15T13:47:09.822909
69996ac83db681049e110c5883f05f39,naverchzzk,,,,,,,,849,talk,22.4,에이펙스 레전드,21.1,서브노티카: 빌로우 제로,18.3,9,true,multi_game,,2026-06-15T13:47:11.438663
2af466ec8f1fb864ba2eff44b066abfe,naverchzzk,,,,,,,,483,talk,52.8,발더스 게이트 3,19.2,성세천하: 여제의 탄생 Ⅱ,5.9,14,false,talk_primary,,2026-06-15T13:47:13.882549
4cbff9df9ebe42c651de10bcb8f122c7,naverchzzk,,,,,,,,1706,talk,64.6,음악/노래,35.4,,0,2,false,talk_primary,,2026-06-15T13:47:16.662777
ddec13ea5c3e88ee750726abc9c1ae15,naverchzzk,,,,,,,,254,,0,,0,,0,0,unknown,no_category_data,,2026-06-15T13:47:19.938591
023ecbfd298488c462289fb2632da178,naverchzzk,,,,,,,,485,리그 오브 레전드,43.7,PUBG: 배틀그라운드,22.8,종합 게임,10.4,11,true,multi_game,,2026-06-15T13:47:27.218307
5afb8ff35097ff9bb6ce8c78acb81200,naverchzzk,,,,,,,,713,오버워치,64.3,코어 키퍼,9.1,파스모포비아,8.9,9,false,single_game_or_non_game,,2026-06-15T13:47:28.831298
d183d198a98b2fea96c8b11258e20d83,naverchzzk,,,,,,,,2687,오버워치,79.8,향수,13.4,종합 게임,4.4,4,false,single_game_or_non_game,,2026-06-15T13:47:32.303119
b853cd157a4f76f5a5774b6efdf2a69a,naverchzzk,,,,,,,,1672,스톰 스트라이커,75.0,서브노티카 2,9.5,talk,3.6,9,false,single_game_or_non_game,,2026-06-15T13:47:33.359774
ccca86767eacd1a13fd5e48da4b21a6d,naverchzzk,,,,,,,,607,리그 오브 레전드,87.4,talk,10.3,디아블로 4: 증오의 군주,1.7,4,false,single_game_dominant,,2026-06-15T13:47:34.754615
5ae83bcf71af14d25c9df43dd9e3c6d8,naverchzzk,,,,,,,,449,종합 게임,32.8,talk,28.2,명조:워더링 웨이브,16.7,6,true,gg_primary,,2026-06-15T13:47:36.002033
1eedcef093d35ab5dd4c06225981ce56,naverchzzk,,,,,,,,1501,,0,,0,,0,0,unknown,no_category_data,,2026-06-15T13:47:36.918073
82a60732526a1e237101f3398592c0e2,naverchzzk,,,,,,,,259,프로젝트 좀보이드,31.2,디아블로 4: 증오의 군주,14.2,talk,11.3,10,false,single_game_or_non_game,,2026-06-15T13:47:37.774124
89facc32050e77a2ae8b75e88718684b,naverchzzk,,,,,,,,873,talk,32.0,이터널 리턴,27.6,포켓몬 포코피아,11.2,11,false,single_game_or_non_game,,2026-06-15T13:47:38.548159
a5fb1b0b67a76de9f74bb8f95b280c0f,naverchzzk,,,,,,,,141,,0,,0,,0,0,unknown,no_category_data,,2026-06-15T13:47:39.460275
8ed52663068c176ff350a1edf92843e6,naverchzzk,,,,,,,,29,로스트아크,100.0,,0,,0,1,false,single_game_dominant,,2026-06-15T13:47:40.271616
8c775cf679c80956cfd5c59581a17379,naverchzzk,,,,,,,,334,퍼펙트 펜슬,42.9,다크 팰즈: 더 퍼스트 플로어,28.6,셰프 나이트,21.4,5,true,multi_game,,2026-06-15T13:47:44.594429
e0381f66ce50ef0ececfac238d93e65e,naverchzzk,,,,,,,,428,talk,30.0,팀파이트 매니저 2,19.8,프래그마타,14.9,10,false,single_game_or_non_game,,2026-06-15T13:47:45.979816
80209c5acc4555b4ec7c054240dbc204,naverchzzk,,,,,,,,71,리그 오브 레전드,75.7,종합 게임,8.1,에브리씽 이즈 크랩: 동물 진화 로그라이트,8.1,7,false,single_game_or_non_game,,2026-06-15T13:47:48.772013
58ad86ca7dfa13cfe460f1cf4bca7eba,naverchzzk,,,,,,,,2206,talk,83.1,종합 게임,16.9,,0,2,false,talk_primary,,2026-06-15T13:47:49.945681
4328ff852cdb0d70bb8ee2488952ee76,naverchzzk,,,,,,,,1191,,0,,0,,0,0,unknown,no_category_data,,2026-06-15T13:47:52.256851
1218d91de2df4a7f6416a7c986418ba5,naverchzzk,,,,,,,,671,talk,44.1,명조:워더링 웨이브,21.3,007 퍼스트 라이트,12.0,14,false,single_game_or_non_game,,2026-06-15T13:47:53.995262
c86f33a57c39ef1f0d8a4caa3f8264c2,naverchzzk,,,,,,,,613,talk,41.4,림버스 컴퍼니,33.6,성세천하: 여제의 탄생 Ⅱ,6.9,13,false,single_game_or_non_game,,2026-06-15T13:47:56.309084
65e85f522ada01151913560701b451e9,naverchzzk,,,,,,,,2230,,0,,0,,0,0,unknown,no_category_data,,2026-06-15T13:47:56.478543
57b5158ccbe6f1456f104a8307f92c29,naverchzzk,,,,,,,,1382,발로란트,100.0,,0,,0,1,false,single_game_dominant,,2026-06-15T13:47:58.337496
eaa4c99fc7b796b38d2c33b4c6ae4327,naverchzzk,,,,,,,,910,발로란트,45.1,talk,33.6,종합 게임,4.3,14,false,single_game_or_non_game,,2026-06-15T13:47:58.544888
7b630cfb6f772f91110e952c1449f1bb,naverchzzk,,,,,,,,3761,talk,52.6,왕좌의 게임: 킹스로드,27.1,승리의 여신: 니케,8.0,7,false,talk_primary,,2026-06-15T13:47:58.618220
1c3b5788e820a5cd622aaba8daaaf343,naverchzzk,,,,,,,,454,아크: 서바이벌 이볼브드,90.9,talk,5.8,전략적 팀 전투 : 우주의 신들,1.9,4,false,single_game_dominant,,2026-06-15T13:48:01.380246
ebbc32ff9447e6d7fcd91c08c5691275,naverchzzk,,,,,,,,561,스타크래프트 II : 공허의 유산,54.4,talk,13.3,성세천하: 여제의 탄생 Ⅱ,12.0,9,false,single_game_or_non_game,,2026-06-15T13:48:02.342199
b46d376f3c199f10622cb98604de2eaa,naverchzzk,,,,,,,,594,,0,,0,,0,0,unknown,no_category_data,,2026-06-15T13:48:03.055212
c34fe2bbd71bb93891717f6bff5bdda5,naverchzzk,,,,,,,,127,종합 게임,92.8,왕좌의 게임: 킹스로드,7.2,,0,2,true,gg_primary,,2026-06-15T13:48:03.176978
40eb61c2ed94467b9b829a3a44d29b6c,naverchzzk,,,,,,,,370,,0,,0,,0,0,unknown,no_category_data,,2026-06-15T13:48:06.342115
4da26ea7afded8cc8b8e22e1d36aacf9,naverchzzk,,,,,,,,912,프로젝트 좀보이드,35.4,마인크래프트,21.7,PUBG: 배틀그라운드,14.9,14,true,multi_game,,2026-06-15T13:48:12.400645
3b7e111c46d1b3b56661f138e407b1c5,naverchzzk,,,,,,,,575,talk,52.8,림버스 컴퍼니,17.0,종합 게임,12.5,6,false,talk_primary,,2026-06-15T13:48:12.719218
69f811dfd162f26384d9678b00f7d499,naverchzzk,,,,,,,,1564,로스트아크,99.0,쿼런틴 존: 더 라스트 체크,1.0,,0,2,false,single_game_dominant,,2026-06-15T13:48:15.797530
46f2eec16d1cefb177435ea2c5ba334a,naverchzzk,,,,,,,,354,,0,,0,,0,0,unknown,no_category_data,,2026-06-15T13:48:16.298727
7f4aaa6b0fb60cc52448e7d0c036342d,naverchzzk,,,,,,,,315,엘든 링,27.3,슬레이 더 스파이어 2,15.8,엘든 링 황금 나무의 그림자,11.8,10,true,multi_game,,2026-06-15T13:48:17.600238
e27cfcc175f0660608b84a3b6e15b532,naverchzzk,,,,,,,,66,종합 게임,70.3,talk,21.9,에이지 오브 미쏠로지: 리톨드,7.8,4,true,gg_primary,,2026-06-15T13:48:18.333038
90d25b47d255d650d20312f8cc9408de,naverchzzk,,,,,,,,3244,talk,69.5,라이브러리 오브 루이나,16.3,오버워치,4.2,8,false,talk_primary,,2026-06-15T13:48:18.390264
4a4a4656fbf3ce821d1c4776371e2f64,naverchzzk,,,,,,,,306,오버워치,33.6,발로란트,32.4,종합 게임,11.2,8,true,multi_game,,2026-06-15T13:48:18.454210
edec8cd68533850432638adce6ad92f2,naverchzzk,,,,,,,,202,워크래프트 3: 리포지드,52.1,스텔라리스,13.6,고전 게임,12.3,12,false,single_game_or_non_game,,2026-06-15T13:48:20.027816
8672b8458643df90b5edc8969e0673cc,naverchzzk,,,,,,,,190,,0,,0,,0,0,unknown,no_category_data,,2026-06-15T13:48:26.994475
27c308b12e19387d2bc9332c2df66f83,naverchzzk,,,,,,,,1747,talk,50.9,리그 오브 레전드,21.6,친구모아 아일랜드 두근두근 라이프,11.1,8,false,talk_primary,,2026-06-15T13:48:28.584656
9e90baac18366f9d23821d4b1386ed9a,naverchzzk,,,,,,,,484,,0,,0,,0,0,unknown,no_category_data,,2026-06-15T13:48:28.671664
a86f1bab2b5f0f802c456deee0f2b547,naverchzzk,,,,,,,,1014,사이퍼즈,79.0,마인크래프트,8.6,talk,4.9,8,false,single_game_or_non_game,,2026-06-15T13:48:29.070003
a63dca78439598fb9f1adf80aa3a22ec,naverchzzk,,,,,,,,353,마인크래프트,34.4,PUBG: 배틀그라운드,27.5,프랫폴,8.0,9,true,multi_game,,2026-06-15T13:48:35.109042
40a5041df66d6e4861cfc8a3bc6d5424,naverchzzk,,,,,,,,251,마비노기 모바일,25.5,종합 게임,19.8,로들너트,16.0,8,true,multi_game,,2026-06-15T13:48:36.801429
b41b1a0f2f035198fcd0845fb5b3746b,naverchzzk,,,,,,,,1011,talk,63.8,종합 게임,12.0,림버스 컴퍼니,5.0,9,false,talk_primary,,2026-06-15T13:48:37.189351
2292d27f5367c7e775b4840e27988646,naverchzzk,,,,,,,,282,로스트아크,51.0,이환,17.4,PUBG: 배틀그라운드,16.0,7,true,multi_game,,2026-06-15T13:48:37.752121
d75e06d8625a0c83b3b5f8d32f48732d,naverchzzk,,,,,,,,4091,철권 8,57.7,talk,20.4,리그 오브 레전드,7.9,9,false,single_game_or_non_game,,2026-06-15T13:48:38.526854
2df70b30695d90bc1d568ed96adca46e,naverchzzk,,,,,,,,555,,0,,0,,0,0,unknown,no_category_data,,2026-06-15T13:48:41.017606
9dec7e73e94a2b1f98343a714a3ceec9,naverchzzk,,,,,,,,70,종합 게임,26.3,원신,25.8,이터널 리턴,17.5,7,true,gg_primary,,2026-06-15T13:48:42.698594
5c65cfbf556340d403b28935aa84a581,naverchzzk,,,,,,,,649,talk,54.7,커피 토크 도쿄,12.1,성세천하: 여제의 탄생 Ⅱ,8.1,8,false,talk_primary,,2026-06-15T13:48:43.532959
d2cd4abae3b124197218c981ddd84cbb,naverchzzk,,,,,,,,142,아이온2,70.1,리그 오브 레전드,17.9,오버워치,6.5,6,true,multi_game,,2026-06-15T13:48:43.715245
c8291a3b5fc400bcbf0fa7c1e1b3800d,naverchzzk,,,,,,,,210,,0,,0,,0,0,unknown,no_category_data,,2026-06-15T13:48:48.853983
90b1876f4e426547dcbb6b588d6bda03,naverchzzk,,,,,,,,550,,0,,0,,0,0,unknown,no_category_data,,2026-06-15T13:48:48.878627
bc7c2a2985adbe75fbc21d80ed984103,naverchzzk,,,,,,,,706,V 라이징,42.2,talk,13.2,림월드,8.1,14,false,single_game_or_non_game,,2026-06-15T13:48:52.768129
8895df5b7733f26ccc6b4f54aeaa1072,naverchzzk,,,,,,,,787,메이플스토리,41.3,talk,18.0,고독방송,15.4,6,true,multi_game,,2026-06-15T13:48:55.007985
40ee04c68dd2699cfebb81f79a2571a5,naverchzzk,,,,,,,,42,종합 게임,79.2,talk,16.8,PUBG: 배틀그라운드,4.0,3,true,gg_primary,,2026-06-15T13:48:55.009325
ba7126d14727321a90789c177e197302,naverchzzk,,,,,,,,56,,0,,0,,0,0,unknown,no_category_data,,2026-06-15T13:48:55.982507
c09d0854f905363e6d53532e11d225a3,naverchzzk,,,,,,,,605,talk,26.9,붕괴: 스타레일,25.1,원신,11.7,9,false,single_game_or_non_game,,2026-06-15T13:48:56.161613
d16ef0061b01105e4aca392181f6b846,naverchzzk,,,,,,,,2206,talk,62.6,리그 오브 레전드,26.6,오버워치,10.8,3,false,talk_primary,,2026-06-15T13:48:58.251558
e3e007896d3e15a985123e1a6c065656,naverchzzk,,,,,,,,246,talk,74.6,종합 게임,19.6,에브리씽 이즈 크랩: 동물 진화 로그라이트,5.8,3,false,talk_primary,,2026-06-15T13:48:59.318143
135a5a0b44cf4f7e44e5ff149ab20063,naverchzzk,,,,,,,,776,마리오 카트 월드,95.1,마리오 카트 8 디럭스,2.7,PUBG: 배틀그라운드,1.4,4,false,single_game_dominant,,2026-06-15T13:49:00.871000
ad81381b1e957d4caba0a94246196321,naverchzzk,,,,,,,,1177,talk,28.6,로스트아크,20.5,PUBG: 배틀그라운드,15.1,11,true,multi_game,,2026-06-15T13:49:01.196214
8b7a0555b9297fa1c4dada9ff520c4d3,naverchzzk,,,,,,,,751,talk,100.0,,0,,0,1,false,talk_primary,,2026-06-15T13:49:01.410196
dfde2bffef0dca871b1000bd712e9824,naverchzzk,,,,,,,,97,,0,,0,,0,0,unknown,no_category_data,,2026-06-15T13:49:08.258847
40d277bcb13fc704ed7142cc974defb8,naverchzzk,,,,,,,,1812,talk,73.6,VR챗,15.9,마인크래프트,2.7,8,false,talk_primary,,2026-06-15T13:49:10.629089
1b676df08e0eb6526cdb2d7aa2bacb9a,naverchzzk,,,,,,,,362,포켓몬 챔피언스,60.3,종합 게임,34.5,talk,5.2,3,true,multi_game,,2026-06-15T13:49:11.736030
16f3f448edfd1b238cbf3eba6a9f9b4a,naverchzzk,,,,,,,,653,메이플스토리 월드,79.9,talk,11.3,셰이프 오브 드림즈,6.4,5,false,single_game_or_non_game,,2026-06-15T13:49:13.640776
09e87aa8e7a67e8237a16bc85b5d7b2e,naverchzzk,,,,,,,,2199,,0,,0,,0,0,unknown,no_category_data,,2026-06-15T13:49:14.997867
522a558daca6d2edb4573218715954e1,naverchzzk,,,,,,,,390,그림/아트,38.7,고전 게임,37.0,오버워치,11.6,6,false,single_game_or_non_game,,2026-06-15T13:49:16.873855
a035f0d21b9178b8b44683e8e91564bd,naverchzzk,,,,,,,,835,오버워치,67.7,철권 8,8.3,디아블로 II: 레저렉션,5.9,12,false,single_game_or_non_game,,2026-06-15T13:49:17.234856
9c9a50b58884399c69d7ee1610bc6794,naverchzzk,,,,,,,,612,로스트아크,52.5,돈 스타브 투게더,26.0,헬다이버즈 2,5.1,9,true,multi_game,,2026-06-15T13:49:18.553168
c59c85c8e77d893ef63fd381c6a6ff26,naverchzzk,,,,,,,,622,리그 오브 레전드,56.1,종합 게임,20.3,포르자 호라이즌 6,12.3,7,true,multi_game,,2026-06-15T13:49:19.192221
6f2cb13a474aa693be8cc828b36cb20d,naverchzzk,,,,,,,,3415,발로란트,97.3,종합 게임,2.7,,0,2,false,single_game_dominant,,2026-06-15T13:49:22.938386
4c998207ea6ac030fc545fdc7c069bc1,naverchzzk,,,,,,,,348,,0,,0,,0,0,unknown,no_category_data,,2026-06-15T13:49:26.522177
f83b18e17d760163fdbd6e9512d5fdfb,naverchzzk,,,,,,,,2755,talk,23.0,철권 8,13.4,마인크래프트,12.7,15,false,single_game_or_non_game,,2026-06-15T13:49:27.249855
d6b14bdc1d3082c75adc9a48e56afcba,naverchzzk,,,,,,,,528,월드 오브 워크래프트: 한밤,66.5,talk,19.7,컴퍼니 오브 히어로즈 3,5.9,8,false,single_game_or_non_game,,2026-06-15T13:49:27.636834
e1626088641a7df4313a9846bb2189d5,naverchzzk,,,,,,,,515,이터널 리턴,62.2,오버워치,14.0,talk,9.9,7,false,single_game_or_non_game,,2026-06-15T13:49:31.694736
c0bedd64bed45287a3493479a4cc8295,naverchzzk,,,,,,,,398,오버워치,38.3,talk,36.9,종합 게임,9.3,7,false,single_game_or_non_game,,2026-06-15T13:49:35.159105
78b2c5f8e97d87486f450b47f6ee273a,naverchzzk,,,,,,,,387,talk,66.7,인왕 3,17.5,후즈 앳 더 도어,15.9,3,false,talk_primary,,2026-06-15T13:49:35.174480
e63731ca9c7b9f9e7a2964df372d2e79,naverchzzk,,,,,,,,393,그림/아트,51.0,엘든 링 황금 나무의 그림자,22.0,체스 닷컴,18.5,5,true,multi_game,,2026-06-15T13:49:37.313275
352c8680476faff9ea52e77f9692aa4e,naverchzzk,,,,,,,,1095,발로란트,43.8,PUBG: 배틀그라운드,13.1,talk,11.5,11,false,single_game_or_non_game,,2026-06-15T13:49:37.484712
a949bf32e7509a744a4d30305ab585a7,naverchzzk,,,,,,,,3221,talk,100.0,,0,,0,1,false,talk_primary,,2026-06-15T13:49:39.224921
8131c92832957e2d83287c90af8e6932,naverchzzk,,,,,,,,1747,명일방주,16.0,종합 게임,16.0,talk,15.6,15,true,multi_game,,2026-06-15T13:49:39.979181
348542b853d10d1c6a4a5163a9977b52,naverchzzk,,,,,,,,997,talk,79.5,종합 게임,4.4,역전재판 123 나루호도 셀렉션,2.6,17,false,talk_primary,,2026-06-15T13:49:41.534879
7990bee8e80810815b428e7f8bd3d89b,naverchzzk,,,,,,,,429,로스트아크,77.2,메이플스토리 월드,6.4,종합 게임,4.1,11,false,single_game_or_non_game,,2026-06-15T13:49:41.669121
6d97300ca733daf0796565d75b020e68,naverchzzk,,,,,,,,601,스텔라 블레이드,41.3,디트로이트: 비컴 휴먼,21.3,디렉티브 8020,20.1,4,true,multi_game,,2026-06-15T13:49:43.957460
31c86cd2c647a45e4950ac33d063b9f7,naverchzzk,,,,,,,,183,,0,,0,,0,0,unknown,no_category_data,,2026-06-15T13:49:54.799110
730d98a3ec886cd7da752292534cebb1,naverchzzk,,,,,,,,153,성세천하: 여제의 탄생 Ⅱ,18.8,고전 게임,18.6,화이트데이2: 거짓말하는 꽃,11.4,16,true,multi_game,,2026-06-15T13:49:55.432691
74dbeb66b6e4633d43656e026ad6b49d,naverchzzk,,,,,,,,1095,,0,,0,,0,0,unknown,no_category_data,,2026-06-15T13:49:55.763824
d81cc6296f06f60433552e9ea5dfc918,naverchzzk,,,,,,,,567,,0,,0,,0,0,unknown,no_category_data,,2026-06-15T13:49:56.882946
03057fc06e3b182b3c28adbf23f6d3f6,naverchzzk,,,,,,,,2345,talk,35.8,PUBG: 배틀그라운드,12.0,마인크래프트,11.3,17,false,single_game_or_non_game,,2026-06-15T13:49:57.615438
fdc5d0d32cc6ad7e881980a58e0c4db5,naverchzzk,,,,,,,,523,,0,,0,,0,0,unknown,no_category_data,,2026-06-15T13:49:57.727981
36a434c26b9da377a538a6e4b2b6f2c6,naverchzzk,,,,,,,,417,야구,100.0,,0,,0,1,false,single_game_dominant,,2026-06-15T13:49:58.208803
0064f3b8baad3fe5766c1bb0b30a5088,naverchzzk,,,,,,,,2059,사이퍼즈,38.5,talk,21.7,메이플스토리 월드,17.6,8,true,multi_game,,2026-06-15T13:49:58.580532
c8ee3656f7d3607d3cb31d9ca58c14c9,naverchzzk,,,,,,,,810,talk,41.6,종합 게임,19.4,마인크래프트,11.3,12,true,gg_secondary,,2026-06-15T13:49:58.849648
c50431943d782ca50014874479d5b660,naverchzzk,,,,,,,,529,,0,,0,,0,0,unknown,no_category_data,,2026-06-15T13:50:07.737849
0cf0fe118f530fef14b35d873843d41f,naverchzzk,,,,,,,,1510,talk,52.7,서브노티카 2,37.8,승리의 여신: 니케,9.5,3,false,talk_primary,,2026-06-15T13:50:13.893621
446d0f41025dfb5a07eeb1129824b52b,naverchzzk,,,,,,,,957,,0,,0,,0,0,unknown,no_category_data,,2026-06-15T13:50:14.552041
75e7e76023600b6715e777f76024fb97,naverchzzk,,,,,,,,336,피코 파크 2,100.0,,0,,0,1,false,single_game_dominant,,2026-06-15T13:50:15.908880
88186e7c12fa7f594a521aad47f40151,naverchzzk,,,,,,,,302,다잉 라이트 2: 스테이 휴먼,74.1,명조:워더링 웨이브,25.9,,0,2,true,multi_game,,2026-06-15T13:50:16.755737
5237431a1ceaa65d67f0e8cf17acd467,naverchzzk,,,,,,,,56,PUBG: 배틀그라운드,56.0,종합 게임,44.0,,0,2,true,multi_game,,2026-06-15T13:50:18.543658
8d3db5769db2ad8d570eeaadece62a23,naverchzzk,,,,,,,,687,로스트아크,97.2,talk,2.5,음악/노래,0.3,3,false,single_game_dominant,,2026-06-15T13:50:19.636845
5b5749e98dad2aa5a11956b904439c6f,naverchzzk,,,,,,,,442,,0,,0,,0,0,unknown,no_category_data,,2026-06-15T13:50:19.859926
567e1b3ae285ebb564deb77603a4da32,naverchzzk,,,,,,,,1370,마비노기 모바일,42.1,이환,30.1,오버워치,14.7,7,true,multi_game,,2026-06-15T13:50:19.953523
a1a0c2b4d85c424d381cd2f9c96a3058,naverchzzk,,,,,,,,1020,PUBG: 배틀그라운드,61.0,Once Human,25.0,왕좌의 게임: 킹스로드,12.5,4,true,multi_game,,2026-06-15T13:50:21.639612
4224fbb8c98e5d1b29a155731741ec67,naverchzzk,,,,,,,,307,림월드,34.6,마인크래프트,26.6,용사 30,22.4,5,true,multi_game,,2026-06-15T13:50:36.894944
47696c96a78762ec9d14eaabd90c7813,naverchzzk,,,,,,,,791,리그 오브 레전드,87.4,스크릿치 스크래치,4.7,프래그마타,4.7,7,false,single_game_dominant,,2026-06-15T13:50:36.931379
c7cc0d9a5c62359198a9c2c9a1cd8761,naverchzzk,,,,,,,,485,,0,,0,,0,0,unknown,no_category_data,,2026-06-15T13:50:36.983373
58bfe7bd71d323ca21f767609bbaec6c,naverchzzk,,,,,,,,151,붉은사막,88.9,로블록스,11.1,,0,2,false,single_game_dominant,,2026-06-15T13:50:37.977744
c23e06adbafd1d80f061b74d100c1ad7,naverchzzk,,,,,,,,533,패스 오브 엑자일 2,50.0,토치라이트: 인피니트,15.1,발로란트,11.0,8,true,multi_game,,2026-06-15T13:50:38.387174
1c4cbafbd49aa741d272bea73b67aa2c,naverchzzk,,,,,,,,1221,마인크래프트,24.8,이환,23.7,talk,21.4,9,true,multi_game,,2026-06-15T13:50:39.150669
3b1d424fd7f539eb96766a1bf8ad116d,naverchzzk,,,,,,,,1167,붉은사막,78.9,프래그마타,8.5,talk,4.7,8,false,single_game_or_non_game,,2026-06-15T13:50:39.913643
76c635a11ab1fab572c1849d9eb60ed8,naverchzzk,,,,,,,,401,talk,46.4,종합 게임,45.8,헬로 키티 아일랜드 어드벤처,4.1,6,true,gg_secondary,,2026-06-15T13:50:39.937015
819880c16643e6d60b782c17dd3cae2d,naverchzzk,,,,,,,,116,talk,12.5,코어 키퍼,12.5,젤다의 전설 브레스 오브 더 와일드,8.9,18,false,single_game_or_non_game,,2026-06-15T13:50:40.331738
8d4fdfbf354cf4ff22de19f14e411498,naverchzzk,,,,,,,,448,,0,,0,,0,0,unknown,no_category_data,,2026-06-15T13:50:50.178014
aaab8f4e08ca394e4012936c8d445b6c,naverchzzk,,,,,,,,473,로스트아크,28.6,마비노기 모바일,17.8,마인크래프트,11.0,17,true,multi_game,,2026-06-15T13:51:00.163090
f9f5fda096ff44d36127036cd18b0db2,naverchzzk,,,,,,,,1557,이터널 리턴,36.7,PUBG: 배틀그라운드,35.8,스타크래프트 : 리마스터,15.2,7,true,multi_game,,2026-06-15T13:51:00.669167
44bb1aa501f68e50655184aa2695abdf,naverchzzk,,,,,,,,1096,발로란트,88.3,이환,8.4,오버워치,3.3,3,false,single_game_dominant,,2026-06-15T13:51:01.418896
af2b1efa8703132a0b1a112ceee7caa8,naverchzzk,,,,,,,,228,talk,81.8,데드 바이 데이라이트,8.0,종합 게임,5.7,4,false,talk_primary,,2026-06-15T13:51:01.557955
8dc26ec5fa0f6cef0199c17e326311b3,naverchzzk,,,,,,,,1577,로스트아크,97.7,종합 게임,1.2,구스 구스 덕,1.0,3,false,single_game_dominant,,2026-06-15T13:51:02.179846
d10db94ab50446a052f618bfec0bd191,naverchzzk,,,,,,,,849,,0,,0,,0,0,unknown,no_category_data,,2026-06-15T13:51:02.508015
b69d419cd22ae14a5c3cc7ee568ec908,naverchzzk,,,,,,,,212,종합 게임,100.0,,0,,0,1,true,gg_primary,,2026-06-15T13:51:02.591892
ed49640d959b86d7937f1fc36f3b36a9,naverchzzk,,,,,,,,439,오버워치,74.0,종합 게임,22.1,전략적 팀 전투 : 우주의 신들,3.9,4,true,multi_game,,2026-06-15T13:51:02.968868
470676f84e08d8a4c50f2c5288938be6,naverchzzk,,,,,,,,5579,talk,42.0,데이브 더 다이버,24.3,구스 구스 덕,8.7,8,false,single_game_or_non_game,,2026-06-15T13:51:03.018879
fa229dc8324eb49e609b8eb18ab242f1,naverchzzk,,,,,,,,1542,,0,,0,,0,0,unknown,no_category_data,,2026-06-15T13:51:08.607681
bb1f3004d6363fdc54ca4fa9c6ea3ea0,naverchzzk,,,,,,,,65,,0,,0,,0,0,unknown,no_category_data,,2026-06-15T13:51:14.636816
f1d06daf1c125af5d4cb15f1365e195f,naverchzzk,,,,,,,,576,토탈 워: 워해머 3,63.5,데드 바이 데이라이트,12.9,서브노티카,10.7,6,false,single_game_or_non_game,,2026-06-15T13:51:18.435713
b2df1b1f7e7740241152a10097ca307e,naverchzzk,,,,,,,,870,,0,,0,,0,0,unknown,no_category_data,,2026-06-15T13:51:18.644001
dcf1b4384abf7b2c0af192c4ef9bfca0,naverchzzk,,,,,,,,101,talk,59.0,성세천하: 여제의 탄생 Ⅱ,41.0,,0,2,false,talk_primary,,2026-06-15T13:51:22.316188
d1761b1925e28cb199b2fe70629c3ac8,naverchzzk,,,,,,,,289,종합 게임,35.2,talk,32.8,드라마티컬 머더,32.0,3,true,gg_primary,,2026-06-15T13:51:23.803869
e1c29ad471fff4e804345cb21181efd0,naverchzzk,,,,,,,,1054,이터널 리턴,75.3,세피리아,9.9,종합 게임,9.6,6,false,single_game_or_non_game,,2026-06-15T13:51:24.113006
b2382c5940fe09f71f6de5a740d2de2b,naverchzzk,,,,,,,,1792,림버스 컴퍼니,76.0,서브노티카 2,10.8,talk,7.2,5,false,single_game_or_non_game,,2026-06-15T13:51:25.689442
544a481c43a253492ecddf0a92bd86ca,naverchzzk,,,,,,,,794,talk,38.2,단간론파: 희망의 학원과 절망의 고교생,18.8,용과 같이 0: 맹세의 장소,10.8,12,false,single_game_or_non_game,,2026-06-15T13:51:29.487048
a59c97b0d3559b1643dcd7315aee0cb8,naverchzzk,,,,,,,,349,talk,57.7,윈드로즈,42.3,,0,2,false,talk_primary,,2026-06-15T13:51:31.207986
b1be4f35185ccf8acdbd6ad4d3fba5f9,naverchzzk,,,,,,,,482,리그 오브 레전드,43.5,디렉티브 8020,9.5,스토커: 쉐도우 오브 체르노빌,8.9,10,false,single_game_or_non_game,,2026-06-15T13:51:34.211608
ba0bd919b2d806351f2baa97cd4b14f2,naverchzzk,,,,,,,,202,,0,,0,,0,0,unknown,no_category_data,,2026-06-15T13:51:34.504256
42cc2e446b71366fad2f239ebc912c82,naverchzzk,,,,,,,,159,에픽세븐,30.1,명조:워더링 웨이브,14.7,아주르 프로밀리아,14.4,21,false,single_game_or_non_game,,2026-06-15T13:51:37.586818
09c27240ad632c1417be52f016b22aba,naverchzzk,,,,,,,,1082,talk,54.1,젤다의 전설 브레스 오브 더 와일드,36.5,메이플스토리,3.8,5,false,talk_primary,,2026-06-15T13:51:38.203715
fe8177e6a246756e9f15787bcf816f8f,naverchzzk,,,,,,,,119,,0,,0,,0,0,unknown,no_category_data,,2026-06-15T13:51:39.932667
48b5e601e6dd36fcd4230dc0a8c3d75e,naverchzzk,,,,,,,,753,발로란트,95.2,PUBG: 배틀그라운드,4.8,,0,2,false,single_game_dominant,,2026-06-15T13:51:45.118230
8a79129b34e042fcd825fbffc3f52c99,naverchzzk,,,,,,,,4677,명조:워더링 웨이브,38.5,talk,31.8,성세천하: 여제의 탄생 Ⅱ,8.4,9,false,single_game_or_non_game,,2026-06-15T13:51:45.663942
6fa642f360b30e5aeac2c64bee50a52c,naverchzzk,,,,,,,,19,종합 게임,100.0,,0,,0,1,true,gg_primary,,2026-06-15T13:51:45.868835
bdf2d4d7b30a304ada005290cdb36912,naverchzzk,,,,,,,,113,,0,,0,,0,0,unknown,no_category_data,,2026-06-15T13:51:46.918001
470ee4ec1badbb36b9d751840e2aec05,naverchzzk,,,,,,,,79,명일방주: 엔드필드,28.6,프래그마타,20.0,종합 게임,14.3,9,true,multi_game,,2026-06-15T13:51:49.132338
b834f2c003f69151272e1c2e4790850b,naverchzzk,,,,,,,,229,,0,,0,,0,0,unknown,no_category_data,,2026-06-15T13:51:49.478550
8bf37f7164e814a1881b40f4f6305175,naverchzzk,,,,,,,,887,로스트아크,58.3,talk,21.1,마법소녀의 마녀재판,7.6,8,false,single_game_or_non_game,,2026-06-15T13:51:51.272422
07665c7c871c47714c926e1aca7164ae,naverchzzk,,,,,,,,1386,메이플스토리 월드,52.3,talk,16.6,영화,13.0,9,false,single_game_or_non_game,,2026-06-15T13:51:51.645624
9b4db66c126f48f6e1100e0a8e7cdd8c,naverchzzk,,,,,,,,1011,이터널 리턴,51.3,talk,14.6,명조:워더링 웨이브,9.7,8,false,single_game_or_non_game,,2026-06-15T13:51:53.736873
54161b046c2b983f3047e36658e49f3e,naverchzzk,,,,,,,,229,,0,,0,,0,0,unknown,no_category_data,,2026-06-15T13:51:57.428569
d4c8d01276625c7fde0c8fa648d6ac83,naverchzzk,,,,,,,,661,talk,90.1,음악/노래,9.9,,0,2,false,talk_primary,,2026-06-15T13:52:00.469017
222d25595ebeb41a170528f9573c9c61,naverchzzk,,,,,,,,662,talk,36.5,야구,24.0,젠레스 존 제로,21.9,5,true,multi_game,,2026-06-15T13:52:01.498567
dd65031354ecda92878f2e9b41b4a1cb,naverchzzk,,,,,,,,196,철권 8,86.6,talk,5.3,종합 게임,4.3,5,false,single_game_dominant,,2026-06-15T13:52:02.392214
6f58a7bc7094d6a8e58d070b166949b1,naverchzzk,,,,,,,,719,리그 오브 레전드,54.2,종합 게임,13.2,PUBG: 배틀그라운드,10.7,6,false,single_game_or_non_game,,2026-06-15T13:52:03.948740
17751a1b432452e451a77c2a0fc8cf76,naverchzzk,,,,,,,,1511,림월드,30.3,디아블로 4: 증오의 군주,14.4,talk,11.3,14,false,single_game_or_non_game,,2026-06-15T13:52:05.066462
2c0d12b9bf630b9ef1e018247a6cea98,naverchzzk,,,,,,,,734,talk,71.3,성세천하: 여제의 탄생 Ⅱ,11.1,종합 게임,4.6,9,false,talk_primary,,2026-06-15T13:52:05.241849
a2996bc71de2f737dfe939b94803cb19,naverchzzk,,,,,,,,676,talk,56.0,서브노티카 2,33.3,음악/노래,4.7,5,false,talk_primary,,2026-06-15T13:52:06.754990
db81d10582c8fa98142f648bf7687773,naverchzzk,,,,,,,,562,젤다의 전설 브레스 오브 더 와일드,19.2,talk,16.0,포켓몬 유나이트,15.5,16,true,multi_game,,2026-06-15T13:52:07.067975
fe45ed8fbedd203ac268006ddd550d61,naverchzzk,,,,,,,,187,스톰 스트라이커,36.0,젤다의 전설 티어스 오브 더 킹덤,14.7,talk,11.7,16,false,single_game_or_non_game,,2026-06-15T13:52:07.416105
07cef97ebf0ac40d5630f22dd655262c,naverchzzk,,,,,,,,184,리그 오브 레전드,44.7,해적왕 키우기,41.1,talk,8.5,5,true,multi_game,,2026-06-15T13:52:08.522625
eb8b5ed0c6012b27e2edefd57ebf58aa,naverchzzk,,,,,,,,223,,0,,0,,0,0,unknown,no_category_data,,2026-06-15T13:52:09.457657
a7de7208cdbbd3fb6d7c7a76304daa48,naverchzzk,,,,,,,,56,이스케이프 프롬 타르코프,84.3,레드 데드 리뎀션 2,5.9,talk,5.9,7,false,single_game_dominant,,2026-06-15T13:52:10.083169
9e8a6e8919730f4b06af6a4c5cca165f,naverchzzk,,,,,,,,734,마인크래프트,35.9,로스트아크,27.2,talk,10.9,12,true,multi_game,,2026-06-15T13:52:16.931611
1bb5d04f49dace3bad16515215a4f7ad,naverchzzk,,,,,,,,1029,talk,36.8,명조:워더링 웨이브,17.7,음악/노래,15.3,14,true,multi_game,,2026-06-15T13:52:21.221047
2960ed91c351c50a16b3c392b0c9b0cb,naverchzzk,,,,,,,,469,talk,20.2,아이돌마스터 샤이니 컬러즈,18.9,리그 오브 레전드,17.9,14,true,multi_game,,2026-06-15T13:52:22.801714
d62a01d6b3c3bfeb773267ac55888bcc,naverchzzk,,,,,,,,1501,,0,,0,,0,0,unknown,no_category_data,,2026-06-15T13:52:23.190454
4a88b1bb3376523ec84edb3839dfdb0c,naverchzzk,,,,,,,,275,엑스컴 2,29.6,종합 게임,22.7,바이오쇼크 인피니트,11.1,11,true,multi_game,,2026-06-15T13:52:24.029028
1e3897fe400dd8cdd5b9bb4b96e999e4,naverchzzk,,,,,,,,1102,이터널 리턴,68.7,talk,9.8,명조:워더링 웨이브,6.8,10,false,single_game_or_non_game,,2026-06-15T13:52:25.477020
234721a7cfc4e938504fb18e4d6546b8,naverchzzk,,,,,,,,423,talk,56.7,이터널 리턴,26.6,종합 게임,13.3,5,false,talk_primary,,2026-06-15T13:52:25.680614
02c3a70797e67788ade2455e175d6452,naverchzzk,,,,,,,,389,talk,22.7,리그 오브 레전드,20.0,이환,17.3,9,true,multi_game,,2026-06-15T13:52:25.786903
a6c512ef94b16a48d148faff047f2065,naverchzzk,,,,,,,,198,talk,23.0,007 퍼스트 라이트,21.2,팀파이트 매니저 2,13.0,12,false,single_game_or_non_game,,2026-06-15T13:52:26.158064
0879fb44453b298787ce95e291747c5d,naverchzzk,,,,,,,,111,명조:워더링 웨이브,43.9,림버스 컴퍼니,33.7,발더스 게이트 3,15.7,5,true,multi_game,,2026-06-15T13:52:27.057027
195af60b336948c0c2f4a75390bf67bf,naverchzzk,,,,,,,,213,,0,,0,,0,0,unknown,no_category_data,,2026-06-15T13:52:28.746199
ddbf6d23f5910d3d15938cf9516f6dee,naverchzzk,,,,,,,,164,포켓몬 챔피언스,68.5,포켓몬 카드 게임 Pocket,26.9,talk,4.6,3,true,multi_game,,2026-06-15T13:52:30.793649
5671df52391b77b6bfd6e904e0693ec7,naverchzzk,,,,,,,,413,talk,59.1,007 퍼스트 라이트,7.9,명조:워더링 웨이브,7.0,15,false,talk_primary,,2026-06-15T13:52:36.939270
49756923b00e629946e694407971d387,naverchzzk,,,,,,,,224,PUBG: 배틀그라운드,99.4,종합 게임,0.6,,0,2,false,single_game_dominant,,2026-06-15T13:52:41.328349
a49b34d4ec3f824b299c9505e108346c,naverchzzk,,,,,,,,178,,0,,0,,0,0,unknown,no_category_data,,2026-06-15T13:52:41.416850
14d322655de43fccfa0a3c77cf55b716,naverchzzk,,,,,,,,254,리그 오브 레전드,60.7,아스가르드,36.2,데드 애즈 디스코,1.5,5,true,multi_game,,2026-06-15T13:52:43.421596
18873d95787bedf5932c920077103c4b,naverchzzk,,,,,,,,507,talk,59.3,종합 게임,15.5,리그 오브 레전드,7.8,10,false,talk_primary,,2026-06-15T13:52:43.947757
950686b818f516e8eaa33743bc295a85,naverchzzk,,,,,,,,184,종합 게임,45.1,리그 오브 레전드,19.4,이터널 리턴,18.3,7,true,gg_primary,,2026-06-15T13:52:44.397570
44dae7a2b81746e217082f6ef7f81779,naverchzzk,,,,,,,,2379,talk,57.6,이환,9.6,겟팅 오버 잇 위드 베넷 포디,8.9,19,false,talk_primary,,2026-06-15T13:52:44.875779
57c46759986b55890b332f0a851c6f78,naverchzzk,,,,,,,,1790,로스트아크,81.6,오버워치,5.7,talk,5.1,6,false,single_game_dominant,,2026-06-15T13:52:46.448630
a0b5a7e5e5b2536f1a2e210b900d7b2a,naverchzzk,,,,,,,,3386,PUBG: 배틀그라운드,37.8,talk,29.9,서브노티카 2,9.5,7,false,single_game_or_non_game,,2026-06-15T13:52:46.889764
66630781c437e465edf43de3cfd19b3b,naverchzzk,,,,,,,,557,라이브러리 오브 루이나,43.8,종합 게임,18.3,성세천하: 여제의 탄생,6.3,11,true,multi_game,,2026-06-15T13:52:47.759296
f3aed47fb1fee66ba792bf866bcb28f9,naverchzzk,,,,,,,,583,talk,26.9,레전드 오브 히어로즈: 쓰리 킹덤즈,17.5,서브노티카 2,14.8,11,false,single_game_or_non_game,,2026-06-15T13:52:58.309157
4dbdb1c6c86755c7f04e356a373fc307,naverchzzk,,,,,,,,480,,0,,0,,0,0,unknown,no_category_data,,2026-06-15T13:52:59.487081
ae70283a202b539d52d9e7a46130f119,naverchzzk,,,,,,,,48,,0,,0,,0,0,unknown,no_category_data,,2026-06-15T13:53:00.097698
3a042c2719502eca2e63e060cb001bcf,naverchzzk,,,,,,,,505,talk,50.6,명조:워더링 웨이브,32.3,콜 오브 듀티 : 모던 워페어 리마스터드,8.8,5,false,talk_primary,,2026-06-15T13:53:01.131225
8d3c074d46017c55a9577a9c617b9746,naverchzzk,,,,,,,,61,,0,,0,,0,0,unknown,no_category_data,,2026-06-15T13:53:01.513531
7edd83c7b066ba879a7cf7cd2bb4d7c5,naverchzzk,,,,,,,,778,스타크래프트 : 리마스터,100.0,,0,,0,1,false,single_game_dominant,,2026-06-15T13:53:03.481595
5ce0d592f7692ab7653d1b9cef0c8e60,naverchzzk,,,,,,,,151,그림/아트,53.5,talk,35.1,종합 게임,10.2,4,false,single_game_or_non_game,,2026-06-15T13:53:03.506972
313b45f8f5893f4b1b7b4000fa2da90b,naverchzzk,,,,,,,,2131,음악/노래,49.1,돈 스타브 투게더,25.2,이터널 리턴,18.9,8,true,multi_game,,2026-06-15T13:53:04.083276
03bc1508b04c3fc4788af8bd0c9db08b,naverchzzk,,,,,,,,3165,FC온라인,52.0,talk,12.6,축구,7.2,16,false,single_game_or_non_game,,2026-06-15T13:53:04.731558
d776d00744d8df249e0577beb807cac7,naverchzzk,,,,,,,,1005,발로란트,52.1,종합 게임,37.8,talk,8.5,4,true,multi_game,,2026-06-15T13:53:21.608916
5894862ce30bed547d919a47f4d05657,naverchzzk,,,,,,,,82,,0,,0,,0,0,unknown,no_category_data,,2026-06-15T13:53:23.300801
19d917d6eaf6f631b804d9d711491c42,naverchzzk,,,,,,,,4395,,0,,0,,0,0,unknown,no_category_data,,2026-06-15T13:53:24.053429
58e8be339d0b5d4913ad7042c47f35f1,naverchzzk,,,,,,,,921,명조:워더링 웨이브,48.7,VR챗,19.3,이환,19.1,6,true,multi_game,,2026-06-15T13:53:26.675871
53f850df9094a32d98552560a47f162a,naverchzzk,,,,,,,,775,,0,,0,,0,0,unknown,no_category_data,,2026-06-15T13:53:27.167996
390336b4dd99c55ce015e161af073a1c,naverchzzk,,,,,,,,219,,0,,0,,0,0,unknown,no_category_data,,2026-06-15T13:53:27.817314
c63c92e80c79a7d237ae27a81c7aefc5,naverchzzk,,,,,,,,824,마비노기 모바일,52.0,명일방주: 엔드필드,45.2,슬레이 더 스파이어 2,2.8,3,true,multi_game,,2026-06-15T13:53:27.831416
1d1e2b036420fca514ec0b7747c9450b,naverchzzk,,,,,,,,846,오버워치,32.1,마인크래프트,24.3,talk,19.5,12,true,multi_game,,2026-06-15T13:53:28.856537
08bb5c351de75d6f5e9191fece6670da,naverchzzk,,,,,,,,675,,0,,0,,0,0,unknown,no_category_data,,2026-06-15T13:53:30.025293
e66f67ecdf7017199c32c61677d71f86,naverchzzk,,,,,,,,1101,,0,,0,,0,0,unknown,no_category_data,,2026-06-15T13:53:48.608541
4cfb81e276df72b70427147b5fd02572,naverchzzk,,,,,,,,836,다키스트 던전,65.2,그림/아트,12.8,패스 오브 엑자일 2,10.8,8,false,single_game_or_non_game,,2026-06-15T13:53:51.512042
ecebc8a29b8910138ad8eb84f2769fca,naverchzzk,,,,,,,,292,,0,,0,,0,0,unknown,no_category_data,,2026-06-15T13:53:53.212333
f1aa3ce117d69ba6c850379c8b2250cf,naverchzzk,,,,,,,,1713,리그 오브 레전드,93.7,포 더 킹 2,3.9,음악/노래,2.4,3,false,single_game_dominant,,2026-06-15T13:53:54.077607
3f62e0133e9299f82da2a9e806c8d6bf,naverchzzk,,,,,,,,1206,원신,17.0,매지컬 프린세스,16.3,talk,10.6,12,true,multi_game,,2026-06-15T13:53:54.116876
86e7edf62d3eabf0684f97ca6edce9ad,naverchzzk,,,,,,,,1597,월드 오브 워크래프트: 한밤,47.8,월드 오브 워크래프트 클래식,17.7,클레르 옵스퀴르: 33 원정대,16.8,8,true,multi_game,,2026-06-15T13:53:54.279368
3c143d7505da6cf4a092d62690460b3f,naverchzzk,,,,,,,,1185,talk,25.2,파이널판타지14,18.6,젤다의 전설 브레스 오브 더 와일드,11.9,15,false,single_game_or_non_game,,2026-06-15T13:53:54.348834
a46e4420d750f17b3c764bc422a6f411,naverchzzk,,,,,,,,863,몬스터 헌터 와일즈,66.7,talk,32.0,서브노티카 2,0.8,4,false,single_game_or_non_game,,2026-06-15T13:53:54.562817
d319cb8491dfd75979d47ca1b19fc083,naverchzzk,,,,,,,,1231,talk,51.4,R.E.P.O.,7.2,시크릿 커리큘럼,6.8,13,false,talk_primary,,2026-06-15T13:53:54.578063
f82bafc03d20b3ecff4731bf7a5f75ed,naverchzzk,,,,,,,,498,,0,,0,,0,0,unknown,no_category_data,,2026-06-15T13:53:56.487321
0166327ca44281daa1d35d57fa8c9bce,naverchzzk,,,,,,,,204,talk,46.4,종합 게임,33.0,엘든 링,15.1,6,true,multi_game,,2026-06-15T13:53:59.901968
b1b302d6a2ae35e94a0a4ebd0c48bbfc,naverchzzk,,,,,,,,846,데드 아일랜드 2,89.9,리틀 데블: 육아 지옥,10.1,,0,2,false,single_game_dominant,,2026-06-15T13:54:06.939294
20c426d3b9ee8187c7e986f98946cf5c,naverchzzk,,,,,,,,129,더 다크 픽처스 앤솔로지: 더 데빌 인 미,84.1,악의,15.9,,0,2,false,single_game_dominant,,2026-06-15T13:54:08.714136
ed6e08d6b9c4a5266f564d0e64fe0cd3,naverchzzk,,,,,,,,289,,0,,0,,0,0,unknown,no_category_data,,2026-06-15T13:54:10.333659
9f673229b644e81373811f7e272b2098,naverchzzk,,,,,,,,725,talk,48.1,이터널 리턴,11.9,성세천하: 여제의 탄생,8.0,14,false,single_game_or_non_game,,2026-06-15T13:54:11.982638
58a26664a06f646da2f9b22ce13b6cd6,naverchzzk,,,,,,,,1926,메이플스토리,83.7,talk,16.3,,0,2,false,single_game_dominant,,2026-06-15T13:54:12.643766
188649a7046fe49d97b932a07d56d3d8,naverchzzk,,,,,,,,1352,패스 오브 엑자일 2,72.0,디아블로 4: 증오의 군주,28.0,,0,2,true,multi_game,,2026-06-15T13:54:13.398533
b38c437c89ee9e4db42ffae3addb4e67,naverchzzk,,,,,,,,108,,0,,0,,0,0,unknown,no_category_data,,2026-06-15T13:54:13.485333
c074e068bf7b86e1c240fe473acb1f37,naverchzzk,,,,,,,,1424,talk,40.7,PUBG: 배틀그라운드,35.4,마인크래프트,14.3,6,false,single_game_or_non_game,,2026-06-15T13:54:14.329954
26591a395528506fa217789957b14702,naverchzzk,,,,,,,,597,음악/노래,93.5,발로란트,6.5,,0,2,false,single_game_dominant,,2026-06-15T13:54:14.800455
3e871ee5eeefd77fff44260a29f24071,naverchzzk,,,,,,,,422,talk,45.9,그림/아트,19.2,더 클래스룸,6.0,13,false,single_game_or_non_game,,2026-06-15T13:54:18.006741
b89311d7376df54f5a3389e997a77007,naverchzzk,,,,,,,,3839,talk,96.8,종합 게임,3.2,,0,2,false,talk_primary,,2026-06-15T13:54:19.583489
f0f45ee93a4369a72a405dedf141af19,naverchzzk,,,,,,,,121,,0,,0,,0,0,unknown,no_category_data,,2026-06-15T13:54:20.008040
a03f578cc5ceafcd0a32ed986577d2c8,naverchzzk,,,,,,,,186,바이오하자드 RE:2,27.4,할로우 나이트 : 공허의 심장 에디션,26.4,종합 게임,18.3,6,true,multi_game,,2026-06-15T13:54:27.546774
3979fdba8be365f53a3ea57a41df4b79,naverchzzk,,,,,,,,3110,talk,39.0,스타크래프트 : 리마스터,18.9,007 퍼스트 라이트,11.6,12,false,single_game_or_non_game,,2026-06-15T13:54:32.514716
b3f6e84450055948f1e9faea3fa6f870,naverchzzk,,,,,,,,733,talk,62.9,음악/노래,10.9,"구구 피자 : 우주 정거장으로 피자 배달이라니? 사장님, 이건 좀 아니잖아요!",8.0,7,false,talk_primary,,2026-06-15T13:54:35.200221
70a6585a98d1a6b4cbf60092c3e33899,naverchzzk,,,,,,,,641,이스케이프 프롬 타르코프,37.6,포르자 호라이즌 6,24.7,talk,12.8,8,true,multi_game,,2026-06-15T13:54:38.406269
b8c7bed625293faf610cde79ccca139d,naverchzzk,,,,,,,,904,talk,25.0,마인크래프트,18.8,에이펙스 레전드,8.2,16,false,single_game_or_non_game,,2026-06-15T13:54:38.537699
6d4b1b27fcb61226009f496763ef81c1,naverchzzk,,,,,,,,206,리그 오브 레전드,52.7,talk,30.2,로블록스,5.5,8,false,single_game_or_non_game,,2026-06-15T13:54:38.570942
c1f9442355e1577a7e3375214e6274c7,naverchzzk,,,,,,,,1268,PUBG: 배틀그라운드,36.8,마인크래프트,13.9,오버워치,13.5,14,false,single_game_or_non_game,,2026-06-15T13:54:41.437105
b582024ad4d2dd7435fecee98f70c947,naverchzzk,,,,,,,,281,로스트아크,96.3,종합 게임,3.7,,0,2,false,single_game_dominant,,2026-06-15T13:54:42.146796
8968e548991e09739da81e75c7dc75c0,naverchzzk,,,,,,,,1389,이터널 리턴,52.5,페르소나 5 더 로열,17.9,talk,15.4,10,true,multi_game,,2026-06-15T13:54:43.568519
e956d67070ee332ba76923f0742453ac,naverchzzk,,,,,,,,425,,0,,0,,0,0,unknown,no_category_data,,2026-06-15T13:54:44.872776
58eaedccbc58e733a233005ee04eecda,naverchzzk,,,,,,,,705,림버스 컴퍼니,34.7,VR챗,15.9,크라임 씬 클리너,15.1,9,true,multi_game,,2026-06-15T13:54:47.794408
f878f88c2f4ad79d481ad2be9e763d2f,naverchzzk,,,,,,,,83,,0,,0,,0,0,unknown,no_category_data,,2026-06-15T13:54:52.767952
b3296d6114e5ada801d7cf2671cf9d8f,naverchzzk,,,,,,,,570,,0,,0,,0,0,unknown,no_category_data,,2026-06-15T13:54:53.937904
acf6dd771e87a5ac8199f3850cbce994,naverchzzk,,,,,,,,963,마비노기 모바일,26.2,승리의 여신: 니케,19.6,몬길: STAR DIVE,15.7,8,true,multi_game,,2026-06-15T13:54:55.702382
d1f31ccaeee725f3104bebb051179c79,naverchzzk,,,,,,,,936,,0,,0,,0,0,unknown,no_category_data,,2026-06-15T13:54:56.990011
7f77b9c03ef5c8cc9cf0e6ec235fc5c7,naverchzzk,,,,,,,,320,,0,,0,,0,0,unknown,no_category_data,,2026-06-15T13:54:59.029021
e09e20d99895a71b0f9c549427eea71d,naverchzzk,,,,,,,,4682,이터널 리턴,74.4,talk,15.1,종합 게임,5.9,5,false,single_game_or_non_game,,2026-06-15T13:54:59.134988
b2f274385aae5be25b0fbbec200e46ec,naverchzzk,,,,,,,,122,명조:워더링 웨이브,100.0,,0,,0,1,false,single_game_dominant,,2026-06-15T13:54:59.628756
77a81ceffdab49f687a3e39ddf04a6fe,naverchzzk,,,,,,,,804,talk,53.8,성세천하: 여제의 탄생 Ⅱ,7.2,방 탈출 시뮬레이터2,4.9,16,false,talk_primary,,2026-06-15T13:55:00.146213
c2b05fd4a56bf5281e92852d739563a2,naverchzzk,,,,,,,,135,철권 8,91.1,종합 게임,8.9,,0,2,false,single_game_dominant,,2026-06-15T13:55:00.638178
08664d465126e0e7248dbafe7818dfd5,naverchzzk,,,,,,,,97,종합 게임,15.8,더 클래스룸,9.1,talk,7.5,25,true,gg_primary,,2026-06-15T13:55:01.947605
ab504d770e36bf59aaf155be434952d8,naverchzzk,,,,,,,,480,스타크래프트 : 리마스터,48.2,단간론파: 희망의 학원과 절망의 고교생,17.4,talk,16.9,9,true,multi_game,,2026-06-15T13:55:05.342821
577506b2d214450f65587fb04adc243a,naverchzzk,,,,,,,,380,림월드,23.1,다키스트 던전,22.3,talk,14.4,13,true,multi_game,,2026-06-15T13:55:12.317165
8d214230460baa0cf0386a7e05417731,naverchzzk,,,,,,,,389,,0,,0,,0,0,unknown,no_category_data,,2026-06-15T13:55:16.463571
08ff55689750ada692e7feacc6ce506f,naverchzzk,,,,,,,,625,,0,,0,,0,0,unknown,no_category_data,,2026-06-15T13:55:17.452105
7a71e42c6e80098dc6951cbfafe3f961,naverchzzk,,,,,,,,1656,,0,,0,,0,0,unknown,no_category_data,,2026-06-15T13:55:18.364167
62e770099123a26ef4cf832c16a0e41e,naverchzzk,,,,,,,,169,종합 게임,59.2,메이플스토리 월드,24.3,더 디비전 리서전스,12.7,8,true,gg_primary,,2026-06-15T13:55:19.722669
585e103064c41c58e60b367201e78b23,naverchzzk,,,,,,,,111,,0,,0,,0,0,unknown,no_category_data,,2026-06-15T13:55:21.597780
9a71510c59e69ca1d1b6df2cdb05001d,naverchzzk,,,,,,,,588,talk,33.0,PUBG: 배틀그라운드,25.4,종합 게임,8.7,14,false,single_game_or_non_game,,2026-06-15T13:55:22.796445
c09abfa1abc8cc94f97810d035ed5e53,naverchzzk,,,,,,,,1492,talk,64.5,음악/노래,28.5,프랫폴,4.0,4,false,talk_primary,,2026-06-15T13:55:24.381172
beae152e925e1b47c9934721733d9b1e,naverchzzk,,,,,,,,790,talk,48.4,Once Human,14.2,림버스 컴퍼니,14.0,9,false,single_game_or_non_game,,2026-06-15T13:55:25.437124
7a0d38adef349b6cf178e200a72180ef,naverchzzk,,,,,,,,41,메이플스토리 월드,49.1,talk,38.1,리그 오브 레전드,12.8,4,false,single_game_or_non_game,,2026-06-15T13:55:25.821347
5ea7bb49330e1703fec269ce85afdf24,naverchzzk,,,,,,,,64,,0,,0,,0,0,unknown,no_category_data,,2026-06-15T13:55:30.516900
85def535045e559e1a92df22fb0386dc,naverchzzk,,,,,,,,365,,0,,0,,0,0,unknown,no_category_data,,2026-06-15T13:55:35.817554
7e5b9ce4c1d520c564143ddff5d484e1,naverchzzk,,,,,,,,1119,,0,,0,,0,0,unknown,no_category_data,,2026-06-15T13:55:40.045743
8a94e04eecf87f2adcb315bfec17e354,naverchzzk,,,,,,,,162,고전 게임,100.0,,0,,0,1,false,single_game_dominant,,2026-06-15T13:55:41.734835
5f252fa440bbb231d530b2e3422b7345,naverchzzk,,,,,,,,664,talk,83.8,포켓몬 카드 게임 Pocket,16.2,,0,2,false,talk_primary,,2026-06-15T13:55:42.107268
cbcb8af9263266ff58ae27e9f6363c40,naverchzzk,,,,,,,,259,,0,,0,,0,0,unknown,no_category_data,,2026-06-15T13:55:43.298387
b93ac790308e8beb408f9de889249d3d,naverchzzk,,,,,,,,204,talk,62.5,종합 게임,26.4,오버워치,4.1,5,false,talk_primary,,2026-06-15T13:55:44.894033
219d7d7bb4b21538f797bc1a757318e5,naverchzzk,,,,,,,,753,리그 오브 레전드,52.6,데드 바이 데이라이트,31.6,talk,15.8,3,true,multi_game,,2026-06-15T13:55:45.549278
6b175d027e0defdaec455de585842604,naverchzzk,,,,,,,,330,로스트아크,98.7,서브노티카 2,1.0,데드 애즈 디스코,0.3,3,false,single_game_dominant,,2026-06-15T13:55:51.769648
33b213d947cc5ca17cfe972e7c34aaaf,naverchzzk,,,,,,,,97,이스케이프 프롬 타르코프,50.7,리그 오브 레전드,30.4,철권 8,13.0,4,true,multi_game,,2026-06-15T13:55:52.484514
417fbbdd1a1a735f97a24e9bec2aa022,naverchzzk,,,,,,,,229,,0,,0,,0,0,unknown,no_category_data,,2026-06-15T13:55:56.155379
4fa76beb6435a4b55f416b586ab2bc5e,naverchzzk,,,,,,,,204,리그 오브 레전드,84.1,talk,11.4,이환,2.3,4,false,single_game_dominant,,2026-06-15T13:55:59.802947
cae8ee60856a7d0b4fe7eb75d2a8fe16,naverchzzk,,,,,,,,689,메이플스토리 월드,99.7,데드 바이 데이라이트,0.3,,0,2,false,single_game_dominant,,2026-06-15T13:56:02.282232
acda0dc686672f4cc308b71a87d55cc5,naverchzzk,,,,,,,,879,,0,,0,,0,0,unknown,no_category_data,,2026-06-15T13:56:07.952146
ee8a617e26072a2808147b43fdf91c45,naverchzzk,,,,,,,,1471,talk,89.7,종합 게임,10.3,,0,2,false,talk_primary,,2026-06-15T13:56:09.798682
de207d7ea717cc73a4ed99d303068d88,naverchzzk,,,,,,,,2605,talk,40.7,서브노티카 2,14.8,유로 트럭 시뮬레이터 2,10.8,11,false,single_game_or_non_game,,2026-06-15T13:56:10.537952
d86abe5a97432ab53cc7b89b324ba8c7,naverchzzk,,,,,,,,110,,0,,0,,0,0,unknown,no_category_data,,2026-06-15T13:56:10.554659
fe04b8166e781e88c1afb4679a758442,naverchzzk,,,,,,,,384,VR챗,18.6,메이드 오브 스커,16.0,포르자 호라이즌 6,12.7,12,true,multi_game,,2026-06-15T13:56:11.669503
dc8c3430d8d82ed6c15a8f2750428e34,naverchzzk,,,,,,,,334,리그 오브 레전드,51.1,종합 게임,29.0,슬레이 더 스파이어 2,7.7,5,true,multi_game,,2026-06-15T13:56:17.754953
55786afb300c4418d81851033c687baa,naverchzzk,,,,,,,,161,,0,,0,,0,0,unknown,no_category_data,,2026-06-15T13:56:21.789309
f964cca49eac931fcac2a5be7c1b349f,naverchzzk,,,,,,,,1356,월드 오브 워크래프트: 한밤,43.7,바이오하자드 RE:2,14.5,007 퍼스트 라이트,9.5,12,false,single_game_or_non_game,,2026-06-15T13:56:25.123393
05fddca96166df9877876c3efcd52a55,naverchzzk,,,,,,,,480,메이플스토리 월드,63.6,PUBG: 배틀그라운드,20.0,talk,8.3,7,true,multi_game,,2026-06-15T13:56:30.546999
160006d05e38cea36567035b728133b3,naverchzzk,,,,,,,,787,데드 바이 데이라이트,53.9,리그 오브 레전드,14.2,종합 게임,13.1,5,false,single_game_or_non_game,,2026-06-15T13:56:30.568427
fd7535e16c1716dba38bcf8dfe00d8a3,naverchzzk,,,,,,,,293,명일방주: 엔드필드,94.5,명일방주,5.5,,0,2,false,single_game_dominant,,2026-06-15T13:56:33.555013
ad9343966483268339b3c9958f0f1dc2,naverchzzk,,,,,,,,1564,발로란트,98.7,종합 게임,0.9,메이플스토리 월드,0.4,3,false,single_game_dominant,,2026-06-15T13:56:39.718629
f6292958354cf18d4fcba4b831818ece,naverchzzk,,,,,,,,1164,talk,36.9,데이먼 앤 베이비,16.7,Nova Roma 노바 로마,7.3,16,false,single_game_or_non_game,,2026-06-15T13:56:39.868664
2cbd04c8890938f078855da5870b073f,naverchzzk,,,,,,,,290,,0,,0,,0,0,unknown,no_category_data,,2026-06-15T13:56:39.942642
37a5b413b2360b6b449e061ed4057693,naverchzzk,,,,,,,,2648,talk,45.2,친구모아 아일랜드 두근두근 라이프,25.9,마인크래프트,23.4,5,true,multi_game,,2026-06-15T13:56:39.948967
6ccb72c4623e7d96695b79e6441376de,naverchzzk,,,,,,,,751,종합 게임,43.3,발로란트,23.3,PUBG: 배틀그라운드,13.1,7,true,gg_primary,,2026-06-15T13:56:40.461421
d84166a91ce2de36514c2fe0b9f206e5,naverchzzk,,,,,,,,465,talk,36.8,마법소녀의 마녀재판,29.0,이스케이프 프롬 덕코프,25.2,5,true,multi_game,,2026-06-15T13:56:42.163200
fe116a266eeb8f92fe3e28748ff9ca9b,naverchzzk,,,,,,,,216,아이온2,85.0,종합 게임,3.7,성세천하: 여제의 탄생 Ⅱ,3.4,9,false,single_game_dominant,,2026-06-15T13:56:44.468028
5d0f33edf74e8b0be150c1b1463b7a73,naverchzzk,,,,,,,,110,더 롱 다크,24.8,종합 게임,24.0,talk,19.4,9,true,multi_game,,2026-06-15T13:56:44.537645
412471b48add5dd2e56282f163f3f411,naverchzzk,,,,,,,,678,원신,41.7,명조:워더링 웨이브,37.8,서브노티카 2,12.7,5,true,multi_game,,2026-06-15T13:56:44.861663
8213c59ddaa654657a1debc7d2d6ce82,naverchzzk,,,,,,,,106,프로젝트: 도어즈,100.0,,0,,0,1,false,single_game_dominant,,2026-06-15T13:56:53.053663
d9602d9d284050d7169940d1cdd43b5f,naverchzzk,,,,,,,,397,,0,,0,,0,0,unknown,no_category_data,,2026-06-15T13:56:53.906855
60b521ca1a977069539fc7730c2dd41d,naverchzzk,,,,,,,,713,,0,,0,,0,0,unknown,no_category_data,,2026-06-15T13:56:56.912951
b0d1368cd596fc9e883b4b4e354ab751,naverchzzk,,,,,,,,13,,0,,0,,0,0,unknown,no_category_data,,2026-06-15T13:56:58.593307
e97256d0577a70391bdd402ee8d53fe2,naverchzzk,,,,,,,,447,이터널 리턴,68.4,음악/노래,11.0,역전재판,5.4,9,false,single_game_or_non_game,,2026-06-15T13:56:58.867578
63a1cb463032bb9d88ee5fd17c1a0a3f,naverchzzk,,,,,,,,1280,리그 오브 레전드,65.1,이터널 리턴,31.8,talk,3.1,3,true,multi_game,,2026-06-15T13:56:59.202648
8f1942d6145656362a585633bc646e53,naverchzzk,,,,,,,,2687,talk,54.1,슬레이 더 스파이어 2,9.1,서브노티카,9.0,16,false,talk_primary,,2026-06-15T13:56:59.351573
6bfdf92684de2755f5ea91a318773559,naverchzzk,,,,,,,,2647,,0,,0,,0,0,unknown,no_category_data,,2026-06-15T13:56:59.661169
c1df26cb802a84fa612ffb3945a193eb,naverchzzk,,,,,,,,557,talk,56.7,오버워치,28.4,마인크래프트,14.9,3,false,talk_primary,,2026-06-15T13:57:00.917978
d82829566190e566da4d8e97308d5993,naverchzzk,,,,,,,,4205,발로란트,57.8,그라운디드 2,16.9,그라운디드,10.9,10,true,multi_game,,2026-06-15T13:57:04.270504
7e8004f0a82dafa26dfc619513e83d5b,naverchzzk,,,,,,,,3295,talk,24.7,리그 오브 레전드,15.2,세키로: 섀도우 다이 트와이스,13.3,14,false,single_game_or_non_game,,2026-06-15T13:57:08.482581
ce932a15aba8c9704355eb3422702ab9,naverchzzk,,,,,,,,1643,마비노기 모바일,88.8,방 탈출 시뮬레이터2,3.5,종합 게임,2.8,6,false,single_game_dominant,,2026-06-15T13:57:16.889696
a2b2be00b68ea90ae4a5f3c45878f2ae,naverchzzk,,,,,,,,805,로스트아크,91.9,PUBG: 배틀그라운드,8.1,talk,0.0,3,false,single_game_dominant,,2026-06-15T13:57:21.423748
6a7ea21ddb6862055a4f524a8c2a8dfb,naverchzzk,,,,,,,,762,마인크래프트,92.5,talk,5.9,전략적 팀 전투 : 우주의 신들,1.7,3,false,single_game_dominant,,2026-06-15T13:57:25.148933
6bccdc59a0f81975d274f9f3b1102d73,naverchzzk,,,,,,,,340,오버워치,20.7,스플래툰 3,15.8,서브노티카 2,13.7,14,true,multi_game,,2026-06-15T13:57:26.168635
bdf06bfc5f94837ee1ed418b775fb1b8,naverchzzk,,,,,,,,353,리그 오브 레전드,29.9,PUBG: 배틀그라운드,24.6,메이플스토리 월드,18.6,10,true,multi_game,,2026-06-15T13:57:27.923202
b1555a149b5bd08186dae8f00d6384d4,naverchzzk,,,,,,,,165,고전 게임,61.8,2026 FIFA 북중미 월드컵,34.5,음악/노래,3.6,3,true,multi_game,,2026-06-15T13:57:30.493355
ad76cad60cf7f1c7b658433d3c2b4f75,naverchzzk,,,,,,,,968,리그 오브 레전드,62.5,돈 스타브 투게더,25.4,슈퍼 단간론파 2: 안녕히 절망학원,4.2,5,true,multi_game,,2026-06-15T13:57:32.431406
49f0c246aa1cb8f618ece36851b5ab26,naverchzzk,,,,,,,,958,음악/노래,46.9,종합 게임,26.6,talk,26.6,3,true,multi_game,,2026-06-15T13:57:37.825150
e15d3968fc3bed0464f728658a2b1713,naverchzzk,,,,,,,,784,음악/노래,100.0,,0,,0,1,false,single_game_dominant,,2026-06-15T13:57:39.137855
2626f1dee4cedd89ecc8c4c313e37ecc,naverchzzk,,,,,,,,1110,마인크래프트,27.2,talk,26.8,음악/노래,25.6,7,true,multi_game,,2026-06-15T13:57:39.577148
bee1a6ea2e031ebd35fd348304bddabd,naverchzzk,,,,,,,,643,,0,,0,,0,0,unknown,no_category_data,,2026-06-15T13:57:51.160388
55e277173377bd44b9b1c23e34ddb821,naverchzzk,,,,,,,,978,,0,,0,,0,0,unknown,no_category_data,,2026-06-15T13:57:51.345095
cea1c1e4b83b4852b37cd1d413421321,naverchzzk,,,,,,,,25,종합 게임,85.5,성세천하: 여제의 탄생 Ⅱ,14.5,,0,2,true,gg_primary,,2026-06-15T13:57:53.758688
0e0e77533c3dbd287a869a12c6afcde1,naverchzzk,,,,,,,,378,마인크래프트,33.2,세키로: 섀도우 다이 트와이스,29.1,talk,13.3,8,true,multi_game,,2026-06-15T13:57:58.508837
cacb02868bfc7317ea4ff473aa63b248,naverchzzk,,,,,,,,2129,돈 스타브 투게더,65.5,오버워치,15.3,전략적 팀 전투 : 우주의 신들,9.5,6,true,multi_game,,2026-06-15T13:58:01.467724
aa26e59c91a22bd430ec1d5d6d965dac,naverchzzk,,,,,,,,1185,서브노티카 2,26.8,talk,18.0,미나 더 할로워,17.8,13,true,multi_game,,2026-06-15T13:58:03.884732
85955548e8174d4233b8971a5599922d,naverchzzk,,,,,,,,643,talk,22.2,007 퍼스트 라이트,17.2,마인크래프트,9.0,20,false,single_game_or_non_game,,2026-06-15T13:58:08.805440
0545d1bc1439319c8b47ca4d12e59d98,naverchzzk,,,,,,,,264,고전 게임,100.0,,0,,0,1,false,single_game_dominant,,2026-06-15T13:58:14.325793
1fd54afbec396b332cf2883561f48a0e,naverchzzk,,,,,,,,1941,원신,39.4,친구모아 아일랜드 두근두근 라이프,23.3,이환,18.8,9,true,multi_game,,2026-06-15T13:58:14.670249
ccf42777ea2e5304c8ef23014b1ff730,naverchzzk,,,,,,,,297,talk,39.7,프랫폴,25.6,냐코리의 토끼 인형,22.3,6,true,multi_game,,2026-06-15T13:58:18.368765
afa190011447404d61d3c4f43c5c12a2,naverchzzk,,,,,,,,776,talk,100.0,,0,,0,1,false,talk_primary,,2026-06-15T13:58:20.368594
31c69161e89543693805af8d5bd3c384,naverchzzk,,,,,,,,494,talk,30.5,음악/노래,20.3,성세천하: 여제의 탄생 Ⅱ,13.1,8,false,single_game_or_non_game,,2026-06-15T13:58:21.557143
6b47cf51ea0662f41814c571469bc925,naverchzzk,,,,,,,,1160,로스트아크,100.0,,0,,0,1,false,single_game_dominant,,2026-06-15T13:58:23.687745
e75d1eb344c5d019add8453474631313,naverchzzk,,,,,,,,273,,0,,0,,0,0,unknown,no_category_data,,2026-06-15T13:58:24.030022
b6678e3cf7e229252cdab42f8f4970b3,naverchzzk,,,,,,,,630,로스트아크,87.4,디 아티잔 오브 글리미스,3.8,R.E.P.O.,2.6,9,false,single_game_dominant,,2026-06-15T13:58:26.318879
699c3aa0748f8d6db2c33e24529a5913,naverchzzk,,,,,,,,365,명조:워더링 웨이브,67.4,연운,22.8,왕좌의 게임: 킹스로드,4.9,5,true,multi_game,,2026-06-15T13:58:26.800612
9c5d25a0c51ed759dad92bebbd01726f,naverchzzk,,,,,,,,874,발로란트,52.9,Grand Theft Auto V,21.4,전략적 팀 전투 : 우주의 신들,14.7,4,true,multi_game,,2026-06-15T13:58:27.027176
4d4531ff788fc80cd9fc7b36c7ea78f1,naverchzzk,,,,,,,,268,,0,,0,,0,0,unknown,no_category_data,,2026-06-15T13:58:32.550625
72293c76fbcdb06e578ddc6c54ba151b,naverchzzk,,,,,,,,1733,에이펙스 레전드,76.8,종합 게임,22.0,오버워치,1.2,3,true,multi_game,,2026-06-15T13:58:37.660715
1327271942be49226af0bce74514e2dc,naverchzzk,,,,,,,,170,리그 오브 레전드,58.3,talk,29.2,종합 게임,12.5,3,false,single_game_or_non_game,,2026-06-15T13:58:38.385852
ec40c06a319205fca7741937860d1299,naverchzzk,,,,,,,,114,,0,,0,,0,0,unknown,no_category_data,,2026-06-15T13:58:44.341572
6fc931a7615371cfd431e50953b59354,naverchzzk,,,,,,,,321,,0,,0,,0,0,unknown,no_category_data,,2026-06-15T13:58:44.728884
a9e9faf32d32f089b07eb6213e9f4254,naverchzzk,,,,,,,,432,블랙 메사,30.3,종합 게임,20.9,하프라이프,18.7,5,true,multi_game,,2026-06-15T13:58:45.264220
7835444e21353f02575ae4d9902324da,naverchzzk,,,,,,,,403,Grand Theft Auto V,100.0,,0,,0,1,false,single_game_dominant,,2026-06-15T13:58:45.859421
5a83c455f88ae4105c2f1f8c9f464da5,naverchzzk,,,,,,,,165,PUBG: 배틀그라운드,58.1,오버워치,41.9,,0,2,true,multi_game,,2026-06-15T13:58:47.278441
eb522735f1aafaa4016bed5aaed519aa,naverchzzk,,,,,,,,593,talk,49.1,패스 오브 엑자일 2,17.4,Once Human,10.0,7,false,single_game_or_non_game,,2026-06-15T13:58:48.084092
bca004bab58630f78120d53d583afa71,naverchzzk,,,,,,,,1167,talk,58.4,활협전,38.3,종합 게임,2.3,4,false,talk_primary,,2026-06-15T13:58:48.899480
c083cff84aa37124eca41f18ef5336f4,naverchzzk,,,,,,,,334,철권 8,77.5,R.E.P.O.,5.5,종합 게임,4.0,7,false,single_game_or_non_game,,2026-06-15T13:58:50.350207
05fe6d7cecce71ac727f6b7124b05e29,naverchzzk,,,,,,,,3438,talk,55.9,마인크래프트,12.4,마법소녀의 마녀재판,11.1,12,false,talk_primary,,2026-06-15T13:58:50.798515
7d64edb78529040e178095fe6c45487a,naverchzzk,,,,,,,,3094,디제이맥스 리스펙트 V,100.0,,0,,0,1,false,single_game_dominant,,2026-06-15T13:58:56.527815
dafbecf1decca1e06f49916683c85e48,naverchzzk,,,,,,,,194,종합 게임,35.7,이터널 리턴,28.2,림버스 컴퍼니,21.5,5,true,gg_primary,,2026-06-15T13:58:59.408656
47d03d30f0f344b6797f4620b1ae68ec,naverchzzk,,,,,,,,394,talk,58.7,종합 게임,21.9,블루 아카이브,8.5,6,false,talk_primary,,2026-06-15T13:59:01.891535
bac19c6406e70cf1fe775920a1f71194,naverchzzk,,,,,,,,971,,0,,0,,0,0,unknown,no_category_data,,2026-06-15T13:59:04.157964
2d713768b36855fab68c0a79cf34fed4,naverchzzk,,,,,,,,453,오버워치,78.6,talk,21.4,,0,2,false,single_game_or_non_game,,2026-06-15T13:59:05.038902
20d19963026340fda85111db5fa7fb99,naverchzzk,,,,,,,,636,세븐 데이즈 투 다이,40.0,마인크래프트,20.4,talk,12.8,13,true,multi_game,,2026-06-15T13:59:06.072299
7f66725b90a90b53e60277333c8c4264,naverchzzk,,,,,,,,1845,에이펙스 레전드,62.8,talk,20.9,프로젝트 좀보이드,6.1,8,false,single_game_or_non_game,,2026-06-15T13:59:06.771785
973bf833fa668636ea3709e811f5a4c2,naverchzzk,,,,,,,,235,메이플스토리 월드,53.9,로스트아크,19.1,종합 게임,13.8,5,true,multi_game,,2026-06-15T13:59:08.188614
543ed8455bb3adb53a21f8d2ea951fcb,naverchzzk,,,,,,,,96,종합 게임,33.3,서브노티카 2,33.3,노움 강도단,12.2,11,true,gg_primary,,2026-06-15T13:59:08.242576
cc44d50829c2b4152ddc9c0fede33a38,naverchzzk,,,,,,,,1517,2026 FIFA 북중미 월드컵,56.5,명조:워더링 웨이브,8.8,패스 오브 엑자일 2,7.5,18,false,single_game_or_non_game,,2026-06-15T13:59:09.794791
f9f79decdfd481801d58f21e76ffd9b3,naverchzzk,,,,,,,,934,talk,54.5,리그 오브 레전드,30.8,메이플스토리,9.7,5,false,talk_primary,,2026-06-15T13:59:11.360549
a32579f0e43534aa2af01b883feb0599,naverchzzk,,,,,,,,689,talk,50.4,스피릿페어러,25.2,호그와트 레거시,10.2,5,false,talk_primary,,2026-06-15T13:59:12.173502
200c418704c3a430d6c9deeb5e5d4d76,naverchzzk,,,,,,,,3154,월드 오브 워쉽,86.2,월드 오브 탱크: 히트,13.8,종합 게임,0.0,3,false,single_game_dominant,,2026-06-15T13:59:22.709242
ac3291676fa1a10205e3c801463e22d9,naverchzzk,,,,,,,,196,스타크래프트 II : 공허의 유산,55.2,talk,35.7,컴퍼니 오브 히어로즈 3,8.0,5,false,single_game_or_non_game,,2026-06-15T13:59:24.044840
4b147ba0034bd0af051e06d223814f62,naverchzzk,,,,,,,,259,리그 오브 레전드,62.6,talk,14.2,디 아티잔 오브 글리미스,11.2,7,false,single_game_or_non_game,,2026-06-15T13:59:24.681056
6a15de04cb25a8d6d59f43c596fb7037,naverchzzk,,,,,,,,835,패스 오브 엑자일 2,77.4,talk,8.3,서브노티카 2,5.9,7,false,single_game_or_non_game,,2026-06-15T13:59:32.326195
ae9c183d7ff7ce6b4890cd0beb4cc192,naverchzzk,,,,,,,,1255,발로란트,26.0,talk,25.2,서브노티카,18.9,7,true,multi_game,,2026-06-15T13:59:33.141167
ca6489c1bb63c41ea680d6520d9aaf94,naverchzzk,,,,,,,,2883,월드 오브 워크래프트: 한밤,98.8,talk,0.8,종합 게임,0.5,3,false,single_game_dominant,,2026-06-15T13:59:33.332795
2f767b9a585daf8f9f7d0e63d1fb2caa,naverchzzk,,,,,,,,359,발로란트,92.8,인슈라오디드,6.6,작혼: 리치 마작,0.6,3,false,single_game_dominant,,2026-06-15T13:59:35.293945
3eb546e7d8f0f092be9c1aeed73fbbec,naverchzzk,,,,,,,,865,로스트아크,42.5,talk,18.5,에이펙스 레전드,9.7,14,false,single_game_or_non_game,,2026-06-15T13:59:35.303391
160d1e6a8d9304fd44c2810c31330d8b,naverchzzk,,,,,,,,701,메이플스토리 월드,100.0,,0,,0,1,false,single_game_dominant,,2026-06-15T13:59:35.777598
baf56e76d12d0cf5b566d897cbf49c55,naverchzzk,,,,,,,,638,오버워치,82.7,PUBG: 배틀그라운드,14.4,종합 게임,2.9,3,false,single_game_dominant,,2026-06-15T13:59:36.054435
23fa0556093a22a19cc7f16858c90264,naverchzzk,,,,,,,,1139,오버워치,50.5,이스케이프 더 백룸,25.7,디렉티브 8020,18.5,6,true,multi_game,,2026-06-15T13:59:36.721122
81d27371db3ecb93e1087661dfe5ac87,naverchzzk,,,,,,,,151,talk,69.5,종합 게임,30.5,,0,2,false,talk_primary,,2026-06-15T13:59:37.388941
ea3963d9cc8831c703f5ccc4c1158df1,naverchzzk,,,,,,,,685,,0,,0,,0,0,unknown,no_category_data,,2026-06-15T13:59:39.964855
32f6c88c3c7180484f4498c554a30ba0,naverchzzk,,,,,,,,499,슬레이 더 스파이어 2,40.6,talk,35.2,데드 바이 데이라이트,12.0,5,false,single_game_or_non_game,,2026-06-15T13:59:41.497144
b3d1785e0b27578ab61630fedba645ec,naverchzzk,,,,,,,,347,,0,,0,,0,0,unknown,no_category_data,,2026-06-15T13:59:46.808092
f3cf176831b673829fad548f8f66db87,naverchzzk,,,,,,,,1603,talk,53.7,마인크래프트,10.4,펜티먼트,10.3,14,false,talk_primary,,2026-06-15T13:59:50.213395
3f2918b7776faed066b38235d76acd78,naverchzzk,,,,,,,,573,,0,,0,,0,0,unknown,no_category_data,,2026-06-15T13:59:52.996080
005758c1df95f8df3d63b03f0edffb0a,naverchzzk,,,,,,,,1138,원신,83.2,리그 오브 레전드,13.7,젠레스 존 제로,1.6,6,false,single_game_dominant,,2026-06-15T13:59:56.866954
45576f93954effd76e8e5d7d032bd51e,naverchzzk,,,,,,,,649,리그 오브 레전드,78.9,talk,12.3,음악/노래,3.5,6,false,single_game_or_non_game,,2026-06-15T13:59:57.615617
29f93acdeb2e2f7dc60c3c2337fb4af7,naverchzzk,,,,,,,,4245,전략적 팀 전투 : 우주의 신들,81.6,명조:워더링 웨이브,12.3,talk,4.4,4,false,single_game_dominant,,2026-06-15T13:59:58.037686
10896860a85c180bff0720cd59a7b33f,naverchzzk,,,,,,,,1003,talk,93.5,메이플스토리 월드,3.4,던전앤파이터,2.7,4,false,talk_primary,,2026-06-15T13:59:58.564964
f3cbfed23385ad00f7a6c7cb2c8a6f96,naverchzzk,,,,,,,,645,마인크래프트,53.5,PUBG: 배틀그라운드,43.8,종합 게임,1.6,6,true,multi_game,,2026-06-15T13:59:59.231192
04e0d7badb52ae59512a2096f9749ce8,naverchzzk,,,,,,,,68,,0,,0,,0,0,unknown,no_category_data,,2026-06-15T13:59:59.297142
24e89680fb4fea8a7877a14aa8b97230,naverchzzk,,,,,,,,401,리그 오브 레전드,95.9,종합 게임,4.1,,0,2,false,single_game_dominant,,2026-06-15T14:00:00.110802
556705a020d1a80a054cba7bde333f68,naverchzzk,,,,,,,,365,종합 게임,53.5,talk,26.1,메이플스토리,8.8,5,true,gg_primary,,2026-06-15T14:00:01.897734
37d4ff6bb18c1f5891afc141b52c1d2f,naverchzzk,,,,,,,,227,리그 오브 레전드,65.4,talk,24.2,하숙생이 전부 미녀입니다만? 시즌2,4.7,6,false,single_game_or_non_game,,2026-06-15T14:00:09.914221
23fa0e1619c18133787c146037383d99,naverchzzk,,,,,,,,872,길티기어 -스트라이브-,47.5,talk,32.4,그림/아트,19.4,4,false,single_game_or_non_game,,2026-06-15T14:00:15.289128
92a81bff90d9a0f45ac7607d9222253b,naverchzzk,,,,,,,,537,talk,35.2,마인크래프트,18.8,성세천하: 여제의 탄생,14.7,10,false,single_game_or_non_game,,2026-06-15T14:00:24.479226
fde52419141a10319c70d43a23576afa,naverchzzk,,,,,,,,104,,0,,0,,0,0,unknown,no_category_data,,2026-06-15T14:00:24.575173
82bb71d60ffa85b94ad3823e3c52fe69,naverchzzk,,,,,,,,492,아레나 브레이크아웃,45.9,종합 게임,21.3,마인크래프트,21.3,9,true,multi_game,,2026-06-15T14:00:25.775727
6ba619b59a6f25a6116a7f339906727a,naverchzzk,,,,,,,,173,더 바자르,69.2,패스 오브 엑자일 2,26.4,헌트: 쇼다운 1896,3.4,4,true,multi_game,,2026-06-15T14:00:25.829079
b3e9f222e434ae3016276987bf080eb4,naverchzzk,,,,,,,,3814,음악/노래,38.2,talk,36.2,초자연 작전팀,6.0,10,false,single_game_or_non_game,,2026-06-15T14:00:27.062821
2a2a531fcd6472b76877cf5f2fd5167d,naverchzzk,,,,,,,,500,마비노기 모바일,68.9,종합 게임,11.2,메이플스토리 월드,10.4,10,false,single_game_or_non_game,,2026-06-15T14:00:27.414379
6fbfc1f21a4ea8d2890ce84f814cac6a,naverchzzk,,,,,,,,2925,talk,68.1,포켓몬 포코피아,8.2,잇 테이크 투,5.6,13,false,talk_primary,,2026-06-15T14:00:28.855202
d90c796bd7e4ddebf3cfdba1d325b075,naverchzzk,,,,,,,,805,엘든 링,32.2,디아블로 II: 레저렉션,20.3,레드 데드 리뎀션 2,16.4,8,true,multi_game,,2026-06-15T14:00:28.943110
cc64019fefa379cf48732a00420102b1,naverchzzk,,,,,,,,1016,그랜드체이스 클래식,66.7,종합 게임,4.7,테일즈런너,4.5,20,false,single_game_or_non_game,,2026-06-15T14:00:29.683631
fb928a3051bfda0662b5ee3c116b71b9,naverchzzk,,,,,,,,1588,PUBG: 배틀그라운드,59.8,talk,17.7,디트로이트: 비컴 휴먼,8.7,12,false,single_game_or_non_game,,2026-06-15T14:00:43.989625
9f3f4f749e287c8dff786aa686c31815,naverchzzk,,,,,,,,573,연운,46.7,윈드로즈,25.2,스타듀 밸리,21.9,5,true,multi_game,,2026-06-15T14:00:44.644215
f3d334f12f38661e0190c6a97ee166c4,naverchzzk,,,,,,,,348,젤다의 전설 브레스 오브 더 와일드,34.2,젤다의 전설 티어스 오브 더 킹덤,29.9,모여봐요 동물의 숲,12.6,7,true,multi_game,,2026-06-15T14:00:46.303425
d622dc2789daa5ea91a8244a1790255e,naverchzzk,,,,,,,,145,talk,92.9,데드 바이 데이라이트,7.1,,0,2,false,talk_primary,,2026-06-15T14:00:47.714299
cf508ad755c0e3bf1a66d7649cf2cbf0,naverchzzk,,,,,,,,205,유희왕 마스터 듀얼,68.8,트릭컬 리바이브,25.0,커피 토크 도쿄,6.2,3,true,multi_game,,2026-06-15T14:00:47.778759
6445cd09811f4bbfd22e944d4d6c4b8d,naverchzzk,,,,,,,,1099,로스트아크,88.5,talk,4.6,레이튼 교수와 이상한 마을 HD,2.9,5,false,single_game_dominant,,2026-06-15T14:00:48.633862
11355ef466e04f35d1be07cb8a052cdc,naverchzzk,,,,,,,,866,talk,55.2,음악/노래,34.2,시스터즈 커리큘럼,7.8,4,false,talk_primary,,2026-06-15T14:00:49.102856
beb855ddd259e1bea27061a3858d5ab9,naverchzzk,,,,,,,,3006,talk,58.0,007 퍼스트 라이트,10.0,성세천하: 여제의 탄생 Ⅱ,7.9,12,false,talk_primary,,2026-06-15T14:00:49.178930
1b31094bf7d83b61cf2ab110f9b91989,naverchzzk,,,,,,,,89,종합 게임,100.0,,0,,0,1,true,gg_primary,,2026-06-15T14:00:49.197016
9ca1d47ac69b758fce461bc1b0098d04,naverchzzk,,,,,,,,613,젤다의 전설 티어스 오브 더 킹덤,33.1,요시와 신기한 도감,28.2,스플래툰 3,14.2,11,true,multi_game,,2026-06-15T14:00:58.212143
92715cbde3a13be82135a3ac5d0e4cb0,naverchzzk,,,,,,,,130,선 헤이븐,47.2,talk,21.9,종합 게임,12.4,6,false,single_game_or_non_game,,2026-06-15T14:01:00.528487
7dc438020ba21aced67a6182d26de30f,naverchzzk,,,,,,,,277,,0,,0,,0,0,unknown,no_category_data,,2026-06-15T14:01:05.463070
51ffa243d4775c8e773844a93355fc68,naverchzzk,,,,,,,,507,,0,,0,,0,0,unknown,no_category_data,,2026-06-15T14:01:06.375641
2089da37c6dabece496e397079a49488,naverchzzk,,,,,,,,147,마인크래프트,33.4,종합 게임,22.1,프로젝트 좀보이드,15.9,11,true,multi_game,,2026-06-15T14:01:09.993123
45b6050eb042b185b806ef697e67ca23,naverchzzk,,,,,,,,811,애거사 크리스티 - 나일강의 죽음,18.5,달의 인장,14.4,talk,14.1,11,false,single_game_or_non_game,,2026-06-15T14:01:13.855383
d97e078c28bb543c83942cd48dc4db93,naverchzzk,,,,,,,,354,이환,31.5,마비노기,21.0,V 라이징,17.0,8,true,multi_game,,2026-06-15T14:01:13.933586
1c9c8aebbba5f1bc0fdf5fa237a01130,naverchzzk,,,,,,,,441,마인크래프트,47.1,종합 게임,20.5,리그 오브 레전드,9.4,10,true,multi_game,,2026-06-15T14:01:14.309654
474b909039b3944632e35acdfb217d3a,naverchzzk,,,,,,,,1181,이터널 리턴,32.9,P의 거짓,19.4,talk,15.5,16,true,multi_game,,2026-06-15T14:01:15.095506
da561f0ccf4ba0b10e41c9173434cd49,naverchzzk,,,,,,,,474,유로 트럭 시뮬레이터 2,85.2,매지컬 프린세스,14.8,,0,2,false,single_game_dominant,,2026-06-15T14:01:15.700114
84085c3d1b09603389bf48dc01dd0490,naverchzzk,,,,,,,,1593,아이온2,100.0,,0,,0,1,false,single_game_dominant,,2026-06-15T14:01:19.438081
785f274d8ad7a3b5f78622b82b84570a,naverchzzk,,,,,,,,141,파이널판타지14,74.6,성세천하: 여제의 탄생 Ⅱ,25.4,,0,2,true,multi_game,,2026-06-15T14:01:20.187943
ef54939e06aecdb3442306464f741426,naverchzzk,,,,,,,,433,talk,63.4,종합 게임,12.8,아이온2,11.2,8,false,talk_primary,,2026-06-15T14:01:20.197219
311c2a9ef8537f267eea9963c81d7532,naverchzzk,,,,,,,,256,랑그릿사,74.3,카오스 제로 나이트메어,6.8,파이어 엠블렘 풍화설월,5.5,10,false,single_game_or_non_game,,2026-06-15T14:01:26.484141
de93238e515101cfd9e244fb0534a4d8,naverchzzk,,,,,,,,2738,메이플스토리 월드,100.0,,0,,0,1,false,single_game_dominant,,2026-06-15T14:01:30.134651
dd4eee47b162f6dfbe64d72edd93cc83,naverchzzk,,,,,,,,181,오버워치,36.0,종합 게임,27.5,서브노티카 2,8.3,9,true,multi_game,,2026-06-15T14:01:33.488917
ed0aea7f5e705779effa3dd4ca29f6c8,naverchzzk,,,,,,,,334,에이펙스 레전드,37.5,발로란트,31.2,talk,18.8,4,true,multi_game,,2026-06-15T14:01:36.410739
3c76837019a17c6281c7dc674889a876,naverchzzk,,,,,,,,507,원신,43.9,talk,37.6,발로란트,9.6,5,false,single_game_or_non_game,,2026-06-15T14:01:36.512123
1f7bc2e3ccf11c53cf02da3a6f99e756,naverchzzk,,,,,,,,4864,발로란트,100.0,,0,,0,1,false,single_game_dominant,,2026-06-15T14:01:38.043389
a453504be57a0177f77587f93c0c94d8,naverchzzk,,,,,,,,88,,0,,0,,0,0,unknown,no_category_data,,2026-06-15T14:01:38.541368
7f148028d1b8b3feab3a5442badded46,naverchzzk,,,,,,,,1365,PUBG: 배틀그라운드,33.0,발로란트,19.6,마인크래프트,7.9,23,true,multi_game,,2026-06-15T14:01:39.125477
7f7b97b684180a696163bc62be7bbb93,naverchzzk,,,,,,,,141,로스트아크,20.5,talk,17.6,패스 오브 엑자일 2,17.0,12,true,multi_game,,2026-06-15T14:01:39.227094
6129d14ec9635de21458169798781f03,naverchzzk,,,,,,,,603,고전 게임,100.0,,0,,0,1,false,single_game_dominant,,2026-06-15T14:01:39.533549
4d4e97af1510827395c4e3a012ad01e4,naverchzzk,,,,,,,,135,명조:워더링 웨이브,47.3,검은사막,15.4,종합 게임,15.2,8,true,multi_game,,2026-06-15T14:01:41.742082
b38df1827f4b7b6b3940bf37925fe916,naverchzzk,,,,,,,,200,오버워치,57.0,Once Human,36.0,몬스터 헌터 월드: 아이스본,4.1,6,true,multi_game,,2026-06-15T14:01:42.374133
02ab93998e306b2695634531cb775f33,naverchzzk,,,,,,,,19,,0,,0,,0,0,unknown,no_category_data,,2026-06-15T14:01:47.591215
55894ddc17c453bcaf5e0b6b3e7498e0,naverchzzk,,,,,,,,1056,마비노기 모바일,48.2,디제이맥스 리스펙트 V,39.0,talk,8.8,5,true,multi_game,,2026-06-15T14:01:50.442278
c0613168905b374e1c7c49aa1ff7df2b,naverchzzk,,,,,,,,165,아이온2,100.0,,0,,0,1,false,single_game_dominant,,2026-06-15T14:01:51.170963
1acccfe709da6ec4ff8ef9a5c71c2e32,naverchzzk,,,,,,,,235,talk,81.2,브로큰로어: 팔로우,12.5,흉우,6.2,3,false,talk_primary,,2026-06-15T14:01:51.930987
485f75cd2e84f2f2f2ef9a26bc0e4146,naverchzzk,,,,,,,,948,음악/노래,64.0,talk,15.0,마법소녀의 마녀재판,13.2,6,false,single_game_or_non_game,,2026-06-15T14:01:52.402722
0ce04f529e8a94f4f553bec77b0bd76c,naverchzzk,,,,,,,,1023,음악/노래,29.2,포켓몬스터 적,19.4,로스트아크,16.8,8,true,multi_game,,2026-06-15T14:02:01.963201
afda0b7183194a3d6686a7093108606f,naverchzzk,,,,,,,,234,히어로즈 오브 더 스톰,100.0,,0,,0,1,false,single_game_dominant,,2026-06-15T14:02:06.069123
083d7065d62fe811297963161c89b3ed,naverchzzk,,,,,,,,1141,던전앤파이터,57.9,철권 8,8.3,클레르 옵스퀴르: 33 원정대,7.1,13,false,single_game_or_non_game,,2026-06-15T14:02:06.389601
8fd0d27f25adb02864c8aa8da80c92ac,naverchzzk,,,,,,,,895,파이널판타지14,85.5,007 퍼스트 라이트,8.4,종합 게임,5.2,4,false,single_game_dominant,,2026-06-15T14:02:06.708757
a9b3e92588a2d5e2ac8afa32d862d03b,naverchzzk,,,,,,,,365,,0,,0,,0,0,unknown,no_category_data,,2026-06-15T14:02:09.548750
dcedaee3f19b875d7ffd5c6eb69417fa,naverchzzk,,,,,,,,195,,0,,0,,0,0,unknown,no_category_data,,2026-06-15T14:02:10.220940
a4ab594f591cf984060e2566253636d8,naverchzzk,,,,,,,,566,리그 오브 레전드,83.6,종합 게임,7.9,PUBG: 배틀그라운드,3.3,6,false,single_game_dominant,,2026-06-15T14:02:18.053654
ea3f73ee07cc95f4cab991f69a3919b1,naverchzzk,,,,,,,,533,talk,69.8,종합 게임,13.7,포르자 호라이즌 6,10.1,5,false,talk_primary,,2026-06-15T14:02:23.328825
833c5d419e93202a284621fcefd4f817,naverchzzk,,,,,,,,196,두근두근타운,64.9,림버스 컴퍼니,7.9,talk,6.8,14,false,single_game_or_non_game,,2026-06-15T14:02:26.238946
97182d16d97e1175c332e484e5400ad8,naverchzzk,,,,,,,,686,서브노티카,30.2,talk,17.2,프로젝트 좀보이드,11.6,17,false,single_game_or_non_game,,2026-06-15T14:02:33.770393
9a3ed215c3ac19a3f75159a674485921,naverchzzk,,,,,,,,1552,메이플스토리 월드,69.9,talk,17.5,이환,6.6,7,false,single_game_or_non_game,,2026-06-15T14:02:34.131960
2b3944021fb4f2e295167e0f200e3b47,naverchzzk,,,,,,,,4357,talk,100.0,,0,,0,1,false,talk_primary,,2026-06-15T14:02:34.193310
6097c5c9d5706e17a56d89a42b0a0999,naverchzzk,,,,,,,,321,그림/아트,36.8,talk,32.0,종합 게임,9.9,10,false,single_game_or_non_game,,2026-06-15T14:02:34.214691
0d8a7b2da24e3648408b9fef32e7824d,naverchzzk,,,,,,,,643,talk,20.4,엘든 링,16.6,마법소녀의 마녀재판,14.4,16,false,single_game_or_non_game,,2026-06-15T14:02:35.079377
c50e633dd8b6afec5d0cbd91f6e0eea7,naverchzzk,,,,,,,,149,용과 같이 8,31.6,데스 스트랜딩 디렉터스 컷,26.3,방 탈출 시뮬레이터,7.0,11,true,multi_game,,2026-06-15T14:02:35.149318
